geonameid,name,asciiname,lat,lon,feature_code,admin1_code,admin2_code,population,lang_guess,name_root,name_dupe_count
2595759,Abattoirs,Abattoirs,14.67944,-17.44972,PPLX,01,,0,,,1
11523380,Abattoirs I,Abattoirs I,14.7695,-17.39115,PPLX,01,,0,,,1
2254769,Abdallah,Abdallah,16.2367,-13.97621,PPL,14,,0,,,1
2254767,Abdou Dao,Abdou Dao,14.91578,-15.74054,PPL,13,,0,,,1
8449410,Abene,Abene,13.0,-16.73333,PPL,12,2253903,0,,,1
2254764,Abirane Gaye,Abirane Gaye,15.88333,-16.23333,PPL,14,,0,,,1
2254766,Abékouta,Abekouta,13.33333,-14.61667,PPL,11,,0,,,1
2254765,Abéné,Abene,12.99857,-16.72095,PPL,12,,0,,,1
6647970,Acaré,Acare,14.76864,-12.76723,PPL,05,,0,,,1
2254763,Adabéré,Adabere,15.13953,-12.78577,PPL,15,,0,,,1
2254761,Adiana,Adiana,12.45,-15.81667,PPL,18,,0,,,1
2254760,Adioufa,Adioufa,12.54333,-15.75417,PPL,18,,0,,,1
2254759,Adjing,Adjing,12.4575,-15.67194,PPL,18,,0,,,1
2254758,Adoune Bram,Adoune Bram,12.46833,-15.91583,PPL,12,,0,,,1
2254762,Adéane,Adeane,12.63,-16.01694,PPL,12,,2115,,,1
2254754,Affiniam,Affiniam,12.65444,-16.36278,PPL,12,,0,,,1
2254755,Affé,Affe,15.75,-16.3,PPL,13,,0,,,1
6917788,Afia,Afia,12.5526,-12.5293,PPL,17,,0,,,1
6917799,Afia II,Afia II,12.3693,-12.3119,PPL,17,,0,,,1
13507312,Afia Mbaké,AfiaMbake,14.57982,-16.14895,PPL,03,2252312,0,,,1
2251188,Afé,Afe,15.1316,-15.4272,PPL,13,,0,,,2
6920416,Afé,Afe,15.385,-16.23,PPL,13,,0,,,2
2254756,Afé Gouye,AfeGouye,14.78913,-15.94269,PPL,03,,0,,,1
13554091,Afé Lévé,AfeLeve,14.38335,-15.2791,PPL,16,10778871,0,,,1
2251190,Afé Mouride,AfeMouride,14.14021,-15.60197,PPL,16,,0,,,1
2596047,Afé Niang,Afe Niang,15.775,-16.25917,PPL,13,,0,,,2
2596050,Afé Niang,Afe Niang,15.78,-16.295,PPL,13,,0,,,2
2244755,Afé Tialène,AfeTialene,14.14028,-15.57828,PPL,16,,0,,,1
13554550,Afé Tidjane,AfeTidjane,14.14416,-15.59032,PPL,16,2251008,0,,,1
2254751,Aga Babou,Aga Babou,14.33866,-16.75282,PPL,07,,0,,,1
2254752,Aga Biram,AgaBiram,14.35442,-16.76818,PPL,07,,0,,,1
13507449,Aga Ndimak,AgaNdimak,14.35493,-16.74521,PPL,07,2248478,0,,,1
2254749,Agnak Grand,Agnak Grand,12.57194,-16.10472,PPL,12,,0,,,1
2254748,Agnak Petit,Agnak Petit,12.57194,-16.12194,PPL,12,,0,,,1
8556219,Agnam Civol,Agnam Civol,16.005,-13.69306,PPL,14,,0,,,1
2251541,Agnam Goli,Agnam Goli,16.00793,-13.69318,PPL,14,,0,,,1
2249295,Agnam Lidoubé,Agnam Lidoube,16.00111,-13.68814,PPL,14,,0,,,1
2254747,Aguior,Aguior,12.93333,-16.13333,PPL,12,,0,,,1
2254746,Ahabétou Talap,Ahabetou Talap,14.86667,-15.61667,PPL,13,,0,,,1
2254744,Ahibdia,Ahibdia,15.5255,-15.8451,PPL,13,,0,,,1
2254743,Ahinga,Ahinga,12.4125,-16.36417,PPL,12,,0,,,1
2254745,Ahèr,Aher,12.67333,-16.7,PPL,12,,0,,,1
6611635,Ainoumadi,Ainoumadi,15.26528,-12.9275,PPL,15,,0,,,1
2254735,Akal,Akal,12.8,-13.66667,PPL,11,,0,,,1
2254734,Akintou,Akintou,12.53194,-15.88,PPL,18,,0,,,1
2254733,Akoundé,Akounde,13.13333,-14.33333,PPL,11,,0,,,1
2254730,Aladji Omar,Aladji Omar,15.0348,-15.8882,PPL,13,,0,,,1
2254729,Alahina,Alahina,14.43173,-12.19908,PPL,05,,0,,,1
2254728,Alahina Boucar,Alahina Boucar,14.82649,-12.48007,PPL,05,,0,,,1
2254727,Alakounda,Alakounda,13.16667,-15.96667,PPL,12,,0,,,1
2254725,Alali,Alali,13.93333,-13.48333,PPL,05,,0,,,1
2254724,Alalon,Alalon,12.98333,-14.56667,PPL,11,,0,,,1
2254726,Alaléri,Alaleri,14.84743,-12.54381,PPL,05,,0,,,1
2254720,Alana,Alana,15.0369,-14.462,PPL,15,,0,,,2
2254721,Alana,Alana,14.91747,-12.61591,PPL,15,,0,,,2
2254719,Alanbato,Alanbato,12.89583,-15.56444,PPL,18,,0,,,1
2254718,Alarba,Alarba,16.43194,-15.70611,PPL,14,,0,Pulaar/Fulani,clan/family name root,1
2254715,Albadar,Albadar,13.00234,-16.69626,PPL,12,2253903,0,,,1
13553440,Aldiouma Dangue,AldioumaDangue,14.5167,-15.67631,PPL,09,2251492,0,,,1
2254714,Alfa Sadou,Alfa Sadou,12.7,-15.01667,PPL,11,,0,,,1
2254709,Ali Ndènè,Ali Ndene,15.5075,-15.7925,PPL,13,,0,,,1
2254712,Ali Ngane,AliNgane,14.07301,-15.64602,PPL,16,,0,,,1
2254705,Ali Ouri,Ali Ouri,15.96667,-13.36667,PPL,15,,0,,,1
2254704,Ali Yoro Ndéro,Ali Yoro Ndero,15.6845,-15.7304,PPL,13,,0,,,1
2254711,Alika,Alika,14.68333,-15.63333,PPL,09,,0,,,1
2254710,Alikali,Alikali,12.91667,-13.7,PPL,11,,0,,,1
2254707,Alinnguel,Alinnguel,13.8004,-12.17463,PPL,05,,0,,,1
2254706,Alinnkané,Alinnkane,14.21382,-12.20914,PPL,05,,0,,,1
2254713,Alié,Alie,14.90932,-15.88334,PPL,03,,0,,,1
2254703,Alkalikounda,Alkalikounda,12.86889,-15.94389,PPL,18,,0,,,1
2254702,Alla Gaouri,Alla Gaouri,13.91667,-15.6,PPL,16,,0,,,1
2254701,Allagué,Allague,14.13333,-13.03333,PPL,05,,0,,,1
2254695,Alo,Alo,16.59467,-14.47133,PPL,14,,0,,,1
2254694,Alouki,Alouki,14.28377,-15.66547,PPL,16,,0,,,1
2254698,Alouki Ndoukoumane,AloukiNdoukoumane,14.18656,-15.38073,PPL,16,,0,,,1
13554076,Aloukéssé,Aloukesse,14.28218,-15.60316,PPL,16,2251008,0,,,1
2254693,Aloulaye,Aloulaye,15.76667,-16.16667,PPL,13,,0,,,1
2254692,Alouniang,Alouniang,15.324,-15.8143,PPL,13,,0,,,1
2254691,Aloute,Aloute,12.89556,-15.97389,PPL,18,,0,,,1
2254688,Amadji,Amadji,14.61007,-12.22845,PPL,05,,0,,,1
2254686,Amadra,Amadra,13.25,-14.08333,PPL,11,,0,,,1
2254689,Amady Ounaré,Amady Ounare,15.34714,-13.01647,PPL,15,,10175,,,1
2254684,Amali,Amali,15.7488,-15.2522,PPL,13,,0,,,2
2254685,Amali,Amali,15.73746,-15.26994,PPL,13,,0,,,2
2254683,Amama,Amama,14.93333,-15.85,PPL,03,,0,,,1
2254682,Amanatoulaye,Amanatoulaye,13.03333,-13.86667,PPL,11,,0,,,1
2596083,Amat Ba,Amat Ba,15.82917,-16.39,PPL,13,,0,Pulaar/Fulani,clan/family name root,1
2254673,Amat Niawèl,AmatNiawel,14.76017,-15.87536,PPL,03,,0,,,1
2254676,Amdalaye,Amdalaye,12.71667,-13.03333,PPL,17,,0,,,1
2596003,Amoura,Amoura,16.19111,-16.36389,PPL,14,,0,,,1
2254672,Anabiko,Anabiko,12.85,-12.46667,PPL,17,,0,,,1
2254671,Anambé,Anambe,12.95,-14.15,PPL,11,,0,,,1
2254668,Andal,Andal,15.1892,-16.8053,PPL,07,,0,,,1
2254658,Andiaré,Andiare,15.29024,-13.17446,PPL,15,,0,,,1
2254667,Andioumé,Andioume,12.89222,-15.74833,PPL,18,,0,,,1
13506976,Angle Dias,AngleDias,14.60252,-16.41525,PPL,03,2254315,0,,,1
2254664,Angoussaka,Angoussaka,12.5493,-12.4319,PPL,17,,0,,,1
2254663,Anguéniapissa,Angueniapissa,12.45,-12.26667,PPL,17,,0,,,1
2254662,Aniam Lrlabe,Aniam Lrlabe,15.96667,-13.63333,PPL,15,,0,,,1
2254661,Aniam-Touguel,Aniam-Touguel,16.52768,-14.80763,PPL,14,,0,,,1
2254660,Anisse,Anisse,12.56639,-15.73194,PPL,18,,0,,,1
2254659,Ankobiri,Ankobiri,12.44722,-15.77833,PPL,18,,0,,,1
2254657,Anpountoum,Anpountoum,12.92583,-15.805,PPL,18,,0,,,1
2254653,Antou Mane,Antou Mane,14.76667,-16.08333,PPL,03,,0,,,1
2254652,Aorane,Aorane,15.2562,-14.4579,PPL,15,,0,,,1
2254648,Aourou,Aourou,14.69207,-12.25211,PPL,05,,0,,,1
2254649,Aouré,Aoure,15.14279,-12.94859,PPL,15,,0,,,1
2254644,Apol Peul,Apol Peul,15.16667,-16.16667,PPL,13,,0,,,1
2254647,Apé Dembagourou,Ape Dembagourou,15.01182,-12.74817,PPL,15,,0,,,1
2254646,Apé Dialoubé,Ape Dialoube,15.00477,-12.74579,PPL,15,,0,,,1
6611628,Apé Diaoubé,Ape Diaoube,15.01866,-12.75035,PPL,15,,0,,,1
2254645,Apé Sakobé,Ape Sakobe,14.99441,-12.73814,PPL,15,,0,,,1
2254642,Arafat,Arafat,14.7368,-17.45369,PPLX,01,,0,,,3
2254643,Arafat,Arafat,14.07566,-15.08864,PPL,16,,0,,,3
2595804,Arafat,Arafat,14.71657,-17.25948,PPLX,01,,0,,,3
2254641,Araldé Diâbèl,AraldeDiabel,14.60497,-15.59675,PPL,09,,0,,,1
2254639,Aram,Aram,16.33574,-14.17248,PPL,14,,0,,,1
2254638,Aramine,Aramine,14.75,-16.81667,PPL,07,,0,,,1
2254635,Ardo Mademba,Ardo Mademba,15.4546,-15.0938,PPL,13,,0,Pulaar/Fulani,clan/family name root,1
2254634,Ardoulaye,Ardoulaye,13.48333,-13.46667,PPL,05,,0,,,1
2254632,Arigabo,Arigabo,14.39605,-12.45965,PPL,05,,0,,,1
2254630,Aroundou,Aroundou,14.76353,-12.25279,PPL,05,,0,,,1
2249981,Arwal,Arwal,13.8992,-16.10361,PPL,10,,0,,,1
2254629,As,As,16.60868,-14.97566,PPL,14,,0,,,1
2254741,Asndé Balla,Asnde Balla,16.01463,-13.71137,PPL,14,,0,,,1
2254626,Assoumoune,Assoumoune,12.47194,-15.74639,PPL,18,,0,,,1
6644072,Asséré,Assere,15.22667,-13.34391,PPL,15,,0,,,1
2254625,Atadialama,Atadialama,12.58583,-16.75444,PPL,12,,0,,,1
2254624,Atak,Atak,12.6725,-12.4592,PPL,17,,0,,,1
2254617,Atiou Samba Faye,AtiouSambaFaye,14.31199,-15.96164,PPL,10,,0,,,1
2254616,Atioum,Atioum,12.67472,-16.07278,PPL,12,,0,,,1
2254615,Atouré,Atoure,12.49278,-16.31583,PPL,12,,0,,,1
2254618,Até Ndiaye,Ate Ndiaye,14.35,-15.85,PPL,09,,0,,,1
2254613,Awataba,Awataba,12.98333,-14.2,PPL,11,,0,Pulaar/Fulani,clan/family name root,1
2254610,Aye Noumane,Aye Noumane,14.46667,-15.73333,PPL,09,,0,,,1
2254609,Ayméroua,Aymeroua,15.46565,-15.63803,PPL,13,,0,,,1
2254608,Aynoumal,Aynoumal,15.843,-15.9926,PPL,13,,0,,,1
2254736,Aynoumane,Aynoumane,15.0131,-16.2897,PPL,07,,0,,,1
2254607,Ayoum,Ayoum,12.45389,-16.53444,PPL,12,,0,,,1
2254612,Ayénémadi,Ayenemadi,13.13333,-13.66667,PPL,11,,0,,,1
2595547,Aï,Ai,14.73449,-17.12045,PPL,07,,0,,,1
2254742,Aïdara,Aidara,13.68153,-16.42862,PPL,09,,0,,,1
6917802,Aïkoun,Aikoun,12.4445,-12.7397,PPL,05,,0,,,1
13504602,Aïnoumadi,Ainoumadi,14.97676,-16.77288,PPL,07,2244388,0,,,1
2254737,Aïnoumal,Ainoumal,15.85,-16.01667,PPL,13,,0,,,3
2254738,Aïnoumal,Ainoumal,13.96667,-15.13333,PPL,16,,0,,,3
2254739,Aïnoumal,Ainoumal,13.61667,-15.66667,PPL,10,,0,,,3
13553593,Aïnoumane,Ainoumane,14.5863,-15.28701,PPL,16,10778871,0,,,2
13658232,Aïnoumane,Ainoumane,13.9689,-16.22801,PPL,09,2251792,0,,,2
13554672,Aïnoumane Deux,AinoumaneDeux,14.2012,-15.16385,PPL,16,10778871,0,,,1
2254611,Aïnoumane Madina,AinoumaneMadina,14.42356,-15.75482,PPL,10,,0,,,1
13554693,Aïnoumane Un,AinoumaneUn,14.10598,-15.37056,PPL,16,10778871,0,,,1
2254740,Aïné Madi,Aine Madi,12.71667,-14.98333,PPL,11,,0,,,1
2595628,Aïtia,Aitia,14.71104,-17.15933,PPL,01,,0,,,1
2254600,Baba Galé,Baba Gale,13.68333,-13.65,PPL,05,,0,,,1
2254599,Baba Garage,BabaGarage,14.9432,-16.49045,PPL,03,,0,,,1
2254598,Baba Gaye,Baba Gaye,14.98333,-16.08333,PPL,03,,0,,,1
2254602,Bababé,Bababe,14.22294,-12.4048,PPL,05,,0,,,1
2254601,Babadi,Babadi,12.85639,-15.5,PPL,18,,0,,,1
2254596,Babak,Babak,14.70514,-16.90348,PPL,07,,0,,,1
2254595,Babali,Babali,13.80097,-16.54879,PPL,09,,0,,,1
2254593,Babar,Babar,14.71667,-15.93333,PPL,03,,0,,,1
2254592,Babate,Babate,12.70056,-16.05861,PPL,12,,0,,,1
2254587,Babine Tiakré,Babine Tiakre,14.7,-16.76667,PPL,07,,0,,,1
2254586,Babinguél,Babinguel,14.65,-13.31667,PPL,15,,0,,,1
2254585,Babira,Babira,12.88083,-15.715,PPL,18,,0,,,1
13509013,Babol,Babol,14.31823,-16.22569,PPL,10,2250807,0,,,1
2254583,Babonda,Babonda,12.43278,-16.27083,PPL,12,,0,,,1
2254582,Babongoulou,Babongoulou,14.96559,-12.73619,PPL,15,,0,,,1
2254580,Babou,Babou,13.68333,-15.7,PPL,10,,0,,,1
2254578,Babou Naïm,Babou Naim,14.53333,-15.83333,PPL,09,,0,,,1
7118123,Baboucar Toumbou,Baboucar Toumbou,14.10898,-16.71909,PPL,09,,900,,,1
2254591,Babâk,Babak,14.67163,-16.53458,PPL,03,,0,,,1
13506510,Babèl,Babel,14.50137,-16.96799,PPL,07,2248478,0,,,1
2254590,Babél,Babel,12.6548,-12.4872,PPL,17,,0,,,1
2253963,Bad,Bad,14.55876,-16.54047,PPL,07,,0,,,1
2254574,Badagar,Badagar,12.85,-16.28333,PPL,12,,0,,,1
2254570,Badar,Badar,15.43333,-16.45,PPL,13,,0,,,2
2254571,Badar,Badar,15.01667,-16.46667,PPL,03,,0,,,2
2254569,Badar Diaye,Badar Diaye,15.51667,-16.33333,PPL,13,,0,,,1
2254568,Badar Ndaye,Badar Ndaye,15.58333,-16.36667,PPL,13,,0,,,1
2254565,Badem,Badem,12.45417,-16.31222,PPL,12,,0,,,1
2254562,Badi,Badi,13.15,-13.23333,PPL,05,,0,,,1
2254560,Badiana,Badiana,12.91611,-16.43806,PPL,12,,0,,,1
2254558,Badiandian,Badiandian,12.70833,-15.58833,PPL,18,,0,,,1
2254557,Badiandoum,Badiandoum,13.3,-15.46667,PPL,18,,0,,,1
2254555,Badiane,Badiane,15.1047,-15.8754,PPL,13,,0,,,2
2254556,Badiane,Badiane,14.83333,-15.83333,PPL,03,,0,,,2
2254554,Badiane Nèm,Badiane Nem,14.61667,-15.75,PPL,09,,0,,,1
2254552,Badiara,Badiara,13.21667,-14.2,PPL,11,,0,,,1
2254549,Badiari,Badiari,12.62528,-15.56472,PPL,18,,0,,,1
2254547,Badiat,Badiat,12.51806,-16.38528,PPL,12,,0,,,1
2254542,Badimbour,Badimbour,13.1,-15.7,PPL,18,,0,,,1
2254539,Badindin,Badindin,13.21667,-15.61667,PPL,18,,0,,,2
2254540,Badindin,Badindin,13.11667,-15.38333,PPL,18,,0,,,2
2254538,Badinnding,Badinnding,12.63056,-15.44528,PPL,18,,0,,,1
2254537,Badioal,Badioal,12.73444,-16.33083,PPL,12,,0,,,1
2254536,Badion,Badion,13.08333,-14.35,PPL,11,,0,,,1
2254535,Badiongo,Badiongo,12.4525,-15.95306,PPL,12,,0,,,1
13658767,Badionka,Badionka,13.10071,-16.17807,PPL,12,2253903,0,,,2
13658795,Badionka,Badionka,13.08203,-16.13703,PPL,12,2253903,0,,,2
2254534,Badionkoto,Badionkoto,12.49,-16.24556,PPL,12,,0,,,2
13658730,Badionkoto,Badionkoto,13.0635,-16.57975,PPL,12,2253903,0,,,2
2254533,Badionkoton,Badionkoton,12.49972,-16.38361,PPL,12,,0,,,1
2254532,Badiou Batan,Badiou Batan,12.75,-13.85,PPL,11,,0,,,1
2254279,Badioula,Badioula,12.82621,-11.80636,PPL,17,10779432,0,,,1
2254531,Badiouré,Badioure,12.87722,-16.13889,PPL,12,,0,,,1
2254546,Badié,Badie,12.45,-11.55,PPL,17,,0,,,1
2254544,Badiéléli,Badieleli,12.93944,-16.51861,PPL,12,,0,,,1
2254530,Badji,Badji,14.8333,-15.57364,PPL,03,,0,,,1
2254527,Badjikounda,Badjikounda,13.25,-15.76667,PPL,18,,0,,,2
2254528,Badjikounda,Badjikounda,12.68222,-15.86,PPL,18,,0,,,2
2254526,Badjimor,Badjimor,12.68306,-15.56667,PPL,18,,0,,,1
2254524,Badobar,Badobar,12.59111,-15.51083,PPL,18,,0,,,1
2254523,Badogor Boki,Badogor Boki,15.7735,-14.4895,PPL,14,,0,,,1
2254522,Badogor Doune,Badogor Doune,15.7793,-14.5181,PPL,13,,0,,,1
13658086,Badokh,Badokh,13.88161,-16.41052,PPL,09,2251792,0,,,1
2254521,Badon,Badon,12.9163,-12.3748,PPL,17,,0,,,1
13658088,Badoudou,Badoudou,13.85117,-16.40217,PPL,09,2251792,0,,,1
2254520,Badouga,Badouga,12.82472,-15.49944,PPL,18,,0,,,1
2254519,Badoumba Diaé,Badoumba Diae,13.2,-15.73333,PPL,18,,0,,,1
2254518,Badoumba Kéréouane,Badoumba Kereouane,13.21667,-15.73333,PPL,18,,0,,,1
2254517,Badoumba Mamadou,Badoumba Mamadou,13.18333,-15.71667,PPL,18,,0,,,1
2254564,Badèm,Badem,15.58333,-16.25,PPL,13,,0,,,1
2254563,Badèm Ouolof,Badem Ouolof,15.81472,-16.36,PPL,13,,0,,,1
2254515,Bafabantan,Bafabantan,12.97611,-15.69583,PPL,18,,0,,,1
2254513,Bafata,Bafata,12.46444,-15.83139,PPL,18,,0,,,1
2254508,Bafikane,Bafikane,12.47056,-16.40417,PPL,12,,0,,,1
2254507,Bafoundou,Bafoundou,12.8302,-12.3429,PPL,17,,0,,,1
2254493,Bag Dobé,Bag Dobe,15.9633,-14.6547,PPL,14,,0,,,1
2254503,Bagadadji,Bagadadji,13.65124,-16.48918,PPL,09,,0,,,4
2254504,Bagadadji,Bagadadji,13.42321,-13.00094,PPL,05,,0,,,4
2254505,Bagadadji,Bagadadji,12.8,-15.05,PPL,11,,0,,,4
2254506,Bagadadji,Bagadadji,12.64472,-15.66417,PPL,18,,0,,,4
2254502,Bagaga,Bagaga,12.68694,-16.29583,PPL,12,,0,,,1
2254501,Bagame,Bagame,12.41028,-16.31611,PPL,12,,0,,,1
13509083,Bagana Sérèr,BaganaSerer,14.19958,-16.76761,PPL,07,2248478,0,,,1
2254499,Bagana Wolof,BaganaWolof,14.18637,-16.7539,PPL,07,,0,,,1
2254498,Baganha,Baganha,12.6,-16.05,PPL,12,,0,,,1
2254496,Bagata,Bagata,12.45409,-11.49646,PPL,17,10779432,0,,,1
2254495,Bagaya,Bagaya,12.73056,-16.4,PPL,12,,0,,,1
2254494,Bagayogo,Bagayogo,13.9,-13.43333,PPL,05,,0,,,1
13551144,Bagdad,Bagdad,14.91187,-15.86237,PPL,03,2248699,0,,,1
2254492,Baghanga,Baghanga,12.73333,-15.98333,PPL,18,,0,,,1
2254490,Bagni-Bagni,Bagni-Bagni,12.93036,-11.64605,PPL,17,,0,,,1
2254488,Bagone,Bagone,15.93333,-13.71667,PPL,15,,0,,,1
13507341,Bagoubél,Bagoubel,14.35929,-16.89803,PPL,07,2248478,0,,,1
13509069,Bagui,Bagui,14.25185,-16.2172,PPL,10,2250807,0,,,1
2254487,Bahanga,Bahanga,12.88333,-16.08333,PPL,12,,0,,,1
2254485,Baharé,Bahare,12.78333,-12.9,PPL,17,,0,,,2
2254486,Baharé,Bahare,12.76667,-12.88333,PPL,17,,0,,,2
13552841,Bahdad,Bahdad,14.54106,-15.78224,PPL,09,2251492,0,,,1
2254483,Bahiré Foula,Bahire Foula,12.56667,-12.65,PPL,17,,0,,,1
2254482,Bahis Sek,Bahis Sek,15.56667,-16.35,PPL,13,,0,,,1
2254474,Baili-Ouamédaka,Baili-Ouamedaka,13.36396,-12.57656,PPL,05,,0,,,1
2254452,Bak,Bak,14.2,-16.01667,PPL,09,,0,,,2
13506748,Bak,Bak,14.56911,-16.64112,PPL,07,2248478,0,,,2
2254445,Bak Samba Dior,BakSambaDior,14.29385,-16.03745,PPL,10,,0,,,1
2254451,Bakadadji,Bakadadji,13.23333,-13.48333,PPL,05,,0,,,1
2254450,Bakadaji,Bakadaji,13.03333,-15.6,PPL,18,,0,,,1
2248700,Bakakak,Bakakak,14.59632,-16.48441,PPL,03,,0,,,1
2254449,Bakao,Bakao,16.58333,-15.1,PPL,14,,0,,,1
2254448,Bakaouka,Bakaouka,12.5399,-12.7965,PPL,17,,0,,,1
2254447,Bakayoko,Bakayoko,13.21667,-14.15,PPL,11,,0,,,1
2254446,Bakbous,Bakbous,14.66667,-16.4,PPL,03,,0,,,1
2254441,Bakel,Bakel,14.90238,-12.45935,PPL,05,,13329,,,1
2593135,Bakhalou,Bakhalou,13.84976,-16.57822,PPL,09,,0,,,1
13507456,Bakhamaye,Bakhamaye,14.40088,-16.58886,PPL,09,7670866,0,,,1
2254437,Bakhda,Bakhda,15.85,-16.15,PPL,13,,0,,,1
2254436,Bakhère,Bakhere,15.46667,-16.31667,PPL,13,,0,,,1
2254435,Bakhès,Bakhes,15.28333,-16.23333,PPL,13,,0,,,1
2254432,Baki Baki,Baki Baki,12.68333,-13.1,PPL,05,,0,,,1
13658772,Bakingaye,Bakingaye,13.14981,-16.13172,PPL,12,2253903,0,,,1
13507248,Bako Gour,BakoGour,14.54446,-16.21598,PPL,09,7670866,0,,,1
2253713,Bakobof,Bakobof,14.38131,-16.68018,PPL,09,,0,,,1
13658068,Bakoling,Bakoling,13.80629,-16.47115,PPL,09,2251792,0,,,1
2254429,Bakopone,Bakopone,14.63333,-16.55,PPL,03,,0,,,1
2254428,Bakor,Bakor,12.96667,-14.73333,PPL,11,,0,,,1
2254424,Bakoum,Bakoum,12.72111,-15.56278,PPL,18,,0,,,1
2254423,Bakoundi,Bakoundi,12.56667,-15.85,PPL,18,,0,,,1
2254422,Bakounou,Bakounou,12.45,-16.41667,PPL,12,,0,,,1
2254421,Bakoura,Bakoura,14.81233,-15.77573,PPL,03,,0,,,1
2254420,Bakous,Bakous,13.73453,-16.60587,PPL,09,,0,,,1
2254439,Bakèm Tataguine,BakemTataguine,14.42582,-16.63052,PPL,09,,0,,,1
2254438,Bakésaloum,Bakesaloum,13.71667,-15.83333,PPL,10,,0,,,1
2254371,Bal Gaye,Bal Gaye,15.05,-16.93333,PPL,07,,0,,,1
2254354,Bal Mayata,Bal Mayata,14.25,-14.51667,PPL,05,,0,,,1
2254418,Bala,Bala,14.03333,-13.16667,PPL,05,,0,,,1
2254413,Bala Bassène,Bala Bassene,13.06864,-16.19232,PPL,12,,0,,,1
2254412,Bala Bougou,BalaBougou,14.33998,-16.83066,PPL,07,,0,,,1
2254409,Bala Diobène,Bala Diobene,14.96667,-15.8,PPL,03,,0,,,1
13658790,Bala Djifalone,Bala Djifalone,13.07554,-16.18666,PPL,12,2253903,0,,,1
2254406,Bala Foulbé,Bala Foulbe,13.63333,-13.1,PPL,05,,0,,,1
2254405,Bala Guirène,Bala Guirene,13.08299,-16.19431,PPL,12,,0,,,1
2254399,Bala Mérétaol,Bala Meretaol,14.1,-13.68333,PPL,05,,0,,,1
2254410,Bala Ndiaye,BalaNdiaye,14.93673,-15.84206,PPL,03,,0,,,1
2254389,Bala Ougonor,Bala Ougonor,13.09415,-16.16211,PPL,12,,0,,,1
2254387,Bala Palène,Bala Palene,14.93333,-15.83333,PPL,03,,0,,,1
2254404,Balakonko,Balakonko,13.13986,-11.69779,PPL,17,,0,,,1
2254403,Balakounda,Balakounda,12.73333,-14.16667,PPL,11,,0,,,1
2254010,Balal Penda,Balal Penda,15.399,-15.8231,PPL,13,,0,,,1
2254402,Balala,Balala,12.95,-15.93333,PPL,18,,0,,,1
2254401,Balam Boulou,Balam Boulou,13.58333,-13.15,PPL,05,,0,,,1
2254396,Balandine,Balandine,13.01053,-16.3052,PPL,12,,0,,,1
2254398,Balandé,Balande,15.7683,-15.9184,PPL,13,,0,,,1
13658793,Balanga,Balanga,13.05053,-16.16005,PPL,12,2253903,0,,,1
2254391,Balankine,Balankine,12.88917,-15.98611,PPL,12,,0,,,2
2254392,Balankine,Balankine,12.71667,-16.05,PPL,12,,0,,,2
2254386,Balboto,Balboto,15.3426,-16.3456,PPL,13,,0,,,1
2254384,Baldi Kadjolé,Baldi Kadjole,14.53643,-12.8933,PPL,05,,0,,,1
2254381,Balel,Balel,15.26825,-12.903,PPL,15,,0,,,1
2254377,Balel Cissé,Balel Cisse,15.4369,-15.1416,PPL,13,,0,,,1
2254378,Balel Sall,Balel Sall,15.4351,-15.1367,PPL,13,,0,,,1
2254370,Bali,Bali,13.98333,-15.36667,PPL,16,,0,,,1
2254366,Bali Guéli,Bali Gueli,15.3394,-15.4354,PPL,13,,0,,,1
2254359,Bali Roto,Bali Roto,15.4454,-15.3765,PPL,13,,0,,,1
2254369,Balian,Balian,12.93889,-16.22917,PPL,12,,0,,,1
2254368,Balib,Balib,12.78333,-16.21667,PPL,12,,0,,,1
2254367,Baliga,Baliga,14.91,-16.88351,PPL,07,,0,,,1
2254365,Baline,Baline,12.91917,-16.45889,PPL,12,,0,,,1
2254361,Balingor,Balingor,12.77528,-16.35667,PPL,12,,0,,,2
2254363,Balingor,Balingor,12.51667,-15.93333,PPL,11,,0,,,2
2254357,Balkamissa,Balkamissa,13.16667,-15.01667,PPL,11,,0,,,1
2254397,Balla Ndiaye,Balla Ndiaye,15.095,-15.9323,PPL,13,,0,,,1
2254356,Balmadou,Balmadou,12.62333,-15.85917,PPL,18,,0,,,1
2254350,Balo Kounda,Balo Kounda,13.15,-13.9,PPL,11,,0,,,2
2254352,Balo Kounda,Balo Kounda,12.7,-14.7,PPL,11,,0,,,2
2254353,Balodji Sérèr,BalodjiSerer,14.98555,-15.77047,PPL,13,,0,,,1
2254349,Balokounda,Balokounda,13.33333,-13.78333,PPL,11,,0,,,2
2254351,Balokounda,Balokounda,12.93333,-14.2,PPL,11,,0,,,2
2254348,Balol,Balol,14.71553,-15.76437,PPL,09,,0,,,1
2254347,Balonguine,Balonguine,12.97444,-16.41861,PPL,12,,0,,,1
2254346,Balori,Balori,12.61667,-11.81667,PPL,17,,0,,,1
6648012,Balou,Balou,14.73802,-12.23802,PPL,05,,0,,,1
2254345,Balta,Balta,15.66667,-16.48333,PPL,13,,0,,,1
6645332,Balèl Pathé,Balel Pathe,16.06371,-13.40988,PPL,15,,0,,,1
2254376,Balénia,Balenia,12.9,-16.28333,PPL,12,,0,,,1
2254375,Balénian,Balenian,13.04956,-16.17507,PPL,12,,0,,,1
2254374,Baléou,Baleou,12.78111,-16.34389,PPL,12,,0,,,1
2254341,Bamadoukounda,Bamadoukounda,13.78333,-13.96667,PPL,05,,0,,,1
2254340,Bamaki,Bamaki,13.23333,-13.25,PPL,05,,0,,,1
2254338,Bamako,Bamako,12.86667,-14.08333,PPL,11,,0,,,2
13657984,Bamako,Bamako,13.7718,-16.46088,PPL,09,2251792,0,,,2
2254337,Bamakounda,Bamakounda,12.64056,-15.59139,PPL,18,,0,,,1
2254334,Bamba,Bamba,13.95,-15.98333,PPL,10,,0,Pulaar/Fulani,clan/family name root,2
2254335,Bamba,Bamba,13.73333,-15.73333,PPL,10,,0,Pulaar/Fulani,clan/family name root,2
2254324,Bamba Mamadou,Bamba Mamadou,13.86667,-15.23333,PPL,16,,0,,,1
2254323,Bamba Moussa,Bamba Moussa,13.83333,-15.25,PPL,16,,0,,,1
2254331,Bambadala,Bambadala,13.60923,-12.85247,PPL,05,,0,,,3
2254332,Bambadala,Bambadala,13.33333,-15.48333,PPL,18,,0,,,3
2254333,Bambadala,Bambadala,13.26667,-13.41667,PPL,05,,0,,,3
2254330,Bambadala Kontèyène,Bambadala Konteyene,13.71192,-16.30077,PPL,09,,0,,,1
2254329,Bambadala Tiakho,Bambadala Tiakho,13.70535,-16.30005,PPL,09,,0,,,1
2254295,Bambadji,Bambadji,12.82206,-11.49715,PPL,17,10779432,0,,,1
2254327,Bambako,Bambako,13.61667,-14.0,PPL,05,,0,,,2
2254328,Bambako,Bambako,13.50128,-12.1515,PPL,05,,0,,,2
2254325,Bambali,Bambali,13.85,-15.55,PPL,16,,0,,,2
2254326,Bambali,Bambali,12.66222,-15.45472,PPL,18,,0,,,2
2595900,Bambara,Bambara,14.76714,-17.06424,PPLX,07,,0,,,1
2254322,Bambarakounda,Bambarakounda,13.1,-15.56667,PPL,18,,0,,,1
2254320,Bambaraya,Bambaraya,13.10839,-12.08837,PPL,17,,0,,,1
2254318,Bambato,Bambato,12.5,-15.55,PPL,18,,0,,,1
2254314,Bambey,Bambey,14.6965,-16.45277,PPL,03,,0,,,3
7670740,Bambey,Bambey,14.70074,-16.45911,PPL,03,,37374,,,3
13505475,Bambey,Bambey,14.82769,-16.30177,PPL,03,2252312,0,,,3
13507031,Bambey Sérèr,BambeySerer,14.7091,-16.49395,PPL,03,2254315,0,,,1
2254313,Bambilor,Bambilor,14.80144,-17.18454,PPL,01,,0,,,1
2254312,Bambli,Bambli,14.78333,-16.53333,PPL,03,,0,,,1
13509101,Bambou,Bambou,14.07726,-16.39794,PPL,09,2251792,0,,,1
13658047,Bambougar El Hadj,Bambougar El Hadj,13.89422,-16.40934,PPL,09,2251792,0,,,1
13657989,Bambougar Malik,Bambougar Malik,13.91301,-16.40466,PPL,09,2251792,0,,,1
13658012,Bambougar Massamba,Bambougar Massamba,13.92837,-16.40859,PPL,09,2251792,0,Pulaar/Fulani,clan/family name root,1
2593144,Bamboung,Bamboung,13.83479,-16.54126,PPL,09,,0,,,1
2254291,Bamboya,Bamboya,12.4604,-12.1105,PPL,17,,0,,,2
2254292,Bamboya,Bamboya,12.4582,-12.0269,PPL,17,,0,,,2
2254309,Bamgol,Bamgol,14.97596,-15.5078,PPL,13,,0,,,1
2254308,Bamhouame,Bamhouame,15.4636,-15.713,PPL,13,,0,,,1
2254306,Bana Daniédo,Bana Daniedo,14.1,-13.68333,PPL,05,,0,,,1
2254305,Banadié,Banadie,15.37,-13.12942,PPL,15,,0,,,1
13505566,Banane,Banane,14.80183,-16.02442,PPL,03,2248699,0,,,2
13509007,Banane,Banane,14.48473,-16.1569,PPL,09,2251492,0,,,2
2252478,Banane Ndiolofène,BananeNdiolofene,14.766,-15.59828,PPL,03,2248699,0,,,1
2254303,Banane Wagadou,BananeWagadou,14.75738,-15.60015,PPL,03,2248699,0,,,1
2254301,Banankourou,Banankourou,13.05,-14.23333,PPL,11,,0,,,1
2254300,Banba,Banba,13.8,-14.61667,PPL,05,,0,Pulaar/Fulani,clan/family name root,1
2254299,Banbadala,Banbadala,12.68806,-15.31056,PPL,18,,0,,,1
2254297,Banbadinnka,Banbadinnka,12.75,-14.55,PPL,11,,0,,,2
2254298,Banbadinnka,Banbadinnka,12.51194,-16.18194,PPL,12,,0,,,2
2254296,Banbadion,Banbadion,12.78417,-15.50278,PPL,18,,0,,,1
2254289,Bandafassi,Bandafassi,12.53965,-12.31061,PPL,17,,0,,,1
6917790,Bandafassi Tenda,Bandafassi Tenda,12.5283,-12.3174,PPL,17,,0,,,1
2254287,Bandandar,Bandandar,14.03582,-16.31515,PPL,09,,0,,,1
13504730,Bandia,Bandia,14.83617,-16.54315,PPL,03,2254315,0,,,1
2595477,Bandia Bambara,Bandia Bambara,14.61502,-17.01756,PPL,07,,0,,,1
2254286,Bandia Sessène,Bandia Sessene,14.62429,-17.02691,PPL,07,,0,,,1
13658320,Bandiagara,Bandiagara,13.6885,-16.42951,PPL,09,2251792,0,,,1
2254283,Bandial,Bandial,12.58083,-16.48306,PPL,12,,0,,,1
2254281,Bandiala,Bandiala,13.66004,-16.57166,PPL,09,,0,,,1
2254280,Bandiou Kouta,Bandiou Kouta,13.7828,-16.50741,PPL,09,,0,,,1
2254278,Bandioul Banté,Bandioul Bante,14.03617,-15.07501,PPL,16,,0,,,1
2253688,Bandié,Bandie,14.42077,-15.5741,PPL,16,,0,,,1
2596037,Bandji,Bandji,15.77852,-16.51752,PPL,13,,0,,,1
2254277,Bandjikaki,Bandjikaki,13.02337,-16.68907,PPL,12,2253903,0,,,1
13658061,Bandouf,Bandouf,13.77336,-16.42773,PPL,09,2251792,0,,,1
2254276,Bandoukounda Baldé,Bandoukounda Balde,13.08333,-15.26667,PPL,18,,0,,,1
2254275,Bandoulou,Bandoulou,14.00554,-16.23329,PPL,10,,0,,,1
2254288,Bandémba,Bandemba,12.525,-12.3804,PPL,17,,0,Pulaar/Fulani,clan/family name root,1
13514642,Bane Gori,BaneGori,14.14388,-16.22865,PPL,10,2250807,0,,,1
2250045,Bane Samane,BaneSamane,14.13022,-16.23131,PPL,10,,0,,,1
2254274,Bane Soutoura,BaneSoutoura,14.14594,-16.22639,PPL,10,,0,,,1
2254268,Banfara,Banfara,13.83333,-13.43333,PPL,05,,0,,,1
2254267,Banfara Démandaou,Banfara Demandaou,13.81667,-13.38333,PPL,05,,0,,,1
2254266,Banfara II,Banfara II,13.83333,-13.41667,PPL,05,,0,,,1
2252070,Banfarato,Banfarato,12.6934,-12.8354,PPL,17,,0,,,1
6659064,Banfaroto,Banfaroto,12.77774,-11.76202,PPL,17,,0,,,1
2254261,Bangadj,Bangadj,14.21495,-15.35748,PPL,16,,0,,,1
2254260,Bangadji,Bangadji,14.71595,-15.93969,PPL,03,,0,,,1
2254259,Bangadji Samb,BangadjiSamb,14.70864,-15.78538,PPL,09,,0,,,1
13657993,Bangaler,Bangaler,13.9571,-16.41988,PPL,09,2251792,0,,,1
2254500,Bangana,Bangana,14.11347,-15.64095,PPL,16,,0,,,1
2254263,Banganga,Banganga,12.60639,-16.05583,PPL,12,,0,,,1
2254264,Banghadji,Banghadji,14.823,-16.81242,PPL,07,,0,,,2
2254265,Banghadji,Banghadji,14.56603,-16.24757,PPL,09,,0,,,2
13658704,Banghania,Banghania,13.73961,-16.21116,PPL,09,2251792,0,,,1
2254258,Bangol,Bangol,15.001,-15.5177,PPL,13,,0,,,1
2254257,Bangounam,Bangounam,12.95,-16.13333,PPL,12,,0,,,1
2254256,Bangoye,Bangoye,15.38333,-16.28333,PPL,13,,0,,,1
2254255,Banhar,Banhar,12.68111,-15.55611,PPL,18,,0,,,1
2254250,Bani,Bani,13.82792,-12.87559,PPL,05,,0,,,5
2254251,Bani,Bani,13.76289,-16.47645,PPL,09,,0,,,5
2254252,Bani,Bani,13.05,-15.55,PPL,18,,0,,,5
2254253,Bani,Bani,12.84417,-15.42306,PPL,18,,0,,,5
2254254,Bani,Bani,12.50722,-15.73361,PPL,18,,0,,,5
13658731,Bani Israël,Bani Israel,13.07081,-16.55745,PPL,12,2253903,0,,,1
2254240,Bani Tapirdé,Bani Tapirde,13.95328,-12.85432,PPL,05,,0,,,1
2254249,Banianol,Banianol,15.03721,-14.50583,PPL,13,,0,,,1
2254247,Baniaye,Baniaye,14.81667,-16.81667,PPL,07,,0,,,1
2254245,Banima,Banima,12.45,-15.65,PPL,18,,0,,,1
13658758,Baningor,Baningor,13.1602,-16.12107,PPL,12,2253903,0,,,1
2254489,Baniomba,Baniomba,12.716,-12.362,PPL,17,,0,Pulaar/Fulani,clan/family name root,1
2254243,Baniou,Baniou,12.5,-15.9,PPL,18,,0,,,1
2254241,Banipéli,Banipeli,14.2892,-12.45671,PPL,05,,0,,,1
2254246,Banière,Baniere,12.66056,-15.42167,PPL,18,,0,,,1
2254239,Bankassouk,Bankassouk,12.70278,-16.72139,PPL,12,,0,,,1
2254238,Bankou,Bankou,13.4665,-12.8246,PPL,05,,0,,,1
2254237,Bankouba,Bankouba,13.87987,-12.2824,PPL,05,,0,Pulaar/Fulani,clan/family name root,1
2254234,Bannbadinnka,Bannbadinnka,13.56667,-13.41667,PPL,05,,0,,,1
2254231,Banou,Banou,14.43333,-15.78333,PPL,09,,0,,,1
2254230,Banoungoune,Banoungoune,13.01667,-15.83333,PPL,18,,0,,,1
2254224,Banta Koutoum Pakane,Banta Koutoum Pakane,12.93333,-13.85,PPL,11,,0,,,1
2254227,Bantakili Moulaye,Bantakili Moulaye,13.0,-14.38333,PPL,11,,0,,,1
2254226,Bantakokouta,Bantakokouta,12.7707,-12.2349,PPL,17,,0,,,1
2254223,Bantambali,Bantambali,14.18333,-13.2,PPL,05,,0,,,1
2254222,Bantanani,Bantanani,13.72193,-12.97634,PPL,05,,0,,,1
13658812,Bantanari,Bantanari,13.04305,-16.15558,PPL,12,2253903,0,,,1
2254220,Bantandiang,Bantandiang,12.79056,-15.1725,PPL,18,,0,,,2
2254221,Bantandiang,Bantandiang,12.59,-15.64917,PPL,18,,0,,,2
2254219,Bantandienké,Bantandienke,13.56667,-13.93333,PPL,05,,0,,,1
2250352,Bantanding,Bantanding,13.60377,-16.28568,PPL,09,,0,,,1
2254218,Bantanguel,Bantanguel,12.78333,-14.73333,PPL,11,,0,,,1
2254217,Bantangueul,Bantangueul,13.96667,-14.01667,PPL,05,,0,,,1
2254216,Bantangueul Kassoum,Bantangueul Kassoum,12.85,-14.28333,PPL,11,,0,,,1
2254215,Bantaniel,Bantaniel,12.65583,-15.25639,PPL,11,,0,,,1
6659075,Bantankho,Bantankho,12.58713,-11.59228,PPL,17,,0,,,1
2254214,Bantanki Doulo,Bantanki Doulo,12.96667,-14.43333,PPL,11,,0,,,1
2254213,Bantankoli,Bantankoli,13.33333,-13.18333,PPL,05,,0,,,1
2254210,Bantankountou,Bantankountou,13.26667,-13.06667,PPL,05,,0,,,3
2254211,Bantankountou,Bantankountou,12.76667,-14.95,PPL,11,,0,,,3
2254212,Bantankountou,Bantankountou,12.5,-15.91667,PPL,18,,0,,,3
2254208,Bantankountouyél,Bantankountouyel,12.83333,-14.95,PPL,11,,0,,,1
2254207,Bantantinnting,Bantantinnting,13.53333,-13.86667,PPL,05,,0,,,1
2254205,Bantanto,Bantanto,13.13333,-14.2,PPL,11,,0,,,2
2254206,Bantanto,Bantanto,13.01667,-15.56667,PPL,18,,0,,,2
2254204,Bantata,Bantata,12.6817,-12.3317,PPL,17,,0,,,1
2254202,Bantigniel,Bantigniel,12.9,-13.71667,PPL,11,,0,,,1
13506986,Banèm Sérèr,BanemSerer,14.66882,-16.38157,PPL,03,2254315,0,,,1
2254272,Bané,Bane,14.67433,-15.66969,PPL,09,,0,,,1
2254270,Banéba,Baneba,13.25,-15.71667,PPL,18,,0,Pulaar/Fulani,clan/family name root,2
2254271,Banéba,Baneba,13.25,-15.53333,PPL,18,,0,Pulaar/Fulani,clan/family name root,2
2254196,Baout,Baout,14.04782,-16.53307,PPL,09,,0,,,1
13552832,Bap,Bap,14.73784,-15.93719,PPL,03,2248699,0,,,2
13552838,Bap,Bap,14.71651,-15.95735,PPL,03,2248699,0,,,2
2254194,Bapalel Koliabé,Bapalel Koliabe,15.45593,-12.96632,PPL,15,,0,,,1
2254193,Bapèdj,Bapedj,14.75,-14.86667,PPL,13,,0,,,1
2254192,Bapédji,Bapedji,15.1693,-14.8772,PPL,13,,0,,,1
2254187,Bara,Bara,15.1115,-15.4172,PPL,13,,0,,,2
2254188,Bara,Bara,12.4345,-12.2017,PPL,17,,0,,,2
13506506,Bara Kaïré,BaraKaire,14.72793,-16.93196,PPL,07,2244804,0,,,1
2254185,Baraboye,Baraboye,12.6871,-12.4092,PPL,17,,0,,,1
2254186,Barabéri,Baraberi,12.96017,-11.7395,PPL,17,,0,,,1
2254183,Baraf,Baraf,12.52056,-16.30861,PPL,12,,0,,,1
2254182,Barafouté,Barafoute,12.6691,-12.303,PPL,17,,0,,,1
2254179,Baraguès,Baragues,13.11667,-16.15,PPL,12,,0,,,1
2254177,Baraka Bounao,Baraka Bounao,12.49528,-16.19333,PPL,12,,0,,,1
2254176,Baraka Patata,Baraka Patata,12.45,-16.13333,PPL,12,,0,,,1
2254175,Baraka Poukao,Baraka Poukao,12.46667,-16.2,PPL,12,,0,,,1
2254174,Barakounda,Barakounda,13.66667,-14.63333,PPL,05,,0,,,1
2254178,Barakès,Barakes,13.12058,-16.47518,PPL,12,,0,,,1
2254172,Baral,Baral,15.2199,-15.5102,PPL,13,,0,,,1
2254171,Baralak,Baralak,12.90583,-16.17389,PPL,12,,0,,,1
2254170,Baralé Ndiaye,Barale Ndiaye,15.8452,-16.2292,PPL,13,,0,,,1
13658744,Barandalat,Barandalat,13.05286,-16.25861,PPL,12,2253903,0,,,1
2254167,Barandama,Barandama,13.0,-15.78333,PPL,18,,0,,,1
2254166,Barandao,Barandao,14.55,-15.93333,PPL,03,,0,,,1
2254603,Barandoufari,Barandoufari,12.8129,-12.2513,PPL,17,,0,,,1
2254165,Barantir,Barantir,12.94,-16.37028,PPL,12,,0,,,1
2254162,Bardial,Bardial,15.05,-16.55,PPL,07,,0,,,1
2254161,Bardiol,Bardiol,15.7742,-15.2895,PPL,13,,0,,,1
2254157,Barga,Barga,15.98333,-13.63333,PPL,15,,0,,,1
2254154,Bargny,Bargny,14.69707,-17.23015,PPL,01,,69242,,,1
2254153,Bargny Guèdj,Bargny Guedj,14.68698,-17.22808,PPLX,01,,51188,,,1
2595382,Bargny Ngoude,Bargny Ngoude,14.69407,-17.2353,PPLX,01,,51188,,,1
2254152,Bargué,Bargue,15.21667,-16.08333,PPL,13,,0,,,1
2254147,Bari,Bari,16.08,-16.17917,PPL,14,,0,,,4
2254148,Bari,Bari,15.8,-16.26667,PPL,13,,0,,,4
2254150,Bari,Bari,15.1597,-15.4858,PPL,13,,0,,,4
2254151,Bari,Bari,12.86833,-15.65778,PPL,18,,0,,,4
2248571,Bari Diame,Bari Diame,15.2789,-16.034,PPL,13,,0,,,1
2253937,Bari Diame Cissé,Bari Diame Cisse,15.448,-16.2373,PPL,13,,0,,,1
2596011,Bari Diamm,Bari Diamm,16.18139,-16.27694,PPL,14,,0,,,1
13507049,Bari Ndondol Deux,BariNdondolDeux,14.60853,-16.49654,PPL,03,2254315,0,,,1
2254142,Bari Ndondol Un,BariNdondolUn,14.59642,-16.50198,PPL,09,,0,,,1
13506732,Bari Sine,BariSine,14.58878,-16.51371,PPL,09,7670866,0,,,1
2254145,Baria,Baria,13.66685,-16.18578,PPL,09,,0,,,1
2254143,Baridiane,Baridiane,15.13333,-16.4,PPL,07,,0,,,1
6611636,Barkatou,Barkatou,15.32194,-12.87,PPL,15,,0,,,1
2254139,Barkayel,Barkayel,13.61667,-14.33333,PPL,05,,0,,,3
2254140,Barkayel,Barkayel,13.48333,-13.46667,PPL,05,,0,,,3
13509036,Barkayel,Barkayel,14.40781,-16.11279,PPL,09,2251492,0,,,3
2254137,Barkedji,Barkedji,14.58333,-14.81667,PPL,16,,0,,,1
6611637,Barkevy,Barkevy,15.33,-12.86306,PPL,15,,0,,,1
2254129,Barkiel,Barkiel,13.88333,-14.55,PPL,05,,0,,,1
2254128,Barkjéwèl,Barkjewel,13.8,-15.76667,PPL,10,,0,,,1
2254135,Barkèdji,Barkedji,15.16667,-14.86667,PPL,13,,0,,,2
2254138,Barkèdji,Barkedji,13.95,-15.7,PPL,16,,0,,,2
2254133,Barkédji,Barkedji,15.7197,-15.3377,PPL,13,,0,,,3
2254134,Barkédji,Barkedji,15.276,-14.8694,PPL,13,,0,,,3
2254136,Barkédji,Barkedji,14.88333,-15.91667,PPL,03,,0,,,3
2254131,Barkédji Mboul,Barkedji Mboul,14.59581,-15.95506,PPL,03,,0,,,1
2254127,Barmétial,Barmetial,15.47689,-13.01575,PPL,15,,0,,,1
2254125,Barokounda,Barokounda,13.66667,-14.1,PPL,05,,0,,,1
2254124,Barone,Barone,14.04306,-15.46458,PPL,16,,0,,,1
2254123,Barouk,Barouk,12.78278,-16.20556,PPL,12,,0,,,1
2254121,Barsafa,Barsafa,13.71667,-14.56667,PPL,05,,0,,,1
2595536,Barèt,Baret,14.74329,-17.09893,PPL,07,,0,,,1
2254149,Baré,Bare,15.1777,-15.9878,PPL,13,,0,,,1
2248660,BaréBanta,BareBanta,16.01619,-16.09697,PPL,14,,0,,,1
2254159,Baréguessin,Bareguessin,13.01667,-16.38333,PPL,12,,0,,,1
2254126,Barôbé,Barobe,16.18061,-13.89779,PPL,14,,0,,,1
2596112,Bas N’Dar Toute,Bas N'Dar Toute,16.02851,-16.5085,PPLX,14,,0,,,1
2254119,Bassabou,Bassabou,13.93333,-15.91667,PPL,10,,0,,,1
2254118,Bassada,Bassada,13.0,-15.76667,PPL,18,,0,,,1
2254117,Bassaf,Bassaf,12.80528,-15.61917,PPL,18,,0,,,1
2254116,Bassafa,Bassafa,13.28333,-14.6,PPL,11,,0,,,1
2254115,Bassanbéa,Bassanbea,12.98333,-16.35,PPL,12,,0,,,1
2254114,Bassar,Bassar,13.91963,-16.60798,PPL,09,,0,,,1
13658759,Bassem Kassana,Bassem Kassana,13.15727,-16.05808,PPL,12,2253903,0,,,1
13658802,Bassem Lessé,Bassem Lesse,13.08927,-16.04433,PPL,12,2253903,0,,,1
13658019,Bassine,Bassine,13.90324,-16.45017,PPL,09,2251792,0,,,1
2254107,Bassinkil,Bassinkil,13.09344,-16.20392,PPL,12,,0,,,1
2254106,Bassoul,Bassoul,13.92559,-16.58978,PPL,09,,0,,,1
2254105,Bassoum,Bassoum,12.98333,-14.5,PPL,11,,0,,,1
2254109,Bassène,Bassene,13.08904,-16.35788,PPL,12,,0,,,4
2254110,Bassène,Bassene,13.06667,-16.38333,PPL,12,,0,,,4
2254111,Bassène,Bassene,12.95361,-16.37194,PPL,12,,0,,,4
2254112,Bassène,Bassene,12.95,-16.36667,PPL,12,,0,,,4
2254108,Basséré,Bassere,12.45083,-16.36667,PPL,12,,0,,,1
2254104,Batabout,Batabout,13.00273,-16.21832,PPL,12,,0,,,1
2254102,Batal,Batal,15.5439,-15.2864,PPL,13,,0,,,2
2254103,Batal,Batal,14.64588,-16.4736,PPL,03,,0,,,2
13658072,Batamar,Batamar,13.79816,-16.38826,PPL,09,2251792,0,,,1
2254101,Batan Gnima,Batan Gnima,12.70667,-15.84778,PPL,18,,0,,,1
2254100,Batankigné,Batankigne,13.01548,-16.17593,PPL,12,,0,,,1
13509321,Batara Kaba,BataraKaba,14.01599,-16.10454,PPL,10,2250807,0,Pulaar/Fulani,clan/family name root,1
2254514,Batara Ndiala,BataraNdiala,14.0305,-16.10119,PPL,10,,0,,,1
13509355,Batara Wolof,BataraWolof,14.01651,-16.11332,PPL,10,2250807,0,,,1
2254093,Batiaré Ouro Guéladjo,Batiare Ouro Gueladjo,14.4,-15.68333,PPL,16,,0,,,1
2254092,Batimba,Batimba,12.4825,-12.549,PPL,17,,0,Pulaar/Fulani,clan/family name root,1
13658769,Batinding,Batinding,13.11356,-16.17395,PPL,12,2253903,0,,,1
13658768,Batinding Boudiakène,Batinding Boudiakene,13.12168,-16.17002,PPL,12,2253903,0,,,1
2254090,Batinding Diémé,Batinding Dieme,13.03979,-16.23013,PPL,12,,0,,,1
2254091,Batindié,Batindie,12.81667,-16.2,PPL,12,,0,,,1
2254088,Batinièr,Batinier,12.54806,-16.40722,PPL,12,,0,,,2
2254089,Batinièr,Batinier,12.50083,-16.48306,PPL,12,,0,,,2
2254087,Batodji,Batodji,14.96667,-15.76667,PPL,13,,0,,,1
2254086,Batoulane,Batoulane,14.11667,-14.6,PPL,16,,0,,,1
2254085,Batranké,Batranke,12.69,-12.3518,PPL,17,,0,,,1
2254084,Battal,Battal,15.2301,-16.2337,PPL,13,,0,,,1
2254097,Batéguélé,Bateguele,13.08333,-15.88333,PPL,18,,0,,,1
2254096,Batékel,Batekel,12.98333,-16.18333,PPL,12,,0,,,1
2254200,Bawdé,Bawde,14.91951,-16.12262,PPL,03,,0,,,1
2254083,Baya,Baya,12.97278,-15.7725,PPL,18,,0,,,1
2248648,Bayakh,Bayakh,14.66922,-16.43138,PPL,03,,0,,,4
2254080,Bayakh,Bayakh,15.75,-16.45,PPL,13,,0,,,4
2254081,Bayakh,Bayakh,15.63333,-16.21667,PPL,13,,0,,,4
2254082,Bayakh,Bayakh,14.83058,-17.13782,PPL,07,,0,,,4
2254079,Bayakh Gaye,Bayakh Gaye,15.68333,-16.41667,PPL,13,,0,,,1
2254078,Bayamba,Bayamba,13.1,-15.48333,PPL,18,,0,Pulaar/Fulani,clan/family name root,1
2254076,Bayanka,Bayanka,13.13333,-15.91667,PPL,11,,0,,,1
2254075,Baye Diang,Baye Diang,15.6,-15.51667,PPL,13,,0,,,1
2248647,Baye Ndiaye,BayeNdiaye,14.49665,-15.68546,PPL,09,,0,,,1
2254071,Baye Yar,Baye Yar,15.65,-16.4,PPL,13,,0,,,1
2254070,Bayfora,Bayfora,12.49361,-15.92139,PPL,11,,0,,,1
2254516,Bayi,Bayi,14.00682,-16.41691,PPL,09,,0,,,1
2254067,Bayti,Bayti,16.05333,-16.15583,PPL,14,,0,,,1
2254457,Baytilaye,Baytilaye,12.7056,-12.1536,PPL,17,,0,,,1
2254072,Bayèr,Bayer,15.2,-16.41667,PPL,07,,0,,,1
13506485,Bayé,Baye,14.59347,-16.87888,PPL,07,2244804,0,,,1
2254479,Baïla,Baila,14.78879,-15.72027,PPL,03,2248699,0,,,2
2254480,Baïla,Baila,12.89417,-16.35222,PPL,12,,0,,,2
2254077,Baïla Ndour,BailaNdour,14.2229,-15.72829,PPL,16,,0,,,1
2254473,Baïnak,Bainak,15.71667,-16.25,PPL,13,,0,,,1
2254472,Baïrat,Bairat,15.75,-16.16667,PPL,13,,0,,,1
2254471,Baïsso,Baisso,12.73333,-12.35,PPL,17,,0,,,1
2254467,Baïti,Baiti,15.71667,-16.41667,PPL,13,,0,,,4
2254468,Baïti,Baiti,14.58333,-16.23333,PPL,03,,0,,,4
2254469,Baïti,Baiti,13.83333,-15.13333,PPL,16,,0,,,4
2254470,Baïti,Baiti,13.58333,-16.23333,PPL,09,,0,,,4
13504607,Baïti Bala Dia,BaitiBalaDia,14.92918,-16.80535,PPL,07,2244388,0,,,1
2254466,Baïti Dakhar,BaitiDakhar,14.97393,-16.94118,PPL,07,,0,,,1
2254464,Baïti Dia,Baiti Dia,14.80421,-16.01605,PPL,03,,0,,,2
2254465,Baïti Dia,Baiti Dia,14.63333,-15.95,PPL,03,,0,,,2
13504603,Baïti Dieng,BaitiDieng,14.99317,-16.78568,PPL,07,2244388,0,,,1
2254462,Baïti Diouf,Baiti Diouf,15.21667,-16.73333,PPL,07,,0,,,1
2254463,Baïti Dièye,Baiti Dieye,15.88333,-16.38333,PPL,14,,0,,,1
13504534,Baïti Fal,BaitiFal,14.99111,-16.79773,PPL,07,2244388,0,,,1
2254461,Baïti Gaye,Baiti Gaye,15.11667,-16.56667,PPL,07,,0,,,1
2254460,Baïti Guèye,BaitiGueye,15.00674,-16.91395,PPL,07,,0,,,1
13504684,Baïti Kane,BaitiKane,14.94662,-16.53172,PPL,03,2254315,0,,,1
2254456,Baïti Ndiaye,Baiti Ndiaye,15.38333,-16.56667,PPL,13,,0,,,1
2253261,Baïti Santhie,BaitiSanthie,14.97342,-16.94465,PPL,07,,0,,,1
2254453,Baïti Tiokène,Baiti Tiokene,15.18333,-16.18333,PPL,13,,0,,,1
2254459,Baïtilaye,Baitilaye,12.70616,-11.68009,PPL,17,,0,,,1
2254454,Baïtit,Baitit,14.01814,-15.65725,PPL,16,,0,,,1
13551634,Bel Tati Deux,BelTatiDeux,14.78343,-15.37382,PPL,13,2249283,0,,,1
13551636,Bel Tati Trois,BelTatiTrois,14.78045,-15.39944,PPL,13,2249283,0,,,1
13551632,Bel Tati Un,BelTatiUn,14.80163,-15.34726,PPL,13,2249283,0,,,1
2253962,Bel Tiaski,Bel Tiaski,15.33,-15.6276,PPL,13,,0,,,1
2253961,Bel Tiaski Boki,Bel Tiaski Boki,15.3214,-15.6365,PPL,13,,0,,,1
2254055,Bel-Air,Bel-Air,14.70448,-17.42477,PPLX,01,,0,,,1
2254052,Belal,Belal,13.33333,-14.65,PPL,11,,0,,,1
2254033,Belel-Boukar,Belel-Boukar,15.5438,-14.2889,PPL,13,,0,,,1
2254000,Belfadak,Belfadak,14.31992,-16.09178,PPL,10,,0,,,1
2253998,Belgarki,Belgarki,15.4403,-15.8784,PPL,13,,0,,,1
2253984,Belil Nelbi,Belil Nelbi,15.1741,-15.1921,PPL,13,,0,,,1
2253975,Belkagne,Belkagne,15.4171,-14.8637,PPL,13,,0,,,1
2253973,Belki,Belki,14.61528,-16.15258,PPL,03,,0,,,1
2253967,Belli,Belli,15.23333,-16.66667,PPL,07,,0,,,1
2253968,Bellé,Belle,14.41434,-12.30096,PPL,05,,0,,,1
6917512,Beltiasdé,Beltiasde,15.3475,-15.6211,PPL,13,,0,,,1
2253957,Bem-Bem,Bem-Bem,14.81667,-14.4,PPL,13,,0,,,1
2253954,Bembou,Bembou,12.82384,-11.8765,PPL,17,10779432,0,,,1
11205314,Bemete Bidjini,Bemete Bidjini,12.72356,-15.98884,PPL,11,,0,,,1
2253948,Bengadji,Bengadji,15.65,-16.33333,PPL,13,,0,,,1
13504557,Benguél,Benguel,14.90656,-16.86235,PPL,07,2244388,0,,,1
2253947,Benndiguiraïlo,Benndiguirailo,12.8,-11.73333,PPL,17,,0,,,1
2253945,Bennguène,Bennguene,14.95,-15.88333,PPL,03,,0,,,1
2253943,Benntingui,Benntingui,15.08333,-15.4,PPL,13,,0,,,1
2253942,Berdiouga,Berdiouga,15.56667,-16.56667,PPL,13,,0,,,1
2595947,Bereup,Bereup,14.97044,-17.08921,PPL,07,,0,,,1
2595942,Bereup Sow,Bereup Sow,14.96426,-17.04212,PPL,07,,0,,,1
2253935,Berkom,Berkom,15.36667,-16.65,PPL,13,,0,,,1
2253933,Bernal,Bernal,12.55,-16.31667,PPL,12,,0,,,1
2253927,Bessoloum,Bessoloum,12.46,-15.99111,PPL,12,,0,,,1
2253920,Beul Gueye,Beul Gueye,15.5604,-16.2488,PPL,13,,0,,,1
2253919,Beuno Mboro,Beuno Mboro,15.2,-16.88333,PPL,07,,0,,,1
2253918,Beurleup,Beurleup,15.13333,-16.36667,PPL,07,,0,,,1
2253915,Biarou,Biarou,13.05,-14.03333,PPL,11,,0,,,1
2253914,Biba,Biba,15.0503,-15.9959,PPL,13,,0,Pulaar/Fulani,clan/family name root,1
2253913,Bibi,Bibi,15.0651,-15.9766,PPL,13,,0,,,1
13506517,Bibirane,Bibirane,14.66144,-16.95067,PPL,07,2244804,0,,,1
2253910,Bichiri,Bichiri,15.89605,-13.41633,PPL,15,,0,,,1
2253909,Bidal,Bidal,15.57442,-13.21918,PPL,15,,0,,,1
2253908,Bidem,Bidem,15.53333,-16.31667,PPL,13,,0,,,1
2253905,Bidiam,Bidiam,15.86194,-16.31889,PPL,14,,0,,,2
2253906,Bidiam,Bidiam,14.20273,-15.7162,PPL,16,,0,,,2
2253867,Bidj Nguél,BidjNguel,14.41045,-15.50619,PPL,16,,0,,,1
2253904,Bidjika,Bidjika,14.35,-15.83333,PPL,09,,0,,,1
2253901,Bignona,Bignona,12.81028,-16.22639,PPL,12,,28642,Jola,Casamance/Jola toponym,1
2253896,Bikol,Bikol,14.41709,-16.45065,PPL,09,,0,,,1
2248551,Bil,Bil,14.42806,-15.98713,PPL,09,,0,,,1
2253895,Bil Bambara,BilBambara,14.0918,-16.13764,PPL,10,,0,,,1
2253894,Bil Mbaké,BilMbake,14.4376,-16.0279,PPL,09,,0,,,1
2253892,Bilassar,Bilassar,12.50722,-15.60528,PPL,18,,0,,,1
2595442,Biloré,Bilore,14.56423,-17.0553,PPL,07,,0,,,1
2253891,Bilél,Bilel,12.5602,-12.773,PPL,17,,0,,,1
2253889,Binako,Binako,12.58611,-15.54361,PPL,18,,0,,,1
2253886,Binbaba,Binbaba,12.50778,-15.86278,PPL,18,,0,Pulaar/Fulani,clan/family name root,1
6659065,Bindiguéa,Bindiguea,12.77385,-11.75716,PPL,17,,0,,,1
2253870,Bindiw,Bindiw,14.37048,-15.94547,PPL,10,,0,,,1
2253885,Bine Abdou Guèye,Bine Abdou Gueye,14.43333,-15.93333,PPL,09,,0,,,1
2253874,Binguil,Binguil,14.5669,-12.85069,PPL,05,,0,,,1
2253863,Binguél Dadhi,Binguel Dadhi,15.6,-13.5,PPL,15,,0,,,1
2253871,Binndago,Binndago,12.83333,-16.23333,PPL,12,,0,,,2
2253872,Binndago,Binndago,12.79417,-16.27889,PPL,12,,0,,,2
2253869,Binndiou,Binndiou,15.28333,-16.33333,PPL,13,,0,,,1
2253868,Binngel,Binngel,13.4,-13.05,PPL,05,,0,,,1
2253864,Binnguel,Binnguel,14.63333,-14.56667,PPL,13,,0,,,2
2253865,Binnguel,Binnguel,14.06667,-14.45,PPL,05,,0,,,2
2253861,Binnguer,Binnguer,14.53333,-15.83333,PPL,09,,0,,,1
2253860,Binnkine,Binnkine,12.93528,-16.50222,PPL,12,,0,,,1
2253944,Bintinki,Bintinki,14.08028,-15.39574,PPL,16,,0,,,1
2253857,Birahim Sèye,Birahim Seye,15.9278,-15.7817,PPL,13,,0,,,1
2253854,Biram Aouagali,Biram Aouagali,15.7003,-15.2204,PPL,13,,0,,,2
2253855,Biram Aouagali,Biram Aouagali,15.6782,-15.2364,PPL,13,,0,,,2
2253853,Biram Bodèl,Biram Bodel,15.4324,-15.9237,PPL,13,,0,,,1
2253852,Biram Diaté,Biram Diate,14.41667,-15.71667,PPL,16,,0,,,1
2253851,Biram Fal,Biram Fal,14.75,-16.75,PPL,07,,0,,,1
2253850,Biram Guèye,Biram Gueye,15.0758,-15.8995,PPL,13,,0,,,1
2253856,Birama Kelle,Birama Kelle,15.2073,-15.3365,PPL,13,,0,,,1
2596101,Birane Gaye,Birane Gaye,15.93806,-16.27694,PPL,14,,0,,,1
13658735,Birasso,Birasso,13.03011,-16.65787,PPL,12,2253903,0,,,1
13658733,Birassou,Birassou,13.03481,-16.67873,PPL,12,2253903,0,,,1
2253847,Birataba,Birataba,13.4,-13.46667,PPL,05,,0,Pulaar/Fulani,clan/family name root,1
2253846,Birfal,Birfal,14.51413,-12.44684,PPL,05,,0,,,1
13658737,Birkamanding Deux,Birkamanding Deux,13.0388,-16.6412,PPL,12,2253903,0,,,1
2253845,Birkamanding Un,Birkamanding Un,13.01935,-16.44399,PPL,12,,0,,,1
2253844,Birkelane,Birkelane,14.12933,-15.74409,PPL,16,,7011,,,1
2253842,Bissakal,Bissakal,12.53444,-15.48139,PPL,18,,0,,,1
2253841,Bissar,Bissar,12.66167,-15.48139,PPL,18,,0,,,1
2253839,Bissari,Bissari,13.05,-15.58333,PPL,18,,0,,,2
2253840,Bissari,Bissari,12.9,-15.8,PPL,18,,0,,,2
2253838,Bissari Diosson,Bissari Diosson,12.95944,-15.77444,PPL,18,,0,,,1
2253837,Bissari Dioub,Bissari Dioub,13.0,-15.93333,PPL,12,,0,,,1
2253836,Bissari Missira,Bissari Missira,12.7525,-15.60889,PPL,18,,0,,,1
2253835,Bissarou,Bissarou,12.58222,-15.42667,PPL,18,,0,,,1
2253834,Bissassou Douma,Bissassou Douma,12.56667,-15.41667,PPL,18,,0,,,1
13508529,Bissimillah,Bissimillah,14.35012,-16.47582,PPL,09,7670866,0,,,1
2253832,Bissine,Bissine,12.53056,-15.95861,PPL,12,,0,,,1
2596006,Bissét I,Bisset I,16.20222,-16.32194,PPL,14,,0,,,1
2596007,Bissét II,Bisset II,16.22222,-16.30861,PPL,14,,0,,,1
2253828,Biti Biti,Biti Biti,13.01635,-16.37322,PPL,12,,0,,,1
2253827,Bitiou,Bitiou,15.31667,-16.46667,PPL,07,,0,,,1
13504533,Bitiw Sèye,BitiwSeye,14.94692,-16.79935,PPL,07,2244388,0,,,1
2253826,Bito,Bito,16.2962,-13.99647,PPL,14,,0,,,1
2253824,Blaze,Blaze,12.50028,-15.97278,PPL,12,,0,,,1
2253822,Bloug,Bloug,15.43085,-13.02208,PPL,15,,0,,,1
2253820,Boba,Boba,13.98333,-14.48333,PPL,05,,0,Pulaar/Fulani,clan/family name root,2
2253821,Boba,Boba,13.66667,-13.85,PPL,05,,0,Pulaar/Fulani,clan/family name root,2
2253817,Bobi,Bobi,14.75,-14.81667,PPL,13,,0,,,1
2250893,Bobi Kandji,BobiKandji,14.73992,-15.80928,PPL,03,2248699,0,,,1
2253818,Bobi Mbaké,BobiMbake,14.74689,-15.81666,PPL,03,2248699,0,,,1
2253815,Bobodigoula,Bobodigoula,15.1704,-15.4819,PPL,13,,0,,,1
2253813,Bobori,Bobori,16.26985,-14.45471,PPL,14,,0,,,2
2253814,Bobori,Bobori,15.2972,-15.8985,PPL,13,,0,,,2
2253811,Boboti,Boboti,12.65896,-11.43802,PPL,05,,0,,,1
2253809,Bodadé,Bodade,15.0803,-15.939,PPL,13,,0,,,1
2253795,Bodia,Bodia,12.95,-16.26667,PPL,12,,0,,,1
2253793,Bodibato,Bodibato,14.08715,-12.04737,PPL,05,,0,,,1
13509079,Bodione,Bodione,14.35135,-16.17891,PPL,10,2250807,0,,,1
6611623,Bododji,Bododji,15.15194,-12.84556,PPL,15,,0,,,1
2253802,Bodèdji,Bodedji,14.61667,-14.55,PPL,13,,0,,,1
2253800,Bodègne,Bodegne,15.53333,-16.38333,PPL,13,,0,,,2
2253801,Bodègne,Bodegne,15.48333,-16.56667,PPL,13,,0,,,2
2253677,Bodé,Bode,14.98208,-15.14117,PPL,13,,0,,,6
2253805,Bodé,Bode,16.44434,-14.35229,PPL,14,,2466,,,6
2253806,Bodé,Bode,14.31879,-15.37149,PPL,16,,0,,,6
2253807,Bodé,Bode,13.97262,-12.8494,PPL,05,,0,,,6
2253808,Bodé,Bode,12.65333,-16.425,PPL,12,,0,,,6
6647947,Bodé,Bode,14.03293,-12.94478,PPL,05,,0,,,6
2251592,Bodé Deux,BodeDeux,14.95661,-15.90915,PPL,03,,0,,,1
2253804,Bodé Dieng,Bode Dieng,14.95,-15.93333,PPL,03,,0,,,1
2253798,Bodé Un,BodeUn,14.98518,-15.8934,PPL,03,,0,,,1
2253796,Bodéyel,Bodeyel,12.81667,-14.85,PPL,11,,0,,,1
13509076,Bof Kop,BofKop,14.33264,-16.23786,PPL,10,2250807,0,,,1
2253764,Bof Mbalèm,BofMbalem,14.48886,-16.23023,PPL,09,,0,,,1
13509042,Bof Poupouye,BofPoupouye,14.46774,-16.2439,PPL,09,7670866,0,,,1
2253791,Bofa,Bofa,12.49056,-16.13361,PPL,12,,0,,,1
2253790,Bofaye,Bofaye,14.65,-16.63333,PPL,07,,0,,,1
2253789,Bofel,Bofel,14.79866,-15.94103,PPL,03,,0,,,1
2253788,Boffel Alassane,Boffel Alassane,15.5749,-15.9781,PPL,13,,0,,,1
2253787,Bofi,Bofi,13.98333,-15.45,PPL,16,,0,,,1
2253783,Bofoulou,Bofoulou,13.48333,-13.35,PPL,05,,0,,,1
6659080,Boféto,Bofeto,12.54406,-11.45205,PPL,17,,0,,,1
2253782,Bogal,Bogal,15.95,-16.11667,PPL,13,,0,,,1
2253780,Bogal Diaouli,Bogal Diaouli,14.18748,-12.57456,PPL,05,,0,,,1
13505533,Bogal Laobé,BogalLaobe,14.85576,-16.10211,PPL,03,2248699,0,,,1
2253776,Bogguel,Bogguel,16.01487,-13.84063,PPL,14,,0,,,1
2254529,Bogo,Bogo,14.85897,-15.57497,PPL,13,,0,,,1
2253779,Bogol,Bogol,15.6453,-15.6729,PPL,13,,0,,,1
2253778,Boguel,Boguel,12.81417,-15.08639,PPL,11,,0,,,1
2253772,Boguel Gaye,Boguel Gaye,15.4788,-15.4123,PPL,13,,0,,,1
2253774,Boguelbar,Boguelbar,15.4266,-15.833,PPL,13,,0,,,1
2253768,Boguessa Boudou,Boguessa Boudou,15.3975,-15.7438,PPL,13,,0,,,1
2253777,Boguèl,Boguel,14.43497,-15.15734,PPL,16,,0,,,1
2253771,Boguène Goli,Boguene Goli,15.8245,-15.7849,PPL,13,,0,,,1
2253765,Bohodi-Gobel,Bohodi-Gobel,15.8651,-15.5679,PPL,13,,0,,,1
2253763,Bohou,Bohou,15.48978,-13.09793,PPL,15,,0,,,1
2253767,Bohé Balédié,Bohe Baledie,14.28333,-13.6,PPL,05,,0,,,1
2253760,Boingal,Boingal,14.13333,-14.36667,PPL,05,,0,,,1
2253758,Boinguel,Boinguel,14.05,-14.26667,PPL,05,,0,,,1
2253755,Boissédou,Boissedou,13.11667,-15.95,PPL,12,,0,,,1
2253754,Boiti,Boiti,15.56667,-16.3,PPL,13,,0,,,1
2253753,Bokar Diakanké,Bokar Diakanke,12.38333,-12.56667,PPL,17,,0,,,1
13658803,Bokaré,Bokare,13.02213,-16.24279,PPL,12,2253903,0,,,1
2246576,Bokhé,Bokhe,14.76598,-16.59627,PPL,03,,0,,,1
2253737,Boki Bagou,Boki Bagou,15.81667,-13.88333,PPL,15,,0,,,1
13554071,Boki Borga,BokiBorga,14.48904,-15.66559,PPL,09,2251492,0,,,1
2253736,Boki Diavé,Boki Diave,15.88751,-13.49164,PPL,15,,0,,,1
2253735,Boki Dior,Boki Dior,14.35,-14.7,PPL,16,,0,,,1
2253734,Boki Divé,Boki Dive,15.9489,-15.4897,PPL,14,,0,,,1
2253730,Boki Kekki,Boki Kekki,15.899,-14.5558,PPL,14,,0,,,1
2253728,Boki Maboubé,Boki Maboube,14.25506,-13.00162,PPL,05,,0,,,1
2253727,Boki Mbonon,Boki Mbonon,14.68333,-14.65,PPL,13,,0,,,1
2253738,Boki Puits,BokiPuits,14.48488,-15.63669,PPL,16,,0,,,1
2253723,Boki Saboudo,Boki Saboudo,15.7677,-13.41558,PPL,15,,0,,,1
2253722,Boki Saboundou,Boki Saboundou,14.61759,-12.88467,PPL,15,,0,,,1
2253721,Boki Sada,Boki Sada,14.51667,-14.53333,PPL,05,,0,,,1
2253720,Boki Tièdo,Boki Tiedo,15.7018,-15.798,PPL,13,,0,,,1
2253718,Boki Toudoune,Boki Toudoune,15.8826,-14.5828,PPL,14,,0,,,1
2253733,Bokidou lki,Bokidou lki,14.32382,-12.65733,PPL,05,,0,,,1
2253731,Bokiguilé,Bokiguile,14.54631,-12.95163,PPL,05,,0,,,1
2253729,Bokiloki,Bokiloki,14.61684,-15.68829,PPL,09,,0,,,1
2253724,Bokinédo,Bokinedo,16.01472,-15.73778,PPL,14,,0,,,1
2253732,Bokié Sintiân,Bokie Sintian,12.8,-15.06667,PPL,11,,0,,,1
2253749,Bokké Dialloubé,Bokke Dialloube,16.06236,-14.00293,PPL,14,,0,Pulaar/Fulani,clan/family name root,1
2253747,Bokké Fâfâbé,Bokke Fafabe,16.04812,-13.96788,PPL,14,,0,,,1
2253751,Bokké Mbâïbé,Bokke Mbaibe,16.05003,-13.99575,PPL,14,,0,,,1
2253715,Boko,Boko,13.47092,-12.96461,PPL,05,,0,,,2
2253716,Boko,Boko,12.775,-16.75556,PPL,12,,0,,,2
2253712,Bokodi,Bokodi,13.2412,-11.73919,PPL,17,,0,,,1
2253711,Bokolako,Bokolako,13.60509,-12.54185,PPL,05,,0,,,1
2253708,Bokondine,Bokondine,14.9,-16.41667,PPL,03,,0,,,1
2253707,Bokoul,Bokoul,16.51667,-15.4,PPL,14,,0,,,1
2595530,Boktol,Boktol,14.75035,-17.06271,PPLX,07,,0,,,1
2253752,Boké,Boke,14.31667,-13.25,PPL,05,,0,,,1
2253743,Boké Namadi,Boke Namadi,16.03065,-14.19641,PPL,14,,0,,,1
2253744,Bokéladji,Bokeladji,15.05734,-12.74672,PPL,15,,0,,,1
2253705,Bola Kho,Bola Kho,15.35,-16.35,PPL,13,,0,,,1
2253702,Boli,Boli,14.07369,-16.31352,PPL,09,,0,,,1
2250249,Boli Keur Mandaw,BoliKeurMandaw,14.07294,-16.30613,PPL,09,,0,,,1
2253700,Boliègue Ardo,Boliegue Ardo,15.2844,-15.1831,PPL,13,,0,,,1
2253697,Bolo,Bolo,14.73333,-15.93333,PPL,03,,0,,,1
2253696,Bolonas,Bolonas,14.08333,-16.56667,PPL,09,,0,,,1
2253704,Bolèl Gari,Bolel Gari,14.95,-15.86667,PPL,03,,0,,,1
2253549,Bombali,Bombali,14.75282,-15.75382,PPL,03,2248699,0,,,2
2254294,Bombali,Bombali,12.60306,-15.66056,PPL,18,,0,,,2
2253695,Bona,Bona,12.95806,-15.83806,PPL,18,,0,,,1
6660136,Bondala,Bondala,13.28375,-11.65754,PPL,17,,0,,,1
2253689,Bondali,Bondali,12.55639,-15.74694,PPL,18,,0,,,1
2253687,Bondié Peul,Bondie Peul,14.43333,-15.58333,PPL,16,,0,,,1
2253686,Bondié Tiamène,Bondie Tiamene,14.41667,-15.58333,PPL,16,,0,,,1
2253685,Bondié Tiarène,Bondie Tiarene,14.41667,-15.56667,PPL,16,,0,,,1
2253684,Bondji,Bondji,14.99781,-12.63412,PPL,15,,0,,,1
2253680,Bonkonto,Bonkonto,13.03333,-13.93333,PPL,11,,0,,,1
2253679,Bonmadigui,Bonmadigui,13.02449,-11.56906,PPL,17,,0,,,1
2595729,Bop,Bop,14.70409,-17.44859,PPLX,01,,0,,,1
2595990,Bop Tior,Bop Tior,16.05611,-16.49556,PPL,14,,0,,,1
2253675,Bordé,Borde,14.81585,-12.49884,PPL,05,,0,,,1
2253674,Borhosem,Borhosem,14.83333,-16.66667,PPL,07,,0,,,1
2253672,Boro Deunde,Boro Deunde,15.18333,-16.9,PPL,07,,0,,,1
2253666,Boro Tirel,Boro Tirel,14.13333,-13.08333,PPL,05,,0,,,1
2253670,Borofaye,Borofaye,12.51667,-16.28333,PPL,12,,0,,,2
2253671,Borofaye,Borofaye,12.4925,-16.29,PPL,12,,0,,,2
2253669,Borofaye Bayot,Borofaye Bayot,12.51667,-16.28333,PPL,12,,0,,,1
2253668,Borofaye Diola,Borofaye Diola,12.50917,-16.28194,PPL,12,,0,,,1
13507294,Borolélo,Borolelo,14.5858,-16.15265,PPL,03,2252312,0,,,1
13658807,Borone,Borone,13.03436,-16.21367,PPL,12,2253903,0,,,1
2253665,Boroya,Boroya,12.65972,-15.51972,PPL,18,,0,,,1
2253658,Bossinkang,Bossinkang,13.73417,-16.5714,PPL,09,,0,,,1
13554563,Bossolel Peul,BossolelPeul,14.22045,-15.7239,PPL,16,10778870,0,,,1
13554545,Bossolel Wolof,BossolelWolof,14.24178,-15.72131,PPL,16,10778870,0,,,1
2253659,Bossédji Bobou Faye,Bossedji Bobou Faye,14.31667,-15.71667,PPL,16,,0,,,1
2253656,Boto,Boto,12.48955,-11.46574,PPL,17,,0,,,1
2253654,Botou,Botou,13.81667,-13.58333,PPL,05,,0,,,1
2253652,Boubak,Boubak,15.24152,-14.99577,PPL,13,,0,,,1
2253651,Boubane,Boubane,14.43333,-15.6,PPL,16,,0,,,1
2253650,Boubene,Boubene,14.56667,-15.8,PPL,09,,0,,,1
13509016,Boubi Ndiyam,BoubiNdiyam,14.35515,-16.1069,PPL,10,2250807,0,,,1
13509058,Boubi Ndèm,BoubiNdem,14.35133,-16.12927,PPL,10,2250807,0,,,1
2253647,Bouborel,Bouborel,12.76667,-14.51667,PPL,11,,0,,,1
2253646,Bouboudième,Bouboudieme,13.81667,-15.78333,PPL,10,,0,,,1
2253645,Bouboukounda,Bouboukounda,13.05,-14.41667,PPL,11,,0,,,1
6648000,Boubouya,Boubouya,14.38437,-12.22353,PPL,05,,0,,,1
13551148,Boubéré,Boubere,14.8881,-15.80433,PPL,03,2248699,0,,,1
13509319,Bouchra,Bouchra,14.1671,-16.10916,PPL,10,2250807,0,,,1
11002905,Boucotte Ouest,Boucotte Ouest,12.575,-16.28167,PPL,12,,0,,,1
2253642,Boudhié Samine,Boudhie Samine,12.65389,-15.69028,PPL,18,,0,,,1
2253641,Boudi,Boudi,15.7938,-15.9405,PPL,13,,0,,,1
2253636,Boudi Sènetie,Boudi Senetie,15.7942,-15.9248,PPL,13,,0,,,1
2253640,Boudiangate,Boudiangate,12.95,-16.01667,PPL,12,,0,,,1
2253638,Boudiourguel,Boudiourguel,14.26592,-15.03246,PPL,16,,0,,,1
2253637,Boudiémar,Boudiemar,12.62139,-15.63778,PPL,18,,0,,,1
2571767,Boudock,Boudock,13.09652,-16.70883,PPL,12,,0,,,1
11257947,Boudody Escale,Boudody Escale,12.58528,-16.27056,PPLL,12,,0,,,1
2253635,Boudone,Boudone,12.68333,-16.25,PPL,12,,0,,,1
2253634,Boudouk,Boudouk,13.28333,-15.71667,PPL,18,,0,,,1
2253633,Boudoura,Boudoura,14.86667,-14.41667,PPL,13,,0,,,1
2253632,Boufanto,Boufanto,13.13333,-14.18333,PPL,11,,0,,,1
2253631,Boufara Gor,Boufara Gor,13.23333,-15.65,PPL,18,,0,,,1
2253630,Boufou,Boufou,12.65,-16.68333,PPL,12,,0,,,1
2253627,Bougari,Bougari,12.99361,-15.83028,PPL,18,,0,,,1
2253626,Bougnadou,Bougnadou,12.81417,-15.47694,PPL,18,,0,,,1
2250602,Bougnanta Kéréwane,Bougnanta Kerewane,12.52786,-11.84781,PPL,17,,0,,,1
2253625,Bougnousse,Bougnousse,12.88889,-15.79639,PPL,18,,0,,,1
2253624,Bougolo,Bougolo,12.98333,-16.06667,PPL,12,,0,,,1
2253623,Bougolor,Bougolor,12.82139,-16.37167,PPL,12,,0,,,2
13658813,Bougolor,Bougolor,13.02441,-16.12096,PPL,12,2253903,0,,,2
13658312,Bougoula,Bougoula,13.70564,-16.42872,PPL,09,2251792,0,,,2
13658327,Bougoula,Bougoula,13.71627,-16.42046,PPL,09,2251792,0,,,2
13658785,Bougourem,Bougourem,13.13089,-16.037,PPL,12,2253903,0,,,1
2253622,Bougoutoum,Bougoutoum,12.90306,-16.09167,PPL,12,,0,,,1
13505474,Bougoye Peul,BougoyePeul,14.80459,-16.38443,PPL,03,2254315,0,,,1
2380803,Bouguérha,Bouguerha,15.38333,-15.5,PPL,13,,0,,,1
2253621,Bouhinor,Bouhinor,12.86389,-16.05639,PPL,12,,0,,,1
2253620,Bouhouyoume,Bouhouyoume,12.45,-16.25,PPL,12,,0,,,1
2253618,Bouingeul Bamba,Bouingeul Bamba,14.09662,-12.93679,PPL,05,,0,Pulaar/Fulani,clan/family name root,1
2253616,Boukaour,Boukaour,12.53833,-15.73361,PPL,18,,0,,,1
2253615,Boukarkounda,Boukarkounda,12.64556,-15.48528,PPL,18,,0,,,1
2595493,Boukhou,Boukhou,14.676,-17.11858,PPL,07,,0,,,1
2253614,Bouki Dioulki,Bouki Dioulki,14.98333,-14.38333,PPL,15,,0,,,1
2253612,Boukirlou,Boukirlou,15.05,-16.08333,PPL,13,,0,,,1
2253611,Boukitimgo,Boukitimgo,12.44833,-16.59056,PPL,12,,0,,,1
2253609,Boukiyak,Boukiyak,12.65083,-16.395,PPL,12,,0,,,1
2253607,Boukot Ouolof,Boukot Ouolof,12.41639,-16.75056,PPL,12,,0,,,1
2253608,Boukote Diola,Boukote Diola,12.42139,-16.74472,PPL,12,,0,,,1
6917508,Boukoul,Boukoul,15.5121,-15.9659,PPL,13,,0,,,1
2253606,Boukounto,Boukounto,12.8,-14.78333,PPL,11,,0,,,1
13504573,Boul,Boul,14.948,-16.98302,PPL,07,2244388,0,,,1
13508998,Boul Fassow,BoulFassow,14.46409,-16.17514,PPL,09,2251492,0,,,1
2253566,Boul Soutoura,BoulSoutoura,14.07546,-16.10362,PPL,10,,0,,,1
2253605,Boula,Boula,14.38669,-12.95995,PPL,05,,0,,,1
2253602,Boulal,Boulal,15.3978,-15.6619,PPL,13,,0,,,2
2253603,Boulal,Boulal,15.2504,-14.1053,PPL,15,,0,,,2
2253600,Boulalo,Boulalo,12.59028,-16.75917,PPL,12,,0,,,1
2253598,Boulana,Boulana,12.62167,-16.75389,PPL,12,,0,,,1
2253597,Boulandor,Boulandor,12.74528,-16.04806,PPL,12,,0,,,1
2253596,Boulayot,Boulayot,13.07095,-16.14131,PPL,12,,0,,,1
13554081,Boulaïda,Boulaida,14.26455,-15.44176,PPL,16,2251008,0,,,1
2253595,Boulbi,Boulbi,14.69033,-12.78251,PPL,15,,0,,,1
2253593,Bouldiabé Boumak,BouldiabeBoumak,14.02472,-16.20425,PPL,10,,0,,,1
13509354,Bouldiabé Santhie,BouldiabeSanthie,14.03267,-16.20498,PPL,10,2250807,0,,,1
2253588,Boulel,Boulel,14.60393,-12.70698,PPL,05,,0,,,1
2253586,Boulel Babori,Boulel Babori,14.7,-16.01667,PPL,03,,0,,,1
2253583,Bouli,Bouli,15.5384,-15.8297,PPL,13,,0,,,2
13658065,Bouli,Bouli,13.9695,-16.38529,PPL,09,2251792,0,,,2
2253580,Bouli Birane,Bouli Birane,14.43333,-15.8,PPL,09,,0,,,1
2253578,Bouli Bogueul,Bouli Bogueul,14.73333,-14.5,PPL,13,,0,,,1
2253577,Bouli Bokel,Bouli Bokel,14.75,-14.38333,PPL,13,,0,,,1
2253571,Bouli Manga,Bouli Manga,14.06667,-14.25,PPL,05,,0,,,1
2253579,Bouli-Boguel,Bouli-Boguel,15.0162,-15.5716,PPL,13,,0,,,1
2253581,Boulibani,Boulibani,14.85951,-12.61441,PPL,15,,0,,,1
6644077,Boulidow,Boulidow,15.30301,-13.3864,PPL,15,,0,,,1
2252480,Bouliery Ndiolofène,BoulieryNdiolofene,14.81683,-15.62986,PPL,03,,0,,,1
2253570,Boulimbou,Boulimbou,13.3,-13.95,PPL,11,,0,,,1
2253569,Boulinaye,Boulinaye,16.39182,-14.30732,PPL,14,,0,,,1
2253568,Boulingué,Boulingue,12.67944,-16.15167,PPL,12,,0,,,1
2253567,Boulingué Toria,Boulingue Toria,12.7,-16.15,PPL,12,,0,,,1
2253574,Bouliéri,Boulieri,14.63333,-15.63333,PPL,09,,0,,,1
13551569,Bouliéri Peul,BoulieriPeul,14.79885,-15.63964,PPL,03,2248699,0,,,1
2253573,Bouliérobé,Boulierobe,15.3887,-15.6959,PPL,13,,0,,,2
6917509,Bouliérobé,Boulierobe,15.417,-15.6956,PPL,13,,0,,,2
2253559,Boulo Séano,Boulo Seano,14.96667,-14.25,PPL,15,,0,,,1
2253561,Boulon Kadié,Boulon Kadie,15.04957,-12.81786,PPL,15,,0,,,1
2253563,Boulone,Boulone,14.81667,-13.01667,PPL,15,,0,,,1
2253560,Boulonp,Boulonp,12.53806,-16.20944,PPL,12,,0,,,1
2253557,Boulou Boki,Boulou Boki,13.65,-15.78333,PPL,10,,0,,,1
2253553,Boulou Sambou,Boulou Sambou,13.38333,-14.96667,PPL,11,,0,,,1
2253554,Bouloukounda,Bouloukounda,13.4,-13.38333,PPL,05,,0,,,1
2253481,Bouloul,Bouloul,14.88693,-15.9171,PPL,03,,0,,,1
2253558,Boulouwaye,Boulouwaye,13.08866,-16.34063,PPL,12,,0,,,1
2253584,Bouly,Bouly,14.08943,-15.82441,PPL,16,,0,,,1
2253592,Boulèl,Boulel,14.55905,-15.02562,PPL,16,,0,,,1
13551157,Boulèl Modi,BoulelModi,14.79739,-15.80965,PPL,03,2248699,0,,,1
2253591,Boulèl Ndoukoumane,BoulelNdoukoumane,14.13086,-15.35193,PPL,16,,0,,,1
2253587,Boulèl Sek,BoulelSek,14.99101,-16.16108,PPL,13,,0,,,1
2253585,Boulèye Dia,Bouleye Dia,13.61667,-15.9,PPL,10,,0,,,1
2253589,Boulél,Boulel,14.28574,-15.5345,PPL,16,,0,,,3
2253590,Boulél,Boulel,14.23333,-13.91667,PPL,05,,0,,,3
13504562,Boulél,Boulel,14.78299,-16.77792,PPL,07,2244804,0,,,3
13658741,Boulélaye,Boulelaye,13.12131,-16.27661,PPL,12,2253903,0,,,3
13658775,Boulélaye,Boulelaye,13.11905,-16.13469,PPL,12,2253903,0,,,3
13658798,Boulélaye,Boulelaye,13.0943,-16.07167,PPL,12,2253903,0,,,3
2253550,Boumane,Boumane,12.47944,-15.96083,PPL,12,,0,,,1
2253548,Boumboa,Boumboa,13.34519,-12.42435,PPL,05,,0,,,1
2253547,Boumbouni,Boumbouni,13.6,-15.55,PPL,10,,0,,,1
2253545,Boumi,Boumi,15.2,-16.58333,PPL,13,,0,,,1
2253543,Boumouda Soukoutoto,Boumouda Soukoutoto,12.64,-15.92472,PPL,18,,0,,,1
2253546,Boumé,Boume,14.68333,-16.28333,PPL,03,,0,,,1
2253540,Bounar,Bounar,15.33333,-16.11667,PPL,13,,0,,,1
2253539,Boundialoum,Boundialoum,12.45889,-16.17139,PPL,12,,0,,,1
13507029,Boundou,Boundou,14.60589,-16.27237,PPL,03,2252312,0,,,1
2253537,Boundou Bali,Boundou Bali,15.0271,-15.9252,PPL,13,,0,,,1
2253536,Boundou Boki,Boundou Boki,14.87125,-15.53986,PPL,13,,0,,,1
2253535,Boundou Dioé,Boundou Dioe,14.19559,-12.04508,PPL,05,,0,,,1
2253533,Boundou Poutchou,Boundou Poutchou,15.1531,-15.4067,PPL,13,,0,,,1
2246983,Boundoukondi,Boundoukondi,12.519,-12.3365,PPL,17,,0,,,1
2253532,Boune,Boune,12.79778,-16.765,PPL,12,,0,,,2
2253542,Boune,Boune,14.76623,-17.33729,PPL,01,,0,,,2
2253531,Bounga,Bounga,14.7,-17.15,PPL,01,,0,,,1
2253529,Bounguel,Bounguel,13.23333,-14.01667,PPL,11,,0,,,1
2253528,Bouniak,Bouniak,12.39056,-16.37194,PPL,12,,0,,,1
2253527,Bounièye,Bounieye,13.14361,-16.27871,PPL,12,,0,,,1
2253526,Bounkambara,Bounkambara,12.48333,-15.58333,PPL,18,,0,,,1
2253524,Bounkili,Bounkili,13.65,-13.55,PPL,05,,0,,,2
2253525,Bounkili,Bounkili,12.95,-13.76667,PPL,11,,0,,,2
2253523,Bounkili Diola,Bounkili Diola,12.66694,-15.58361,PPL,18,,0,,,1
2253522,Bounkiling,Bounkiling,13.05,-15.7,PPL,18,,6416,,,1
2253521,Bouno,Bouno,12.58778,-15.58972,PPL,18,,0,,,1
2253520,Bounsankhoba,Bounsankhoba,12.86,-12.0239,PPL,17,,0,Pulaar/Fulani,clan/family name root,1
2253518,Bountou,Bountou,14.24094,-12.22911,PPL,05,,0,,,2
6660707,Bountou,Bountou,13.26466,-11.54031,PPL,05,,0,,,2
13509359,Bountou Bolong,BountouBolong,14.11684,-16.20894,PPL,10,2250807,0,,,1
2253516,Bountou Mbar,Bountou Mbar,14.57301,-15.73285,PPL,09,,0,,,1
2596098,Bountou Ndour,Bountou Ndour,15.96639,-16.47111,PPL,14,,0,,,1
2253514,Bountou Polé,Bountou Pole,15.04199,-17.00458,PPL,07,,0,,,1
2253517,Bountoum,Bountoum,14.15,-15.51667,PPL,16,,0,,,1
2253515,Bountounko,Bountounko,13.78333,-14.08333,PPL,05,,0,,,1
2253513,Bouranol Bessoloum,Bouranol Bessoloum,12.46667,-16.01667,PPL,12,,0,,,1
2253512,Bourassik,Bourassik,12.62444,-16.74333,PPL,12,,0,,,1
13506730,Bourdigne,Bourdigne,14.66501,-16.6297,PPL,07,2244804,0,,,1
13506760,Bourding,Bourding,14.63701,-16.64028,PPL,07,2248478,0,,,1
2253511,Bourdiop,Bourdiop,14.06667,-15.46667,PPL,16,,0,,,1
2253508,Bourek,Bourek,12.71944,-16.16111,PPL,12,,0,,,1
2253507,Bouria,Bouria,12.85,-13.95,PPL,11,,0,,,2
2253649,Bouria,Bouria,14.38991,-12.28801,PPL,05,,0,,,2
2253506,Bourkadié,Bourkadie,12.46667,-16.25,PPL,12,,0,,,1
2253505,Bourlé,Bourle,14.73588,-15.49496,PPL,03,,0,,,1
13509320,Bourndou,Bourndou,14.19195,-16.03137,PPL,10,10778869,0,,,1
2571770,Bourom,Bourom,13.16294,-16.60856,PPL,12,,0,,,1
2253503,Bouroubourou,Bouroubourou,13.35398,-11.9656,PPL,05,,0,,,1
2253502,Bourouhou,Bourouhou,12.53722,-16.06917,PPL,12,,0,,,1
2253500,Bourouko,Bourouko,12.99444,-16.12861,PPL,12,,0,,,1
2253499,Bouroukounda,Bouroukounda,13.16667,-13.96667,PPL,11,,0,,,1
2253498,Bouroun,Bouroun,12.86667,-15.98333,PPL,12,,0,,,1
2253497,Bourounkouné,Bourounkoune,13.05,-15.23333,PPL,18,,0,,,1
2253510,Bouré,Boure,14.73333,-15.51667,PPL,09,,0,,,1
2253509,Bouréya,Boureya,12.46531,-11.85793,PPL,17,,0,,,1
13506518,Bousnakh Got,BousnakhGot,14.65554,-16.80902,PPL,07,2244804,0,,,1
2253485,Bousra,Bousra,14.77471,-15.8039,PPL,03,2248699,0,,,2
13554566,Bousra,Bousra,14.02998,-15.66087,PPL,16,10778870,0,,,2
2253494,Boussankili,Boussankili,13.23333,-15.55,PPL,18,,0,,,1
2253493,Boussankili Ba,Boussankili Ba,13.28333,-15.48333,PPL,18,,0,Pulaar/Fulani,clan/family name root,1
2253492,Boussimballo,Boussimballo,13.01667,-15.2,PPL,18,,0,,,1
2253491,Boussinki,Boussinki,13.08333,-15.58333,PPL,18,,0,,,1
2253484,Boussoura,Boussoura,15.03333,-16.5,PPL,07,,0,,,5
2253486,Boussoura,Boussoura,14.17603,-15.0003,PPL,16,,0,,,5
2253487,Boussoura,Boussoura,14.0,-14.58333,PPL,16,,0,,,5
2253488,Boussoura,Boussoura,13.0,-14.86667,PPL,11,,0,,,5
2253489,Boussoura,Boussoura,12.83179,-14.99163,PPL,11,,0,,,5
2253483,Boussoura Lo,Boussoura Lo,15.6062,-16.3015,PPL,13,,0,,,1
2253482,Boustane,Boustane,14.71537,-15.84199,PPL,03,,0,,,2
13507225,Boustane,Boustane,14.53978,-16.12169,PPL,09,2251492,0,,,2
13507305,Boustane Diaw,BoustaneDiaw,14.60321,-16.00156,PPL,03,2248699,0,,,2
13553446,Boustane Diaw,BoustaneDiaw,14.5555,-15.64397,PPL,09,2251492,0,,,2
13507214,Boustane Lô,BoustaneLo,14.52704,-16.10839,PPL,09,2251492,0,,,1
13552845,Boustane Mbaké,BoustaneMbake,14.64676,-15.89772,PPL,03,2248699,0,,,1
2253480,Boutdate Karanba,Boutdate Karanba,12.70389,-16.1625,PPL,12,,0,Pulaar/Fulani,clan/family name root,1
2253476,Bouteyni,Bouteyni,15.9647,-15.5376,PPL,14,,0,,,1
2253475,Bouthie,Bouthie,14.2125,-16.29644,PPL,10,,0,,,1
13658332,Boutilimit,Boutilimit,13.67641,-16.42923,PPL,09,2251792,0,,,1
2253474,Bouto,Bouto,12.86667,-16.05,PPL,12,,0,,,1
2253473,Boutogoul,Boutogoul,12.44861,-15.73083,PPL,18,,0,,,1
2253472,Boutolate,Boutolate,12.83306,-16.22167,PPL,12,,0,,,1
2253470,Boutomale,Boutomale,12.66056,-16.25389,PPL,12,,0,,,1
2253469,Boutougou Fara,Boutougou Fara,13.39714,-12.48923,PPL,05,,0,,,1
2253468,Boutoupa,Boutoupa,12.48972,-16.08778,PPL,12,,0,,,1
2253467,Boutoute,Boutoute,12.55667,-16.23389,PPL,12,,0,,,1
2253477,Boutème,Bouteme,12.64444,-16.40528,PPL,12,,0,,,1
2253479,Boutégol,Boutegol,12.70556,-16.45361,PPL,12,,0,,,1
2253466,Bouyagué,Bouyague,14.33333,-13.4,PPL,05,,0,,,1
2253465,Bouye Dia,Bouye Dia,15.3857,-15.6783,PPL,13,,0,,,1
2253463,Bouyouye,Bouyouye,12.44389,-16.74944,PPL,12,,0,,,1
2253462,Bouyti,Bouyti,16.08361,-16.1225,PPL,14,,0,,,1
2253464,Bouyèm,Bouyem,13.03177,-16.12468,PPL,12,,0,,,1
2254198,Bow,Bow,13.78843,-16.29541,PPL,09,,0,,,1
2253457,Bowdé Doudal,Bowde Doudal,16.00972,-15.67861,PPL,14,,0,,,1
2253459,Bowé,Bowe,13.81771,-16.1581,PPL,10,,0,,,1
2253455,Boya,Boya,12.8,-14.2,PPL,11,,0,,,1
2253454,Boyar Ndiodiom,BoyarNdiodiom,14.28648,-16.66315,PPL,09,,0,,,1
13514623,Boyar Tok,BoyarTok,14.29309,-16.66849,PPL,09,7670866,0,,,1
2253762,Boybérol,Boyberol,15.8002,-15.432,PPL,13,,0,,,2
6917499,Boybérol,Boyberol,15.8201,-15.4449,PPL,13,,0,,,2
2253452,Boye Ngamb,BoyeNgamb,14.43526,-15.614,PPL,16,,0,,,1
2253451,Boyo,Boyo,15.686,-15.9373,PPL,13,,0,,,1
2596078,Boyo Seki,Boyo Seki,15.81667,-16.32,PPL,13,,0,,,1
2253450,Boyti,Boyti,16.01944,-16.29639,PPL,14,,0,,,1
13505570,Boyé Deux,BoyeDeux,14.96401,-16.24136,PPL,03,2252312,0,,,1
2253453,Boyé Un,BoyeUn,14.96198,-16.22318,PPL,07,,0,,,1
2253449,Bransan,Bransan,13.26037,-12.10528,PPL,17,,0,,,1
2253448,Brar,Brar,15.9977,-15.972,PPL,13,,0,,,1
2253447,Brikama,Brikama,12.56389,-15.84222,PPL,18,,0,,,1
2253446,Brikamandine,Brikamandine,13.01667,-16.45,PPL,12,,0,,,1
2253445,Brin,Brin,12.53306,-16.35611,PPL,12,,0,,,1
2253443,Brindiago,Brindiago,13.03622,-16.27637,PPL,12,,0,,,1
2253442,Brosso,Brosso,12.95306,-15.79611,PPL,18,,0,,,1
2595713,Builders,Builders,14.74596,-17.44177,PPLX,01,,0,,,1
13506983,Bâk,Bak,14.53692,-16.34055,PPL,09,7670866,0,,,1
2254430,Bâko,Bako,13.99699,-15.25447,PPL,16,,0,,,1
2254425,Bâko Dior,BakoDior,14.55554,-16.28753,PPL,09,,0,,,1
13507041,Bâko Mboye Tol,BakoMboyeTol,14.57263,-16.28561,PPL,09,7670866,0,,,1
2253971,Bèlkoum,Belkoum,15.997,-14.5339,PPL,14,,0,,,1
2595732,Bène Tali,Bene Tali,14.71417,-17.45,PPLX,01,,0,,,1
2253917,Bèye Madji,Beye Madji,15.8431,-14.3753,PPL,14,,0,,,1
2254066,Bédé,Bede,15.9755,-15.356,PPL,13,,0,,,1
2254065,Bédétiolé,Bedetiole,12.45,-15.75,PPL,18,,0,,,1
2254062,Bégaye Ardo,Begaye Ardo,15.9,-16.18333,PPL,13,,0,,,1
2254061,Bégaye Samb,Begaye Samb,15.91667,-16.21667,PPL,13,,0,,,1
2254060,Bégne Pinda,Begne Pinda,15.53333,-16.56667,PPL,13,,0,,,1
2254059,Béguel,Beguel,15.18333,-16.46667,PPL,07,,0,,,1
13554684,Bélal,Belal,14.11617,-15.23713,PPL,16,10778871,0,,,1
2254048,Bélal Soumaïla,Belal Soumaila,13.23333,-14.66667,PPL,11,,0,,,1
2254047,Bélan,Belan,12.56194,-15.48167,PPL,18,,0,,,1
2254046,Bélaye,Belaye,12.90194,-16.39639,PPL,12,,0,,,1
2253969,Béldjimbara,Beldjimbara,14.1044,-12.36657,PPL,05,,0,,,1
2253395,Bélel,Belel,14.73472,-15.56114,PPL,03,,0,,,3
2254042,Bélel,Belel,15.18333,-13.75,PPL,15,,0,,,3
2254043,Bélel,Belel,14.05,-14.56667,PPL,05,,0,,,3
2254040,Bélel Babo,Belel Babo,14.13333,-14.7,PPL,16,,0,,,1
2254039,Bélel Bandia,Belel Bandia,15.4525,-15.4005,PPL,13,,0,,,1
6917495,Bélel Baouami,Belel Baouami,15.9243,-15.3237,PPL,13,,0,,,1
2254037,Bélel Baoudé,Belel Baoude,15.8345,-15.236,PPL,13,,0,,,1
6607235,Bélel Bobori,Belel Bobori,16.10923,-14.08027,PPL,14,,0,,,1
2254032,Bélel Boulbi,Belel Boulbi,15.9423,-15.3534,PPL,13,,0,,,1
2254035,Bélel Béloki,Belel Beloki,15.5116,-15.3575,PPL,13,,0,,,1
2254029,Bélel Davo,Belel Davo,16.30219,-14.96776,PPL,14,,0,,,1
2254027,Bélel Diamala,Belel Diamala,14.5,-14.48333,PPL,05,,0,,,1
2254025,Bélel Doba,Belel Doba,15.8479,-15.4718,PPL,13,,0,Pulaar/Fulani,clan/family name root,2
6917497,Bélel Doba,Belel Doba,15.8659,-15.479,PPL,13,,0,Pulaar/Fulani,clan/family name root,2
2254024,Bélel Doulo,Belel Doulo,15.8864,-15.3663,PPL,13,,0,,,1
13551552,Bélel Fal,BelelFal,14.97204,-15.54475,PPL,13,2249283,0,,,1
2254023,Bélel Fando,Belel Fando,15.3672,-15.9754,PPL,13,,0,,,1
2254019,Bélel Goloki,Belel Goloki,15.347,-15.97864,PPL,13,,0,,,1
2254016,Bélel Mbodi,Belel Mbodi,15.8757,-14.2271,PPL,14,,0,,,1
2254014,Bélel Namari,Belel Namari,15.7818,-15.8224,PPL,13,,0,,,1
13554100,Bélel Ndindogui,BelelNdindogui,14.48528,-15.1266,PPL,16,10778871,0,,,1
2254013,Bélel Ndiobo,Belel Ndiobo,15.6166,-15.4036,PPL,13,,0,,,1
2254012,Bélel Niébi,BelelNiebi,14.9627,-15.2278,PPL,13,,0,,,1
2254011,Bélel Otondé,Belel Otonde,15.9569,-15.3446,PPL,13,,0,,,1
2254005,Bélel Sirod,Belel Sirod,15.9947,-15.2674,PPL,14,,0,,,1
2254003,Bélel Tiaski,Belel Tiaski,15.6182,-15.4783,PPL,13,,0,,,1
2254002,Bélel-Tiodo,Belel-Tiodo,15.7,-14.0955,PPL,15,,0,,,1
8464259,Béli Diallo,Beli Diallo,15.61282,-13.23057,PPL,15,,0,Pulaar/Fulani,clan/family name root,1
2253996,Béli Diori,Beli Diori,15.1239,-15.1247,PPL,13,,0,,,1
2253989,Béli Koyali,Beli Koyali,15.7381,-15.3252,PPL,13,,0,,,1
6602992,Béli-Oli,Beli-Oli,16.2665,-14.99017,PPL,14,,0,,,1
2253977,Béli-Pouri,Beli-Pouri,13.65156,-12.59891,PPL,05,,0,,,1
2253976,Béli-Tiovi,Beli-Tiovi,16.55911,-14.34252,PPL,14,,0,,,1
2253701,Béliboguel,Beliboguel,14.98573,-15.64524,PPL,13,,0,,,1
2253992,Béliguel,Beliguel,15.6121,-15.4504,PPL,13,,0,,,1
2244622,Bélikaél,Belikael,14.26427,-16.29553,PPL,10,,0,,,1
2253982,Bélimaoundé,Belimaounde,13.06667,-14.85,PPL,11,,0,,,1
2253966,Bélnaibé Mbaila,Belnaibe Mbaila,15.46799,-13.35999,PPL,15,,0,,,1
13505557,Bélèl,Belel,14.83659,-16.03161,PPL,03,2248699,0,,,1
2254028,Bélèl Diabi,Belel Diabi,14.7,-15.86667,PPL,03,,0,,,1
2254001,Bélène Boulbi,Belene Boulbi,15.734,-15.4285,PPL,13,,0,,,1
2254044,Bélé,Bele,14.53333,-14.96667,PPL,16,,0,,,3
2254045,Bélé,Bele,14.31667,-13.03333,PPL,05,,0,,,3
13554035,Bélé,Bele,14.45532,-15.94574,PPL,09,2251492,0,,,3
13509027,Bélél Gadiali,BelelGadiali,14.28921,-16.14173,PPL,10,2250807,0,,,1
2253959,Béma,Bema,14.8291,-12.4614,PPL,05,,0,,,2
2253960,Béma,Bema,12.68333,-16.38333,PPL,12,,0,,,2
2253953,Bémète Diatakounda,Bemete Diatakounda,12.70944,-16.00083,PPL,18,,0,,,1
2253952,Bémète Djimandé,Bemete Djimande,12.73333,-15.98333,PPL,18,,0,,,1
2253951,Bémète Vouti,Bemete Vouti,12.72444,-15.98583,PPL,18,,0,,,1
2595820,Béne Barak,Bene Barak,14.78159,-17.35485,PPLX,01,,0,,,1
2251413,Béne Coupe-Coupe,BeneCoupe-Coupe,14.59391,-15.73807,PPL,09,,0,,,1
2248578,Béne Wolof,BeneWolof,14.61468,-15.70383,PPL,09,,0,,,1
2571791,Bépeul,Bepeul,13.16436,-16.11677,PPL,12,,0,,,1
2253929,Bér Tialane,Ber Tialane,14.85863,-17.13907,PPL,07,,0,,,1
2253936,Bériou,Beriou,12.94833,-15.91861,PPL,18,,0,,,1
2253930,Bérola,Berola,13.23596,-11.90565,PPL,17,,0,,,1
6659138,Bérola Madina,Berola Madina,13.20174,-11.9321,PPL,17,,0,,,1
2253928,Béssiré,Bessire,12.86056,-16.43861,PPL,12,,0,,,1
2253926,Bétenti,Betenti,13.69094,-16.63032,PPL,09,,0,,,1
2253925,Béthio,Bethio,15.4677,-15.3138,PPL,13,,0,,,1
2253922,Bétiou,Betiou,16.36572,-14.21615,PPL,14,,0,,,1
2253924,Bétéou,Beteou,14.48333,-15.88333,PPL,09,,0,,,1
2253916,Bézel,Bezel,13.11667,-14.1,PPL,11,,0,,,1
2254064,Béél,Beel,15.75,-13.75,PPL,15,,0,,,1
2254063,Bééla,Beela,15.83333,-13.71667,PPL,15,,0,,,1
2595503,Bôkhogne,Bokhogne,14.68511,-17.09717,PPLX,07,,0,,,1
2595441,B’oub’ab,B'oub'ab,14.56917,-17.05413,PPL,07,,0,,,1
2595439,B’oundoun,B'oundoun,14.57271,-17.05807,PPL,07,,0,,,1
2595461,B’oungap,B'oungap,14.614,-17.10438,PPL,07,,0,,,1
2595499,B’ounounga,B'ounounga,14.67989,-17.10394,PPLX,07,,0,,,1
2253441,Cambérène,Camberene,14.76594,-17.43017,PPL,01,,0,,,1
13554416,Campement,Campement,14.06977,-15.96369,PPL,10,2250807,0,,,1
2249478,Campement Ibou Dramé,CampementIbouDrame,14.06653,-16.08859,PPL,10,,0,,,1
2253439,Campements Peuls,Campements Peuls,15.00464,-17.05173,PPL,07,,0,,,1
6917745,Campt de l’Éland,Campt de l'Eland,12.7547,-12.6411,PPL,17,,0,,,1
7302183,Cap Skirring,Cap Skirring,12.35011,-16.71707,PPL,12,,1822,,,1
6648018,Carrefour,Carrefour,14.86892,-12.49438,PPL,05,,0,,,1
2595715,Castors,Castors,14.72639,-17.44861,PPLX,01,,0,,,1
2595757,Central Dakar,Central Dakar,14.67167,-17.43722,PPLX,01,,0,,,1
2595728,Cerf-Volant,Cerf-Volant,14.70139,-17.45111,PPLX,01,,0,,,1
2253426,Chirif,Chirif,14.46667,-16.83333,PPL,07,,0,,,1
2253428,Chérif,Cherif,15.61667,-16.4,PPL,13,,0,,,2
2253429,Chérif,Cherif,15.28333,-16.58333,PPL,13,,0,,,2
13504604,Chérif Al,CherifAl,14.87903,-16.75638,PPL,07,2244388,0,,,1
2253427,Chérif Lô,CherifLo,14.89343,-16.85356,PPL,07,,0,,,1
2250439,Chérif Moulaye,CherifMoulaye,14.91371,-16.73566,PPL,07,,0,,,1
11002871,Cite Avion,Cite Avion,14.72144,-17.48472,PPL,01,7732977,0,,,1
11497859,Cite Barry & Ly,Cite Barry & Ly,14.78011,-17.39947,PPL,01,,0,,,1
11205635,Cité CSE,Cite CSE,14.7316,-17.46532,PPLX,01,,0,,,1
2595716,Cité Compagnie des Eaux,Cite Compagnie des Eaux,14.72667,-17.44333,PPLX,01,,0,,,1
11238844,Cité Lamy,Cite Lamy,14.775,-16.929,PPLX,07,,0,,,1
11257150,Cité Pépinière,Cite Pepiniere,14.75987,-17.38845,PPLX,01,,0,,,1
2595726,Cité de la Douane,Cite de la Douane,14.70222,-17.44556,PPLX,01,,0,,,1
2595727,Cité du Port de Commerce,Cite du Port de Commerce,14.70222,-17.4475,PPLX,01,,0,,,1
13551158,Colinabé,Colinabe,14.85696,-15.99675,PPL,03,2248699,0,,,1
2249758,Colobane,Colobane,14.69466,-17.4468,PPLX,01,,0,,,3
2249760,Colobane,Colobane,14.64411,-15.70759,PPL,09,,0,,,3
13508994,Colobane,Colobane,14.30296,-16.08449,PPL,10,10778869,0,,,3
2249759,Colobane Tiombane,ColobaneTiombane,14.88075,-16.94486,PPL,07,,0,,,1
2595994,Corniche,Corniche,16.03361,-16.49111,PPLX,14,,0,,,1
2253423,Coupé,Coupe,13.91667,-15.85,PPL,10,,0,,,1
2253419,Daba Mamadou,Daba Mamadou,13.15,-14.31667,PPL,11,,0,,,1
2253421,Dabala,Dabala,13.37124,-12.87588,PPL,05,,0,,,1
2253420,Dabali,Dabali,13.75,-15.68333,PPL,10,,0,,,1
2253418,Dabane Guéladio,DabaneGueladio,14.05107,-16.10746,PPL,10,,0,,,1
2253417,Dabane Wolof,DabaneWolof,14.04155,-16.0995,PPL,10,,0,,,1
2253414,Dabaye,Dabaye,15.71667,-16.28333,PPL,13,,0,,,2
2253415,Dabaye,Dabaye,15.65,-16.5,PPL,13,,0,,,2
2253412,Dabel,Dabel,15.5442,-15.8856,PPL,13,,0,,,2
2253413,Dabel,Dabel,15.1736,-15.9704,PPL,13,,0,,,2
2253072,Dabi,Dabi,14.95889,-12.55543,PPL,05,,0,,,1
13552827,Dabi Ngama,DabiNgama,14.51504,-15.7629,PPL,09,2251492,0,,,1
2253409,Dabia,Dabia,15.91684,-13.51508,PPL,15,,0,,,1
2253408,Dabo,Dabo,12.88333,-14.48333,PPL,11,,6069,,,1
2253410,Dabènel,Dabenel,15.3557,-15.8092,PPL,13,,0,,,1
2253411,Dabél Bara,DabelBara,14.64992,-16.17233,PPL,03,,0,,,1
2254589,Dabél Fera,DabelFera,14.68271,-15.91305,PPL,03,,0,,,1
13506754,Dadak,Dadak,14.69183,-16.57179,PPL,03,2254315,0,,,1
2253405,Dadi Daoudé,Dadi Daoude,14.81667,-14.53333,PPL,13,,0,,,1
2253403,Dadj,Dadj,15.5,-16.21667,PPL,13,,0,,,2
2253404,Dadj,Dadj,14.86667,-15.8,PPL,03,,0,,,2
2253402,Dado,Dado,16.59864,-15.00062,PPL,14,,0,,,1
13504718,Dadèl,Dadel,14.75767,-16.61124,PPL,07,2244804,0,,,1
2253092,Dadél,Dadel,14.57787,-16.45184,PPL,09,,0,,,1
2253400,Daf,Daf,15.01667,-16.85,PPL,07,,0,,,2
13504777,Daf,Daf,14.8676,-16.61994,PPL,03,2254315,0,,,2
2253399,Dafar,Dafar,13.8,-15.86667,PPL,10,,0,,,1
2253398,Dafinia,Dafinia,12.55,-15.41667,PPL,11,,0,,,1
2253391,Daga,Daga,15.5502,-15.4873,PPL,13,,0,,,6
2253392,Daga,Daga,14.94934,-16.97815,PPL,07,,0,,,6
2253394,Daga,Daga,14.72039,-16.3255,PPL,03,,0,,,6
2253396,Daga,Daga,14.6368,-17.13174,PPL,07,,0,,,6
2253397,Daga,Daga,13.78333,-15.73333,PPL,10,,0,,,6
6917504,Daga,Daga,15.5608,-15.4811,PPL,13,,0,,,6
2253390,Daga Ali Bouri,Daga Ali Bouri,13.68333,-15.8,PPL,10,,0,,,1
13658009,Daga Babou,Daga Babou,13.75754,-16.4454,PPL,09,2251792,0,,,1
13658189,Daga Bani Ndramé,Daga Bani Ndrame,13.77874,-16.03189,PPL,10,2247158,0,,,1
2253388,Daga Bani Wadène,Daga Bani Wadene,13.80387,-16.03156,PPL,10,,0,,,1
13658184,Daga Biram Deux,Daga Biram Deux,13.91078,-16.21299,PPL,09,2251792,0,,,1
13658196,Daga Biram Un,Daga Biram Un,13.91169,-16.19058,PPL,10,2250807,0,,,1
13554447,Daga Bokhi,DagaBokhi,14.15281,-15.99703,PPL,10,10778869,0,,,1
13657999,Daga Béra,Daga Bera,13.82846,-16.38145,PPL,09,2251792,0,,,1
2253385,Daga Daour,DagaDaour,14.15002,-15.92114,PPL,10,,0,,,1
13554412,Daga Diakhaté,DagaDiakhate,14.12558,-15.93287,PPL,10,10778869,0,,,1
2253384,Daga Diala,Daga Diala,14.08333,-16.01667,PPL,10,,0,,,1
13658021,Daga Diawdine,Daga Diawdine,13.86211,-16.35111,PPL,09,2251792,0,,,1
2253382,Daga Diouf,Daga Diouf,14.75487,-15.99532,PPL,03,,0,,,1
2253383,Daga Diéri Birane,Daga Dieri Birane,15.3992,-15.3577,PPL,13,,0,,,1
13658125,Daga Diéri Sérèr,Daga Dieri Serer,13.93658,-16.2356,PPL,09,2251792,0,,,1
2253378,Daga Guirène,Daga Guirene,14.18333,-15.96667,PPL,09,,0,,,1
13554405,Daga Mignane,DagaMignane,14.13001,-15.91795,PPL,10,10778869,0,,,1
13505554,Daga Ndiaye,DagaNdiaye,14.75828,-16.01012,PPL,03,2248699,0,,,1
2253372,Daga Ndoup,Daga Ndoup,13.6791,-16.35056,PPL,09,,0,,,1
2253370,Daga Sambaré,DagaSambare,14.25647,-16.10692,PPL,10,,0,,,1
2253371,Daga Sambou,Daga Sambou,13.92579,-16.09191,PPL,10,,0,,,1
2253369,Daga Sangâye,DagaSangaye,14.0517,-16.17246,PPL,10,,0,,,1
2253368,Daga Soukoum,DagaSoukoum,14.03452,-16.37205,PPL,09,,0,,,1
13509031,Daga Sérèr,DagaSerer,14.2663,-16.11976,PPL,10,10778869,0,,,1
2253367,Daga Youndoum,DagaYoundoum,14.00509,-15.91645,PPL,10,,0,,,1
2253389,Dagaballa,Dagaballa,13.95,-15.61667,PPL,16,,0,,,1
2253387,Dagabiram,Dagabiram,13.95,-15.58333,PPL,16,,0,,,1
2253380,Dagagne,Dagagne,14.43333,-15.96667,PPL,09,,0,,,1
2253375,Dagana,Dagana,16.47667,-15.6,PPL,14,,21750,,,1
2253373,Daganabé,Daganabe,15.576,-15.1333,PPL,13,,0,,,2
2253374,Daganabé,Daganabe,14.76075,-15.83273,PPL,03,2248699,0,,,2
2253379,Dagaye Gouye,DagayeGouye,14.04625,-15.43459,PPL,16,,0,,,1
13554546,Dagaye Ndéné,DagayeNdene,14.08945,-15.64862,PPL,16,10778870,0,,,1
2253377,Dagaït,Dagait,15.61667,-16.25,PPL,13,,0,,,1
2253365,Dagne,Dagne,15.1948,-15.5078,PPL,13,,0,,,1
2253364,Dagoudane,Dagoudane,14.7543,-17.39599,PPL,01,,0,,,1
2253363,Daguel Marou,Daguel Marou,13.03333,-14.06667,PPL,11,,0,,,1
6648011,Daharatou,Daharatou,14.59997,-12.30483,PPL,05,,0,,,1
2253361,Dahu,Dahu,15.5381,-14.7429,PPL,13,,0,,,1
2253359,Dak,Dak,14.28559,-16.62527,PPL,09,,0,,,1
2253358,Dakaba,Dakaba,14.09484,-12.58468,PPL,05,,0,Pulaar/Fulani,clan/family name root,1
2253357,Dakabantang,Dakabantang,12.61667,-15.75,PPL,18,,0,,,1
2253345,Dakadougal,Dakadougal,13.89208,-12.88696,PPL,05,,0,,,1
2253356,Dakan,Dakan,14.56667,-14.41667,PPL,05,,0,,,1
2253354,Dakar,Dakar,14.6937,-17.44406,PPLC,01,,2646503,,,2
13509045,Dakar,Dakar,14.28455,-15.99883,PPL,10,10778869,0,,,2
13507290,Dakar Mbayar,DakarMbayar,14.68149,-16.07512,PPL,03,2252312,0,,,1
2253349,Dakar-Bango,Dakar-Bango,16.06105,-16.4607,PPL,14,,0,,,1
2595760,Dakar-Marine,Dakar-Marine,14.68472,-17.43556,PPLX,01,,0,,,1
2253347,Dakatéli,Dakateli,12.4574,-12.6469,PPL,17,,0,,,1
2253346,Dakha Diagne,Dakha Diagne,15.7,-16.2,PPL,13,,0,,,1
2253348,Dakhar Dothie,DakharDothie,14.94656,-16.73486,PPL,07,,0,,,1
2253344,Dakhma,Dakhma,15.23333,-16.53333,PPL,07,,0,,,1
13504554,Dal Diamm,DalDiamm,14.86716,-16.80636,PPL,07,2244804,0,,,1
2253341,Dala,Dala,15.5838,-15.2028,PPL,13,,0,,,1
2253342,Dala Ngabou,DalaNgabou,14.76787,-16.01154,PPL,03,,0,,,1
2253338,Dalaba,Dalaba,13.33161,-11.77763,PPL,05,,0,Pulaar/Fulani,clan/family name root,3
2253339,Dalaba,Dalaba,12.83333,-14.08333,PPL,11,,0,Pulaar/Fulani,clan/family name root,3
2253340,Dalaba,Dalaba,12.75,-13.28333,PPL,05,,0,Pulaar/Fulani,clan/family name root,3
2253337,Dalafi,Dalafi,13.6591,-12.40124,PPL,05,,0,,,1
2253336,Dalafing,Dalafing,12.85943,-11.68782,PPL,17,,0,,,1
2253334,Dalaoulé,Dalaoule,13.91976,-11.95338,PPL,05,,0,,,2
2253335,Dalaoulé,Dalaoule,12.48333,-12.01667,PPL,17,,0,,,2
2253333,Dalar,Dalar,15.23333,-16.15,PPL,13,,0,,,1
2595764,Dalifor,Dalifor,14.74203,-17.42026,PPL,01,,0,,,1
10300611,Dalifort,Dalifort,14.741,-17.409,PPL,01,7732979,0,,,1
2253331,Daloto,Daloto,13.18787,-11.71101,PPL,17,,0,,,1
2249336,Dam,Dam,14.47682,-16.47062,PPL,09,,0,,,2
2253329,Dam,Dam,14.78333,-15.63333,PPL,09,,0,,,2
2253320,Dam Dabaye,Dam Dabaye,14.9,-16.0,PPL,03,,0,,,1
2253319,Dam Diop,Dam Diop,14.91667,-15.95,PPL,03,,0,,,1
2253327,Damadji,Damadji,14.43333,-14.8,PPL,16,,0,,,1
2253328,Damadé,Damade,13.05,-13.78333,PPL,11,,0,,,1
2253324,Damantan,Damantan,13.0,-13.4,PPL,05,,0,,,1
2253322,Damaradji,Damaradji,14.73333,-14.8,PPL,13,,0,,,1
2253321,Damba,Damba,13.9,-13.86667,PPL,05,,0,Pulaar/Fulani,clan/family name root,1
2252160,Dambol,Dambol,14.27592,-15.53701,PPL,16,,0,,,1
2253291,Dan Tiadi,Dan Tiadi,14.58333,-14.98333,PPL,16,,0,,,1
2253310,Dandialat,Dandialat,12.71056,-16.35444,PPL,12,,0,,,1
2253309,Dandone,Dandone,12.87472,-15.85028,PPL,18,,0,,,1
2253308,Dandou,Dandou,12.73333,-14.8,PPL,11,,0,,,1
13658815,Dandoune,Dandoune,13.04042,-16.11813,PPL,12,2253903,0,,,1
2253311,Dandé,Dande,12.36667,-12.48333,PPL,05,,0,,,2
2253312,Dandé,Dande,12.3621,-12.3265,PPL,17,,0,,,2
13507470,Dang,Dang,14.42082,-16.53861,PPL,09,7670866,0,,,1
13554419,Dangara,Dangara,14.13093,-15.92475,PPL,10,10778869,0,,,1
2595801,Dangou,Dangou,14.71998,-17.27012,PPLX,01,,0,,,1
2253299,Dangourou,Dangourou,15.51667,-16.3,PPL,13,,0,,,1
2253298,Daniète,Daniete,12.85833,-15.10111,PPL,11,,0,,,1
2253295,Dank,Dank,15.31667,-16.21667,PPL,13,,0,,,1
2253296,Dankh Sène,DankhSene,14.83923,-16.14376,PPL,03,,0,,,1
2253297,Danki,Danki,14.74294,-15.67772,PPL,03,,0,,,1
2253293,Danko,Danko,15.61667,-16.16667,PPL,13,,0,,,1
13657987,Dantakhoun,Dantakhoun,13.84639,-16.33127,PPL,09,2251792,0,,,1
2253290,Dantiadi,Dantiadi,14.76667,-14.36667,PPL,13,,0,,,1
2253016,Dantiady,Dantiady,15.5285,-13.39838,PPL,15,,0,,,1
13553597,Dantiali,Dantiali,14.72436,-15.30274,PPL,13,2249283,0,,,2
13553604,Dantiali,Dantiali,14.59435,-15.01719,PPL,16,10778872,0,,,2
6657760,Dantilia,Dantilia,12.87925,-11.79642,PPL,17,,0,,,1
2253307,Dané,Dane,13.8,-14.15,PPL,05,,0,,,1
2253306,Danédji,Danedji,14.89606,-15.11904,PPL,13,,0,,,1
2253289,Dao,Dao,15.66667,-16.55,PPL,13,,0,,,1
2253288,Daog,Daog,15.46667,-16.03333,PPL,13,,0,,,1
2253287,Daorala,Daorala,13.07924,-11.51315,PPL,17,,0,,,1
2253286,Daouakh Sourang,Daouakh Sourang,15.08333,-16.51667,PPL,07,,0,,,1
2253284,Daoudi,Daoudi,14.13333,-13.96667,PPL,05,,0,,,1
13507352,Daptior,Daptior,14.4733,-16.75995,PPL,07,2248478,0,,,1
2253104,Dar Salam,Dar Salam,16.58333,-15.15,PPL,14,,0,Wolof/Arabic,"Dar = ""house/place"" (Arabic-influenced)",7
2253106,Dar Salam,Dar Salam,13.25,-13.2,PPL,05,,0,Wolof/Arabic,"Dar = ""house/place"" (Arabic-influenced)",7
2253109,Dar Salam,Dar Salam,12.90889,-15.59278,PPL,18,,0,Wolof/Arabic,"Dar = ""house/place"" (Arabic-influenced)",7
2253110,Dar Salam,Dar Salam,12.71056,-15.19528,PPL,18,,0,Wolof/Arabic,"Dar = ""house/place"" (Arabic-influenced)",7
2253111,Dar Salam,Dar Salam,12.6307,-12.7884,PPL,17,,0,Wolof/Arabic,"Dar = ""house/place"" (Arabic-influenced)",7
2253112,Dar Salam,Dar Salam,12.55106,-11.67065,PPL,17,,0,Wolof/Arabic,"Dar = ""house/place"" (Arabic-influenced)",7
6611629,Dar Salam,Dar Salam,15.05028,-12.72833,PPL,15,,0,Wolof/Arabic,"Dar = ""house/place"" (Arabic-influenced)",7
2253102,Dar Salam Kamberto,Dar Salam Kamberto,12.8,-14.93333,PPL,11,,0,Wolof/Arabic,"Dar = ""house/place"" (Arabic-influenced)",1
2253107,Dar Silam Chérif,Dar Silam Cherif,13.07831,-16.53723,PPL,12,,0,Wolof/Arabic,"Dar = ""house/place"" (Arabic-influenced)",1
2253097,Dar Silamé,Dar Silame,12.89472,-15.43111,PPL,18,,0,Wolof/Arabic,"Dar = ""house/place"" (Arabic-influenced)",1
2253258,Dar el Salam,Dar el Salam,13.71667,-13.58333,PPL,05,,0,Wolof/Arabic,"Dar = ""house/place"" (Arabic-influenced)",3
2253259,Dar el Salam,Dar el Salam,13.25,-13.2,PPL,05,,0,Wolof/Arabic,"Dar = ""house/place"" (Arabic-influenced)",3
2253260,Dar el Salam,Dar el Salam,13.13333,-13.51667,PPL,05,,0,Wolof/Arabic,"Dar = ""house/place"" (Arabic-influenced)",3
2253277,Dara,Dara,15.34844,-15.47993,PPL,13,,45530,,,6
2253280,Dara,Dara,14.56667,-16.68333,PPL,07,,0,,,6
2253281,Dara,Dara,14.5,-15.71667,PPL,10,,0,,,6
13505382,Dara,Dara,14.96411,-16.3269,PPL,03,2252312,0,,,6
13506515,Dara,Dara,14.61369,-16.78771,PPL,07,2244804,0,,,6
13551631,Dara,Dara,14.78371,-15.44436,PPL,03,2248699,0,,,6
2253275,Dara Andal,Dara Andal,15.4084,-16.5284,PPL,13,,0,,,1
13553469,Dara Darou Marnane,DaraDarouMarnane,14.55183,-15.5873,PPL,09,2251492,0,,,1
13553473,Dara Darou Minam,DaraDarouMinam,14.56191,-15.54895,PPL,09,2251492,0,,,1
13553606,Dara Darou Mousti,DaraDarouMousti,14.64497,-15.41167,PPL,16,10778871,0,,,1
13553461,Dara Darou Rahmane,DaraDarouRahmane,14.6573,-15.52929,PPL,03,2248699,0,,,1
13553620,Dara Darou Salam,DaraDarouSalam,14.54701,-15.47249,PPL,16,2251008,0,,,1
2253282,Dara Diaké,DaraDiake,14.32092,-15.7143,PPL,10,,0,,,1
13553452,Dara Dianatoul Mahwa,DaraDianatoulMahwa,14.69203,-15.51059,PPL,03,2248699,0,,,1
2253274,Dara Diébo,Dara Diebo,14.91667,-16.0,PPL,03,,0,,,1
2253273,Dara Halaïbé,Dara Halaibe,16.62777,-14.4077,PPL,14,,0,,,1
13553464,Dara Halimoul Kabir,DaraHalimoulKabir,14.52479,-15.54908,PPL,16,2251008,0,,,1
13553627,Dara Housmoul Mahab,DaraHousmoulMahab,14.595,-15.44107,PPL,16,10778871,0,,,1
2253279,Dara Kalom,DaraKalom,14.69083,-16.40709,PPL,03,,0,,,1
2253270,Dara Matar Diop,DaraMatarDiop,14.98561,-15.91736,PPL,13,,0,,,1
2253276,Dara Ndiakhou,Dara Ndiakhou,15.517,-16.3139,PPL,13,,0,,,1
2253269,Dara Nimane,Dara Nimane,14.83333,-15.68333,PPL,09,,0,,,1
13553470,Dara Oumoul Khoura,DaraOumoulKhoura,14.50211,-15.50228,PPL,16,2251008,0,,,1
13554018,Dara Salam Nyipguel,DaraSalamNyipguel,14.47557,-15.9555,PPL,09,2251492,0,,,1
2253268,Dara Ser Mbaké,Dara Ser Mbake,14.98333,-15.9,PPL,03,,0,,,1
13552826,Dara Serigne Saliou,DaraSerigneSaliou,14.63872,-15.97845,PPL,03,2248699,0,,,1
2253267,Dara Sidy,DaraSidy,14.53208,-15.87721,PPL,09,,0,,,1
2253266,Dara Sine,Dara Sine,14.88333,-15.98333,PPL,03,,0,,,1
13551955,Dara Sérigne Diéli,DaraSerigneDieli,14.88673,-15.14338,PPL,13,2249283,0,,,1
13554065,Dara Taïba,DaraTaiba,14.46605,-15.54684,PPL,16,2251008,0,Pulaar/Fulani,clan/family name root,1
13553621,Dara Touba Bélel,DaraToubaBelel,14.66859,-15.45189,PPL,16,10778871,0,,,1
13553474,Dara Touba Khelcom,DaraToubaKhelcom,14.57334,-15.51351,PPL,09,2251492,0,,,1
13551151,Dara Wakhaïb,DaraWakhaib,14.75527,-15.8903,PPL,03,2248699,0,,,1
2253263,Dara Yeral,Dara Yeral,15.28333,-16.2,PPL,13,,0,,,1
2595874,Daradji,Daradji,14.78145,-17.17112,PPL,01,,0,,,2
13505452,Daradji,Daradji,14.91,-16.43075,PPL,03,2254315,0,,,2
13505422,Daraye Sandaga,DarayeSandaga,14.86802,-16.43609,PPL,03,2254315,0,,,1
2253208,Darhar Mbaye,DarharMbaye,14.73496,-16.95367,PPL,07,,0,,,1
2253254,Darni,Darni,15.3679,-15.1664,PPL,13,,0,,,1
2253252,Daro,Daro,13.96667,-15.15,PPL,16,,0,,,2
2253253,Daro,Daro,13.75,-15.21667,PPL,10,,0,,,2
2253251,Daro Koudous,Daro Koudous,13.85,-15.75,PPL,10,,0,,,1
2253250,Daro Marnane,Daro Marnane,13.83333,-15.46667,PPL,16,,0,,,1
2253248,Daro Salam,Daro Salam,13.78333,-15.75,PPL,10,,0,,,1
2253231,Darou,Darou,16.49278,-15.82556,PPL,14,,0,,,17
2253232,Darou,Darou,15.8551,-15.9526,PPL,13,,0,,,17
2253233,Darou,Darou,15.66667,-16.46667,PPL,13,,0,,,17
2253234,Darou,Darou,15.3,-16.33333,PPL,07,,0,,,17
2253235,Darou,Darou,15.15,-16.31667,PPL,07,,0,,,17
2253236,Darou,Darou,15.05,-16.68333,PPL,07,,0,,,17
2253237,Darou,Darou,14.93333,-16.05,PPL,03,,0,,,17
2253240,Darou,Darou,14.76667,-16.45,PPL,03,,0,,,17
2253241,Darou,Darou,14.57424,-16.40994,PPL,09,,0,,,17
2253242,Darou,Darou,14.61667,-16.26667,PPL,03,,0,,,17
2253243,Darou,Darou,14.3,-16.01667,PPL,09,,0,,,17
2253244,Darou,Darou,14.0,-14.76667,PPL,16,,0,,,17
2253245,Darou,Darou,13.61667,-15.48333,PPL,10,,0,,,17
2253246,Darou,Darou,13.28333,-14.56667,PPL,11,,0,,,17
2253247,Darou,Darou,13.06667,-14.18333,PPL,11,,0,,,17
2595995,Darou,Darou,16.03111,-16.48667,PPLX,14,,0,,,17
13658029,Darou,Darou,13.89864,-16.47688,PPL,09,2251792,0,,,17
2253229,Darou Alem,Darou Alem,15.15,-16.81667,PPL,07,,0,,,1
2253228,Darou Alfa,Darou Alfa,14.95,-17.0,PPL,07,,0,,,1
2253227,Darou Badèm,Darou Badem,14.75,-16.03333,PPL,03,,0,,,1
2253225,Darou Bak,Darou Bak,14.27237,-16.04497,PPL,10,,0,,,1
13504683,Darou Bakhoum,DarouBakhoum,14.9802,-16.52817,PPL,03,2254315,0,,,1
2253222,Darou Battel,Darou Battel,15.23333,-16.2,PPL,13,,0,,,1
2595958,Darou Bayakh Silla,Darou Bayakh Silla,14.84421,-17.13858,PPL,07,,0,,,1
2253226,Darou Baïla,Darou Baila,13.9,-15.8,PPL,10,,0,,,2
13551554,Darou Baïla,DarouBaila,14.84267,-15.6815,PPL,03,2248699,0,,,2
13553465,Darou Baïlé,DarouBaile,14.53991,-15.64495,PPL,09,2251492,0,,,1
13553475,Darou Baïré,DarouBaire,14.56915,-15.70423,PPL,09,2251492,0,,,1
2253221,Darou Beul,Darou Beul,15.15,-16.28333,PPL,07,,0,,,1
2253220,Darou Bil,Darou Bil,14.40051,-16.01612,PPL,09,,0,,,1
13551560,Darou Bogo,DarouBogo,14.9346,-15.64253,PPL,13,2249283,0,,,1
2253219,Darou Dem Lène,Darou Dem Lene,14.16667,-14.75,PPL,16,,0,,,1
2253216,Darou Dia,Darou Dia,15.28333,-16.63333,PPL,13,,0,,,3
2253217,Darou Dia,Darou Dia,15.06667,-16.9,PPL,07,,0,,,3
2253218,Darou Dia,Darou Dia,14.79172,-16.21017,PPL,03,,0,,,3
13554428,Darou Diaw,DarouDiaw,14.22681,-15.94435,PPL,10,10778869,0,,,1
13505549,Darou Dimb,DarouDimb,14.81636,-16.00459,PPL,03,2248699,0,,,1
2253209,Darou Diop,Darou Diop,15.48333,-16.46667,PPL,13,,0,,,5
2253210,Darou Diop,Darou Diop,15.0386,-16.108,PPL,13,,0,,,5
2253211,Darou Diop,Darou Diop,15.00764,-16.17088,PPL,13,,0,,,5
2253213,Darou Diop,Darou Diop,14.7,-16.1,PPL,03,,0,,,5
2253238,Darou Diop,DarouDiop,14.91873,-16.38915,PPL,03,,0,,,5
13504753,Darou Diop Deux,DarouDiopDeux,14.97054,-16.5266,PPL,03,2254315,0,,,2
13553624,Darou Diop Deux,DarouDiopDeux,14.67803,-15.30359,PPL,13,2249283,0,,,2
13505444,Darou Diop Un,DarouDiopUn,14.96464,-16.4751,PPL,03,2254315,0,,,2
13553625,Darou Diop Un,DarouDiopUn,14.67074,-15.31241,PPL,13,2249283,0,,,2
2253214,Darou Dièng,DarouDieng,14.98481,-16.29189,PPL,03,,0,,,1
2253215,Darou Diéné,DarouDiene,14.23115,-15.90504,PPL,10,,0,,,1
2246715,Darou Djadji,DarouDjadji,14.31011,-15.84425,PPL,10,,0,,,1
13554038,Darou Djaji Guéyène,DarouDjajiGueyene,14.31765,-15.85367,PPL,10,10778869,0,,,1
2253203,Darou Fal,Darou Fal,15.56667,-16.46667,PPL,13,,0,,,7
2253204,Darou Fal,Darou Fal,15.55,-16.38333,PPL,13,,0,,,7
2253205,Darou Fal,Darou Fal,15.25,-16.78333,PPL,07,,0,,,7
2253206,Darou Fal,Darou Fal,15.21667,-16.5,PPL,07,,0,,,7
2253207,Darou Fal,Darou Fal,15.06667,-16.93333,PPL,07,,0,,,7
13505411,Darou Fal,DarouFal,14.98071,-16.47248,PPL,03,2254315,0,,,7
13554432,Darou Fal,DarouFal,14.21177,-15.96971,PPL,10,10778869,0,,,7
2251561,Darou Fal Godio,DarouFalGodio,14.86297,-15.95943,PPL,03,,0,,,1
2253201,Darou Gaye,Darou Gaye,15.03333,-16.56667,PPL,07,,0,,,2
2253202,Darou Gaye,Darou Gaye,15.0109,-16.5885,PPL,07,,0,,,2
13505364,Darou Gouye Mbam,DarouGouyeMbam,14.83205,-16.45267,PPL,03,2254315,0,,,1
2253200,Darou Guèye,Darou Gueye,15.2,-16.31667,PPL,07,,0,,,2
13508990,Darou Guèye,DarouGueye,14.4497,-16.03529,PPL,09,2251492,0,,,2
2246965,Darou Guèye Un,DarouGueyeUn,14.62979,-15.8518,PPL,03,,0,,,1
2253199,Darou Hidjiratou,Darou Hidjiratou,13.03333,-13.86667,PPL,11,,0,,,1
2248215,Darou Ibrahima Sagnane,Darou Ibrahima Sagnane,13.75172,-16.33885,PPL,09,,0,,,1
2253198,Darou Kadène,Darou Kadene,14.91667,-15.9,PPL,03,,0,,,1
2253141,Darou Kafat,DarouKafat,14.14606,-14.96066,PPL,16,,0,,,1
13553607,Darou Kanène,DarouKanene,14.52144,-15.25197,PPL,16,10778871,0,,,1
2253196,Darou Karim,Darou Karim,14.92625,-15.90792,PPL,03,,0,,,2
13554097,Darou Karim,DarouKarim,14.4755,-15.19794,PPL,16,10778871,0,,,2
13554551,Darou Kayi,DarouKayi,14.1575,-15.54059,PPL,16,2251008,0,,,1
2249705,Darou Keur Mamour Khorédia,Darou Keur Mamour Khoredia,13.88628,-16.23116,PPL,09,,0,,,1
2253197,Darou Khadim,DarouKhadim,14.92476,-15.88501,PPL,03,,0,,,2
13505576,Darou Khadim,DarouKhadim,14.9107,-16.10693,PPL,03,2252312,0,,,2
13505530,Darou Khafor,DarouKhafor,14.76369,-16.02955,PPL,03,2248699,0,,,1
13505535,Darou Khakham,DarouKhakham,15.00028,-16.19266,PPL,07,2244388,0,,,1
2253194,Darou Khara,Darou Khara,15.5,-16.36667,PPL,13,,0,,,1
2253193,Darou Khoudos,Darou Khoudos,15.107,-16.8369,PPL,07,,0,,,4
2253262,Darou Khoudos,DarouKhoudos,14.87245,-16.47632,PPL,03,,0,,,4
13505579,Darou Khoudos,DarouKhoudos,14.85213,-16.09598,PPL,03,2248699,0,,,4
13551562,Darou Khoudos,DarouKhoudos,14.96376,-15.67755,PPL,13,2249283,0,,,4
11395754,Darou Khoudoss,Darou Khoudoss,14.864,-15.877,PPL,03,,0,,,1
13553455,Darou Khoudous,DarouKhoudous,14.66241,-15.66136,PPL,09,2251492,0,,,1
2253192,Darou Koudous,Darou Koudous,13.98333,-15.9,PPL,10,,0,,,1
2253191,Darou Koutros,Darou Koutros,14.4,-14.58333,PPL,05,,0,,,1
2253195,Darou Kébé,Darou Kebe,15.41667,-16.45,PPL,13,,0,,,1
2253189,Darou Malam,Darou Malam,14.91667,-15.85,PPL,03,,0,,,1
2253188,Darou Maram Dogadé,Darou Maram Dogade,14.96667,-15.85,PPL,03,,0,,,1
2253184,Darou Marnane,Darou Marnane,15.1007,-16.1714,PPL,13,,0,,,4
2253185,Darou Marnane,Darou Marnane,14.83301,-15.89102,PPL,03,,0,,,4
2253186,Darou Marnane,Darou Marnane,14.45934,-15.87885,PPL,09,,0,,,4
2253187,Darou Marnane,Darou Marnane,13.96667,-15.88333,PPL,10,,0,,,4
2248055,Darou Matar,Darou Matar,13.69059,-16.0987,PPL,10,,0,,,1
2253183,Darou Mayaye,Darou Mayaye,14.45,-15.88333,PPL,09,,0,,,1
2253181,Darou Mbaké,Darou Mbake,14.75,-16.01667,PPL,03,,0,,,1
2253223,Darou Mbane,DarouMbane,14.33251,-15.25119,PPL,16,,0,,,1
2253175,Darou Mbaye,DarouMbaye,14.79875,-16.34633,PPL,03,,0,,,5
2253176,Darou Mbaye,Darou Mbaye,15.45,-16.03333,PPL,13,,0,,,5
2253177,Darou Mbaye,Darou Mbaye,15.28333,-16.13333,PPL,13,,0,,,5
2253178,Darou Mbaye,Darou Mbaye,15.18333,-16.66667,PPL,07,,0,,,5
2253179,Darou Mbaye,Darou Mbaye,15.1364,-15.9762,PPL,13,,0,,,5
2250134,Darou Mbayène,DarouMbayene,14.67976,-15.94041,PPL,03,,0,,,1
13658180,Darou Mbitéyène,Darou Mbiteyene,13.98366,-16.13927,PPL,10,2250807,0,,,2
13658683,Darou Mbitéyène,Darou Mbiteyene,13.73827,-16.15372,PPL,10,2247158,0,,,2
13504605,Darou Mbodji,DarouMbodji,14.78109,-16.8345,PPL,07,2244804,0,,,1
2248484,Darou Mboumbaye,Darou Mboumbaye,15.8429,-16.51323,PPL,14,,0,,,1
2253180,Darou Mbow,DarouMbow,14.81962,-16.46776,PPL,03,,0,,,1
2253173,Darou Mina,Darou Mina,14.76667,-15.7,PPL,09,,0,,,1
13551574,Darou Minam,DarouMinam,14.93222,-15.62869,PPL,13,2249283,0,,,1
13553636,Darou Minam Deux,DarouMinamDeux,14.54843,-15.2521,PPL,16,10778871,0,,,1
13551640,Darou Minam Taif,DarouMinamTaif,14.813,-15.40064,PPL,13,2249283,0,,,1
13552820,Darou Miname,DarouMiname,14.58492,-15.78706,PPL,09,2251492,0,,,1
13553456,Darou Mohine,DarouMohine,14.65169,-15.59442,PPL,09,2251492,0,,,1
2253172,Darou Moussa,Darou Moussa,14.16667,-14.88333,PPL,16,,0,,,1
2253170,Darou Mousti,Darou Mousti,15.0386,-16.0464,PPL,13,,0,,,2
2253171,Darou Mousti,Darou Mousti,13.88333,-15.8,PPL,10,,0,,,2
2253169,Darou Moye,Darou Moye,15.13333,-16.83333,PPL,07,,0,,,1
2253174,Darou Méoundou,Darou Meoundou,15.01667,-16.33333,PPL,07,,0,,,1
2253168,Darou Nahim,DarouNahim,14.74231,-16.01622,PPL,03,,0,,,2
13554410,Darou Nahim,DarouNahim,14.22561,-15.91811,PPL,10,10778869,0,,,2
13552821,Darou Naïm,DarouNaim,14.60819,-15.9683,PPL,03,2248699,0,,,1
2253167,Darou Ndassine,Darou Ndassine,14.41667,-14.88333,PPL,16,,0,,,1
2253166,Darou Ndayène,Darou Ndayene,14.15,-14.43333,PPL,05,,0,,,1
2253165,Darou Ndiagne,Darou Ndiagne,15.23333,-16.11667,PPL,13,,0,,,1
2247901,Darou Ndiar,Darou Ndiar,14.84944,-17.10389,PPL,07,,0,,,1
2248774,Darou Ndiaye,DarouNdiaye,14.77356,-16.08286,PPL,03,,0,,,9
2249995,Darou Ndiaye,DarouNdiaye,14.71761,-15.73674,PPL,09,,0,,,9
2253157,Darou Ndiaye,DarouNdiaye,14.8292,-16.05344,PPL,03,,0,,,9
2253162,Darou Ndiaye,Darou Ndiaye,15.4223,-15.9147,PPL,13,,0,,,9
2253163,Darou Ndiaye,Darou Ndiaye,15.1199,-15.8285,PPL,13,,0,,,9
2253164,Darou Ndiaye,Darou Ndiaye,15.00566,-16.41876,PPL,03,,0,,,9
2253272,Darou Ndiaye,DarouNdiaye,14.57379,-15.65758,PPL,09,,0,,,9
13504711,Darou Ndiaye,DarouNdiaye,14.83753,-16.5087,PPL,03,2254315,0,,,9
13551558,Darou Ndiaye,DarouNdiaye,14.92571,-15.58679,PPL,13,2249283,0,,,9
13505588,Darou Ndimb,DarouNdimb,14.84945,-16.23985,PPL,03,2252312,0,,,1
13554084,Darou Ndièné,DarouNdiene,14.43459,-15.17837,PPL,16,10778871,0,,,1
2253161,Darou Ndoye,Darou Ndoye,15.21667,-16.8,PPL,07,,0,,,1
2253160,Darou Nem,Darou Nem,14.4,-14.61667,PPL,05,,0,,,1
13554438,Darou Ngoloum,DarouNgoloum,14.24271,-15.8929,PPL,10,10778869,0,,,1
2253147,Darou Ngomène,DarouNgomene,14.78924,-16.7633,PPL,07,,0,,,1
2253159,Darou Nguêr,DarouNguer,14.90842,-16.47489,PPL,03,,0,,,1
13554089,Darou Niang,DarouNiang,14.40317,-15.14945,PPL,16,10778871,0,,,1
2248057,Darou Nianghène,Darou Nianghene,13.88009,-16.02962,PPL,10,,0,,,1
2253158,Darou Niass,Darou Niass,15.25,-16.1,PPL,13,,0,,,1
13505582,Darou Niaye,DarouNiaye,14.81673,-16.24793,PPL,03,2252312,0,,,1
2247113,Darou Odioldé,DarouOdiolde,14.54508,-15.28172,PPL,16,,0,,,1
2246878,Darou Pakala,DarouPakala,14.0081,-15.55756,PPL,16,,0,,,1
2253156,Darou Pakatiar,Darou Pakatiar,13.93333,-15.83333,PPL,10,,0,,,1
2253155,Darou Pal,Darou Pal,14.51667,-15.68333,PPL,09,,0,,,1
2253154,Darou Pam,Darou Pam,15.21667,-16.38333,PPL,07,,0,,,1
2253153,Darou Parba,Darou Parba,15.5,-16.46667,PPL,13,,0,Pulaar/Fulani,clan/family name root,1
13554671,Darou Pété,DarouPete,14.2449,-15.39443,PPL,16,10778871,0,,,1
13505597,Darou Rahim,DarouRahim,14.90563,-16.08725,PPL,03,2248699,0,,,1
2595785,Darou Rahmane,Darou Rahmane,14.75251,-17.35314,PPLX,01,,0,,,2
13554034,Darou Rahmane,DarouRahmane,14.36727,-15.89825,PPL,10,10778869,0,,,2
2253224,Darou Rahmane Un,DarouRahmaneUn,14.72331,-15.86796,PPL,03,,0,,,1
2253151,Darou Rahmâne,DarouRahmane,14.89629,-15.95438,PPL,03,,0,,,1
2253152,Darou Rahmâne Un,DarouRahmaneUn,14.81447,-15.83957,PPL,03,,0,,,1
2253149,Darou Ramane,Darou Ramane,14.83333,-16.93333,PPL,07,,0,,,1
13505506,Darou Ramane Fal,DarouRamaneFal,14.90809,-16.02798,PPL,03,2248699,0,,,1
2253148,Darou Rhamane,Darou Rhamane,14.48333,-14.43333,PPL,05,,0,,,1
2253146,Darou Sakor,DarouSakor,14.60321,-15.77444,PPL,09,,0,,,1
2253129,Darou Salam,Darou Salam,15.37875,-13.1354,PPL,15,,0,,,19
2253131,Darou Salam,Darou Salam,15.0204,-15.90385,PPL,13,,0,,,19
2253132,Darou Salam,Darou Salam,14.89351,-16.26334,PPL,03,,0,,,19
2253133,Darou Salam,Darou Salam,14.8,-15.9,PPL,03,,0,,,19
2253136,Darou Salam,Darou Salam,14.55277,-16.16755,PPL,09,,0,,,19
2253137,Darou Salam,Darou Salam,14.53927,-15.85694,PPL,09,,0,,,19
2253139,Darou Salam,Darou Salam,14.33333,-14.61667,PPL,05,,0,,,19
2253142,Darou Salam,Darou Salam,14.1321,-15.01675,PPL,16,,0,,,19
2253143,Darou Salam,Darou Salam,13.3,-13.48333,PPL,05,,0,,,19
2253144,Darou Salam,Darou Salam,13.28333,-14.6,PPL,11,,0,,,19
2253145,Darou Salam,Darou Salam,13.05,-14.63333,PPL,11,,0,,,19
2596048,Darou Salam,Darou Salam,15.78028,-16.25444,PPL,13,,0,,,19
6647999,Darou Salam,Darou Salam,14.40026,-12.21034,PPL,05,,0,,,19
8430874,Darou Salam,Darou Salam,14.58789,-17.04808,PPL,07,,0,,,19
13505373,Darou Salam,DarouSalam,14.78878,-16.27716,PPL,03,2252312,0,,,19
13553596,Darou Salam,DarouSalam,14.58281,-15.00392,PPL,16,10778872,0,,,19
13553628,Darou Salam,DarouSalam,14.56226,-15.25707,PPL,16,10778871,0,,,19
13554668,Darou Salam,DarouSalam,14.24732,-15.26738,PPL,16,10778871,0,,,19
13554692,Darou Salam,DarouSalam,14.0432,-15.24421,PPL,16,10778871,0,,,19
13506784,Darou Salam Faye,DarouSalamFaye,14.72705,-16.59845,PPL,03,2254315,0,,,1
13505563,Darou Salam Gallé,DarouSalamGalle,14.87869,-16.13357,PPL,03,2252312,0,,,1
13658032,Darou Salam Khouma,Darou Salam Khouma,13.88109,-16.32337,PPL,09,2251792,0,,,1
2253135,Darou Salam Kohé,DarouSalamKohe,14.69659,-15.89976,PPL,03,,0,,,1
2571779,Darou Salam Mourid,Darou Salam Mourid,13.61274,-16.12352,PPL,10,,0,,,1
2253134,Darou Salam Ngaye,DarouSalamNgaye,14.70845,-15.70189,PPL,03,,0,,,1
2244392,Darou Salam Tip,DarouSalamTip,14.67061,-15.85491,PPL,03,,0,,,1
2253138,Darou Salam Un,DarouSalamUn,14.4869,-15.62474,PPL,16,,0,,,2
2253140,Darou Salam Un,DarouSalamUn,14.15783,-15.7747,PPL,16,,0,,,2
13554422,Darou Saloum Trois,DarouSaloumTrois,14.06302,-15.81161,PPL,16,10778870,0,,,1
2253128,Darou Salé,Darou Sale,15.01667,-16.01667,PPL,13,,0,,,1
2253126,Darou Sam,Darou Sam,15.3,-16.38333,PPL,07,,0,,,2
13551547,Darou Sam,DarouSam,14.88619,-15.55491,PPL,13,2249283,0,,,2
2253125,Darou Samba,DarouSamba,14.69821,-15.6694,PPL,09,,0,Pulaar/Fulani,clan/family name root,1
2253239,Darou Sar,Darou Sar,14.83093,-17.04973,PPL,07,,0,,,1
2253123,Darou Sek,Darou Sek,15.08333,-16.43333,PPL,07,,0,,,2
2253124,Darou Sek,Darou Sek,14.83333,-15.93333,PPL,03,,0,,,2
2595971,Darou Serigne Mansour Si,Darou Serigne Mansour Si,14.87081,-17.1363,PPL,07,,0,,,1
2253120,Darou Sourang,DarouSourang,14.51285,-15.80453,PPL,09,,0,,,1
2253119,Darou Sow,Darou Sow,15.21667,-16.71667,PPL,07,,0,,,1
2253121,Darou Sèye,Darou Seye,15.03333,-16.55,PPL,07,,0,,,2
2253122,Darou Sèye,Darou Seye,14.98636,-16.32927,PPL,03,,0,,,2
2248596,Darou Tanzil,DarouTanzil,14.83329,-15.93043,PPL,03,,0,,,1
2253118,Darou Tiam,Darou Tiam,14.6,-15.63333,PPL,09,,0,,,1
2253117,Darou Tiar,Darou Tiar,15.56667,-16.53333,PPL,13,,0,,,1
2253115,Darou Tioump,DarouTioump,14.87851,-16.36735,PPL,03,,0,,,1
13554677,Darou Tiâmène,DarouTiamene,14.1756,-15.02922,PPL,16,10778872,0,,,1
2253116,Darou Tiéguène,Darou Tieguene,14.0,-14.78333,PPL,16,,0,,,1
13554106,Darou Tiékène,DarouTiekene,14.43535,-15.23505,PPL,16,10778871,0,,,1
2253114,Darou Touré,Darou Toure,14.98593,-16.27932,PPL,03,,0,,,1
13509352,Darou Yermané,DarouYermane,14.16633,-16.01707,PPL,10,10778869,0,,,1
2253130,Darou-Salam,Darou-Salam,15.27286,-14.03889,PPL,15,,0,,,1
2253190,Daroul Rhaïry,Daroul Rhairy,13.05203,-16.56145,PPL,12,,0,Wolof/Arabic,"Dar = ""house/place"" (Arabic-influenced)",1
2253105,Darsalam,Darsalam,13.4,-14.96667,PPL,11,,0,,,3
2253108,Darsalam,Darsalam,13.02838,-12.55595,PPL,17,,0,,,3
2253113,Darsalam,Darsalam,12.49806,-16.33472,PPL,12,,0,,,3
2253101,Darsalam Mama Touré,Darsalam Mama Toure,13.05,-14.35,PPL,11,,0,,,1
2253100,Darsilam,Darsilam,12.51222,-15.72417,PPL,18,,0,,,1
2253099,Darsilame,Darsilame,12.65028,-15.47111,PPL,18,,0,,,1
2253098,Darsilamé,Darsilame,12.88333,-15.73333,PPL,18,,0,,,1
2253257,Daré Sermaké,Dare Sermake,15.35,-16.08333,PPL,13,,0,,,1
2253256,Daré Tiouli,Dare Tiouli,15.0218,-15.9946,PPL,13,,0,,,1
2253095,Das Ngrou,Das Ngrou,15.5179,-15.1101,PPL,13,,0,,,1
2253094,Dassilamé,Dassilame,13.2,-15.78333,PPL,18,,0,,,1
2253093,Dassilamé Missira,Dassilame Missira,13.66393,-16.423,PPL,09,,0,,,1
13658321,Dassilamé Santhie,Dassilame Santhie,13.66613,-16.42872,PPL,09,2251792,0,,,1
13658015,Dassilamé Sérèr,Dassilame Serer,13.75041,-16.47763,PPL,09,2251792,0,,,1
6917777,Datiémi,Datiemi,12.5997,-12.8638,PPL,17,,0,,,1
2253089,Dator,Dator,13.31667,-15.68333,PPL,18,,0,,,1
2253088,Datorkouta,Datorkouta,13.3,-15.73333,PPL,18,,0,,,1
2253090,Datyilé,Datyile,14.26134,-15.74042,PPL,16,,0,,,1
2253087,Davadi,Davadi,14.05,-14.31667,PPL,05,,0,,,1
2253086,Davédia,Davedia,15.4634,-15.7449,PPL,13,,0,,,1
2253083,Dayamber,Dayamber,15.1,-16.78333,PPL,07,,0,,,1
2253082,Dayane Guélodé,Dayane Guelode,14.73333,-14.78333,PPL,13,,0,,,1
2253081,Dayane Keur Diamba Sira,Dayane Keur Diamba Sira,14.73333,-14.75,PPL,13,,0,,,1
2253080,Dayane Kodiolé,Dayane Kodiole,14.8,-14.75,PPL,13,,0,,,1
2253079,Dayane Laoniandi,Dayane Laoniandi,14.76667,-14.75,PPL,13,,0,,,1
2253078,Dayar,Dayar,14.28333,-13.9,PPL,05,,0,,,1
2253076,Daymane,Daymane,16.14222,-16.05583,PPL,14,,0,,,1
2253401,Daétangel,Daetangel,13.98333,-13.35,PPL,05,,0,,,1
2253360,Daïbatou,Daibatou,12.83333,-14.83333,PPL,11,,0,,,1
2253064,Dedji,Dedji,14.64429,-12.20977,PPL,05,,0,,,1
2253056,Dekhlêt,Dekhlet,15.03333,-16.18333,PPL,07,,0,,,1
2253054,Dekmodi,Dekmodi,15.1839,-15.2861,PPL,13,,0,,,1
2253052,Delbi,Delbi,14.23893,-15.30205,PPL,16,,0,,,1
2253046,Demba Ba,Demba Ba,14.08333,-13.53333,PPL,05,,0,Pulaar/Fulani,clan/family name root,1
2253958,Demba Badiane,Demba Badiane,15.3951,-15.7239,PPL,13,,0,,,1
2253045,Demba Boiro,Demba Boiro,12.75,-13.95,PPL,11,,0,,,1
2253048,Demba Diam,DembaDiam,14.8416,-15.5678,PPL,13,,0,,,1
2253043,Demba Koli,Demba Koli,13.76064,-12.8614,PPL,05,,0,,,1
2253042,Demba Kounda Kakofa,Demba Kounda Kakofa,12.91667,-13.73333,PPL,11,,0,,,1
2253041,Demba Koura,Demba Koura,14.73333,-15.51667,PPL,09,,0,,,1
13507306,Demba Ndiaté,DembaNdiate,14.501,-16.17819,PPL,09,2251492,0,,,1
2253038,Demba Ngom Faye,Demba Ngom Faye,14.4,-15.9,PPL,09,,0,,,1
2253035,Demba Tilal,Demba Tilal,15.6943,-15.7144,PPL,13,,0,,,1
2253034,Demba Tilo,Demba Tilo,16.32002,-14.06716,PPL,14,,0,,,1
2253039,Dembala Bérola,Dembala Berola,13.28347,-11.74322,PPL,17,,0,,,1
2253037,Dembankané,Dembankane,15.08893,-12.6998,PPL,15,,5293,,,1
2253036,Dembari,Dembari,13.66667,-14.13333,PPL,05,,0,,,1
2253033,Demboubé,Demboube,13.51667,-14.41667,PPL,05,,0,,,1
2253314,Dembé,Dembe,16.54202,-14.57084,PPL,14,,0,,,1
11497858,Demette,Demette,16.56759,-14.2796,PPL,14,,3042,,,1
2595981,Demizine,Demizine,16.2025,-16.43056,PPL,14,,0,,,1
2253031,Demou,Demou,13.76667,-13.98333,PPL,05,,0,,,1
2247756,Dendey,Dendey,14.7228,-16.03362,PPL,03,,0,,,1
2253027,Dendifa,Dendifa,13.21289,-12.01003,PPL,17,,0,,,1
2595642,Deni Demba Codou,Deni Demba Codou,14.73428,-17.18041,PPL,01,,0,,,1
2253019,Denndoudi,Denndoudi,15.78333,-13.9,PPL,15,,0,,,1
2253011,Derklé,Derkle,14.72517,-17.45109,PPLX,01,,0,,,1
2253010,Derlêt,Derlet,15.28333,-16.2,PPL,13,,0,,,1
2253009,Deroudji,Deroudji,16.40194,-15.70556,PPL,14,,0,,,1
2253008,Derr,Derr,15.26667,-16.2,PPL,13,,0,,,1
2253007,Dertadi,Dertadi,13.81667,-15.8,PPL,10,,0,,,1
2253003,Deuk Bouréy,Deuk Bourey,15.80944,-16.38861,PPL,13,,0,,,1
2253002,Deye Koit,Deye Koit,15.3431,-15.4192,PPL,13,,0,,,1
2253060,Deï Semmbou,Dei Semmbou,15.43333,-16.18333,PPL,13,,0,,,1
2252999,Dia,Dia,14.83333,-15.8,PPL,03,,0,,,1
2252716,Dia Nioum,Dia Nioum,16.51667,-15.15,PPL,14,,0,,,1
13554073,Diaba,Diaba,14.33621,-15.67868,PPL,16,2251008,0,Pulaar/Fulani,clan/family name root,1
2252987,Diaba-Senegal,Diaba-Senegal,13.41667,-15.21667,PPL,11,,0,,,1
2252995,Diabakounda,Diabakounda,12.4625,-15.68722,PPL,18,,0,,,1
2252993,Diabal,Diabal,15.30812,-14.936,PPL,13,,0,,,2
2252994,Diabal,Diabal,14.78433,-12.46768,PPL,05,,0,,,2
2252990,Diabane,Diabane,12.54472,-16.09306,PPL,12,,0,,,1
2252988,Diabarki,Diabarki,15.0998,-15.9886,PPL,13,,0,,,1
2596021,Diabaye,Diabaye,16.11722,-16.25639,PPL,14,,0,,,1
13507230,Diabel,Diabel,14.74175,-16.02274,PPL,03,2248699,0,,,1
2252979,Diabel Sambou,Diabel Sambou,12.85,-14.68333,PPL,11,,0,,,1
2252477,Diabi,Diabi,12.881,-11.73648,PPL,17,,0,,,2
2252976,Diabi,Diabi,14.04323,-15.26419,PPL,16,,0,,,2
13551559,Diabi Deux,DiabiDeux,14.77401,-15.52445,PPL,03,2248699,0,,,1
13553450,Diabi Keur Serigne Bara,DiabiKeurSerigneBara,14.74983,-15.55232,PPL,03,2248699,0,,,1
13508991,Diabi Koundél,DiabiKoundel,14.44628,-16.13983,PPL,09,2251492,0,,,1
11468043,Diabir,Diabir,12.89265,-16.05214,PPL,12,,0,,,1
2252970,Diaboudior,Diaboudior,13.13333,-16.18333,PPL,12,,0,,,2
2252971,Diaboudior,Diaboudior,12.91694,-16.28222,PPL,12,,0,,,2
2252969,Diaboudior Tangal,Diaboudior Tangal,13.1341,-16.1856,PPL,12,,0,,,1
2252962,Diabougou,Diabougou,14.54256,-12.22227,PPL,05,,0,,,7
2252964,Diabougou,Diabougou,14.16667,-16.76667,PPL,07,,0,,,7
2252965,Diabougou,Diabougou,13.85,-13.55,PPL,05,,0,,,7
2252966,Diabougou,Diabougou,13.65,-14.21667,PPL,05,,0,,,7
2252967,Diabougou,Diabougou,13.55,-13.53333,PPL,05,,0,,,7
2252968,Diabougou,Diabougou,13.42869,-11.87748,PPL,05,,0,,,7
6648033,Diabougou,Diabougou,14.04271,-12.19646,PPL,05,,0,,,7
2252961,Diabougou Dembo Drané,Diabougou Dembo Drane,13.45,-14.96667,PPL,11,,0,,,1
2252960,Diabougou Koli,Diabougou Koli,12.88333,-14.21667,PPL,11,,0,,,1
2252963,Diabougou Mossi,Diabougou Mossi,14.29512,-12.46631,PPL,05,,0,,,1
2252959,Diabougou Nionkoli,Diabougou Nionkoli,13.01667,-15.16667,PPL,11,,0,,,1
2252958,Diabougou Paté,Diabougou Pate,12.86667,-14.23333,PPL,11,,0,,,1
2252957,Diabrikindiong,Diabrikindiong,12.88806,-16.04667,PPL,12,,0,,,1
13507299,Diabrou,Diabrou,14.661,-16.12001,PPL,03,2252312,0,,,1
2252977,Diabéri,Diaberi,12.53635,-11.65677,PPL,17,,0,,,1
2252956,Diacopère,Diacopere,12.93361,-16.12639,PPL,12,,0,,,1
2252948,Diad Ndiaye,Diad Ndiaye,15.5,-16.15,PPL,13,,0,,,1
2252955,Diadala,Diadala,13.61667,-13.75,PPL,05,,0,,,1
2252953,Diadiakh,Diadiakh,14.58718,-16.414,PPL,09,,0,,,1
2252951,Diadiel,Diadiel,14.47399,-16.26118,PPL,09,,0,,,1
2596051,Diadièr,Diadier,15.81889,-16.26306,PPL,13,,0,,,1
2252949,Diadj,Diadj,15.73333,-16.38333,PPL,13,,0,,,2
2252950,Diadj,Diadj,15.71667,-16.35,PPL,13,,0,,,2
13658762,Diadoukounda,Diadoukounda,13.15329,-16.02522,PPL,12,2253903,0,,,1
13508540,Diaf Diammé,DiafDiamme,14.28773,-16.28931,PPL,10,2250807,0,,,1
2252942,Diafar,Diafar,12.75806,-15.9825,PPL,18,,0,,,1
2252939,Diafilon,Diafilon,12.9275,-15.84694,PPL,18,,0,,,1
2252936,Diaga,Diaga,16.38009,-14.28379,PPL,14,,0,,,2
2252937,Diaga,Diaga,14.76667,-15.9,PPL,03,,0,,,2
2252935,Diaga Diari,Diaga Diari,14.57513,-12.42665,PPL,05,,0,,,1
13553639,Diaga Keur Sérigne Niang,DiagaKeurSerigneNiang,14.6212,-15.3088,PPL,16,10778871,0,,,1
13505581,Diaga Salaw,DiagaSalaw,14.8256,-16.24626,PPL,03,2252312,0,,,1
13509094,Diagane Barka,DiaganeBarka,14.01904,-16.29444,PPL,09,2251792,0,,,1
13657985,Diagane Sader,Diagane Sader,13.92666,-16.27782,PPL,09,2251792,0,,,1
13509104,Diagane Sanghane,DiaganeSanghane,14.02739,-16.29152,PPL,09,2251792,0,,,1
2252930,Diaglé,Diagle,16.20306,-15.69778,PPL,14,,0,,,4
2252931,Diaglé,Diagle,14.3753,-16.31054,PPL,09,,0,,,4
2252933,Diaglé,Diagle,14.17481,-15.46004,PPL,16,,0,,,4
2252934,Diaglé,Diagle,13.84958,-16.36964,PPL,09,,0,,,4
2252932,Diaglé Ngor,DiagleNgor,14.19732,-16.10201,PPL,10,,0,,,1
13509324,Diagnel,Diagnel,14.02133,-16.02633,PPL,10,2250807,0,Wolof,clan/family name root,1
2252928,Diagnon,Diagnon,12.58083,-15.97417,PPL,12,,0,,,1
2252926,Diagon,Diagon,12.91167,-16.16639,PPL,12,,0,,,1
2252925,Diagoubel,Diagoubel,12.69972,-16.32639,PPL,12,,0,,,1
2252922,Diagour,Diagour,12.81667,-16.01667,PPL,12,,0,,,1
2252921,Diaguéli,Diagueli,15.27552,-14.67086,PPL,13,,0,,,1
2252917,Diahene Sienté,Diahene Siente,13.83333,-15.98333,PPL,10,,0,,,1
2252918,Diahène Dioubène,Diahene Dioubene,13.8,-15.98333,PPL,10,,0,,,1
2252915,Diak,Diak,14.4,-16.38333,PPL,09,,0,,,1
2252908,Diak Mbodokhane,DiakMbodokhane,14.69029,-16.71641,PPL,07,,0,,,1
2252879,Diak Saw,DiakSaw,15.00212,-16.63636,PPL,07,,0,,,1
2252913,Diakaba,Diakaba,13.31667,-13.08333,PPL,05,,0,Pulaar/Fulani,clan/family name root,1
2252912,Diakael,Diakael,14.63918,-16.15814,PPL,03,,0,,,1
2252909,Diakali,Diakali,13.53333,-15.11667,PPL,11,,0,,,1
2252653,Diakaw Saloum,DiakawSaloum,14.32613,-15.53283,PPL,16,,0,,,1
13507254,Diakaèl Dig,DiakaelDig,14.66638,-16.15034,PPL,03,2252312,0,,,1
13507263,Diakaèl Tokossone,DiakaelTokossone,14.65142,-16.14368,PPL,03,2252312,0,,,1
2252902,Diakha,Diakha,15.81667,-16.21667,PPL,13,,0,,,1
2252901,Diakha Madina,Diakha Madina,12.77088,-11.66643,PPL,17,10779432,0,,,1
2252914,Diakhaba,Diakhaba,12.8159,-12.068,PPL,17,,0,Pulaar/Fulani,clan/family name root,1
13505478,Diakhal,Diakhal,14.86614,-16.46351,PPL,03,2254315,0,,,1
2252910,Diakhaling,Diakhaling,13.25457,-11.93268,PPL,17,,0,,,1
2252899,Diakhao,Diakhao,14.46317,-16.28943,PPL,09,,4398,,,1
2252898,Diakhaslène,Diakhaslene,15.71667,-16.15,PPL,13,,0,,,1
2252667,Diakhatil Maram,DiakhatilMaram,14.8619,-16.66487,PPL,07,,0,,,1
2252895,Diakhaté,Diakhate,15.51667,-16.21667,PPL,13,,0,,,4
2252896,Diakhaté,Diakhate,15.48333,-16.26667,PPL,13,,0,,,4
2252897,Diakhaté,Diakhate,14.81667,-16.9,PPL,07,,0,,,4
13507444,Diakhaté,Diakhate,14.4325,-16.68815,PPL,07,2248478,0,,,4
2252894,Diakhaté Ndalom,Diakhate Ndalom,15.48333,-16.23333,PPL,13,,0,,,1
13554098,Diakhaw Saloum,DiakhawSaloum,14.32953,-15.33261,PPL,16,10778871,0,,,1
2252889,Diakine,Diakine,13.12241,-16.25888,PPL,12,,0,,,2
2252890,Diakine,Diakine,12.91611,-16.25417,PPL,12,,0,,,2
2252888,Diaklé,Diakle,13.6,-15.53333,PPL,10,,0,,,1
2252887,Diakoulané,Diakoulane,14.88634,-12.55937,PPL,05,,0,,,1
2252885,Diakounda,Diakounda,12.96,-15.95944,PPL,11,,0,,,1
2252884,Diakoundaré,Diakoundare,13.86667,-14.78333,PPL,16,,0,,,1
2252881,Diakoye,Diakoye,13.10985,-16.23981,PPL,12,,0,,,2
2252883,Diakoye,Diakoye,12.91667,-16.35,PPL,12,,0,,,2
2252880,Diakoye Banga,Diakoye Banga,12.99694,-16.21917,PPL,12,,0,,,1
13658804,Diakoye Batong,Diakoye Batong,13.01707,-16.22838,PPL,12,2253903,0,,,1
2252882,Diakoye Komboli,Diakoye Komboli,13.10951,-16.28964,PPL,12,,0,,,1
2595460,Diaksaw,Diaksaw,14.60648,-17.09544,PPLX,07,,0,,,2
2595782,Diaksaw,Diaksaw,14.75287,-17.36744,PPLX,01,,0,,,2
2595869,Diaksaw Peul,Diaksaw Peul,14.77574,-17.18438,PPL,01,,0,,,1
2252906,Diakène,Diakene,12.44278,-16.62944,PPL,12,,0,,,1
2252904,Diakène Ouolof,Diakene Ouolof,12.45639,-16.64,PPL,12,,0,,,1
2252907,Diaké Samba,DiakeSamba,14.27453,-15.74502,PPL,16,,0,Pulaar/Fulani,clan/family name root,1
2595695,Dial Diop,Dial Diop,14.66,-17.44028,PPLX,01,,0,,,1
6645339,Dial Foulbé,Dial Foulbe,16.11099,-13.51623,PPL,15,,0,,,1
2252877,Dial Soubalbé,Dial Soubalbe,16.1158,-13.51384,PPL,15,,0,,,1
2252874,Diala,Diala,13.52419,-11.96035,PPL,05,,0,,,1
6648034,Diala Amadou,Diala Amadou,14.26332,-12.212,PPL,05,,0,,,1
2252857,Diala Maka,Diala Maka,13.36667,-13.11667,PPL,05,,0,,,1
2252872,Dialaba,Dialaba,13.06667,-15.4,PPL,18,,0,Pulaar/Fulani,clan/family name root,1
2252867,Dialaba Deux,DialabaDeux,14.00597,-16.31699,PPL,09,,0,,,1
2252869,Dialaba Diéri,Dialaba Dieri,13.23333,-15.26667,PPL,11,,0,,,1
2252871,Dialaba Un,DialabaUn,14.00173,-16.31289,PPL,09,,0,,,1
2252866,Dialadian,Dialadian,12.7,-13.75,PPL,11,,0,,,1
2252864,Dialakani,Dialakani,13.01667,-14.18333,PPL,11,,0,,,1
2252862,Dialakatoba,Dialakatoba,13.3466,-12.04437,PPL,17,,0,Pulaar/Fulani,clan/family name root,1
2252861,Dialakoto,Dialakoto,13.31667,-13.3,PPL,05,,0,,,1
2252860,Dialakoumbi,Dialakoumbi,12.68333,-14.6,PPL,11,,0,,,1
2252859,Dialali Alisso,Dialali Alisso,13.98333,-13.7,PPL,05,,0,,,1
2252854,Dialambéré,Dialambere,13.1,-15.3,PPL,18,,0,,,3
2252855,Dialambéré,Dialambere,12.88333,-14.53333,PPL,11,,0,,,3
2252856,Dialambéré,Dialambere,12.81667,-14.23333,PPL,11,,0,,,3
2252850,Dialang,Dialang,12.46667,-16.41667,PPL,12,,0,,,1
2252849,Dialankine,Dialankine,13.03333,-15.81667,PPL,18,,0,,,1
2252847,Dialassaba,Dialassaba,13.65,-14.1,PPL,05,,0,Pulaar/Fulani,clan/family name root,1
2252846,Dialassabakounda,Dialassabakounda,13.65,-14.33333,PPL,05,,0,,,1
2252237,Dialassène,Dialassene,14.41642,-16.25888,PPL,09,,0,,,1
2252844,Dialata,Dialata,13.2,-14.18333,PPL,11,,0,,,1
2252843,Dialatoye,Dialatoye,13.71667,-14.78333,PPL,05,,0,,,1
2252839,Dialgane Guedji,Dialgane Guedji,15.56667,-16.38333,PPL,13,,0,,,1
2252838,Dialgane Kane,Dialgane Kane,15.56667,-16.43333,PPL,13,,0,,,1
2252837,Diali,Diali,15.3595,-15.0792,PPL,13,,0,,,1
2252835,Dialiko,Dialiko,13.36667,-13.65,PPL,05,,0,,,1
2252833,Dialinkine,Dialinkine,12.89056,-15.25694,PPL,18,,0,,,1
2252832,Dialit,Dialit,14.66667,-16.46667,PPL,03,,0,,,1
2252831,Dialka,Dialka,15.03333,-16.81667,PPL,07,,0,,,1
2252827,Diallo,Diallo,15.3045,-15.1217,PPL,13,,0,Pulaar/Fulani,clan/family name root,2
6917510,Diallo,Diallo,15.3163,-15.1337,PPL,13,,0,Pulaar/Fulani,clan/family name root,2
2252828,Dialo,Dialo,14.73333,-16.55,PPL,03,,0,,,1
2252826,Dialo Kouna,Dialo Kouna,13.76667,-15.61667,PPL,10,,0,,,1
2252825,Dialokounda,Dialokounda,13.88333,-13.58333,PPL,05,,0,,,1
2252823,Dialoubé,Dialoube,15.10308,-12.93097,PPL,15,,0,,,1
2252840,Dialène Mbaye,Dialene Mbaye,14.56667,-15.83333,PPL,09,,0,,,1
13658788,Dialéo,Dialeo,13.06185,-16.22893,PPL,12,2253903,0,,,1
2252781,Diam Bougou,Diam Bougou,14.56667,-16.3,PPL,09,,0,,,1
2252775,Diam Diam,Diam Diam,14.14739,-15.28486,PPL,16,,0,,,2
2252776,Diam Diam,Diam Diam,13.86667,-14.66667,PPL,05,,0,,,2
2252756,Diam Lali,Diam Lali,15.67768,-14.04045,PPL,15,,0,,,1
6645345,Diam Oury,Diam Oury,16.06768,-13.90514,PPL,14,,0,,,1
2252754,Diama,Diama,15.658,-15.5783,PPL,13,,0,,,4
2252806,Diama,Diama,15.78917,-16.35556,PPL,13,,0,,,4
2252817,Diama,Diama,16.20306,-16.40389,PPL,14,,0,,,4
2252818,Diama,Diama,15.65,-16.45,PPL,13,,0,,,4
2252813,Diama Gadio,Diama Gadio,13.78333,-15.41667,PPL,10,,0,,,1
2252811,Diama Guène,Diama Guene,13.78333,-15.43333,PPL,10,,0,,,1
2252797,Diama Palène,Diama Palene,13.8,-15.45,PPL,16,,0,,,1
2252819,Diama Tiène,Diama Tiene,15.0478,-16.6743,PPL,07,,0,,,1
2252794,Diama Tiévi,Diama Tievi,13.75,-15.48333,PPL,10,,0,,,1
2596099,Diama Toubé,Diama Toube,15.9475,-16.45556,PPL,14,,0,,,1
2252815,Diamadi,Diamadi,13.21667,-13.46667,PPL,05,,0,,,1
2252814,Diamafara,Diamafara,13.93333,-15.61667,PPL,16,,0,,,1
2595999,Diamaguene,Diamaguene,16.02278,-16.49833,PPLX,14,,0,,,1
13657992,Diamagueun,Diamagueun,13.87217,-16.34581,PPL,09,2251792,0,,,1
2252807,Diamaguène,Diamaguene,14.93333,-16.76667,PPL,07,,0,,,6
2252808,Diamaguène,Diamaguene,14.48333,-16.1,PPL,09,,0,,,6
2252809,Diamaguène,Diamaguene,14.17658,-15.70988,PPL,16,,0,,,6
2252810,Diamaguène,Diamaguene,13.85,-14.18333,PPL,05,,0,,,6
2252812,Diamaguène,Diamaguene,13.76667,-15.8,PPL,10,,0,,,6
13554675,Diamaguène,Diamaguene,14.16636,-15.41651,PPL,16,2251008,0,,,6
13505580,Diamakheul,Diamakheul,14.81885,-16.22727,PPL,03,2252312,0,,,1
2252805,Diamakolong,Diamakolong,14.00547,-15.63149,PPL,16,,0,,,1
2252802,Diamal,Diamal,16.51324,-14.50462,PPL,14,,0,,,2
2252803,Diamal,Diamal,14.10737,-15.76341,PPL,16,,0,,,2
2252801,Diamalatiel,Diamalatiel,13.26667,-15.65,PPL,18,,0,,,1
2252796,Diamar,Diamar,16.06278,-16.21556,PPL,14,,0,,,1
2252793,Diamaye,Diamaye,12.6,-15.35,PPL,11,,0,,,1
2252792,Diamaye Inor,Diamaye Inor,13.03333,-15.95,PPL,12,,0,,,1
2252791,Diamaye Kadialon,Diamaye Kadialon,13.03333,-15.93333,PPL,12,,0,,,1
2252790,Diamaye Kankandé,Diamaye Kankande,13.01667,-15.95,PPL,12,,0,,,1
2252789,Diamaye Kansérane,Diamaye Kanserane,13.05,-15.96667,PPL,12,,0,,,1
2252788,Diambadina,Diambadina,13.85,-13.6,PPL,05,,0,,,1
2252288,Diambal,Diambal,15.4469,-15.2135,PPL,13,,0,,,2
13507429,Diambal,Diambal,14.4527,-16.59877,PPL,09,7670866,0,,,2
2252786,Diambalo,Diambalo,15.06667,-16.91667,PPL,07,,0,,,1
2252785,Diambaloye,Diambaloye,13.95366,-12.10796,PPL,05,,0,,,1
2252735,Diambalé,Diambale,15.1826,-15.5905,PPL,13,,0,,,1
2252784,Diambaty,Diambaty,13.03333,-15.48333,PPL,18,10779434,0,,,1
13509024,Diambey Peul,DiambeyPeul,14.3967,-16.19141,PPL,09,7670866,0,,,1
13509034,Diambey Wolof,DiambeyWolof,14.40633,-16.18603,PPL,09,7670866,0,,,1
2252733,Diambo,Diambo,16.57018,-14.84575,PPL,14,,0,,,1
2252780,Diambour,Diambour,13.98333,-15.81667,PPL,10,,0,,,1
2252777,Diamboye,Diamboye,14.73333,-15.51667,PPL,09,,0,,,1
2252783,Diambé Dali,Diambe Dali,14.77946,-15.49288,PPL,03,,0,,,1
2252782,Diambéli,Diambeli,13.13333,-15.26667,PPL,18,,0,,,1
2252769,Diamel,Diamel,14.61667,-14.91667,PPL,16,,0,,,2
2252770,Diamel,Diamel,14.41667,-14.33333,PPL,05,,0,,,2
2252764,Diamel Diayat,Diamel Diayat,16.26295,-14.05645,PPL,14,,0,,,1
2252757,Diamkoulori,Diamkoulori,13.46667,-14.31667,PPL,05,,0,,,1
2595398,Diamm Bougoum,Diamm Bougoum,14.52526,-17.01388,PPL,07,,0,,,2
13507257,Diamm Bougoum,DiammBougoum,14.61559,-16.23704,PPL,03,2252312,0,,,2
2252748,Diamm Séli,DiammSeli,14.5938,-16.24148,PPL,03,,0,,,1
2252820,Diamma,Diamma,14.73645,-16.17596,PPL,03,,0,,,1
2595786,Diammagueun,Diammagueun,14.7504,-17.36599,PPL,01,,0,,,2
2595972,Diammagueun,Diammagueun,14.87527,-17.13348,PPL,07,,0,,,2
2252760,Diammel Siré,Diammel Sire,16.17673,-13.96747,PPL,14,,0,,,1
2252768,Diammél,Diammel,15.67803,-13.23669,PPL,15,,0,,,1
2252753,Diamniadio,Diamniadio,14.06668,-16.57411,PPL,09,,0,,,2
2595640,Diamniadio,Diamniadio,14.72051,-17.1816,PPL,01,,47759,,,2
2252752,Diamotil,Diamotil,15.13333,-16.45,PPL,07,,0,,,1
2252751,Diamounguel,Diamounguel,15.11464,-12.93154,PPL,15,,0,,,1
2252750,Diamourdala,Diamourdala,13.54972,-12.2576,PPL,05,,0,,,1
13509021,Diamsira,Diamsira,14.3245,-16.23696,PPL,10,2250807,0,,,1
13509014,Diamsène,Diamsene,14.47669,-16.19095,PPL,09,2251492,0,,,1
2252697,Diamvéli,Diamveli,14.94008,-12.60746,PPL,05,,0,,,3
2252745,Diamvéli,Diamveli,15.39192,-13.04829,PPL,15,,0,,,3
2252746,Diamvéli,Diamveli,13.05,-13.46667,PPL,05,,0,,,3
2252611,Diamwéli,Diamweli,14.69633,-15.87431,PPL,03,,0,,,2
6644082,Diamwéli,Diamweli,15.4465,-13.1825,PPL,15,,0,,,2
2252696,Diamwéli Alassane,DiamweliAlassane,14.47732,-15.72837,PPL,10,,0,,,1
13551154,Diamwéli Deux,DiamweliDeux,14.91599,-15.95508,PPL,03,2248699,0,,,1
2252695,Diamwéli Mor,DiamweliMor,14.47407,-15.72306,PPL,10,,0,,,1
2252771,Diamédioko,Diamedioko,14.21738,-12.21808,PPL,05,,0,,,1
2252762,Diaménar,Diamenar,15.99944,-15.91417,PPL,14,,0,,,1
2252742,Diana,Diana,13.53981,-12.86194,PPL,05,,0,,,3
2252743,Diana,Diana,12.97528,-16.71806,PPL,12,2253903,0,,,3
2252744,Diana,Diana,12.7,-13.75,PPL,11,,0,,,3
2252737,Diana Malari,Diana Malari,12.84833,-15.24972,PPL,18,,3066,,,1
2252736,Diana Sonkodou,Diana Sonkodou,13.06667,-15.48333,PPL,18,,0,,,1
2252740,Dianafou,Dianafou,12.45417,-15.64944,PPL,18,,0,,,1
2252739,Dianag,Dianag,12.94028,-16.21417,PPL,12,,0,,,2
13658766,Dianag,Dianag,13.10369,-16.14995,PPL,12,2253903,0,,,2
2252738,Dianah Ba,Dianah Ba,12.83111,-15.22639,PPL,18,,0,Pulaar/Fulani,clan/family name root,1
2252732,Dianbour,Dianbour,13.85,-14.48333,PPL,05,,0,,,1
2252730,Diandian,Diandian,13.08333,-13.95,PPL,11,,0,,,1
2252729,Diandiaye,Diandiaye,12.98333,-14.93333,PPL,11,,0,,,1
2252727,Diandioli,Diandioli,15.54132,-13.24831,PPL,15,,0,,,1
2252728,Diandième,Diandieme,12.93278,-15.93778,PPL,18,,0,,,1
2252726,Diandoumé,Diandoume,14.58333,-16.41667,PPL,09,,0,,,1
2247771,Diangane Keur Gadji,Diangane Keur Gadji,13.64565,-16.3115,PPL,09,,0,,,1
2252721,Diangho,Diangho,12.81056,-16.02861,PPL,12,,0,,,1
2252720,Diango,Diango,12.88139,-16.06611,PPL,12,,0,,,1
2252719,Diangueli,Diangueli,12.85139,-15.07417,PPL,11,,0,,,1
2252715,Dianioundi,Dianioundi,12.69722,-15.90222,PPL,18,,0,,,1
2252717,Dianiène,Dianiene,13.8,-15.6,PPL,16,,0,,,1
2252714,Diankadjoul,Diankadjoul,12.64222,-16.76944,PPL,12,,0,,,1
2252713,Diankankounda,Diankankounda,13.03333,-14.4,PPL,11,,0,,,1
2252712,Diankankounda Mala,Diankankounda Mala,13.01667,-14.4,PPL,11,,0,,,1
2252711,Diankankounda Ogueul,Diankankounda Ogueul,13.01667,-14.36667,PPL,11,,0,,,1
2252707,Dianki,Dianki,12.8625,-16.46944,PPL,12,,0,,,1
2252706,Diankobinni,Diankobinni,13.66667,-13.58333,PPL,05,,0,,,1
2252710,Dianké Kaw,DiankeKaw,14.27766,-15.36523,PPL,16,,0,,,1
2252709,Dianké Makam,Dianke Makam,13.67508,-12.66133,PPL,05,,0,,,1
2252708,Dianké Souf,Dianke Souf,14.22965,-15.33539,PPL,16,,0,,,1
2252705,Diano Kam,Diano Kam,15.3,-16.45,PPL,07,,0,,,1
2252704,Dianori,Dianori,13.96917,-16.75885,PPL,09,,0,,,1
2252703,Dianoubé,Dianoube,13.06226,-16.29037,PPL,11,,0,,,1
2252702,Dianoundio,Dianoundio,12.50917,-16.07972,PPL,12,,0,,,1
2252701,Dianrhar,Dianrhar,15.08333,-16.75,PPL,07,,0,,,1
2252698,Dianvéli,Dianveli,13.85,-14.18333,PPL,05,,0,,,2
2252699,Dianvéli,Dianveli,13.21667,-14.06667,PPL,11,,0,,,2
2252723,Dianète Tierno,Dianete Tierno,12.83611,-15.08056,PPL,11,,0,,,1
2252725,Diané,Diane,14.56866,-16.3115,PPL,09,,0,,,1
2252724,Dianékounda,Dianekounda,13.68333,-14.61667,PPL,05,,0,,,1
2252693,Diao,Diao,12.69222,-15.98111,PPL,18,,0,,,1
2252688,Diaorel,Diaorel,14.6,-14.86667,PPL,16,,0,,,2
2252689,Diaorel,Diaorel,14.41667,-14.63333,PPL,16,,0,,,2
2252690,Diaoré,Diaore,14.61667,-16.13333,PPL,03,,0,,,1
2252687,Diaoualdi,Diaoualdi,14.73333,-16.06667,PPL,03,,0,,,1
2252686,Diaouar,Diaouar,16.48139,-16.06278,PPL,14,,0,,,1
2252685,Diaoubé,Diaoube,12.91667,-14.16667,PPL,11,,26165,,,1
2252684,Diaoulé,Diaoule,14.37587,-16.22174,PPL,09,,0,,,1
2252682,Diaounar Doumou,Diaounar Doumou,13.21667,-15.73333,PPL,18,,0,,,1
2252681,Diaoune Ndiane,Diaoune Ndiane,15.46667,-16.55,PPL,13,,0,,,1
2252679,Diaourou,Diaourou,12.71917,-15.88556,PPL,18,,0,,,1
2252677,Diapto,Diapto,13.86667,-14.88333,PPL,16,,0,,,1
2252675,Diara,Diara,16.5474,-14.59751,PPL,14,,0,,,1
2252670,Diaranté,Diarante,13.84142,-12.59085,PPL,05,,0,,,1
2252666,Diaraye,Diaraye,14.91667,-15.9,PPL,03,,0,,,1
2252657,Diarfa,Diarfa,12.68139,-15.43528,PPL,18,,0,,,1
2252656,Diarga,Diarga,14.68333,-16.61667,PPL,07,,0,,,1
2252655,Diarga Ka,Diarga Ka,14.41667,-15.7,PPL,16,,0,,,1
2252652,Diarhaye,Diarhaye,14.9,-16.08333,PPL,03,,0,,,1
13506777,Diarigne,Diarigne,14.71629,-16.54417,PPL,03,2254315,0,,,1
13504563,Diarkhalé,Diarkhale,14.89961,-16.86669,PPL,07,2244388,0,,,1
13509017,Diarno,Diarno,14.34789,-16.24292,PPL,09,7670866,0,,,1
2252645,Diaro,Diaro,12.61667,-12.88333,PPL,17,,0,,,1
2252644,Diarone,Diarone,12.8275,-16.17389,PPL,12,,0,,,1
2252643,Diaroumé,Diaroume,12.98222,-15.61778,PPL,18,,0,,,1
13658214,Diarèkh,Diarekh,13.99019,-16.12154,PPL,10,2250807,0,,,1
2252658,Diarèng,Diareng,12.81139,-15.36333,PPL,18,,0,,,1
2252893,Diarère,Diarere,14.44377,-16.48347,PPL,09,,0,,,1
2252659,Diaré Mbolo,Diare Mbolo,14.48709,-12.63409,PPL,05,,0,,,1
13506509,Dias Palam,DiasPalam,14.65292,-16.941,PPL,07,2244804,0,,,1
2252640,Diassap,Diassap,15.96667,-16.31667,PPL,14,,0,,,2
2252641,Diassap,Diassap,14.83012,-16.9022,PPL,07,,0,,,2
2252639,Diassi,Diassi,12.56667,-16.28333,PPL,12,,0,,,1
2252638,Diassina,Diassina,12.99778,-15.15056,PPL,11,,0,,,1
2252637,Diassoum Diamaguène,DiassoumDiamaguene,14.14197,-15.67152,PPL,16,,0,,,1
13508985,Diat Mourid Deux,DiatMouridDeux,14.3249,-16.19975,PPL,10,2250807,0,,,1
13509015,Diat Mourid Un,DiatMouridUn,14.33934,-16.20896,PPL,10,2250807,0,,,1
2252636,Diatadaokounda,Diatadaokounda,12.73333,-14.2,PPL,11,,0,,,1
2252635,Diatafaka,Diatafaka,13.93333,-15.51667,PPL,16,,0,,,1
2252634,Diatal,Diatal,16.6325,-14.91342,PPL,14,,0,,,1
2252633,Diatandingkounda,Diatandingkounda,12.75806,-15.8,PPL,18,,0,,,1
2252632,Diatang,Diatang,12.92667,-16.33167,PPL,12,,0,,,1
11072096,Diatar,Diatar,16.63368,-14.91669,PPL,14,,0,,,1
2252628,Diatassaba,Diatassaba,13.58333,-14.1,PPL,05,,0,Pulaar/Fulani,clan/family name root,1
2252627,Diatbè Niadè,Diatbe Niade,15.8455,-15.8766,PPL,13,,0,,,1
2252626,Diatem,Diatem,12.46917,-16.62472,PPL,12,,0,,,1
2252625,Diati Mbaye,Diati Mbaye,15.1535,-16.7184,PPL,07,,0,,,1
2252622,Diatmel Moussa,Diatmel Moussa,14.41441,-15.75847,PPL,10,,0,,,1
2252621,Diatmi,Diatmi,15.0742,-15.9989,PPL,13,,0,,,1
13506503,Diatmoury,Diatmoury,14.52303,-16.8129,PPL,07,2248478,0,,,1
2252620,Diatok,Diatok,12.70778,-16.40611,PPL,12,,0,,,1
13504784,Diatong,Diatong,14.83893,-16.61934,PPL,03,2254315,0,,,1
2252618,Diatouma,Diatouma,13.0,-14.93333,PPL,11,,0,,,2
2252619,Diatouma,Diatouma,12.78722,-15.58444,PPL,18,,0,,,2
2252616,Diatourou Kounda,Diatourou Kounda,12.83333,-14.9,PPL,11,,0,,,1
2252615,Diattakounda,Diattakounda,12.56972,-15.68417,PPL,18,,4356,,,1
2252614,Diattamine,Diattamine,12.8,-14.38333,PPL,11,,0,,,1
2252607,Diavrigne Amari,Diavrigne Amari,15.38333,-16.61667,PPL,13,,0,,,1
2252604,Diaw Ba,Diaw Ba,12.6925,-15.99333,PPL,18,,0,Pulaar/Fulani,clan/family name root,1
2252606,Diawara,Diawara,15.02196,-12.54374,PPL,15,,7541,,,1
2252680,Diawré Kouta,DiawreKouta,14.61028,-15.91822,PPL,03,,0,,,1
2252608,Diawène,Diawene,14.85627,-15.81093,PPL,03,,0,,,1
13504688,Diawé,Diawe,14.88668,-16.74055,PPL,07,2244804,0,,,1
2252613,Diawé Sérèr,DiaweSerer,14.6167,-15.96109,PPL,03,,0,,,1
2252603,Diawéli,Diaweli,14.34528,-12.37476,PPL,05,,0,,,1
2252601,Diayane,Diayane,15.85,-16.8,PPL,14,,0,,,2
2252602,Diayane,Diayane,14.85939,-16.79003,PPL,07,,0,,,2
2252600,Diaye,Diaye,13.68333,-15.98333,PPL,11,,0,,,1
2252593,Diaye Nianbagaye,Diaye Nianbagaye,15.08333,-16.5,PPL,07,,0,,,1
2252945,Diaène Parba,Diaene Parba,15.3932,-15.2206,PPL,13,,0,Pulaar/Fulani,clan/family name root,1
2252944,Diaène Tioto,Diaene Tioto,15.40162,-15.21848,PPL,13,,0,,,1
6917797,Diaéri,Diaeri,12.4493,-12.1781,PPL,17,,0,,,1
2252916,Diaïga Tioubalo,Diaiga Tioubalo,16.4026,-14.23176,PPL,14,,0,,,1
2252592,Dibane,Dibane,14.41667,-16.36667,PPL,09,,0,,,1
2252590,Dibia,Dibia,12.7,-11.83333,PPL,17,,0,,,1
2252589,Dibiko,Dibiko,12.98333,-12.5,PPL,17,,0,,,1
2252588,Dibito,Dibito,12.73333,-14.5,PPL,11,,0,,,1
2252586,Didioré,Didiore,12.73333,-14.35,PPL,11,,0,,,1
2252587,Didé,Dide,13.97055,-12.34431,PPL,05,,0,,,1
2252582,Diedéli,Diedeli,13.1,-15.88333,PPL,18,,0,,,1
2252569,Diemballa,Diemballa,13.75,-15.41667,PPL,10,,0,,,1
2252568,Diembéreng,Diembereng,12.46889,-16.78056,PPL,12,,0,,,1
2252562,Dieminguiké,Dieminguike,12.95389,-15.10917,PPL,11,,0,,,1
2252558,Diender Guedj,Diender Guedj,14.87482,-17.0801,PPL,07,,0,,,1
2252560,Diendé,Diende,12.76861,-15.56194,PPL,18,,0,,,1
2252555,Diengi,Diengi,12.75111,-16.27639,PPL,12,,0,,,1
2247751,Diengui,Diengui,14.67439,-15.64729,PPL,09,,0,,,1
2252554,Diennbar,Diennbar,15.35,-16.01667,PPL,13,,0,,,1
2252553,Dienndé,Diennde,13.56667,-14.38333,PPL,05,,0,,,1
2252552,Dienné,Dienne,15.28333,-16.48333,PPL,07,,0,,,1
2252551,Dienné Rat,Dienne Rat,15.26667,-16.45,PPL,07,,0,,,1
2252543,Dietkougne,Dietkougne,15.25,-16.76667,PPL,07,,0,,,1
2596095,Dieuleuk,Dieuleuk,15.945,-16.48444,PPL,14,,0,,,1
2596092,Dieulé Mbam,Dieule Mbam,15.94083,-16.49528,PPL,14,,0,,,1
2252541,Difourou,Difourou,13.39218,-12.92783,PPL,05,,0,,,1
2252540,Digane,Digane,14.83333,-16.05,PPL,03,,0,,,2
2254433,Digane,Digane,14.79278,-15.98585,PPL,03,,0,,,2
2252538,Digne,Digne,15.0712,-16.2479,PPL,07,,0,,,1
2252536,Diguel,Diguel,15.18333,-16.26667,PPL,07,,0,,,1
2252533,Diguimar,Diguimar,13.65,-15.58333,PPL,10,,0,,,1
2252532,Diguine Wolof,DiguineWolof,14.79289,-15.71521,PPL,03,,0,,,1
2252535,Diguèt,Diguet,12.6775,-16.75639,PPL,12,,0,,,1
2252529,Dik Do,Dik Do,15.601,-15.093,PPL,13,,0,,,1
2252530,Dika,Dika,15.5639,-13.37906,PPL,15,,0,,,1
2252526,Dikounta,Dikounta,12.76667,-16.1,PPL,12,,0,,,1
2252528,Dikès,Dikes,12.80194,-16.20306,PPL,12,,0,,,1
2252525,Dilapao,Dilapao,12.61639,-16.38444,PPL,12,,0,,,1
2252523,Dili Loum,Dili Loum,14.41667,-15.9,PPL,09,,0,,,1
2252522,Dimar,Dimar,16.53333,-15.11667,PPL,14,,0,,,1
13504802,Dimar Kane,DimarKane,14.93293,-16.55078,PPL,03,2254315,0,,,1
2252520,Dimassane,Dimassane,12.58167,-16.73,PPL,12,,0,,,1
2252518,Dimba Siriel,Dimba Siriel,12.68333,-14.08333,PPL,11,,0,,,1
2252519,Dimbadidéré,Dimbadidere,12.7,-14.03333,PPL,11,,0,,,1
2571769,Dimbaya,Dimbaya,13.16467,-16.63362,PPL,12,,0,,,1
6586397,Dimboli,Dimboli,12.46407,-11.99561,PPL,17,,0,,,1
2252515,Dimbordé,Dimborde,15.3024,-15.3493,PPL,13,,0,,,1
2252514,Dimbou,Dimbou,14.84354,-16.26473,PPL,03,,0,,,1
2252516,Dimbéré,Dimbere,13.98333,-15.75,PPL,16,,0,,,1
2252513,Dimessira,Dimessira,14.06667,-16.6,PPL,09,,0,,,1
2252498,Dindiari,Dindiari,12.45163,-11.65073,PPL,17,,0,,,1
2247752,Dindjéli,Dindjeli,15.4077,-15.4601,PPL,13,,0,,,1
2252508,Dindoudi,Dindoudi,14.65458,-12.9352,PPL,15,,0,,,1
6647989,Dindoudi Doka,Dindoudi Doka,14.27773,-12.60769,PPL,05,,0,,,1
2252507,Dindoudi Séydi,Dindoudi Seydi,14.46667,-13.05,PPL,05,,0,,,1
2252510,Dindédié,Dindedie,14.38333,-13.4,PPL,05,,0,,,1
2252499,Dindéféllo,Dindefello,12.3816,-12.3248,PPL,17,,0,,,1
2252494,Dingala,Dingala,12.482,-12.4665,PPL,17,,0,,,1
2252500,Dinguiraye,Dinguiraye,14.97408,-16.42941,PPL,03,,0,,,3
2252502,Dinguiraye,Dinguiraye,13.3,-14.61667,PPL,11,,0,,,3
2252503,Dinguiraye,Dinguiraye,13.21667,-15.01667,PPL,11,,0,,,3
2252501,Dinguiraye Marondé,DinguirayeMaronde,14.03666,-16.12294,PPL,10,,0,,,1
13514641,Dinguiraye Youssouf,DinguirayeYoussouf,14.02703,-16.122,PPL,10,2250807,0,,,1
6659069,Dinkokono,Dinkokono,12.79665,-11.46877,PPL,17,,0,,,1
2252497,Dinndi Bala,Dinndi Bala,14.83333,-15.81667,PPL,03,,0,,,1
2252496,Dinndoudi,Dinndoudi,13.84043,-12.41984,PPL,05,,0,,,1
2252495,Dinndoudi Chédi,Dinndoudi Chedi,14.28024,-12.60872,PPL,05,,0,,,1
2252489,Dinnguiraye,Dinnguiraye,13.85,-15.86667,PPL,10,,0,,,3
2252490,Dinnguiraye,Dinnguiraye,13.23333,-14.98333,PPL,11,,0,,,3
2252491,Dinnguiraye,Dinnguiraye,13.03333,-14.56667,PPL,11,,0,,,3
2252476,Diob,Diob,14.36564,-16.59154,PPL,09,,0,,,1
13508521,Diobaye,Diobaye,14.28729,-16.44246,PPL,09,7670866,0,,,1
6648017,Diobili Foulbé,Diobili Foulbe,14.47273,-12.20522,PPL,05,,0,,,1
2252479,Diobène,Diobene,14.81667,-15.85,PPL,03,,0,,,4
2252482,Diobène,Diobene,14.56667,-16.1,PPL,03,,0,,,4
2252483,Diobène,Diobene,14.43333,-15.7,PPL,16,,0,,,4
2252484,Diobène,Diobene,12.57361,-15.6425,PPL,18,,0,,,4
2252485,Diobé,Diobe,16.49758,-14.50722,PPL,14,,0,,,1
2252474,Diofandor,Diofandor,13.82588,-16.61076,PPL,09,,0,,,1
13507465,Diofane,Diofane,14.43347,-16.57689,PPL,09,7670866,0,,,1
2252473,Diofior,Diofior,14.1899,-16.66089,PPL,09,,11312,,,1
2593142,Diogane,Diogane,13.87524,-16.64424,PPL,09,,0,,,1
2593145,Diogane Sossé,Diogane Sosse,13.86305,-16.64863,PPL,09,,0,,,1
2252471,Diogayo,Diogayo,13.8129,-16.57356,PPL,09,,0,,,1
2252470,Diognère,Diognere,12.90139,-15.90111,PPL,18,,0,,,1
2252468,Diogo,Diogo,15.3002,-16.8196,PPL,07,,0,,,2
2252469,Diogo,Diogo,14.12359,-15.50784,PPL,16,,0,,,2
6917800,Diogoma,Diogoma,12.3805,-12.3818,PPL,17,,0,,,1
2252465,Diogop,Diogop,14.88333,-14.51667,PPL,13,,0,,,1
2252464,Diogoula,Diogoula,14.18701,-12.34577,PPL,05,,0,,,1
2252463,Diogoye,Diogoye,14.56667,-16.95,PPL,07,,0,,,1
2252462,Diogué,Diogue,12.57444,-16.7525,PPL,12,,0,,,1
2252460,Diohine,Diohine,14.50282,-16.50219,PPL,09,,0,,,1
13508552,Diok,Diok,14.43596,-16.31165,PPL,09,7670866,0,,,1
2252459,Diokadou,Diokadou,13.13341,-16.11301,PPL,12,,0,,,1
2252397,Diokam,Diokam,14.55658,-16.10153,PPL,03,,0,,,1
13504789,Diokane,Diokane,14.85468,-16.56779,PPL,03,2254315,0,,,2
13507259,Diokane,Diokane,14.62057,-16.02786,PPL,03,2248699,0,,,2
2252457,Diokara,Diokara,15.51667,-16.55,PPL,13,,0,,,1
2252455,Diokdou,Diokdou,14.68411,-12.53337,PPL,05,,0,,,1
2252386,Diokhar,Diokhar,14.4165,-16.76628,PPL,07,,0,,,2
11288476,Diokhar,Diokhar,14.415,-16.766,PPL,07,,0,,,2
2252384,Diokoul,Diokoul,14.49817,-16.44296,PPL,09,,0,,,17
2252411,Diokoul,Diokoul,15.969,-15.9646,PPL,13,,0,,,17
2252440,Diokoul,Diokoul,15.78389,-16.43639,PPL,13,,0,,,17
2252441,Diokoul,Diokoul,15.63333,-16.45,PPL,13,,0,,,17
2252442,Diokoul,Diokoul,15.46667,-16.15,PPL,13,,0,,,17
2252443,Diokoul,Diokoul,15.41667,-16.35,PPL,13,,0,,,17
2252444,Diokoul,Diokoul,15.23333,-16.41667,PPL,07,,0,,,17
2252445,Diokoul,Diokoul,15.11667,-16.7,PPL,07,,0,,,17
2252447,Diokoul,Diokoul,14.73004,-16.64701,PPL,07,,0,,,17
2252448,Diokoul,Diokoul,14.71691,-17.29038,PPLX,01,,0,,,17
2252449,Diokoul,Diokoul,14.70913,-16.3491,PPL,03,,0,,,17
2252450,Diokoul,Diokoul,14.36667,-16.43333,PPL,09,,0,,,17
2252451,Diokoul,Diokoul,14.25886,-16.19262,PPL,10,,0,,,17
2252452,Diokoul,Diokoul,13.95,-15.28333,PPL,16,,0,,,17
2252453,Diokoul,Diokoul,13.83333,-15.65,PPL,16,,0,,,17
2252454,Diokoul,Diokoul,13.81667,-15.4,PPL,16,,0,,,17
13505437,Diokoul,Diokoul,14.86784,-16.336,PPL,03,2252312,0,,,17
2252439,Diokoul Diavrigne,Diokoul Diavrigne,15.3692,-16.5154,PPL,13,,0,,,1
2252438,Diokoul Mbaye,Diokoul Mbaye,15.18333,-16.53333,PPL,07,,0,,,1
2252437,Diokoul Ndiaye,Diokoul Ndiaye,15.45,-16.56667,PPL,13,,0,,,1
2252436,Diokoul Sob,Diokoul Sob,14.26667,-16.16667,PPL,10,,0,,,1
2252434,Diol,Diol,14.71667,-16.3,PPL,03,,0,,,1
2252431,Diol Ndiaye,DiolNdiaye,14.68457,-16.69674,PPL,07,,0,,,1
2252433,Diola,Diola,12.50917,-16.30083,PPL,12,,0,,,2
13505379,Diola,Diola,14.99822,-16.4901,PPL,03,2254315,0,,,2
2252432,Diolakounda,Diolakounda,13.26667,-15.8,PPL,18,,0,,,1
2252430,Dioldiolète,Dioldiolete,15.4921,-15.6185,PPL,13,,0,,,1
2252429,Dioli,Dioli,13.98333,-15.33333,PPL,16,,0,,,1
2252428,Dioli Mbaba,Dioli Mbaba,13.88333,-15.5,PPL,16,,0,Pulaar/Fulani,clan/family name root,1
13507331,Diolofira Séko,DiolofiraSeko,14.38546,-16.76326,PPL,07,2248478,0,,,1
13507318,Diolofira Sérèr,DiolofiraSerer,14.38767,-16.79044,PPL,07,2248478,0,,,1
13507320,Diolofira Wolof,DiolofiraWolof,14.38113,-16.77296,PPL,07,2248478,0,,,1
2252424,Diolol Diaoubé,Diolol Diaoube,15.83758,-13.50146,PPL,15,,0,,,1
2244043,Diolol Yalalbé,Diolol Yalalbe,15.84809,-13.50298,PPL,15,,0,,,1
2252421,Diom,Diom,15.01667,-16.05,PPL,13,,0,,,1
2252419,Diom Bassatakh,Diom Bassatakh,15.81667,-16.11667,PPL,13,,0,,,1
2252420,Diomandou,Diomandou,16.50907,-14.43406,PPL,14,,0,,,1
2252414,Diomegueul,Diomegueul,14.33333,-16.63333,PPL,09,,0,,,1
2252412,Diomgandou-Diéri,Diomgandou-Dieri,16.49362,-14.39813,PPL,14,,0,,,1
2247713,Diomkhél,Diomkhel,14.64737,-16.31028,PPL,03,,0,,,2
2252401,Diomkhél,Diomkhel,14.2087,-16.13177,PPL,10,,0,,,2
2247981,Diomkhél Peul,DiomkhelPeul,14.19784,-16.12541,PPL,10,,0,,,1
2252410,Diomoye,Diomoye,15.4785,-16.0875,PPL,13,,0,,,1
2252409,Diondène,Diondene,12.85722,-16.12806,PPL,12,,0,,,1
2252486,Dionewar,Dionewar,13.88792,-16.72997,PPL,09,,0,,,1
2252407,Dionfana,Dionfana,12.9,-14.88333,PPL,11,,0,,,1
2252406,Diongo,Diongo,14.85532,-16.21096,PPL,03,,0,,,1
2252405,Diongol,Diongol,13.04468,-16.30206,PPL,12,,0,,,1
2252403,Dionguer,Dionguer,12.91083,-15.90694,PPL,18,,0,,,1
2252400,Diongui,Diongui,16.17134,-13.98326,PPL,14,,0,,,1
2252399,Dionvelli,Dionvelli,13.85,-15.8,PPL,10,,0,,,1
2252398,Diop,Diop,14.4997,-16.6263,PPL,07,,0,,,1
2252396,Diop Diofène,Diop Diofene,14.33333,-16.6,PPL,09,,0,,,1
2252394,Diop Kounda,Diop Kounda,13.26667,-15.75,PPL,18,,0,,,2
2252395,Diop Kounda,Diop Kounda,12.86722,-15.28333,PPL,18,,0,,,2
2248110,Diop Ndofène,DiopNdofene,14.39564,-16.53783,PPL,09,,0,,,1
2252392,Dior,Dior,15.1,-16.5,PPL,07,,0,,,1
2252391,Dioral,Dioral,14.34195,-16.4821,PPL,09,,0,,,1
2252390,Diorbivol,Diorbivol,16.10251,-13.70132,PPL,14,,0,,,1
6645344,Diorbivol Station,Diorbivol Station,16.1166,-13.71983,PPL,14,,0,,,1
2252388,Diorel Assana,Diorel Assana,14.31667,-13.51667,PPL,05,,0,,,1
2252385,Diorhor,Diorhor,16.11833,-15.99111,PPL,14,,0,,,1
2252383,Diori,Diori,15.3822,-15.112,PPL,13,,0,,,1
2252382,Diorno,Diorno,16.16139,-16.06444,PPL,14,,0,,,1
2252381,Dioro,Dioro,15.38333,-16.03333,PPL,13,,0,,,1
13505482,Diorou,Diorou,14.86765,-16.47662,PPL,03,2254315,0,,,1
2252387,Diorène,Diorene,13.23333,-14.66667,PPL,11,,0,,,1
2596002,Dios Peul,Dios Peul,16.19722,-16.36333,PPL,14,,0,,,1
2252378,Diossong,Diossong,13.92952,-16.33449,PPL,09,,0,,,1
2252375,Diouane,Diouane,15.15,-16.48333,PPL,07,,0,,,1
13507030,Dioub Sérèr,DioubSerer,14.54345,-16.34978,PPL,09,7670866,0,,,1
13506979,Dioub Toucouleur,DioubToucouleur,14.54563,-16.37105,PPL,09,7670866,0,,,1
2252371,Dioubour,Dioubour,12.66667,-16.13333,PPL,12,,0,,,1
2252372,Dioubène Taïba,Dioubene Taiba,13.9,-15.53333,PPL,16,,0,Pulaar/Fulani,clan/family name root,1
2252374,Dioubéla,Dioubela,13.75531,-12.11091,PPL,05,,0,,,1
2252373,Dioubéne Diaklé,Dioubene Diakle,13.88333,-15.55,PPL,16,,0,,,1
13554075,Dioud Nguel Deux,DioudNguelDeux,14.36001,-15.57664,PPL,16,2251008,0,,,1
2252320,Dioud Nguel Un,DioudNguelUn,14.35452,-15.58201,PPL,16,,0,,,1
2252408,Dioud Nguèl,DioudNguel,14.42449,-16.00889,PPL,09,,0,,,1
2252370,Dioude,Dioude,16.58333,-14.86667,PPL,14,,0,,,1
2252368,Dioudian Kalou,Dioudian Kalou,13.0838,-16.02557,PPL,12,,0,,,1
2252367,Dioudian Kantapor,Dioudian Kantapor,13.06222,-16.04199,PPL,12,,0,,,1
2252363,Dioudiourinndé,Dioudiourinnde,12.62944,-15.41333,PPL,18,,0,,,1
2252362,Dioudoubou,Dioudoubou,12.70972,-15.48083,PPL,18,,0,,,1
13554027,Dioudy Peul,DioudyPeul,14.46265,-15.8995,PPL,09,2251492,0,,,1
2252369,Dioudé Diabé,Dioude Diabe,16.32727,-13.98221,PPL,14,,0,,,1
2252361,Dioufana,Dioufana,12.92306,-15.24917,PPL,18,,0,Wolof,clan/family name root,1
13554040,Dioufène,Dioufene,14.42042,-15.93988,PPL,09,2251492,0,Wolof,clan/family name root,1
13507311,Diougal Wolof,DiougalWolof,14.68766,-16.08822,PPL,03,2252312,0,,,1
13506491,Diougane,Diougane,14.69801,-16.91733,PPL,07,2244804,0,,,1
2252355,Diougol,Diougol,12.5071,-12.6408,PPL,17,,0,,,1
2252356,Diougol Diara,Diougol Diara,12.48333,-12.6,PPL,17,,0,,,1
2596027,Diougop Peul,Diougop Peul,16.04861,-16.42611,PPL,14,,0,,,1
2252354,Diouguel,Diouguel,14.4,-14.41667,PPL,05,,0,,,1
2252350,Diougueul Sanarabé,Diougueul Sanarabe,15.4236,-14.3939,PPL,15,,0,,,1
2252352,Diouguène,Diouguene,15.38333,-16.13333,PPL,13,,0,,,1
2252349,Diouk,Diouk,16.01111,-16.4725,PPL,14,,0,,,1
2252347,Diouking,Diouking,12.53833,-15.8625,PPL,18,,0,,,1
2252345,Dioukoul Sob,Dioukoul Sob,14.3,-16.2,PPL,10,,0,,,1
2252344,Dioulacolon,Dioulacolon,12.81667,-14.86667,PPL,11,,0,,,1
6658884,Dioulafoundou,Dioulafoundou,12.80106,-11.8672,PPL,17,10779432,0,,,1
2252343,Dioulagueul Banta,Dioulagueul Banta,13.21667,-14.43333,PPL,11,,0,,,1
2252342,Dioulangueul,Dioulangueul,13.9,-13.3,PPL,05,,0,,,1
2252339,Dioulmake Diabel,Dioulmake Diabel,14.38333,-14.85,PPL,16,,0,,,1
2252337,Dioulou Kogné,Dioulou Kogne,14.95,-15.75,PPL,13,,0,,,1
2252336,Diouloulou,Diouloulou,13.05009,-16.59978,PPL,12,,5920,,,1
2252324,Dioum Diaré,Dioum Diare,13.83333,-13.13333,PPL,05,,0,,,1
2252331,Diouma,Diouma,14.63333,-16.18333,PPL,03,,0,,,1
2252327,Diouma Ndiaguel,Diouma Ndiaguel,15.7534,-15.7748,PPL,13,,0,,,1
2252330,Dioumana Bakari Baldé,Dioumana Bakari Balde,13.03333,-15.13333,PPL,11,,0,,,1
2252329,Dioumana Bakari Pata,Dioumana Bakari Pata,13.06667,-15.11667,PPL,11,,0,,,1
2252328,Dioumanan,Dioumanan,15.2797,-14.6017,PPL,13,,0,,,1
2252326,Dioumanegar,Dioumanegar,14.01667,-16.61667,PPL,09,,0,,,1
13554074,Dioumâda,Dioumada,14.3692,-15.65088,PPL,16,2251008,0,,,1
2252321,Dioung,Dioung,14.76667,-16.95,PPL,07,,0,,,2
13504764,Dioung,Dioung,14.91373,-16.57258,PPL,03,2254315,0,,,2
13554079,Dioungui Kandiané,DiounguiKandiane,14.31258,-15.46048,PPL,16,2251008,0,,,1
2252319,Diounkoré,Diounkore,13.71667,-13.68333,PPL,05,,0,,,1
2252318,Diounkoré Dutou,Diounkore Dutou,13.7,-13.66667,PPL,05,,0,,,1
2252317,Diounougé,Diounouge,12.91667,-16.37417,PPL,12,,0,,,1
2252316,Diountou Guéyène,Diountou Gueyene,14.05,-14.83333,PPL,16,,0,,,1
2571789,Diouonkène,Diouonkene,13.15632,-16.1703,PPL,12,,0,,,1
2252315,Diouragon,Diouragon,12.945,-15.90139,PPL,18,,0,,,1
2252314,Dioural,Dioural,15.2098,-15.6136,PPL,13,,0,,,1
2252313,Diourane,Diourane,14.71667,-16.45,PPL,03,,0,,,1
2252309,Diourbel,Diourbel,14.64792,-16.24363,PPLA,03,,157554,,,2
2252310,Diourbel,Diourbel,14.23333,-16.18333,PPL,10,,0,,,2
2252306,Diourki,Diourki,14.83333,-14.81667,PPL,13,,0,,,1
2252305,Diourmel,Diourmel,15.4,-16.76667,PPL,07,,0,,,1
2252304,Diourou,Diourou,12.80222,-16.27306,PPL,12,,0,,,1
2252302,Diouroup,Diouroup,14.36713,-16.52536,PPL,09,,0,,,1
13514624,Diouroup Famak,DiouroupFamak,14.34926,-16.53026,PPL,09,7670866,0,,,1
2252338,Diouroup Ndoundour,DiouroupNdoundour,14.34341,-16.52409,PPL,09,,0,,,1
2252301,Diourourou,Diourourou,13.05,-15.75,PPL,18,,0,,,1
2593140,Diouré,Dioure,13.90159,-16.64746,PPL,09,,0,,,1
2252299,Dioutabassi,Dioutabassi,13.61667,-14.01667,PPL,05,,0,,,1
2252461,Diowguel,Diowguel,16.09892,-13.69629,PPL,14,,0,,,1
2252296,Dioyal,Dioyal,12.96667,-13.75,PPL,11,,0,,,1
2252475,Dioère,Dioere,12.45694,-16.41944,PPL,12,,0,,,1
2252295,Dirimaro,Dirimaro,13.08333,-14.4,PPL,11,,0,,,1
2252294,Dirimbodial,Dirimbodial,16.07771,-13.79785,PPL,14,,0,,,1
2252293,Dirimé,Dirime,13.61667,-13.86667,PPL,05,,0,,,1
13552817,Diroye,Diroye,14.69828,-15.93877,PPL,03,2248699,0,,,1
13658782,Ditéli,Diteli,13.1058,-16.06038,PPL,12,2253903,0,,,1
2252290,Diwane,Diwane,14.97652,-16.11803,PPL,13,,0,,,1
2252998,Diâba,Diaba,16.0383,-13.73095,PPL,14,,0,Pulaar/Fulani,clan/family name root,1
2252997,Diâba Déklé,Diaba Dekle,16.0551,-13.76202,PPL,14,,0,,,1
2252991,Diâba Maoundé,Diaba Maounde,16.05845,-13.76896,PPL,14,,0,,,1
13551637,Diâbi,Diabi,14.81464,-15.4981,PPL,03,2248699,0,,,1
2252981,Diâbèl,Diabel,14.58646,-15.57412,PPL,09,,0,,,1
2252671,Diâranguel,Diaranguel,16.21319,-13.92526,PPL,14,,0,,,1
13509326,Dièmoul,Diemoul,14.1822,-16.09465,PPL,10,2250807,0,,,1
2252559,Dièndér,Diender,14.45754,-16.11256,PPL,09,,0,,,1
2252557,Diène,Diene,15.03333,-16.35,PPL,07,,0,,,1
2252585,Diéba,Dieba,12.81667,-14.91667,PPL,11,,0,Pulaar/Fulani,clan/family name root,1
2252584,Diébel Loro,Diebel Loro,15.3,-16.08333,PPL,13,,0,,,1
13658806,Diédiel,Diediel,13.01216,-16.20247,PPL,12,2253903,0,,,1
2252579,Diégoun,Diegoun,12.83667,-16.3675,PPL,12,,0,,,1
2252722,Diégue,Diegue,15.64452,-13.39646,PPL,15,,0,,,1
2252578,Diégué,Diegue,13.01936,-16.18893,PPL,12,,0,,,1
13504702,Diékinane,Diekinane,14.96707,-16.50547,PPL,03,2254315,0,,,1
2252577,Diéla,Diela,15.24296,-12.89888,PPL,15,,0,,,1
2252576,Diélani,Dielani,13.91106,-12.69451,PPL,05,,0,,,1
2595941,Diéleuk Peul,Dieleuk Peul,14.96778,-17.03785,PPL,07,,0,,,1
2247796,Diéleuk Wolof,Dieleuk Wolof,14.96997,-17.03292,PPL,07,,0,,,1
2252574,Diéling,Dieling,14.62164,-16.8158,PPL,07,,0,,,1
2252572,Diélinkine,Dielinkine,13.08055,-16.08178,PPL,12,,0,,,2
2252573,Diélinkine,Dielinkine,13.05962,-16.10069,PPL,12,,0,,,2
2252570,Diélmon,Dielmon,13.72604,-16.41302,PPL,09,,0,,,1
2252285,Diélé,Diele,15.2343,-15.6421,PPL,13,,0,,,1
2252575,Diélékénoum,Dielekenoum,12.51667,-16.41667,PPL,12,,0,,,1
2595545,Diémbès,Diembes,14.73432,-17.11675,PPLX,07,,0,,,1
2252563,Diémi,Diemi,12.95,-16.0,PPL,12,,0,,,1
2252561,Diémoul,Diemoul,15.2287,-16.3366,PPL,07,,0,,,1
2252565,Diémékounda,Diemekounda,12.86667,-15.23333,PPL,18,,0,,,1
13658727,Diénoukounda,Dienoukounda,13.14381,-16.5635,PPL,12,2253903,0,,,1
2252550,Diénoun Diala,Dienoun Diala,13.21667,-13.11667,PPL,05,,0,,,1
13504586,Diéné,Diene,14.91372,-16.8391,PPL,07,2244388,0,,,1
2252547,Diéri Birane,Dieri Birane,15.3919,-15.3585,PPL,13,,0,,,1
2252546,Diéri Douga,Dieri Douga,16.43187,-14.42599,PPL,14,,0,,,1
2252545,Diéri Kao,Dieri Kao,13.61667,-15.58333,PPL,10,,0,,,1
2252549,Diéré,Diere,14.9,-16.45,PPL,03,,0,,,2
13505427,Diéré,Diere,14.9913,-16.3086,PPL,03,2252312,0,,,2
2252389,Diôrel,Diorel,14.7547,-16.35024,PPL,03,,0,,,1
2252287,Djambou,Djambou,14.71667,-15.56667,PPL,09,,0,,,1
2248568,Djamé,Djame,14.67016,-15.59566,PPL,09,,0,,,1
6917794,Djendji,Djendji,12.6758,-12.1775,PPL,17,,0,,,1
2252283,Djené,Djene,14.55,-15.75,PPL,09,,0,,,1
2252280,Djibabouya,Djibabouya,12.79194,-15.96778,PPL,18,,0,,,1
2252277,Djibakounda,Djibakounda,13.3952,-12.4311,PPL,05,,0,,,1
2252278,Djibakéné,Djibakene,13.05,-15.26667,PPL,18,,0,,,1
13658729,Djibali,Djibali,13.05982,-16.59562,PPL,12,2253903,0,,,1
2252275,Djibanar,Djibanar,12.54556,-16.25917,PPL,12,,0,,,2
2252276,Djibanar,Djibanar,12.5425,-15.81056,PPL,18,,0,,,2
2251268,Djibara,Djibara,13.10268,-16.4087,PPL,12,,0,,,1
2252274,Djibaya,Djibaya,14.23832,-16.01151,PPL,10,,0,,,1
2252269,Djibiam,Djibiam,13.07023,-16.28161,PPL,12,,0,,,1
2252270,Djibidione,Djibidione,13.06173,-16.2623,PPL,12,,0,,,1
2252268,Djibohère,Djibohere,12.53333,-16.35,PPL,12,,0,,,1
2252267,Djibonker,Djibonker,12.53333,-16.35,PPL,12,,0,,,1
2252273,Djibélor,Djibelor,12.55528,-16.325,PPL,12,,0,,,1
2252271,Djibélor Baïnouk,Djibelor Bainouk,12.55,-16.3,PPL,12,,0,,,1
13551156,Djibéré Diamwéli,DjibereDiamweli,14.90168,-15.89209,PPL,03,2248699,0,,,1
2252265,Djida,Djida,14.2162,-15.10194,PPL,16,,0,,,4
2252266,Djida,Djida,13.41667,-14.9,PPL,11,,0,,,4
2571742,Djida,Djida,13.59461,-16.37127,PPL,09,,0,,,4
13554685,Djida,Djida,14.14479,-15.42325,PPL,16,2251008,0,,,4
2252264,Djidadji,Djidadji,12.54139,-15.43611,PPL,11,,0,,,1
11101623,Djidah thiaroye kao,Djidah thiaroye kao,14.76277,-17.38385,PPL,01,,0,,,1
2252263,Djidje Kounda,Djidje Kounda,13.75,-13.66667,PPL,05,,0,,,1
2252261,Djifanga,Djifanga,13.16339,-16.19128,PPL,12,,0,,,1
2252260,Djifangor,Djifangor,12.56583,-16.22528,PPL,12,,0,,,1
2252258,Djifine Téko,Djifine Teko,13.13333,-15.23333,PPL,11,,0,,,1
2252259,Djifèr,Djifer,13.93715,-16.76248,PPL,09,,0,,,1
2252256,Djigane,Djigane,13.93333,-15.36667,PPL,16,,0,,,1
2252255,Djigirone,Djigirone,12.99417,-15.9675,PPL,12,,0,,,1
2252254,Djigné,Djigne,15.01667,-16.83333,PPL,07,,0,,,1
2252253,Djigoyèr,Djigoyer,13.13944,-16.14526,PPL,12,,0,,,1
2252250,Djiguinoume,Djiguinoume,12.67361,-16.19694,PPL,12,,0,,,1
2252249,Djiguipoum,Djiguipoum,12.73333,-16.05,PPL,12,,0,,,1
2252248,Djiguirone,Djiguirone,13.10512,-16.24691,PPL,12,,0,,,1
2252247,Djihaba,Djihaba,12.67444,-15.51778,PPL,18,,0,Pulaar/Fulani,clan/family name root,1
2252246,Djiké,Djike,15.2743,-15.8754,PPL,13,,0,,,1
2252244,Djilakh,Djilakh,14.5243,-16.88775,PPL,07,,0,,,2
2595466,Djilakh,Djilakh,14.62779,-17.10339,PPL,07,,0,,,2
2251247,Djilakoun,Djilakoun,13.08559,-16.52058,PPL,12,,0,,,1
2252243,Djilakounda,Djilakounda,13.15404,-16.25497,PPL,12,,0,,,1
2252241,Djilakoune,Djilakoune,12.65444,-16.21361,PPL,12,,0,,,1
2252240,Djilakoune Boundao,Djilakoune Boundao,12.65,-16.21667,PPL,12,,0,,,1
2252239,Djilanfalé,Djilanfale,13.16374,-16.1418,PPL,12,,0,,,1
2252238,Djilas,Djilas,14.24994,-16.63364,PPL,09,,0,,,1
2252236,Djililo,Djililo,12.45,-16.28333,PPL,12,,0,,,1
2252235,Djilondine,Djilondine,12.91667,-16.26667,PPL,12,,0,,,1
2252234,Djilonguéa,Djilonguea,12.8775,-15.98444,PPL,12,,0,,,1
2251243,Djilor,Djilor,14.11607,-16.6573,PPL,09,,0,,,2
2252233,Djilor,Djilor,14.0576,-16.33434,PPL,09,,0,,,2
2251246,Djilékhar,Djilekhar,13.87349,-16.09718,PPL,10,,0,,,1
2252231,Djimakakor,Djimakakor,12.8175,-16.29194,PPL,12,,0,,,1
2252230,Djimandé,Djimande,12.785,-16.39667,PPL,12,,0,,,1
2252229,Djimassar,Djimassar,12.55417,-15.72222,PPL,18,,0,,,1
2252228,Djimbana,Djimbana,12.50944,-15.70028,PPL,18,,0,,,1
2252226,Djimbé,Djimbe,14.61795,-12.1661,PPL,05,,0,,,1
2593152,Djinak Bara,Djinak Bara,13.60111,-16.54889,PPL,09,,0,,,1
2252224,Djinak Diatako,Djinak Diatako,13.60188,-16.54092,PPL,09,,0,,,1
2252222,Djinake,Djinake,12.94667,-16.46278,PPL,12,,0,,,1
2252223,Djinakh,Djinakh,15.36667,-16.55,PPL,13,,0,,,1
13658811,Djinal,Djinal,13.02721,-16.17565,PPL,12,2253903,0,,,1
2252221,Djinani I,Djinani I,13.23333,-15.73333,PPL,18,,0,,,1
2252220,Djinani II,Djinani II,13.21667,-15.56667,PPL,18,,0,,,1
2252219,Djindé,Djinde,12.76667,-15.56667,PPL,18,,0,,,1
2252218,Djinimine,Djinimine,12.96611,-16.575,PPL,12,,0,,,1
2252217,Djiniper,Djiniper,13.06667,-15.88333,PPL,18,,0,,,1
2252216,Djinnthiang,Djinnthiang,15.36323,-12.95073,PPL,15,,0,,,1
2252214,Djinokouna,Djinokouna,12.56667,-16.15778,PPL,12,,0,,,1
2251237,Djinol,Djinol,13.0003,-16.39899,PPL,12,,0,,,2
13658745,Djinol,Djinol,13.00647,-16.37615,PPL,12,2253903,0,,,2
2252213,Djinonaye,Djinonaye,12.98333,-16.13333,PPL,12,,0,,,1
2251224,Djinoungué,Djinoungue,13.02227,-16.31938,PPL,12,,0,,,1
2252212,Djioundji,Djioundji,13.08945,-16.20832,PPL,12,,0,,,1
2252211,Djipakoum,Djipakoum,12.91306,-16.0625,PPL,12,,0,,,1
2252209,Djirak,Djirak,12.35889,-16.62611,PPL,12,,0,,,1
2251218,Djiral,Djiral,13.09957,-16.32911,PPL,12,,0,,,1
6917776,Djirine,Djirine,12.5513,-12.7901,PPL,17,,0,,,1
2252207,Djirnda,Djirnda,13.98015,-16.60799,PPL,09,,0,,,1
2252206,Djiromaït,Djiromait,12.5475,-16.52778,PPL,12,,0,,,1
2251215,Djirèm,Djirem,13.02466,-16.26355,PPL,12,,0,,,1
2252208,Djirédi,Djiredi,12.61611,-15.78611,PPL,18,,0,,,1
13658193,Djissa Aliou,Djissa Aliou,13.80691,-16.18809,PPL,10,2247158,0,,,1
13658226,Djissa Sadio,Djissa Sadio,13.82115,-16.18814,PPL,10,2247158,0,,,1
2252205,Djita,Djita,14.37543,-12.22578,PPL,05,,0,,,1
13658739,Djiter,Djiter,13.1129,-16.30973,PPL,12,2253903,0,,,1
2252204,Djitoukoubon,Djitoukoubon,12.80417,-16.17944,PPL,12,,0,,,1
2252203,Djiva,Djiva,12.81667,-16.2,PPL,12,,0,,,1
2252262,Djièye,Djieye,13.11031,-16.21573,PPL,12,,0,,,1
2252195,Djoumbel,Djoumbel,12.935,-16.31722,PPL,12,,0,,,1
2252297,Djowel Ouorgo,Djowel Ouorgo,16.04747,-13.38082,PPL,15,,0,,,1
2252194,Djringoumane,Djringoumane,12.85528,-16.01806,PPL,12,,0,,,1
2252580,Djégou,Djegou,13.25989,-11.88351,PPL,17,,0,,,1
2252284,Djéné,Djene,14.5,-15.71667,PPL,10,,0,,,1
2252193,Dobour,Dobour,14.63819,-17.03289,PPL,07,,0,,,1
2252192,Dodel,Dodel,16.48549,-14.42846,PPL,14,,0,,,1
2252191,Dodji,Dodji,15.5315,-14.9517,PPL,13,,0,,,1
2252187,Doga,Doga,13.73333,-13.96667,PPL,05,,0,,,2
2253393,Doga,Doga,14.83168,-15.50962,PPL,03,,0,,,2
2252186,Dogade,Dogade,14.9798,-15.79831,PPL,13,,0,,,1
2252185,Dogakè,Dogake,15.3542,-15.7614,PPL,13,,0,,,1
13504728,Dogal Fal,DogalFal,14.9742,-16.558,PPL,03,2254315,0,,,1
2252181,Dogol,Dogol,15.58333,-16.1,PPL,13,,0,,,1
2252152,Dogui Dombi,Dogui Dombi,16.26959,-14.07099,PPL,14,,0,,,1
13507464,Dokh,Dokh,14.39061,-16.66065,PPL,09,7670866,0,,,1
2252173,Dokhali,Dokhali,15.5152,-15.8829,PPL,13,,0,,,2
2252174,Dokhali,Dokhali,15.4831,-15.8385,PPL,13,,0,,,2
2252179,Doladji,Doladji,15.1732,-15.8914,PPL,13,,0,,,1
2252169,Doli,Doli,14.78555,-15.82869,PPL,03,,0,,,1
2252166,Dolol,Dolol,15.57985,-13.09001,PPL,15,,0,,,1
2252164,Domak,Domak,14.73333,-14.83333,PPL,13,,0,,,1
2252418,Domb,Domb,14.6534,-16.27529,PPL,03,,0,,,1
13507052,Domb Ndiagne,DombNdiagne,14.66526,-16.2838,PPL,03,2252312,0,,,1
2252163,Dombondir,Dombondir,13.13656,-16.69289,PPL,12,,0,,,1
2252162,Donaye,Donaye,16.63982,-14.86852,PPL,14,,0,,,1
2252159,Donbondir,Donbondir,13.13611,-16.69528,PPL,12,,0,,,1
2252156,Dongo,Dongo,15.2036,-15.4915,PPL,13,,0,,,1
6917786,Dongol Nialbi,Dongol Nialbi,12.5005,-12.4949,PPL,17,,0,,,1
2252155,Dongoli,Dongoli,15.86667,-13.85,PPL,15,,0,,,1
2252153,Dongoro,Dongoro,13.65,-15.63333,PPL,10,,0,,,2
2252154,Dongoro,Dongoro,13.3,-15.48333,PPL,18,,0,,,2
2252149,Doni Taïf,Doni Taif,14.86667,-15.63333,PPL,09,,0,,,1
2252145,Doro,Doro,15.7224,-15.3628,PPL,13,,0,,,1
2252144,Doubel,Doubel,14.41667,-14.75,PPL,16,,0,,,1
2252143,Doubel Badiel,Doubel Badiel,12.46667,-12.6,PPL,17,,0,,,1
2252142,Doubel Baïdi Cissé,Doubel Baidi Cisse,14.51215,-12.99914,PPL,05,,0,,,1
2252141,Doubi,Doubi,14.40176,-12.95001,PPL,05,,0,,,1
2252140,Doubirou,Doubirou,13.18333,-14.23333,PPL,11,,0,,,1
2252139,Doubourou,Doubourou,13.82835,-16.12216,PPL,10,,0,,,1
2252137,Doudam,Doudam,14.38398,-16.51109,PPL,09,,0,,,1
2252138,Doudame,Doudame,12.38333,-16.51667,PPL,12,,0,,,1
13504771,Doudoul,Doudoul,14.8295,-16.64516,PPL,07,2244804,0,,,1
2252133,Dougal,Dougal,12.9,-13.7,PPL,11,,0,,,1
2252184,Dougar,Dougar,14.71579,-17.15998,PPL,01,,0,,,1
2595218,Dougar Deuxiéme,Dougar Deuxieme,14.70029,-17.1628,PPL,01,,0,,,1
8541567,Dougar Kadaga,Dougar Kadaga,14.69348,-17.1556,PPL,01,,0,,,1
2595632,Dougar Peul,Dougar Peul,14.71414,-17.16131,PPL,01,,0,,,1
2595625,Dougar-Ouest,Dougar-Ouest,14.70306,-17.16278,PPL,01,,0,,,1
2252132,Dougnane,Dougnane,14.95856,-16.86999,PPL,07,,69556,,,1
2252131,Dougou,Dougou,16.35509,-14.20314,PPL,14,,0,,,2
6645343,Dougou,Dougou,16.14866,-13.72474,PPL,14,,0,,,2
2252130,Dougoubène,Dougoubene,14.13333,-15.58333,PPL,16,,0,,,1
13507284,Dougoul Peul,DougoulPeul,14.61293,-16.09789,PPL,03,2252312,0,,,1
13507232,Dougoul Samba Guènt,DougoulSambaGuent,14.6229,-16.11725,PPL,03,2252312,0,,,1
13514617,Dougoul Sérèr,DougoulSerer,14.59018,-16.11411,PPL,03,2252312,0,,,1
2252129,Dougoul Wolof,DougoulWolof,14.60464,-16.11445,PPL,03,,0,,,1
2252128,Dougouné,Dougoune,13.06667,-16.26667,PPL,12,,0,,,2
13658742,Dougouné,Dougoune,13.06824,-16.42737,PPL,12,2253903,0,,,2
2252126,Dougué,Dougue,13.98794,-12.66835,PPL,05,,0,,,1
2252122,Doulayel,Doulayel,12.83333,-14.88333,PPL,11,,0,,,1
2252120,Douloubal,Douloubal,16.01857,-13.45259,PPL,15,,0,,,1
2252119,Doulouyabé,Doulouyabe,14.09929,-12.6115,PPL,05,,0,,,1
6659087,Doumakhia,Doumakhia,12.49645,-11.49797,PPL,17,,0,,,1
2252115,Doumga,Doumga,16.33294,-14.22137,PPL,14,,0,,,1
2252113,Doumga Bosséré,Doumga Bossere,15.86641,-13.46901,PPL,15,,0,,,1
2252114,Doumga Ouro Alfa,Doumga Ouro Alfa,15.83038,-13.45144,PPL,15,,0,,,1
2252112,Doumga Ouro Tierno,Doumga Ouro Tierno,15.84641,-13.46269,PPL,15,,0,,,1
2596031,Doun,Doun,15.94751,-16.50337,PPL,14,,0,,,1
2252108,Doundodji,Doundodji,15.4701,-15.1981,PPL,13,,0,,,1
2252107,Doundodji Guèyène,Doundodji Gueyene,15.4746,-15.1845,PPL,13,,0,,,1
2252106,Doundodji Nianguène,Doundodji Nianguene,15.4672,-15.1774,PPL,13,,0,,,1
2252105,Doundodji Tiako,Doundodji Tiako,15.4795,-15.1963,PPL,13,,0,,,1
2252103,Doundoun Latié,Doundoun Latie,15.5442,-14.8848,PPL,13,,0,,,1
2252104,Doundoun-Djolof,Doundoun-Djolof,15.5539,-14.8871,PPL,13,,0,,,1
2252111,Doundé,Dounde,14.29813,-12.23818,PPL,05,,0,,,1
2252110,Doundé Bagué,Dounde Bague,14.63261,-12.92719,PPL,15,,0,,,1
2252109,Doundé Koussem,Dounde Koussem,15.08752,-12.9003,PPL,15,,0,,,1
2252101,Dounguel,Dounguel,16.34121,-14.02785,PPL,14,,0,,,2
2252102,Dounguel,Dounguel,14.64647,-16.83125,PPL,07,,0,,,2
2252147,Dounkita,Dounkita,12.45535,-11.91446,PPL,17,,0,,,1
2252099,Dounoubel,Dounoubel,14.48333,-13.71667,PPL,15,,0,,,1
2252095,Doupi Doro,Doupi Doro,14.7,-13.75,PPL,15,,0,,,1
13504638,Douram,Douram,14.91291,-16.55802,PPL,03,2254315,0,,,1
2252094,Dourou,Dourou,12.50417,-16.37417,PPL,12,,0,,,1
2252093,Douroubaléfoutou,Douroubalefoutou,13.0,-14.23333,PPL,11,,0,,,1
2252092,Doussoudi,Doussoudi,15.73333,-13.85,PPL,15,,0,,,1
6659100,Douta,Douta,13.01903,-11.87755,PPL,17,,0,,,1
2252090,Douta Diara Samba Balde,Douta Diara Samba Balde,13.05,-14.55,PPL,11,,0,,,1
13507008,Doutki,Doutki,14.68768,-16.47494,PPL,03,2254315,0,,,1
2252089,Doutoto,Doutoto,13.61667,-13.85,PPL,05,,0,,,1
2252136,Doué,Doue,16.63333,-15.05,PPL,14,,0,,,1
2252088,Doyal,Doyal,15.2,-16.53333,PPL,07,,0,,,1
2252087,Doyoli,Doyoli,14.45463,-16.02228,PPL,09,,0,,,2
13507210,Doyoli,Doyoli,14.65917,-16.05059,PPL,03,2248699,0,,,2
2252085,Dramé Dimbou,Drame Dimbou,13.6,-15.96667,PPL,10,,0,,,1
2252082,Duambouti,Duambouti,14.81667,-16.31667,PPL,03,,0,,,1
2253000,Dya,Dya,14.23932,-16.16753,PPL,10,,0,,,1
2253070,Dèbolaté,Debolate,15.4769,-15.9458,PPL,13,,0,,,1
2253055,Dèk Lès,Dek Les,15.5476,-15.1213,PPL,13,,0,,,1
2253053,Dèk Rèye,Dek Reye,15.6026,-15.4579,PPL,13,,0,,,1
2253049,Dèm,Dem,14.85,-16.1,PPL,03,,0,,,1
2595643,Dèni Baboukar Diop,Deni Baboukar Diop,14.73783,-17.17689,PPL,01,,0,,,1
2253025,Dèni Biram Ndaw,Deni Biram Ndaw,14.84872,-17.17343,PPL,01,,0,,,1
2595857,Dèni Guèdj,Deni Guedj,14.84066,-17.20094,PPL,01,,0,,,3
2595858,Dèni Guèdj,Deni Guedj,14.85521,-17.19122,PPL,01,,0,,,3
2595860,Dèni Guèdj,Deni Guedj,14.86777,-17.19803,PPL,01,,0,,,3
2253023,Dèni Malik Guèye,Deni Malik Gueye,14.74226,-17.18295,PPL,01,,0,,,1
2253024,Dèni Ndiarkhéth,Deni Ndiarkheth,14.72158,-17.18371,PPL,01,,0,,,1
2253022,Dèni Niaye,Deni Niaye,14.84365,-17.18038,PPL,01,,0,,,1
2595877,Dèni Youssou,Deni Youssou,14.76395,-17.15549,PPL,01,,0,,,1
2253001,Dèye Sangou,DeyeSangou,14.7535,-15.97824,PPL,03,,0,,,1
2253075,Déali,Deali,15.0509,-15.7156,PPL,13,,0,,,1
2253071,Débi,Debi,16.46722,-16.28667,PPL,14,,0,,,1
2253069,Débou Diaoubé,Debou Diaoube,14.29696,-12.22472,PPL,05,,0,,,1
2253068,Débou Fadéla,Debou Fadela,14.33252,-12.2503,PPL,05,,0,,,1
2253067,Dédali,Dedali,15.2852,-15.9906,PPL,13,,0,,,1
2253066,Dédané Sékou Drané,Dedane Sekou Drane,13.45,-15.03333,PPL,11,,0,,,1
2253065,Dédiorou,Dediorou,14.46667,-13.68333,PPL,15,,0,,,1
2253063,Dégou Niaye,Degou Niaye,15.82444,-16.51861,PPL,13,,0,,,1
13553448,Déguère Deux,DeguereDeux,14.5514,-15.68754,PPL,09,2251492,0,,,1
2244882,Déiba,Deiba,15.35922,-13.10118,PPL,15,,0,Pulaar/Fulani,clan/family name root,1
2253012,Dékhaye,Dekhaye,14.46654,-15.84292,PPL,09,,0,,,1
2252891,Dékheulé,Dekheule,15.3948,-16.1022,PPL,13,,0,,,1
2253057,Dékébré,Dekebre,15.2839,-15.3078,PPL,13,,0,,,1
13554052,Délé,Dele,14.26849,-15.83378,PPL,10,10778869,0,,,1
2253047,Démadou,Demadou,15.3024,-15.3241,PPL,13,,0,,,1
2253032,Démissira,Demissira,13.91667,-15.16667,PPL,16,,0,,,1
2253029,Démousso Kounda,Demousso Kounda,13.21667,-13.78333,PPL,11,,0,,,1
2252564,Démèt,Demet,16.56442,-14.28065,PPL,14,,3042,,,1
2253026,Déndoudi,Dendoudi,15.4,-13.53333,PPL,15,,0,,,1
2253017,Déntiali,Dentiali,15.9797,-14.209,PPL,14,,0,,,1
2253015,Dépenndakounda,Depenndakounda,12.98333,-13.38333,PPL,05,,0,,,1
13553632,Dépé,Depe,14.68888,-15.4082,PPL,16,10778871,0,,,1
13552824,Dépé Wolof,DepeWolof,14.59362,-15.98643,PPL,03,2248699,0,,,1
2253005,Détali,Detali,15.2533,-15.8798,PPL,13,,0,,,1
2253004,Détié Dione,DetieDione,14.95251,-15.69889,PPL,13,,0,,,1
2252157,Dôndou,Dondou,16.02115,-13.38453,PPL,15,,0,,,1
2595504,Dôtor,Dotor,14.68401,-17.09722,PPLX,07,,0,,,1
2595473,D’angd’ang,D'angd'ang,14.60314,-17.07593,PPL,07,,0,,,1
2252642,D’ias,D'ias,14.64141,-17.08429,PPL,07,,0,,,1
2595997,Eau Claire,Eau Claire,16.01722,-16.4875,PPLX,14,,0,,,1
2252079,Ebato,Ebato,13.00889,-16.32821,PPL,12,,0,,,1
2252077,Ebinako,Ebinako,12.96667,-16.48333,PPL,12,,0,,,1
13658805,Ebol,Ebol,13.04151,-16.21548,PPL,12,2253903,0,,,1
2252076,Edalé,Edale,12.66667,-13.05,PPL,17,,0,,,1
2252072,Ediamat,Ediamat,12.74028,-16.47,PPL,12,,0,,,1
2252069,Ediouma,Ediouma,12.46194,-16.36,PPL,12,,0,,,1
13554420,Edy,Edy,14.08699,-15.92083,PPL,10,2250807,0,,,1
2252074,Edé,Ede,15.1554,-15.52535,PPL,13,,0,,,9
2252075,Edé,Ede,15.0214,-15.7635,PPL,13,,0,,,9
6917522,Edé,Ede,15.0092,-15.8145,PPL,13,,0,,,9
6917523,Edé,Ede,15.0113,-15.7968,PPL,13,,0,,,9
6917524,Edé,Ede,15.0012,-15.7751,PPL,13,,0,,,9
6917525,Edé,Ede,15.0077,-15.7661,PPL,13,,0,,,9
6917526,Edé,Ede,15.0318,-15.7968,PPL,13,,0,,,9
6917527,Edé,Ede,15.0614,-15.7541,PPL,13,,0,,,9
13553447,Edé,Ede,14.72337,-15.59917,PPL,03,2248699,0,,,9
2252068,Efok,Efok,12.40778,-16.52,PPL,12,,0,,,1
2252067,Efok Etouta,Efok Etouta,12.62889,-16.76167,PPL,12,,0,,,1
2252066,Efrane Elinkine,Efrane Elinkine,12.51667,-16.7,PPL,12,,0,,,1
2252065,Efrane Kachiouane,Efrane Kachiouane,12.51667,-16.71667,PPL,12,,0,,,1
2252061,Eguilaye,Eguilaye,12.87972,-16.28472,PPL,12,,0,,,1
2252062,Eguiénor,Eguienor,13.0,-16.25,PPL,12,,0,,,1
2252060,Ehidj,Ehidj,12.46139,-16.69833,PPL,12,,0,,,1
2252058,Ekonète,Ekonete,12.93333,-16.25,PPL,12,,0,,,1
2254731,El Hadj Ali,El Hadj Ali,15.2854,-15.8974,PPL,13,,0,,,1
2252057,Elana,Elana,12.675,-16.43694,PPL,12,,0,,,1
2252052,Elinkinde,Elinkinde,12.50583,-16.66611,PPL,12,,0,,,1
2252051,Eloaye,Eloaye,12.80056,-16.75194,PPL,12,,0,,,1
2252049,Elol,Elol,13.11437,-16.34051,PPL,12,,0,,,2
2252050,Elol,Elol,13.09793,-16.19049,PPL,12,,0,,,2
2252048,Elora,Elora,12.60583,-16.37222,PPL,12,,0,,,1
2252046,Emaye,Emaye,12.43722,-16.56694,PPL,12,,0,,,1
2252045,Enanpor,Enanpor,12.51167,-16.44889,PPL,12,,0,,,1
2252040,Eramakono,Eramakono,13.28333,-13.91667,PPL,11,,0,,,1
2252036,Ering,Ering,12.56222,-16.11806,PPL,12,,0,,,3
2252037,Ering,Ering,12.51667,-16.36667,PPL,12,,0,,,3
2252038,Ering,Ering,12.37611,-16.63139,PPL,12,,0,,,3
2252035,Erinndian,Erinndian,12.89972,-16.2275,PPL,12,,0,,,1
2251140,Erémokono,Eremokono,13.43294,-12.0022,PPL,05,,0,,,1
2252032,Essanholou,Essanholou,12.5825,-16.75083,PPL,12,,0,,,1
2252031,Essaoul,Essaoul,12.41222,-16.62861,PPL,12,,0,,,1
2252030,Essil,Essil,12.51944,-16.42611,PPL,12,,0,,,1
2252029,Essofol,Essofol,12.9,-16.25,PPL,12,,0,,,1
2252028,Essom,Essom,13.06252,-16.38689,PPL,12,,0,,,1
2252026,Essoukoudiak,Essoukoudiak,12.36028,-16.62917,PPL,12,,0,,,1
2252024,Etafoune,Etafoune,12.43333,-16.4,PPL,12,,0,,,1
2252022,Etama,Etama,12.88333,-16.2,PPL,12,,0,,,2
2252023,Etama,Etama,12.55361,-16.47833,PPL,12,,0,,,2
2252015,Etomé,Etome,12.47528,-16.36389,PPL,12,,0,,,1
2252014,Etouta,Etouta,12.72306,-16.64722,PPL,12,,0,,,1
2252020,Etékome,Etekome,12.76667,-16.35,PPL,12,,0,,,1
2252013,Faboli,Faboli,15.47676,-13.21897,PPL,15,,0,,,1
2252012,Fadanga,Fadanga,12.71667,-14.7,PPL,11,,0,,,1
2252008,Fadia,Fadia,13.66667,-14.73333,PPL,05,,0,,,1
2252007,Fadial,Fadial,14.16291,-16.76857,PPL,07,,0,,,1
2252011,Fadiara,Fadiara,15.07923,-12.8074,PPL,15,,0,,,1
2252081,Fadiga,Fadiga,12.5535,-12.2039,PPL,17,,0,,,1
2252006,Fadiounkar,Fadiounkar,12.6,-15.36667,PPL,18,,0,,,1
2252005,Fadiout,Fadiout,14.65,-16.81667,PPL,07,,0,,,1
2252003,Fadiyakounda,Fadiyakounda,13.65,-14.16667,PPL,05,,0,,,1
2252009,Fadème,Fademe,15.5589,-15.9273,PPL,13,,0,,,1
2252002,Fafakourou,Fafakourou,13.06667,-14.56667,PPL,11,,0,,,1
2251996,Fal Dioung,Fal Dioung,15.88333,-16.28333,PPL,14,,0,,,1
2251994,Falia,Falia,13.91816,-16.68024,PPL,09,,0,,,1
2251993,Falifa,Falifa,13.6,-15.71667,PPL,10,,0,,,1
2251992,Falméré,Falmere,12.81861,-16.18639,PPL,12,,0,,,1
2252000,Falokh,Falokh,14.43797,-16.94456,PPL,07,,0,,,1
2251990,Falombo,Falombo,13.20965,-12.10381,PPL,17,,0,,,1
2251989,Famara,Famara,13.85,-13.6,PPL,05,,0,,,1
13508590,Fambe,Fambe,14.43814,-16.27984,PPL,09,7670866,0,,,1
2593136,Fambine,Fambine,13.99697,-16.59571,PPL,09,,0,,,1
2251987,Fana Keur Abdou,Fana Keur Abdou,13.9,-14.68333,PPL,16,,0,,,1
2251979,Fanaye,Fanaye,14.96581,-16.53801,PPL,03,,0,,,1
2251986,Fanaye Diéri,Fanaye Dieri,16.53333,-15.23333,PPL,14,,0,,,1
2251985,Fanaye Oualo,Fanaye Oualo,16.55,-15.23333,PPL,14,,0,,,1
2251983,Fanda,Fanda,12.57972,-16.13639,PPL,12,,0,,,1
2251981,Fandane,Fandane,14.46133,-16.92297,PPL,07,,0,,,2
2251982,Fandane,Fandane,14.45472,-16.2273,PPL,09,,0,,,2
13645343,Fandiandia,Fandiandia,12.45461,-11.44205,PPL,17,10779432,0,,,1
13506750,Fandor,Fandor,14.62094,-16.73305,PPL,07,2248478,0,,,1
2251980,Fandène,Fandene,14.80653,-16.85212,PPL,07,,0,,,1
13514608,Fandène Lamane Ndiour,FandeneLamaneNdiour,14.81298,-16.87578,PPL,07,2244804,0,,,1
13504593,Fandène Peul,FandenePeul,14.82368,-16.83997,PPL,07,2244804,0,,,1
13507452,Fangane,Fangane,14.35965,-16.56355,PPL,09,7670866,0,,,1
2251978,Fanghote,Fanghote,12.53472,-16.16167,PPL,12,,0,,,1
2251977,Fanghote Mankagne,Fanghote Mankagne,12.51667,-16.16667,PPL,12,,0,,,1
2251976,Fangoumé,Fangoume,12.71333,-16.14028,PPL,12,,0,,,1
2251974,Fanira,Fanira,14.17789,-12.22326,PPL,05,,0,,,1
2251975,Fanié,Fanie,15.1351,-15.9173,PPL,13,,0,,,1
2251973,Fanka Bantan,Fanka Bantan,12.7,-15.06667,PPL,11,,0,,,1
2251970,Fann-Hok,Fann-Hok,14.68054,-17.4648,PPLX,01,,0,,,1
2251972,Fann-Résidence,Fann-Residence,14.69004,-17.47177,PPLX,01,,0,,,1
2251967,Faoune Kaïnako,Faoune Kainako,13.08333,-15.61667,PPL,18,,0,,,1
2251965,Faoye,Faoye,14.22808,-16.57565,PPL,09,,0,,,1
2251961,Faraba,Faraba,12.88333,-14.91667,PPL,11,,0,Pulaar/Fulani,clan/family name root,3
2251962,Faraba,Faraba,12.81609,-11.69612,PPL,17,10779432,0,Pulaar/Fulani,clan/family name root,3
2251963,Faraba,Faraba,12.48806,-15.73917,PPL,18,,0,Pulaar/Fulani,clan/family name root,3
2251960,Farabougou,Farabougou,14.13023,-15.96302,PPL,10,,0,,,1
2251959,Faragnima,Faragnima,13.31667,-15.41667,PPL,18,,0,,,1
2251954,Faramba,Faramba,12.86667,-14.96667,PPL,11,,0,Pulaar/Fulani,clan/family name root,1
2251953,Farandi,Farandi,13.01667,-11.41667,PPL,05,,0,,,1
2251952,Farandiang,Farandiang,12.46694,-15.60139,PPL,11,,0,,,1
2251948,Farankounda,Farankounda,12.83333,-16.2,PPL,12,,0,,,4
2251949,Farankounda,Farankounda,12.71306,-15.89889,PPL,18,,0,,,4
2251950,Farankounda,Farankounda,12.6375,-15.67472,PPL,18,,0,,,4
2251951,Farankounda,Farankounda,12.60583,-15.38889,PPL,18,,0,,,4
2251947,Farao,Farao,16.51772,-14.89734,PPL,14,,0,,,1
2251946,Farar,Farar,14.50977,-16.23959,PPL,09,,0,,,1
2251945,Farato,Farato,14.01997,-15.34691,PPL,16,,0,,,1
2251944,Farikounda,Farikounda,13.96667,-13.85,PPL,05,,0,,,1
2251925,Fas,Fas,14.69011,-17.45401,PPLX,01,,0,,,9
2251927,Fas,Fas,15.0593,-16.1457,PPL,13,,0,,,9
2251928,Fas,Fas,14.13388,-15.20529,PPL,16,,0,,,9
2251934,Fas,Fas,14.99027,-16.65827,PPL,07,,0,,,9
2251935,Fas,Fas,14.36,-15.79311,PPL,10,,0,,,9
2251936,Fas,Fas,14.35379,-16.03434,PPL,10,,3904,,,9
2251939,Fas,Fas,13.99917,-15.86749,PPL,10,,0,,,9
2251942,Fas,Fas,13.71667,-15.51667,PPL,10,,0,,,9
2595803,Fas,Fas,14.72563,-17.27833,PPLX,01,,0,,,9
2251933,Fas Boye,Fas Boye,15.2701,-16.8379,PPL,07,,0,,,1
2595991,Fas Dièye,Fas Dieye,16.00639,-16.51083,PPL,14,,0,,,2
2596030,Fas Dièye,Fas Dieye,15.99948,-16.50957,PPL,14,,0,,,2
13554064,Fas Goulokoum,FasGoulokoum,14.33214,-15.61616,PPL,16,2251008,0,,,1
2250376,Fas Guéladio,FasGueladio,14.00603,-16.10497,PPL,10,,0,,,1
13509336,Fas Kahone,FasKahone,14.16145,-16.04628,PPL,10,10778869,0,,,1
2251931,Fas Kaèl,Fas Kael,14.65241,-15.92776,PPL,03,,0,,,1
13553600,Fas Loli,FasLoli,14.66951,-15.27627,PPL,13,2249283,0,,,1
13554115,Fas Léwé,FasLewe,14.32415,-15.3027,PPL,16,10778871,0,,,1
13554425,Fas Mactar,FasMactar,14.12466,-15.75797,PPL,16,10778870,0,,,1
2251940,Fas Matar,Fas Matar,13.93395,-16.21335,PPL,09,,0,,,1
2250127,Fas Moussa Naye,FasMoussaNaye,14.00254,-16.05391,PPL,10,,0,,,1
2251932,Fas Ndiayène,FasNdiayene,14.12592,-15.09759,PPL,16,,0,,,1
13658718,Fas Ngayène,Fas Ngayene,13.73898,-16.09875,PPL,10,2247158,0,,,1
13554690,Fas Ngodiba,FasNgodiba,14.07753,-15.46589,PPL,16,2251008,0,Pulaar/Fulani,clan/family name root,1
2251941,Fas Nguindor,Fas Nguindor,13.92438,-16.02676,PPL,10,,0,,,1
13658169,Fas Nguéyène,Fas Ngueyene,13.79295,-16.13707,PPL,10,2247158,0,,,1
2251937,Fas Sy,FasSy,14.15397,-15.69752,PPL,16,,0,,,1
13658201,Fas Tiâmène,Fas Tiamene,13.87281,-16.05712,PPL,10,2250807,0,,,1
13658325,Fas Tiékène,Fas Tiekene,13.60812,-16.25754,PPL,09,2251792,0,,,2
13658339,Fas Tiékène,Fas Tiekene,13.65542,-16.34572,PPL,09,2251792,0,,,2
13553630,Fas Tiénène,FasTienene,14.59352,-15.27706,PPL,16,10778871,0,,,1
2251938,Fas Toucouleur,FasToucouleur,13.99956,-16.09504,PPL,10,,0,,,1
13551956,Fas Touré,FasToure,14.77655,-15.23236,PPL,13,2249283,0,,,1
2251926,Fass,Fass,15.9275,-16.3202,PPL,14,,0,,,3
2251929,Fass,Fass,13.66667,-14.73333,PPL,05,,0,,,3
2251930,Fass,Fass,13.05,-13.86667,PPL,11,,0,,,3
2251920,Fass Thiam,Fass Thiam,15.1276,-15.9011,PPL,13,,0,,,1
2251919,Fass Touré,Fass Toure,15.11667,-16.48333,PPL,07,,0,,,1
2251924,Fassada,Fassada,12.50806,-15.53806,PPL,18,,0,,,1
2251923,Fassane,Fassane,12.49111,-15.58167,PPL,18,,0,,,1
2251921,Fassé Oumar,Fasse Oumar,13.35,-14.7,PPL,11,,0,,,1
2251922,Fassél,Fassel,14.95359,-16.62756,PPL,03,,0,,,1
2251917,Fataïa,Fataia,12.86667,-11.4,PPL,05,,0,,,1
2251911,Fatick,Fatick,14.33236,-16.40513,PPLA,09,,39361,,,1
2251909,Fatié,Fatie,13.36066,-11.60492,PPL,05,,0,,,1
2251968,Faw,Faw,14.48148,-16.70327,PPL,07,,0,,,1
2251908,Fayako,Fayako,14.1958,-16.41782,PPL,09,,0,,,1
2251907,Fayil,Fayil,14.28828,-16.48749,PPL,09,,0,,,1
13507348,Faylar Deux,FaylarDeux,14.43224,-16.77469,PPL,07,2248478,0,,,1
2251999,Faylar Un,FaylarUn,14.44728,-16.77589,PPL,07,,0,,,1
2251898,Femboul,Femboul,15.16667,-16.61667,PPL,07,,0,,,1
2595745,Fenêtre Mermoz,Fenetre Mermoz,14.7025,-17.47361,PPLX,01,7732977,0,,,1
2251894,Fergo,Fergo,14.16288,-12.71623,PPL,05,,0,,,1
2251893,Ferlo Tyikkité,Ferlo Tyikkite,16.13035,-14.00142,PPL,14,,0,,,1
2251889,Fesséné,Fessene,13.27171,-12.07296,PPL,17,,0,,,1
2251848,Fidiobidji,Fidiobidji,14.22248,-12.46479,PPL,05,,0,,,1
2251852,Fidé Diakhaté,Fide Diakhate,15.13333,-16.25,PPL,13,,0,,,1
2251847,Figo,Figo,16.51667,-15.01667,PPL,14,,0,,,1
2251846,Figrome,Figrome,12.68333,-16.21667,PPL,12,,0,,,1
2595502,Filèn,Filen,14.6877,-17.0978,PPL,07,,0,,,1
2251845,Fimla,Fimla,14.13319,-16.66152,PPL,09,,0,,,1
2251843,Finntiok,Finntiok,12.65889,-16.115,PPL,12,,0,,,1
2251844,Fintèl Somb,FintelSomb,14.58757,-16.28906,PPL,03,,0,,,1
13505512,Fintél,Fintel,14.79,-16.03138,PPL,03,2248699,0,,,1
2251842,Firdaossi,Firdaossi,15.0194,-15.888,PPL,13,,0,,,1
13658030,Firdawsi,Firdawsi,13.76329,-16.45127,PPL,09,2251792,0,,,1
2251841,Firgui,Firgui,13.7,-15.68333,PPL,10,,0,,,1
2251840,Fissa,Fissa,14.41421,-12.39519,PPL,05,,0,,,1
6648039,Fissa II,Fissa II,14.42002,-12.45686,PPL,05,,0,,,1
2251839,Fissel,Fissel,14.54177,-16.61538,PPL,07,,0,,,1
2251837,Fitaba,Fitaba,12.71774,-11.80591,PPL,17,10779432,0,Pulaar/Fulani,clan/family name root,1
13551642,Fitio Bâli Deux,FitioBaliDeux,14.75363,-15.30712,PPL,13,2249283,0,,,1
2251850,Fitio Bâli Un,FitioBaliUn,14.74378,-15.28113,PPL,13,,0,,,1
13504664,Fiâye,Fiaye,14.85165,-16.68997,PPL,07,2244804,0,,,1
2251835,Fodé Bayo,Fode Bayo,12.96667,-14.43333,PPL,11,,0,,,1
2251834,Fodé Binéya,Fode Bineya,12.78551,-11.70645,PPL,17,10779432,0,,,1
2251832,Fodé Kounda,Fode Kounda,13.55,-13.88333,PPL,05,,0,,,1
2251833,Fodékounda,Fodekounda,12.56615,-11.88521,PPL,17,,0,,,1
2251831,Fofi,Fofi,14.9,-15.66667,PPL,03,,0,,,1
2251828,Fogni,Fogni,15.0845,-15.3557,PPL,13,,0,,,2
2251829,Fogni,Fogni,12.52806,-16.23278,PPL,12,,0,,,2
2251827,Fogolou Paté,Fogolou Pate,13.41667,-13.45,PPL,05,,0,,,1
2251826,Fogoulou Opa,Fogoulou Opa,13.41667,-13.45,PPL,05,,0,,,1
6645002,Fondé Diarangel,Fonde Diarangel,16.20933,-13.93177,PPL,14,,0,,,1
2251822,Fondé Gandé,Fonde Gande,16.23557,-14.05098,PPL,14,,0,,,1
6645010,Fondé Ngouri,Fonde Ngouri,16.13527,-13.92471,PPL,14,,0,,,1
6645346,Fondé Thiéwo,Fonde Thiewo,16.07103,-13.79833,PPL,14,,0,,,1
2251821,Fongolembi,Fongolembi,12.4225,-12.0102,PPL,17,,0,,,1
2251819,Fontama,Fontama,12.7025,-16.41667,PPL,12,,0,,,1
2251818,Fora,Fora,15.42323,-13.10974,PPL,15,,0,,,1
6644081,Fora Galoya,Fora Galoya,15.41863,-13.10582,PPL,15,,0,,,1
2251817,Forbote,Forbote,15.0953,-16.4684,PPL,07,,0,,,1
2251816,Fordiok,Fordiok,15.5,-16.51667,PPL,13,,0,,,1
2251815,Forou,Forou,13.86667,-15.91667,PPL,10,,0,,,1
2251812,Fos,Fos,16.15,-15.85139,PPL,14,,0,,,1
2251811,Fos Ndiarhaye,Fos Ndiarhaye,16.09778,-15.69139,PPL,14,,0,,,1
2595573,Fotnâri,Fotnari,14.7077,-17.12195,PPL,07,,0,,,1
2251809,Foua Deux,FouaDeux,14.29711,-16.73,PPL,07,,0,,,1
2251810,Foua Mbégnar,FouaMbegnar,14.33876,-16.71515,PPL,07,,0,,,1
2251808,Foua Un,FouaUn,14.31804,-16.73013,PPL,07,,0,,,1
2595481,Fouk,Fouk,14.67654,-17.04048,PPL,07,,0,,,1
2251798,Foula Mori,Foula Mori,13.06667,-14.03333,PPL,11,,0,,,1
2251803,Fouladou Samba,Fouladou Samba,13.28333,-14.73333,PPL,11,,0,Pulaar/Fulani,clan/family name root,1
2251802,Fouladou Yéro,Fouladou Yero,12.86667,-14.28333,PPL,11,,0,,,1
2251800,Foulakounda,Foulakounda,12.95,-16.55028,PPL,12,,0,,,2
2251801,Foulakounda,Foulakounda,12.53722,-16.30278,PPL,12,,0,,,2
2251797,Fouldé,Foulde,14.22366,-12.16256,PPL,05,,0,,,1
2251796,Foulo,Foulo,12.75,-16.28333,PPL,12,,0,,,1
2251795,Fouloum,Fouloum,14.86739,-17.01953,PPL,07,,0,,,1
13504574,Fouloun,Fouloun,14.91058,-16.99121,PPL,07,2244388,0,,,1
2251793,Foumé Hara Diobé,Foume Hara Diobe,15.44068,-13.20423,PPL,15,,0,,,1
2251794,Foumé Hara Démboubé,Foume Hara Demboube,15.43768,-13.18582,PPL,15,,0,,,1
2251791,Foundiougne,Foundiougne,14.12272,-16.46916,PPL,09,,6824,,,1
2593146,Foura,Foura,13.77972,-16.61225,PPL,09,,0,,,1
2251790,Fourdou,Fourdou,15.2211,-14.1502,PPL,15,,0,,,1
2251785,Fout,Fout,15.38333,-16.78333,PPL,07,,0,,,1
2251783,Foutayel,Foutayel,14.2,-14.65,PPL,16,,0,,,1
2595491,Foutouka,Foutouka,14.65053,-17.12022,PPL,07,,0,,,1
2251825,Foïlodé,Foilode,14.86879,-15.47932,PPL,13,,0,,,1
2251782,Franding,Franding,13.02456,-11.41934,PPL,05,,0,,,1
2571771,Fufo,Fufo,13.16722,-16.59361,PPL,12,,0,,,1
2251901,Félane,Felane,14.39462,-16.25694,PPL,09,,0,,,2
2251902,Félane,Felane,14.02618,-16.44291,PPL,09,,0,,,2
6645342,Félou,Felou,16.12285,-13.72031,PPL,14,,0,,,1
2251895,Féralo,Feralo,14.95,-15.75,PPL,13,,0,,,1
2251896,Féré Alo,FereAlo,14.96836,-15.69245,PPL,13,,0,,,1
2251854,Féto,Feto,13.67255,-16.05357,PPL,10,,0,,,2
2251869,Féto,Feto,14.83333,-15.86667,PPL,03,,0,,,2
2251865,Féto Diami,Feto Diami,15.5364,-14.2998,PPL,13,,0,,,1
2251858,Féto Niébé,Feto Niebe,14.22083,-12.67523,PPL,05,,0,,,1
2251857,Féto Paté,Feto Pate,14.26838,-12.76346,PPL,05,,0,,,1
2251864,Fétodié,Fetodie,14.97687,-16.26991,PPL,03,,0,,,1
6647966,Fétou Kodioli,Fetou Kodioli,14.94959,-12.99534,PPL,05,,0,,,1
2251885,Fété Bowal,Fete Bowal,14.9,-13.38333,PPL,15,,0,,,1
2251884,Fété Bowé,Fete Bowe,14.93333,-13.5,PPL,15,,0,,,1
2251879,Fété Fovrou,Fete Fovrou,15.03333,-13.61667,PPL,15,,0,,,1
2251878,Fété Galambi,Fete Galambi,14.56038,-12.44799,PPL,05,,0,,,1
2251875,Fété Niarval,Fete Niarval,15.18333,-13.7,PPL,15,,0,,,1
2251915,Fété Niébé,Fete Niebe,15.648,-13.39803,PPL,15,,0,,,1
2251823,Fôndé Elimane,Fonde Elimane,16.31183,-13.98177,PPL,14,,0,,,1
13507471,Gab Diamm,GabDiamm,14.33593,-16.61967,PPL,09,7670866,0,,,1
2251781,Gababé,Gababe,16.12561,-13.54267,PPL,15,,0,,,1
2251780,Gabane,Gabane,15.73333,-16.46667,PPL,13,,0,,,1
2596040,Gabane Peul II,Gabane Peul II,15.76389,-16.47306,PPL,13,,0,,,1
2251779,Gabar Diop,Gabar Diop,15.76869,-16.53365,PPL,13,,0,,,1
2251778,Gabassé,Gabasse,14.55,-13.48333,PPL,15,,0,,,1
2251775,Gabou,Gabou,14.73333,-12.7,PPL,15,,0,,,3
2251776,Gabou,Gabou,14.72775,-12.52537,PPL,05,,0,,,3
2251777,Gabou,Gabou,14.71709,-12.41066,PPL,05,,0,,,3
2251774,Gad,Gad,15.83333,-16.25,PPL,13,,0,,,1
2251771,Gad Afé,Gad Afe,15.35,-16.41667,PPL,13,,0,,,2
13505445,Gad Afé,GadAfe,14.94846,-16.29193,PPL,03,2252312,0,,,2
13504709,Gad Bissik,GadBissik,14.88791,-16.53612,PPL,03,2254315,0,,,1
2251768,Gad Bitiou,Gad Bitiou,15.3,-16.48333,PPL,07,,0,,,1
2251767,Gad Brama,Gad Brama,15.46667,-16.38333,PPL,13,,0,,,1
13504639,Gad Dianga,GadDianga,14.87671,-16.53418,PPL,03,2254315,0,,,1
2251766,Gad Dior,Gad Dior,15.16667,-16.4,PPL,07,,0,,,1
13505432,Gad Fal,GadFal,14.99678,-16.39961,PPL,03,2254315,0,,,1
2251764,Gad Gomène,Gad Gomene,15.05,-16.83333,PPL,07,,0,,,1
13505456,Gad Khapsou,GadKhapsou,14.92571,-16.27706,PPL,03,2252312,0,,,1
2251770,Gad Khaye,GadKhaye,14.82429,-16.68588,PPL,07,,0,,,1
13507310,Gad Khoulé,GadKhoule,14.73321,-16.08247,PPL,03,2248699,0,,,1
2251755,Gad Kébé,Gad Kebe,15.36667,-16.48333,PPL,13,,0,,,1
2596076,Gad Nar,Gad Nar,15.83583,-16.34389,PPL,13,,0,,,1
2251754,Gad Niakhar,Gad Niakhar,15.16667,-16.31667,PPL,07,,0,,,1
2251752,Gad Peul,Gad Peul,15.33333,-16.73333,PPL,13,,0,,,1
2251751,Gad Tiendé,Gad Tiende,14.93333,-16.48333,PPL,03,,0,,,1
2251769,Gadapara,Gadapara,13.2,-13.48333,PPL,05,,0,,,1
2251765,Gade Escale,Gade Escale,14.90945,-16.3523,PPL,03,,0,,,1
2251758,Gade Yelle,Gade Yelle,15.1609,-16.3886,PPL,07,,0,,,1
2251763,Gadi,Gadi,15.1156,-15.4917,PPL,13,,0,,,1
2251760,Gadiak,Gadiak,14.5567,-16.5216,PPL,09,,0,,,1
6645012,Gadiobé,Gadiobe,16.1145,-13.96867,PPL,14,,0,,,1
2251756,Gadji,Gadji,14.36667,-16.1,PPL,09,,0,,,1
2251757,Gadjédji,Gadjedji,14.76021,-15.7722,PPL,03,2248699,0,,,1
2251746,Gagnar,Gagnar,15.58333,-16.18333,PPL,13,,0,,,1
2251745,Gagnar Fal,Gagnar Fal,15.41667,-16.26667,PPL,13,,0,,,1
2251676,Gagnik,Gagnik,14.34189,-15.98544,PPL,10,,0,,,1
13554032,Gagnik Keur Sérigne Ndiaga,GagnikKeurSerigneNdiaga,14.333,-15.98149,PPL,10,10778869,0,,,1
2251677,Gagnik Khodjil,GagnikKhodjil,14.31107,-16.00458,PPL,10,,0,,,1
2251334,Gagué Bokar,GagueBokar,14.13405,-16.3879,PPL,09,,0,,,1
2251333,Gagué Chérif,GagueCherif,14.1173,-16.35132,PPL,09,,0,,,1
2251332,Gagué Modi,GagueModi,14.13176,-16.39693,PPL,09,,0,,,1
2251741,Gailbandoa,Gailbandoa,14.30602,-12.45634,PPL,05,,0,,,1
11101807,Gainthe pathe,Gainthe pathe,14.22245,-14.8082,PPL,10,,0,,,1
2251728,Gal Beut,Gal Beut,15.35,-16.46667,PPL,07,,0,,,1
2251735,Gala Mbingue,Gala Mbingue,15.38333,-16.45,PPL,13,,0,,,1
2251737,Galadi,Galadi,15.08408,-12.62695,PPL,15,,0,,,1
2251734,Galandou,Galandou,12.9,-14.16667,PPL,11,,0,,,1
2595909,Galane,Galane,14.8003,-17.04444,PPL,07,,0,,,1
2251733,Galangal,Galangal,15.4514,-14.3054,PPL,15,,0,,,1
2247531,Galangué,Galangue,14.35291,-16.22081,PPL,09,,0,,,1
2251731,Galayabé Foulbé,Galayabe Foulbe,15.52124,-13.34258,PPL,15,,0,,,1
2251730,Galayabé Torobé,Galayabe Torobe,15.51975,-13.33215,PPL,15,,0,,,1
6645019,Galdadi,Galdadi,16.05182,-13.94358,PPL,14,,0,,,1
2251722,Gali Ndiang,Gali Ndiang,15.41667,-16.36667,PPL,13,,0,,,1
6586394,Galinding,Galinding,12.43609,-11.85403,PPL,17,,0,,,1
2251718,Gallo Koye,Gallo Koye,13.68333,-14.76667,PPL,05,,0,,,1
13505536,Gallé,Galle,14.86362,-16.14315,PPL,03,2252312,0,,,1
2251719,Gallé Mamadou,Galle Mamadou,13.3,-14.63333,PPL,11,,0,,,1
2251717,Galmbas,Galmbas,14.53333,-14.38333,PPL,05,,0,,,1
2251716,Galo,Galo,13.37471,-12.44289,PPL,05,,0,,,1
2251715,Galo Marou,Galo Marou,13.4,-14.93333,PPL,11,,0,,,1
6645327,Galoya Foulbé,Galoya Foulbe,16.07258,-13.87392,PPL,14,,0,,,1
2251713,Galoya Toucouleur,Galoya Toucouleur,16.07397,-13.85894,PPL,14,,5288,,,1
6646782,Galoya Tôrobbé,Galoya Torobbe,16.06222,-13.87157,PPL,14,,0,,,1
2251723,Galène Ndjououndjou,Galene Ndjououndjou,15.3092,-15.8396,PPL,13,,0,,,1
2251726,Galé,Gale,15.5466,-14.5775,PPL,13,,0,,,2
2251727,Galé,Gale,13.88333,-14.41667,PPL,05,,0,,,2
2251725,Galéabé,Galeabe,14.27857,-12.75774,PPL,05,,0,,,1
2251705,Gam,Gam,15.2964,-15.6081,PPL,13,,0,,,1
2251712,Gama Moukhoumé,GamaMoukhoume,14.07867,-15.64586,PPL,16,,0,,,1
2251711,Gamadji,Gamadji,16.51592,-14.69846,PPL,14,,0,,,1
2251710,Gambaya,Gambaya,13.08333,-13.45,PPL,05,,0,,,1
2251709,Gambi,Gambi,13.95,-13.48333,PPL,05,,0,,,1
2251699,Gambi Diaoubé,Gambi Diaoube,14.48547,-12.46261,PPL,05,,0,,,1
2251708,Gambissa Aldouma,Gambissa Aldouma,12.8,-14.18333,PPL,11,,0,,,1
2251706,Gambissara,Gambissara,13.31667,-13.95,PPL,11,,0,,,2
2251707,Gambissara,Gambissara,13.23333,-14.31667,PPL,11,,0,,,2
2251696,Gamboul,Gamboul,14.21623,-16.22168,PPL,10,,0,,,1
2251695,Gamboul Keur Matar,GamboulKeurMatar,14.22912,-16.23446,PPL,10,,0,,,1
2595444,Gamboulèm,Gamboulem,14.56396,-17.09717,PPL,07,,0,,,1
2595464,Gamlaye,Gamlaye,14.62779,-17.10561,PPLX,07,,0,,,1
2251704,Gamon,Gamon,13.34271,-12.9173,PPL,05,,0,,,1
6644101,Gana Balo,Gana Balo,15.51379,-13.20525,PPL,15,,0,,,1
2251701,Ganao,Ganao,15.16667,-16.03333,PPL,13,,0,,,1
2251697,Ganboul Escale,Ganboul Escale,14.2,-16.23333,PPL,10,,0,,,1
2251694,Ganda,Ganda,13.95,-15.9,PPL,10,,0,,,1
2251693,Gandal,Gandal,14.89961,-16.54106,PPL,03,,0,,,1
2251685,Gandek,Gandek,15.2471,-16.3198,PPL,13,,0,,,1
2251688,Gandiaye,Gandiaye,14.24362,-16.27231,PPL,10,,18239,,,1
2251687,Gandigal,Gandigal,14.47221,-16.98985,PPL,07,,0,,,1
2251686,Gandio,Gandio,14.81667,-16.23333,PPL,03,,0,,,1
13505565,Gandiol,Gandiol,14.81774,-16.06321,PPL,03,2248699,0,,,2
13507314,Gandiol,Gandiol,14.35798,-16.92142,PPL,07,2248478,0,,,2
6647976,Gandji,Gandji,14.71918,-12.555,PPL,05,,0,,,1
6917779,Gandjiri,Gandjiri,12.6337,-12.826,PPL,17,,0,,,1
2251684,Gandon,Gandon,15.962,-16.4384,PPL,14,,0,,,1
2246562,Gandoul,Gandoul,14.71494,-17.13056,PPL,07,,0,,,2
2595576,Gandoul,Gandoul,14.70313,-17.11835,PPL,07,,0,,,2
2595567,Gandoul Bambara,Gandoul Bambara,14.70994,-17.13398,PPLX,00,,0,,,1
2595568,Gandoul Sérère,Gandoul Serere,14.71632,-17.12639,PPLX,07,,0,,,1
2251690,Gandé,Gande,15.5787,-15.8356,PPL,13,,0,,,2
2251691,Gandé,Gande,15.09713,-12.65636,PPL,15,,0,,,2
2251689,Gandé Kô,Gande Ko,15.5845,-15.7731,PPL,13,,0,,,1
6648013,Gangala,Gangala,14.70605,-12.21692,PPL,05,,0,,,1
2251682,Gangali,Gangali,13.72829,-12.73098,PPL,05,,0,,,1
2251227,Gangara,Gangara,12.5918,-12.3605,PPL,17,,0,,,1
6645325,Ganguel,Ganguel,16.09226,-13.84443,PPL,14,,0,,,1
2251679,Ganguel Maka,Ganguel Maka,14.94439,-12.73585,PPL,15,,0,,,1
2251678,Ganguel-Soulé,Ganguel-Soule,15.38647,-12.952,PPL,15,,0,,,1
2251747,Gania Bougou,GaniaBougou,14.34974,-16.90542,PPL,07,,0,,,1
2251674,Ganina,Ganina,15.9947,-15.1895,PPL,14,,0,,,2
2251675,Ganina,Ganina,15.9642,-15.3955,PPL,13,,0,,,2
2251670,Ganiniel,Ganiniel,15.891,-15.2793,PPL,13,,0,,,1
2251667,Ganki,Ganki,14.15479,-15.74624,PPL,16,,0,,,1
2251666,Ganki Boubouyel,Ganki Boubouyel,15.50591,-13.13975,PPL,15,,0,,,1
2251665,Ganki Doumbodjé,Ganki Doumbodje,16.08351,-13.51565,PPL,15,,0,,,1
2251669,Gankèt,Ganket,15.9792,-15.9277,PPL,13,,0,,,1
2251668,Gankèt Guent,Ganket Guent,15.9076,-15.9421,PPL,13,,0,,,1
2251664,Gantour,Gantour,15.8848,-16.4234,PPL,14,,0,,,1
2251660,Gaolamboura,Gaolamboura,14.45,-16.61667,PPL,07,,0,,,1
2251659,Gaouane,Gaouane,14.1,-14.48333,PPL,05,,0,,,1
13504597,Gaout,Gaout,14.95613,-16.95986,PPL,07,2244388,0,,,1
2251652,Gap,Gap,14.88893,-16.39767,PPL,03,,0,,,2
2251653,Gap,Gap,14.74435,-17.05083,PPL,07,,0,,,2
2595525,Gap Ndioufène,Gap Ndioufene,14.74126,-17.0493,PPL,07,,0,,,1
2251651,Gapas,Gapas,14.63733,-16.02201,PPL,03,,0,,,1
2251650,Gapassél,Gapassel,14.52961,-16.08802,PPL,09,,0,,,1
2251649,Gapo,Gapo,14.6818,-16.20291,PPL,03,,0,,,1
2251648,Gara Mbaye,Gara Mbaye,15.11667,-16.13333,PPL,13,,0,,,1
13507474,Garage Bambara,GarageBambara,14.41824,-16.63274,PPL,09,7670866,0,,,1
13507342,Garage Diakhèr,GarageDiakher,14.43849,-16.81409,PPL,07,2248478,0,,,1
6647981,Garala,Garala,14.49961,-12.68596,PPL,05,,0,,,1
2251646,Garan,Garan,13.73333,-15.58333,PPL,10,,0,,,1
2595496,Garas,Garas,14.67482,-17.11112,PPL,07,,0,,,4
2595548,Garas,Garas,14.73784,-17.11885,PPL,07,,0,,,4
13505425,Garas,Garas,14.79852,-16.48836,PPL,03,2254315,0,,,4
13505494,Garas,Garas,14.84336,-16.41457,PPL,03,2254315,0,,,4
2595399,Garas Peul,Garas Peul,14.52782,-17.00878,PPL,07,,0,,,1
2251645,Garhane,Garhane,14.68333,-16.26667,PPL,03,,0,,,1
2251644,Garli,Garli,15.61739,-13.175,PPL,15,,0,,,1
2251643,Garuel,Garuel,13.75,-13.33333,PPL,05,,0,,,1
2251329,Garébouréya,Gareboureya,12.66346,-11.45439,PPL,17,10779432,0,,,1
2251642,Gas,Gas,14.59034,-16.76411,PPL,07,,0,,,1
2251641,Gasikitt,Gasikitt,12.7,-12.85,PPL,17,,0,,,1
2251639,Gaskor,Gaskor,14.46667,-16.63333,PPL,07,,0,,,1
2247493,Gassama,Gassama,14.70543,-15.81043,PPL,03,2248699,0,,,2
13553444,Gassama,Gassama,14.72807,-15.53638,PPL,03,2248699,0,,,2
2251638,Gassambéri,Gassamberi,15.24386,-12.93185,PPL,15,,0,,,1
2251637,Gassane,Gassane,14.82051,-15.29489,PPL,13,,0,,,1
13551641,Gassane Khaïré,GassaneKhaire,14.86035,-15.38049,PPL,13,2249283,0,,,1
13553594,Gassane Séye,GassaneSeye,14.72067,-15.34278,PPL,13,2249283,0,,,1
2251630,Gassel,Gassel,15.9936,-14.5191,PPL,14,,0,,,3
2251631,Gassel,Gassel,15.3056,-14.0138,PPL,15,,0,,,3
2251636,Gassel,Gassel,15.3463,-15.0837,PPL,13,,0,,,3
2251626,Gassel Doro,Gassel Doro,15.29411,-14.03896,PPL,15,,0,,,1
2251625,Gassel Doulo,Gassel Doulo,15.1746,-14.6363,PPL,13,,0,,,1
13551633,Gassel Kohé,GasselKohe,14.77016,-15.4525,PPL,03,2248699,0,,,1
2251635,Gassé,Gasse,15.4626,-15.4183,PPL,13,,0,,,1
2251633,Gassé Diabé,Gasse Diabe,15.2636,-14.3548,PPL,15,,0,,,1
2251632,Gassél,Gassel,14.43634,-15.81746,PPL,09,,0,,,1
2251621,Gat,Gat,14.69308,-16.5356,PPL,03,,0,,,1
2251618,Gati,Gati,15.41667,-16.16667,PPL,13,,0,,,2
2251619,Gati,Gati,15.1,-16.56667,PPL,07,,0,,,2
2251616,Gati Baba Ndiaye,Gati Baba Ndiaye,15.4856,-15.9073,PPL,13,,0,,,1
2251612,Gati II,Gati II,15.25,-16.06667,PPL,13,,0,,,1
2251610,Gati Loumène,Gati Loumene,15.5039,-15.8698,PPL,13,,0,,,1
2251609,Gati Mori,Gati Mori,15.55,-16.46667,PPL,13,,0,,,1
2251608,Gati Ndiongo,Gati Ndiongo,15.23333,-16.46667,PPL,07,,0,,,1
2251606,Gati Ngaraf,Gati Ngaraf,15.1578,-16.4475,PPL,07,,0,,,1
2251607,Gati Ngaye,Gati Ngaye,15.4,-16.16667,PPL,13,,0,,,1
2251605,Gati Oumar,Gati Oumar,15.28333,-16.56667,PPL,13,,0,,,1
2251604,Gati Pakha,Gati Pakha,15.71667,-16.05,PPL,13,,0,,,1
2251603,Gati Rat,Gati Rat,15.21667,-16.63333,PPL,13,,0,,,1
2251601,Gati Saké,Gati Sake,15.25,-16.71667,PPL,07,,0,,,2
2251602,Gati Saké,Gati Sake,15.25,-16.65,PPL,13,,0,,,2
2251600,Gati Sir Ndiaye,Gati Sir Ndiaye,14.8,-15.83333,PPL,03,,0,,,1
2251599,Gati Tila,Gati Tila,15.1,-16.76667,PPL,07,,0,,,1
2251598,Gati Toye,Gati Toye,15.78278,-16.39639,PPL,13,,0,,,1
2596025,Gati-Tèf,Gati-Tef,16.00389,-16.27306,PPL,14,,0,,,1
2251617,Gatiari,Gatiari,14.30893,-12.10417,PPL,05,,0,,,1
2251611,Gatilé,Gatile,15.2886,-14.95916,PPL,13,,0,,,1
2251615,Gatié,Gatie,14.33333,-15.9,PPL,09,,0,,,1
2251597,Gattègne,Gattegne,15.11667,-16.6,PPL,07,,0,,,1
2251596,Gavane Djida,GavaneDjida,14.26784,-15.71673,PPL,16,,0,,,1
2251595,Gawane,Gawane,14.85412,-16.38975,PPL,03,,0,,,1
2251658,Gawdal I,Gawdal I,16.0483,-13.43184,PPL,15,,0,,,1
6645334,Gawdal II,Gawdal II,16.06551,-13.41532,PPL,15,,0,,,1
13504650,Gayam,Gayam,14.90002,-16.61557,PPL,03,2254315,0,,,1
2251594,Gaye,Gaye,14.7,-15.68333,PPL,09,,0,,,1
13505401,Gaye Khakhom,GayeKhakhom,14.81911,-16.36675,PPL,03,2254315,0,,,1
2251589,Gaye Paradji,Gaye Paradji,14.2,-13.3,PPL,05,,0,,,1
2251588,Gaye Tiali,Gaye Tiali,14.35,-13.4,PPL,05,,0,,,1
2251591,Gayene,Gayene,13.38333,-14.81667,PPL,11,,0,,,1
2251584,Gazel,Gazel,14.41667,-16.15,PPL,09,,0,,,1
2251750,Gaé,Gae,16.56667,-15.45,PPL,14,,7148,,,1
2251749,Gaégui,Gaegui,12.6286,-12.8381,PPL,17,,0,,,1
2251744,Gaïdé,Gaide,12.9,-14.95,PPL,11,,0,,,1
2251739,Gaïna Mbar,GainaMbar,14.69686,-15.64689,PPL,09,,0,,,1
2246553,Gheune,Gheune,16.52805,-16.10587,PPL,14,,0,,,1
2595756,Gibraltar,Gibraltar,14.68667,-17.44389,PPLX,01,,0,,,1
2251580,Girigara,Girigara,13.81667,-13.9,PPL,05,,0,,,1
2251577,Gnayam,Gnayam,15.75,-16.53333,PPL,13,,0,,,1
2251576,Gnibi,Gnibi,14.43109,-15.65609,PPL,16,,0,,,1
13507034,Gnignakh,Gnignakh,14.60756,-16.36227,PPL,03,2254315,0,,,1
2247187,Gnigning,Gnigning,14.55338,-16.76542,PPL,07,,0,,,1
2251573,Gniguène,Gniguene,15.2073,-15.5023,PPL,13,,0,,,2
2251574,Gniguène,Gniguene,14.7,-15.85,PPL,03,,0,,,2
13658199,Gniline Goumak,Gniline Goumak,13.88627,-16.04872,PPL,10,2250807,0,,,1
13658181,Gniline Santhie,Gniline Santhie,13.91309,-16.05784,PPL,10,2250807,0,,,1
13505451,Gninguène Salaw,GningueneSalaw,14.80756,-16.25049,PPL,03,2252312,0,,,1
13509351,Gnolanèm,Gnolanem,14.18674,-16.05884,PPL,10,2250807,0,,,1
2251571,Gnongnoya,Gnongnoya,13.45732,-12.4918,PPL,05,,0,,,1
2251568,Gobak,Gobak,14.56536,-16.057,PPL,03,,0,,,3
2251569,Gobak,Gobak,13.93333,-15.88333,PPL,10,,0,,,3
2596020,Gobak,Gobak,16.07917,-16.2875,PPL,14,,0,,,3
2251567,Gobak Soukoum,Gobak Soukoum,14.03987,-15.61689,PPL,16,,0,,,1
2251566,Gobar,Gobar,16.11667,-16.24986,PPL,14,,0,,,1
2251565,Gobarène,Gobarene,15.3,-16.05,PPL,13,,0,,,1
2595572,Gobi,Gobi,14.70991,-17.12058,PPL,07,,0,,,1
2251564,Gobé,Gobe,14.6,-16.0,PPL,03,,0,,,1
2596054,God Demba Ouolof,God Demba Ouolof,15.84194,-16.25194,PPL,13,,0,,,1
2251563,Godaguèn,Godaguen,14.52702,-16.74426,PPL,07,,0,,,3
13507338,Godaguèn,Godaguen,14.48452,-16.77371,PPL,07,2248478,0,,,3
13508523,Godaguèn,Godaguen,14.41313,-16.3859,PPL,09,7670866,0,,,3
2251753,Godaguèn Dak,GodaguenDak,14.48779,-16.36235,PPL,09,,0,,,1
13506719,Godel,Godel,14.51301,-16.55015,PPL,07,2248478,0,,,1
6611624,Godiovel,Godiovel,15.14417,-12.84972,PPL,15,,0,,,1
2251560,Godiyel,Godiyel,13.68333,-13.43333,PPL,05,,0,,,1
2251559,Godj,Godj,14.01981,-15.62129,PPL,16,,0,,,1
2251556,Godo,Godo,15.98333,-13.65,PPL,15,,0,,,1
2595594,Godofèl,Godofel,14.63408,-17.13242,PPL,07,,0,,,1
2251553,Gohé,Gohe,14.6,-16.01667,PPL,03,,0,,,1
13514625,Gohé Deux,GoheDeux,14.46359,-16.74561,PPL,07,2248478,0,,,1
2251554,Gohé Un,GoheUn,14.4448,-16.75626,PPL,07,,0,,,1
2596102,Gokh Mbath,Gokh Mbath,16.04528,-16.50889,PPLX,14,,0,,,1
2251549,Gol,Gol,14.96425,-16.43693,PPL,03,,0,,,2
13504746,Gol,Gol,14.7602,-16.55008,PPL,03,2254315,0,,,2
2595638,Gola,Gola,14.71636,-17.15055,PPL,01,,0,,,1
2251548,Golam,Golam,14.8302,-17.11754,PPL,07,,0,,,1
2251729,Golbi Assane,GolbiAssane,14.9469,-16.58017,PPL,03,,0,,,1
13504682,Golbi Keur Sérigne Mbaye,GolbiKeurSerigneMbaye,14.95393,-16.57718,PPL,03,2254315,0,,,1
13504667,Golbi Modoki,GolbiModoki,14.95606,-16.5856,PPL,03,2254315,0,,,1
13504811,Golbi Teug,GolbiTeug,14.94207,-16.56974,PPL,03,2254315,0,,,1
2251547,Golbé,Golbe,14.91667,-16.68333,PPL,03,,0,,,1
2251546,Gold Gaïndé,Gold Gainde,15.25,-16.85,PPL,07,,0,,,1
11101612,Golf sud,Golf sud,14.77036,-17.4185,PPL,01,10775338,0,,,1
13507337,Golkhossane,Golkhossane,14.48805,-16.7991,PPL,07,2248478,0,,,1
13504654,Golkoté,Golkote,14.80702,-16.51586,PPL,03,2254315,0,,,1
2251540,Golmi,Golmi,14.81967,-12.34599,PPL,05,,0,,,1
2251537,Golon,Golon,16.08139,-16.00278,PPL,14,,0,,,2
2251538,Golon,Golon,16.0325,-15.88167,PPL,14,,0,,,2
2251544,Goléré,Golere,16.25575,-14.10165,PPL,14,,6373,,,1
2251535,Gombol,Gombol,13.13333,-15.81667,PPL,18,,0,,,1
2251533,Gomone,Gomone,14.27784,-16.13935,PPL,10,,0,,,1
6647980,Gonado,Gonado,14.50167,-12.72932,PPLL,05,,0,,,1
2251531,Gonaké,Gonake,15.95,-16.05,PPL,13,,0,,,2
2251532,Gonaké,Gonake,15.9,-16.05,PPL,13,,0,,,2
2251529,Gondiourou,Gondiourou,14.24064,-12.34292,PPL,05,,0,,,1
2251528,Gonedom,Gonedom,15.68333,-16.46667,PPL,13,,0,,,1
2251525,Gongoulou,Gongoulou,12.935,-16.08417,PPL,12,,0,,,1
2251524,Goniam,Goniam,13.05137,-16.33001,PPL,12,,0,,,1
2251522,Gonio,Gonio,16.02111,-16.21861,PPL,14,,0,,,1
2251523,Goniédji,Goniedji,14.3957,-12.75982,PPL,05,,0,,,1
2251521,Gonkol,Gonkol,15.9572,-14.3984,PPL,14,,0,,,1
2251519,Gonkol Kodioli Safalbé,Gonkol Kodioli Safalbe,15.9492,-14.4113,PPL,14,,0,,,1
2251518,Gonoum,Gonoum,12.59861,-16.03528,PPL,12,,0,,,1
2251517,Gonriki Samba Diom,Gonriki Samba Diom,15.43772,-12.95002,PPL,15,,0,,,1
2251527,Gonène,Gonene,14.6,-16.58333,PPL,07,,0,,,1
2251516,Gopé,Gope,12.83333,-14.25,PPL,11,,0,,,1
2251509,Gor Ouadi 1,Gor Ouadi 1,15.2737,-15.247,PPL,13,,0,,,1
2251508,Gor Ouadi 2,Gor Ouadi 2,15.3022,-15.2476,PPL,13,,0,,,1
2251507,Gor Tiongo,Gor Tiongo,15.3129,-15.2309,PPL,13,,0,,,1
2251514,Gorbel,Gorbel,15.5627,-15.8608,PPL,13,,0,,,1
13554559,Gordjilène Mouride,GordjileneMouride,14.10601,-15.65327,PPL,16,10778870,0,,,1
2251513,Gordjilène Wilanène,GordjileneWilanene,14.10131,-15.64999,PPL,16,,0,,,1
13505515,Goreté Un,GoreteUn,14.92205,-16.06992,PPL,03,2248699,0,,,1
2251506,Gorgui Diouf,Gorgui Diouf,14.43333,-15.95,PPL,09,,0,,,1
2251504,Gori,Gori,13.25,-13.91667,PPL,11,,0,,,1
2251501,Gori Mband,GoriMband,14.16592,-15.67036,PPL,16,,0,,,2
2254290,Gori Mband,GoriMband,14.14027,-15.69467,PPL,16,,0,,,2
2251503,Goria,Goria,13.73333,-15.98333,PPL,10,,0,,,1
2251500,Gorko Goto,Gorko Goto,16.51667,-15.35,PPL,14,,0,,,1
2251496,Gorom Deux,Gorom Deux,14.81222,-17.17139,PPL,01,,0,,,1
2251495,Gorom Trois,Gorom Trois,14.79552,-17.17387,PPL,01,,0,,,1
2251497,Gorom Un,Gorom Un,14.82071,-17.1546,PPL,01,,0,,,1
2251493,Gorou,Gorou,14.37425,-16.73371,PPL,07,,0,,,1
2251494,Gorou Diob,Gorou Diob,14.4,-16.78333,PPL,07,,0,,,1
2251512,Gorée,Goree,14.66757,-17.39867,PPL,01,,0,,,1
2251490,Gossas Village,Gossas Village,14.48409,-16.11377,PPL,09,,15630,,,1
2251489,Got,Got,14.69397,-16.8583,PPL,07,,0,,,1
2251485,Gouba Samba Loum,Gouba Samba Loum,13.18333,-15.58333,PPL,18,,0,,,1
2251486,Goubanba,Goubanba,13.31667,-15.43333,PPL,18,,0,Pulaar/Fulani,clan/family name root,1
2251481,Goubi,Goubi,15.6174,-15.6078,PPL,13,,0,,,3
2251482,Goubi,Goubi,14.26268,-15.19962,PPL,16,,0,,,3
2251483,Goubi,Goubi,13.86667,-14.7,PPL,16,,0,,,3
13658755,Goubo,Goubo,13.0477,-16.04833,PPL,12,2253903,0,,,1
13552834,Goubé,Goube,14.67387,-15.94841,PPL,03,2248699,0,,,1
13551570,Goudiguèl,Goudiguel,14.85364,-15.60669,PPL,03,2248699,0,,,1
2251474,Goudinseini,Goudinseini,13.6244,-12.99203,PPL,05,,0,,,1
2251471,Goudiri Foulbé,Goudiri Foulbe,14.1418,-12.71156,PPL,05,,0,,,1
2251473,Goudiry,Goudiry,14.18146,-12.71803,PPL,05,,6867,,,1
2251476,Goudié,Goudie,14.08394,-15.32989,PPL,16,,0,,,1
2251470,Goudomp,Goudomp,12.57778,-15.87222,PPL,18,,18239,,,1
2251468,Goudoudé Ndouétbé,Goudoude Ndouetbe,15.88333,-13.58333,PPL,15,,0,,,1
2251467,Goudoumé,Goudoume,12.4825,-16.33917,PPL,12,,0,,,1
2251478,Goudèm Sidi,GoudemSidi,14.0092,-16.39526,PPL,09,,0,,,1
13514635,Goudèm Sonar,GoudemSonar,14.00583,-16.38459,PPL,09,2251792,0,,,1
2251480,Goudé,Goude,14.75,-16.15,PPL,03,,0,,,1
2251466,Goufo,Goufo,15.13333,-16.43333,PPL,07,,0,,,1
2251465,Goui Bang,Goui Bang,13.83333,-14.96667,PPL,16,,0,,,1
2251459,Goui Madi Bouri,Goui Madi Bouri,13.86667,-15.51667,PPL,16,,0,,,1
2251464,Gouidak,Gouidak,15.15,-16.25,PPL,13,,0,,,1
2251463,Gouidi,Gouidi,14.05,-13.93333,PPL,05,,0,,,1
2251462,Gouigal,Gouigal,15.33333,-16.2,PPL,13,,0,,,1
2251460,Gouima,Gouima,15.46667,-16.05,PPL,13,,0,,,1
2251457,Gouk,Gouk,13.87091,-16.53107,PPL,09,,0,,,1
2251456,Gouli,Gouli,15.05,-16.66667,PPL,07,,0,,,1
2251454,Goulokoum,Goulokoum,14.31376,-15.64067,PPL,16,,0,,,1
2251452,Goulouguina,Goulouguina,13.76791,-12.12867,PPL,05,,0,,,1
2247406,Gouloum,Gouloum,15.4716,-15.2829,PPL,13,,0,,,1
2251449,Gouloumbou,Gouloumbou,13.49772,-13.74317,PPL,11,,0,,,1
2251447,Gouloungua,Gouloungua,13.75204,-12.28631,PPL,05,,0,,,1
6611638,Goumal,Goumal,15.32056,-12.85,PPL,15,,0,,,1
2251432,Goumbambéré,Goumbambere,12.4159,-12.5139,PPL,17,,0,,,1
2251443,Goumbayél,Goumbayel,13.68333,-13.16667,PPL,05,,0,,,1
2251441,Goumbo,Goumbo,14.30873,-12.58427,PPL,05,,0,,,2
2251442,Goumbo,Goumbo,12.98333,-14.05,PPL,11,,0,,,2
2251438,Goumel,Goumel,16.61872,-14.99547,PPL,14,,0,,,2
2251439,Goumel,Goumel,14.1713,-12.98,PPL,05,,0,,,2
2251434,Goumiéla,Goumiela,16.51667,-15.35,PPL,14,,0,,,1
2251306,Goumo,Goumo,12.5913,-12.8053,PPL,17,,0,,,1
13504792,Goumoun,Goumoun,14.86262,-16.5684,PPL,03,2254315,0,,,1
2251433,Goumpéni,Goumpeni,14.5059,-12.26227,PPL,05,,0,,,1
2251429,Goundafa,Goundafa,13.83654,-12.30996,PPL,05,,0,,,1
2251427,Goundaga,Goundaga,12.98333,-14.26667,PPL,11,,0,,,2
2251428,Goundaga,Goundaga,12.86667,-14.06667,PPL,11,,0,,,2
2251426,Goundaga Diro,Goundaga Diro,12.73333,-13.96667,PPL,11,,0,,,1
2251425,Goundi,Goundi,13.9,-15.98333,PPL,10,,0,,,1
2251420,Goundiour,Goundiour,13.98333,-14.43333,PPL,05,,0,,,1
2251419,Goundioura,Goundioura,15.53333,-16.13333,PPL,13,,0,,,1
2251424,Goundièr Diop,Goundier Diop,15.51667,-16.18333,PPL,13,,0,,,1
2251469,Goundoudé Diobé,Goundoude Diobe,15.86667,-13.55,PPL,15,,0,,,1
2251415,Gounia,Gounia,14.82093,-12.43616,PPL,05,,0,,,1
2251414,Gounta Diayer,Gounta Diayer,13.75,-14.8,PPL,05,,0,,,1
2251409,Goura Sadiégal,Goura Sadiegal,15.8637,-15.2995,PPL,13,,0,,,1
2251411,Gouraf,Gouraf,12.55,-16.21667,PPL,12,,0,,,1
13553467,Gouraye,Gouraye,14.7076,-15.58749,PPL,03,2248699,0,,,1
6648002,Gourel Ablaye Diaw,Gourel Ablaye Diaw,14.40946,-12.29626,PPL,05,,0,,,1
2251406,Gourel Amadi Bokar,Gourel Amadi Bokar,14.05,-13.7,PPL,05,,0,,,1
2251405,Gourel Amadi Boubou,Gourel Amadi Boubou,14.06667,-13.68333,PPL,05,,0,,,1
6648003,Gourel Ari Khara,Gourel Ari Khara,14.32754,-12.26246,PPL,05,,0,,,1
2251403,Gourel Babadar,Gourel Babadar,16.46394,-14.18995,PPL,14,,0,,,1
2251402,Gourel Badi,Gourel Badi,15.3,-13.95,PPL,15,,0,,,1
6647968,Gourel Bamba,Gourel Bamba,14.95897,-12.66762,PPL,05,,0,Pulaar/Fulani,clan/family name root,1
6645323,Gourel Bey,Gourel Bey,16.09468,-13.85748,PPL,14,,0,,,1
2251401,Gourel Bink,Gourel Bink,15.76193,-13.29049,PPL,15,,0,,,1
2251400,Gourel Bokari,Gourel Bokari,13.45,-13.43333,PPL,05,,0,,,1
2251398,Gourel Bouli,Gourel Bouli,15.3,-13.48333,PPL,15,,0,,,3
2251399,Gourel Bouli,Gourel Bouli,14.35665,-12.45435,PPL,05,,0,,,3
6648040,Gourel Bouli,Gourel Bouli,14.38146,-12.45464,PPL,05,,0,,,3
2251397,Gourel Bouna,Gourel Bouna,14.58462,-12.4381,PPL,05,,0,,,1
6645003,Gourel Dani,Gourel Dani,16.1793,-13.95199,PPL,14,,0,,,1
2251396,Gourel Dara,Gourel Dara,15.19337,-12.84621,PPL,15,,0,,,1
11497856,Gourel Diadie,Gourel Diadie,13.77423,-13.68822,PPL,05,,0,,,1
2251395,Gourel Dialoudé,Gourel Dialoude,14.78656,-12.57389,PPL,05,,0,,,1
6647950,Gourel Diawambé,Gourel Diawambe,14.08955,-12.89846,PPL,05,,0,,,1
6647982,Gourel Guiréye,Gourel Guireye,14.49618,-12.65257,PPL,05,,0,,,1
2251388,Gourel Kéa,Gourel Kea,14.13333,-13.66667,PPL,05,,0,,,1
6647960,Gourel Maka,Gourel Maka,14.53108,-12.99624,PPL,05,,0,,,1
2251681,Gourel Mama Demba,Gourel Mama Demba,14.89431,-12.70095,PPL,15,,0,Pulaar/Fulani,clan/family name root,1
2251387,Gourel Mama Ndiaye,Gourel Mama Ndiaye,14.54332,-12.45004,PPL,05,,0,,,1
6648001,Gourel Mamadou Barra,Gourel Mamadou Barra,14.40208,-12.29573,PPL,05,,0,,,1
2251385,Gourel Mandiou,Gourel Mandiou,14.70328,-12.35537,PPL,05,,0,,,1
6648007,Gourel Matioudo,Gourel Matioudo,14.32508,-12.55014,PPL,05,,0,,,1
2251383,Gourel Omar,Gourel Omar,14.3799,-12.81609,PPL,05,,0,,,1
6647992,Gourel Sada Lilé,Gourel Sada Lile,14.20456,-12.77323,PPL,05,,0,,,1
6648008,Gourel Sadio,Gourel Sadio,14.10423,-12.75217,PPL,05,,0,,,1
6650663,Gourel Sakédji,Gourel Sakedji,16.60545,-14.5099,PPL,14,,0,,,1
2251380,Gourel Samba Abou,Gourel Samba Abou,14.2,-13.96667,PPL,05,,0,,,1
2251379,Gourel Samba Coulibali,Gourel Samba Coulibali,14.38117,-12.46789,PPL,05,,0,,,1
6647963,Gourel Samba Kétiéli,Gourel Samba Ketieli,14.92063,-12.98813,PPL,05,,0,,,1
2251378,Gourel Sambara Maka,Gourel Sambara Maka,14.26409,-12.56571,PPL,05,,0,,,1
2251382,Gourel Saédi Mali,Gourel Saedi Mali,14.12921,-12.68459,PPL,05,,0,,,1
2251376,Gourel Seliki,Gourel Seliki,14.76462,-12.5778,PPL,05,,0,,,1
6648005,Gourel Seydou Ndoula,Gourel Seydou Ndoula,14.31795,-12.45505,PPL,05,,0,,,1
2251375,Gourel Slimané Dia,Gourel Slimane Dia,14.15691,-12.61879,PPL,05,,0,,,1
6647979,Gourel Tiama,Gourel Tiama,14.53486,-12.73879,PPL,05,,0,,,1
2251372,Gourel Yoba,Gourel Yoba,13.41667,-13.41667,PPL,05,,0,Pulaar/Fulani,clan/family name root,1
2251371,Gourgourèn,Gourgouren,14.66283,-16.37067,PPL,03,,0,,,1
2251370,Gouriki Koliabé,Gouriki Koliabe,15.44412,-12.96409,PPL,15,,0,,,1
2251368,Gourkel,Gourkel,15.7768,-15.693,PPL,13,,0,,,1
2251366,Gouro Matuldé,Gouro Matulde,16.095,-15.73,PPL,14,,0,,,1
13507330,Gourèl,Gourel,14.32615,-16.92085,PPL,07,2248478,0,,,1
2251407,Gourél Guéda,Gourel Gueda,15.28007,-13.45882,PPL,15,,0,,,1
2249745,Gourénétéré,Gourenetere,12.4013,-12.5316,PPL,17,,0,,,1
2251365,Gouta,Gouta,13.62028,-12.71577,PPL,05,,0,,,1
2251364,Goutou Dimba Ba,Goutou Dimba Ba,13.23333,-15.36667,PPL,18,,0,Pulaar/Fulani,clan/family name root,1
2251363,Gouyanabé,Gouyanabe,14.86667,-16.08333,PPL,03,,0,,,1
2251360,Gouyar,Gouyar,14.39821,-15.27251,PPL,16,,0,,,4
2251361,Gouyar,Gouyar,15.58333,-16.15,PPL,13,,0,,,4
2251362,Gouyar,Gouyar,15.2,-16.28333,PPL,07,,0,,,4
13504737,Gouyar,Gouyar,14.83256,-16.71331,PPL,07,2244804,0,,,4
2251359,Gouyar Sar,Gouyar Sar,15.7144,-16.2085,PPL,13,,0,,,1
2251357,Gouye Bara,Gouye Bara,15.33333,-16.65,PPL,13,,0,,,1
2251356,Gouye Diallo,Gouye Diallo,15.3945,-15.9268,PPL,13,,0,Pulaar/Fulani,clan/family name root,1
8430870,Gouye Diama,Gouye Diama,14.98147,-17.01485,PPL,07,,0,,,1
2250651,Gouye Dior,GouyeDior,14.81701,-16.34434,PPL,03,,0,,,1
13504673,Gouye Dok,GouyeDok,14.88048,-16.54997,PPL,03,2254315,0,,,1
2251354,Gouye Gal,Gouye Gal,15.48333,-16.35,PPL,13,,0,,,1
2251593,Gouye Gaye,GouyeGaye,14.88303,-16.22506,PPL,03,,0,,,1
13507244,Gouye Gui,GouyeGui,14.74064,-16.03954,PPL,03,2248699,0,,,1
2251358,Gouye Mbam,GouyeMbam,14.81257,-15.76102,PPL,03,,0,,,1
2251353,Gouye Mbaye,Gouye Mbaye,15.5,-16.4,PPL,13,,0,,,1
2251352,Gouye Mbeute,Gouye Mbeute,15.6743,-16.0303,PPL,13,,0,,,1
2251350,Gouye Méo,Gouye Meo,15.25,-16.6,PPL,13,,0,,,1
2251351,Gouye Méw,GouyeMew,14.49314,-15.92726,PPL,09,,0,,,1
13505471,Gouye Ndiaye,GouyeNdiaye,14.76973,-16.27826,PPL,03,2252312,0,,,1
2251349,Gouye Ndioro,Gouye Ndioro,15.05,-16.51667,PPL,07,,0,,,1
2251422,Gouye Ndiougou,GouyeNdiougou,14.76953,-16.42449,PPL,03,,0,,,1
13505529,Gouye Nguène,GouyeNguene,14.75864,-16.05103,PPL,03,2248699,0,,,1
2251348,Gouye Poulo,Gouye Poulo,15.95,-16.1,PPL,13,,0,,,1
2596088,Gouye Rène,Gouye Rene,15.85196,-16.49028,PPL,14,,0,,,1
13504680,Gouye Sagal,GouyeSagal,14.98206,-16.66237,PPL,07,2244388,0,,,1
2251347,Gouye Sambabane,Gouye Sambabane,14.58333,-15.68333,PPL,09,,0,,,1
2251346,Gouye Seg,Gouye Seg,15.56667,-16.53333,PPL,13,,0,,,1
2595770,Gouye Sor,Gouye Sor,14.7186,-17.48358,PPLX,01,7732977,0,,,1
13505457,Gouye Tan,GouyeTan,14.75355,-16.46902,PPL,03,2254315,0,,,1
2251345,Gouye Teude,Gouye Teude,15.414,-15.4915,PPL,13,,0,,,1
2251344,Gouye Tiébé,Gouye Tiebe,14.38333,-15.68333,PPL,16,,0,,,1
2596068,Gouye Touré,Gouye Toure,15.93333,-16.39417,PPL,14,,0,,,1
2251461,Gouï Leum,Goui Leum,14.31667,-15.73333,PPL,16,,0,,,1
2251341,Gowane Peul,GowanePeul,14.68361,-16.01084,PPL,03,,0,,,1
2251570,Gowane Sérèr,GowaneSerer,14.66426,-16.02079,PPL,03,,0,,,1
13507256,Gowane Wolof,GowaneWolof,14.67225,-16.02981,PPL,03,2248699,0,,,1
2251342,Gowothie Nguéyène,GowothieNgueyene,14.34282,-16.09797,PPL,10,,0,,,1
13508977,Gowothie Sérèr,GowothieSerer,14.3265,-16.09483,PPL,10,10778869,0,,,1
2247080,Gowothie Wadène,GowothieWadene,14.34036,-16.10028,PPL,10,,0,,,1
2251343,Gowé,Gowe,14.14102,-15.13678,PPL,16,,0,,,1
2251552,Goïdiama,Goidiama,15.18333,-16.11667,PPL,13,,0,,,1
2251647,Gram Fal,GramFal,14.96312,-16.41136,PPL,03,,0,,,1
2251339,Grand Dakar,Grand Dakar,14.71331,-17.45472,PPL,01,,0,,,1
2251337,Grand Médine,Grand Medine,14.74795,-17.44715,PPL,01,,0,,,1
2595697,Grand Yof,Grand Yof,14.73628,-17.44717,PPL,01,,0,,,1
2250896,Grand-Kanao,Grand-Kanao,13.1615,-16.29819,PPL,12,,0,,,1
13507221,Grimbaye,Grimbaye,14.65393,-16.1014,PPL,03,2252312,0,,,1
13507222,Grimbaye Sérèr,GrimbayeSerer,14.66008,-16.09592,PPL,03,2252312,0,,,1
2251335,Griniel,Griniel,14.69716,-15.81359,PPL,03,2248699,0,,,1
2251309,Guembeul,Guembeul,15.93333,-16.46667,PPL,14,,0,,,1
2251311,Guembé,Guembe,14.63333,-16.75,PPL,07,,0,,,1
2251307,Guemessoutou,Guemessoutou,13.68333,-14.05,PPL,05,,0,,,1
2251302,Guennguer,Guennguer,15.21667,-16.01667,PPL,13,,0,,,1
2251299,Guenntiéli,Guenntieli,15.4131,-15.3521,PPL,13,,0,,,1
2251296,Guenté Tiélènka,Guente Tielenka,15.9895,-14.5857,PPL,14,,0,,,1
11238490,Gueoul Saloum,Gueoul Saloum,14.25473,-15.35391,PPL,10,,0,,,1
2251291,Guer,Guer,14.71667,-15.65,PPL,09,,0,,,1
2251286,Guerki,Guerki,15.43333,-16.05,PPL,13,,0,,,1
2251284,Guerlé Peul,Guerle Peul,14.81533,-15.45451,PPL,03,,0,,,1
2251285,Guerlé Wolof,GuerleWolof,14.81925,-15.45201,PPL,03,2248699,0,,,1
2251283,Guesdiam,Guesdiam,15.31667,-16.16667,PPL,13,,0,,,1
2251280,Guet,Guet,15.4806,-15.3847,PPL,13,,0,,,1
2251278,Guet Ndar,Guet Ndar,16.02311,-16.50857,PPLX,14,,0,,,1
11497864,Gueule Tapee 3,Gueule Tapee 3,14.68108,-17.45774,PPLX,01,,0,,,1
2251274,Gueule Tapée,Gueule Tapee,14.68122,-17.45837,PPLX,01,,0,,,1
2251310,Gueumbeung,Gueumbeung,15.93417,-16.47028,PPL,14,,0,,,1
2251267,Guibolaté,Guibolate,15.1098,-15.9325,PPL,13,,0,,,1
2251265,Guida,Guida,13.2,-14.25,PPL,11,,0,,,1
2251264,Guidakar,Guidakar,16.5,-15.61667,PPL,14,,0,,,1
2251261,Guidel,Guidel,12.49306,-16.17167,PPL,12,,0,,,1
2251258,Guidinnki,Guidinnki,12.81389,-15.42389,PPL,18,,0,,,1
13554093,Guidéyèl,Guideyel,14.48863,-15.12002,PPL,16,10778871,0,,,1
2251255,Guienté Kaye,Guiente Kaye,13.83333,-15.96667,PPL,10,,0,,,1
13554058,Guigne,Guigne,14.31111,-15.89808,PPL,10,10778869,0,,,1
2251251,Guiguiankounda,Guiguiankounda,12.97167,-15.65583,PPL,18,,0,,,1
2251250,Guikès Kankamba,Guikes Kankamba,13.11667,-16.1,PPL,12,,0,Pulaar/Fulani,clan/family name root,1
2251249,Guilafaguène,Guilafaguene,12.53389,-16.7275,PPL,12,,0,,,1
2251248,Guilakounda,Guilakounda,12.98333,-16.25,PPL,12,,0,,,1
2251199,Guiliter,Guiliter,13.13088,-16.32145,PPL,12,,0,,,1
6647986,Guima,Guima,14.39845,-12.81174,PPL,05,,0,,,1
13658750,Guimbal,Guimbal,13.03065,-16.31741,PPL,12,2253903,0,,,1
2251240,Guimel,Guimel,12.93333,-16.15,PPL,12,,0,,,1
2251239,Guimsam,Guimsam,13.95866,-16.73712,PPL,09,,0,,,1
2251238,Guinal,Guinal,12.99806,-16.40139,PPL,12,,0,,,1
8581534,Guinaw Rails Nord,Guinaw Rails Nord,14.75339,-17.38393,PPLX,01,,0,,,1
2595780,Guinaw-Rails,Guinaw-Rails,14.75355,-17.38192,PPLX,01,,0,,,1
2251230,Guinguinéo,Guinguineo,14.2695,-15.94508,PPL,10,,20340,,,1
2251231,Guinguéneo,Guingueneo,13.48333,-13.58333,PPL,05,,0,,,1
2251228,Guinipé,Guinipe,12.96667,-16.13333,PPL,12,,0,,,1
2251225,Guinongué,Guinongue,12.99611,-16.34139,PPL,12,,0,,,1
13658808,Guinèye,Guineye,13.0294,-16.20647,PPL,12,2253903,0,,,1
2251234,Guiné,Guine,14.51667,-16.01667,PPL,09,,0,,,2
2251235,Guiné,Guine,13.78078,-16.06186,PPL,10,,0,,,2
2251233,Guinéa,Guinea,13.15694,-16.26167,PPL,12,,0,,,1
2251232,Guinéa Djiadibé,Guinea Djiadibe,13.09295,-16.2405,PPL,12,,0,,,1
13658809,Guinéen,Guineen,13.03595,-16.20064,PPL,12,2253903,0,,,1
2251221,Guira,Guira,13.84372,-16.51776,PPL,09,,0,,,1
2251219,Guiragor,Guiragor,13.01663,-16.07192,PPL,12,,0,,,1
2251217,Guiraye Ouorgo,Guiraye Ouorgo,16.07526,-13.44583,PPL,15,,0,,,1
2251216,Guirdé,Guirde,15.59452,-14.44583,PPL,13,,0,,,1
13658814,Guirin,Guirin,13.0134,-16.11665,PPL,12,2253903,0,,,1
2251214,Guirinnhol,Guirinnhol,12.58278,-16.11694,PPL,12,,0,,,1
2251213,Guirio,Guirio,12.97472,-16.58028,PPL,12,,0,,,1
13505539,Guirir,Guirir,14.96284,-16.09069,PPL,13,2250660,0,,,1
2251212,Guirnda,Guirnda,13.98333,-16.61667,PPL,09,,0,,,1
2251211,Guiro,Guiro,13.06248,-16.07346,PPL,12,,0,,,1
2251210,Guiro Bokari,Guiro Bokari,12.76667,-14.83333,PPL,11,,0,,,1
2251209,Guiro Mandou,Guiro Mandou,12.76667,-14.83333,PPL,11,,0,,,1
2251208,Guiro Nandou,Guiro Nandou,14.76667,-14.85,PPL,13,,0,,,1
2251207,Guiro Samba,Guiro Samba,12.75,-14.85,PPL,11,,0,Pulaar/Fulani,clan/family name root,1
2251206,Guiro Samba Koudel,Guiro Samba Koudel,12.78333,-14.86667,PPL,11,,0,,,1
2251205,Guiro Yoro,Guiro Yoro,12.78333,-14.85,PPL,11,,0,,,1
2251579,Guirobé,Guirobe,14.46915,-12.26482,PPL,05,,0,,,1
2251204,Guirvas,Guirvas,15.7846,-14.1653,PPL,14,,0,,,1
13658817,Guisaila,Guisaila,13.0362,-16.09772,PPL,12,2253903,0,,,1
2251203,Guissam,Guissam,14.07923,-15.57999,PPL,16,,0,,,1
13658792,Guitet,Guitet,13.07693,-16.1204,PPL,12,2253903,0,,,1
13514615,Guitir Niamar,GuitirNiamar,14.56232,-16.66828,PPL,07,2248478,0,,,1
2251198,Guitir Sérèr,GuitirSerer,14.53211,-16.67528,PPL,07,,0,,,1
13506729,Guitir Wolof,GuitirWolof,14.5313,-16.65143,PPL,07,2248478,0,,,1
2251197,Guitiré,Guitire,14.71667,-16.51667,PPL,03,,0,,,1
2251196,Guitonhat,Guitonhat,12.47667,-16.67222,PPL,12,,0,,,1
2251195,Guizo,Guizo,12.45889,-16.68417,PPL,12,,0,,,1
2251194,Guyia,Guyia,16.59908,-14.92876,PPL,14,,0,,,1
2251331,Guèb,Gueb,14.9,-16.01667,PPL,03,,0,,,1
2247545,Guèb Fal,GuebFal,14.89402,-16.0551,PPL,03,,0,,,1
13507344,Guèdj Martin,GuedjMartin,14.29712,-16.82813,PPL,07,2248478,0,,,1
13507322,Guèdj Mat,GuedjMat,14.27857,-16.84146,PPL,07,2248478,0,,,1
2251304,Guène Goudi,Guene Goudi,15.9,-16.03333,PPL,13,,0,,,1
2247332,Guènt,Guent,14.6356,-16.80579,PPL,07,,0,,,1
2251301,Guènt Boye,GuentBoye,14.09372,-15.81387,PPL,16,,0,,,1
2251300,Guènt Gouye,GuentGouye,14.05301,-15.57421,PPL,16,,0,,,1
13554665,Guènt Peul Deux,GuentPeulDeux,14.01202,-15.40946,PPL,16,2251008,0,,,1
2251487,Guènt Peul Un,GuentPeulUn,14.00501,-15.44862,PPL,16,,0,,,1
8430305,Guèntaba,Guentaba,14.76281,-17.42063,PPLL,01,,0,Pulaar/Fulani,clan/family name root,1
2251294,Guèntou,Guentou,15.9868,-14.5675,PPL,14,,0,,,1
2251297,Guènté Paté,Guente Pate,14.28333,-14.93333,PPL,16,,0,,,1
2251295,Guènté Vélingara,Guente Velingara,14.05,-14.35,PPL,05,,0,,,1
2595911,Guèr,Guer,14.81167,-17.08802,PPL,07,,0,,,1
2251279,Guèt Ardo,Guet Ardo,15.4,-16.08333,PPL,13,,0,,,1
2251277,Guète,Guete,14.7,-16.38333,PPL,03,,0,,,1
2596034,Guèthie,Guethie,15.8728,-16.51004,PPL,14,,0,,,1
2251275,Guèto,Gueto,15.2882,-15.3341,PPL,13,,0,,,1
13505524,Guèye Guèye,GueyeGueye,14.85715,-16.15745,PPL,03,2252312,0,,,2
13507054,Guèye Guèye,GueyeGueye,14.62478,-16.45079,PPL,03,2254315,0,,,2
2251269,Guèye Kadar,Gueye Kadar,15.8649,-14.3351,PPL,14,,0,,,1
13505556,Guèyène,Gueyene,14.8467,-16.21913,PPL,03,2252312,0,,,1
6647978,Guéda,Gueda,14.59199,-12.72411,PPL,05,,0,,,1
2251759,Guédiali,Guediali,14.86099,-16.0628,PPL,03,,0,,,1
13505544,Guédiali Deux,GuedialiDeux,14.8452,-16.07142,PPL,03,2248699,0,,,1
2595778,Guédiawaye,Guediawaye,14.77446,-17.40212,PPL,01,9180011,329659,,,1
2251322,Guédioumane,Guedioumane,15.91667,-16.03333,PPL,13,,0,,,1
2251327,Guédé,Guede,16.53839,-14.80412,PPL,14,,5600,,,1
2251326,Guédé Chantiers,Guede Chantiers,16.54348,-14.75945,PPL,14,,0,,,1
2251324,Guédé Ouro,Guede Ouro,16.62429,-14.79462,PPL,14,,0,,,1
2251325,Guédékou,Guedekou,14.25454,-12.23306,PPL,05,,0,,,1
2251317,Guéli,Gueli,15.4649,-15.8356,PPL,13,,0,,,2
2251318,Guéli,Gueli,15.2103,-15.4384,PPL,13,,0,,,2
2251314,Guélodé,Guelode,14.88333,-16.03333,PPL,03,,0,,,4
2251315,Guélodé,Guelode,14.07705,-12.76341,PPL,05,,0,,,4
13551146,Guélodé,Guelode,14.91586,-15.9441,PPL,03,2248699,0,,,4
13551639,Guélodé,Guelode,14.81486,-15.25834,PPL,13,2249283,0,,,4
13551964,Guélodé Diop,GuelodeDiop,14.80679,-15.22735,PPL,13,2249283,0,,,1
13551960,Guélodé Sowène,GuelodeSowene,14.8219,-15.2232,PPL,13,2249283,0,,,1
2251313,Guélor Sérèr,GuelorSerer,14.62925,-16.76186,PPL,07,,0,,,1
13506704,Guélor Wolof,GuelorWolof,14.61311,-16.73543,PPL,07,2248478,0,,,1
2251319,Guélé,Guele,14.84676,-15.99478,PPL,03,,0,,,1
2251308,Guémédji,Guemedji,12.44247,-11.37802,PPL,05,,0,,,1
13658743,Guénaré,Guenare,13.08885,-16.30013,PPL,12,2253903,0,,,1
2595800,Guéndel,Guendel,14.71897,-17.27554,PPLX,01,,0,,,1
2251303,Guénes,Guenes,14.65,-16.61667,PPL,03,,0,,,1
2596035,Guéngué,Guengue,15.84456,-16.50516,PPL,14,,0,,,1
2251292,Guéoul,Gueoul,15.48333,-16.35,PPL,13,,8003,,,1
13507216,Guéral,Gueral,14.63186,-16.03588,PPL,03,2248699,0,,,1
2251290,Guérane Goumak,GueraneGoumak,14.08158,-15.01626,PPL,16,,0,,,1
2251288,Guérina,Guerina,12.76694,-16.24889,PPL,12,,0,,,1
2251287,Guéringoumane,Gueringoumane,12.86667,-16.05,PPL,12,,0,,,1
2251289,Guérèw,Guerew,14.52467,-17.09458,PPL,07,,0,,,1
2595421,Guérèw Sérèr,Guerew Serer,14.51952,-17.09255,PPL,07,,0,,,1
2251281,Guéssel,Guessel,14.86622,-15.67868,PPL,03,,0,,,1
2251282,Guéssébové,Guessebove,13.59302,-12.02841,PPL,05,,0,,,1
2251276,Guétié,Guetie,14.76406,-12.37562,PPL,05,,0,,,1
6916592,Guéye Kadar,Gueye Kadar,15.8733,-14.3271,PPL,14,,0,,,1
13505573,Guéyène Pal,GueyenePal,14.77183,-16.16774,PPL,03,2252312,0,,,1
2251321,Guéène,Gueene,14.85,-15.83333,PPL,03,,0,,,1
2251662,Gâwol,Gawol,16.07302,-13.49176,PPL,15,,0,,,1
2251582,Génoto,Genoto,13.55,-13.81667,PPL,05,,0,,,1
6611627,Géwel,Gewel,15.1275,-12.81556,PPL,15,,0,,,1
2251572,G’Nit,G'Nit,16.17278,-15.91472,PPL,14,,0,,,1
2595720,H.L.M. Deux,H.L.M. Deux,14.715,-17.44472,PPLX,01,,0,,,1
2595723,H.L.M. Quatre,H.L.M. Quatre,14.71,-17.44528,PPLX,01,,0,,,1
2595725,H.L.M. Six Nimzat,H.L.M. Six Nimzat,14.70285,-17.44483,PPLX,01,,0,,,1
2595721,H.L.M. Trois,H.L.M. Trois,14.71194,-17.445,PPLX,01,,0,,,1
2595719,H.L.M. Un,H.L.M. Un,14.71833,-17.44444,PPLX,01,,0,,,1
2595724,H.L.M. Çinq,H.L.M. Cinq,14.70722,-17.44528,PPLX,01,,0,,,1
6917791,Habibou,Habibou,12.4918,-12.2803,PPL,17,,0,,,1
2251187,Hafel,Hafel,15.38333,-16.23333,PPL,13,,0,,,1
2251189,Hafé,Hafe,15.08333,-16.23333,PPL,07,,0,,,2
13658140,Hafé,Hafe,13.9066,-16.17699,PPL,10,2250807,0,,,2
2251176,Halvar,Halvar,16.58527,-14.65693,PPL,14,,0,,,1
11072097,Halwar,Halwar,16.58333,-14.65,PPL,14,,0,,,1
6644102,Hamarabé,Hamarabe,15.50858,-13.33335,PPL,15,,0,,,1
2251168,Hamdalaye,Hamdalaye,13.83333,-15.38333,PPL,16,,0,,,7
2251169,Hamdalaye,Hamdalaye,13.8,-15.81667,PPL,10,,0,,,7
2251170,Hamdalaye,Hamdalaye,13.76667,-13.11667,PPL,05,,0,,,7
2251171,Hamdalaye,Hamdalaye,13.58333,-14.45,PPL,05,,0,,,7
2251172,Hamdalaye,Hamdalaye,13.58333,-13.55,PPL,05,,0,,,7
2251173,Hamdalaye,Hamdalaye,13.56667,-15.1,PPL,11,,0,,,7
2251174,Hamdalaye,Hamdalaye,12.54722,-15.67333,PPL,18,,0,,,7
2251166,Hamdalaye Abiou,Hamdalaye Abiou,12.78333,-15.08333,PPL,11,,0,,,1
2251165,Hamdalaye Alfa,Hamdalaye Alfa,13.33333,-14.6,PPL,11,,0,,,1
2251164,Hamdalaye I,Hamdalaye I,13.28333,-15.56667,PPL,18,,0,,,1
2251163,Hamdalaye II,Hamdalaye II,13.28333,-15.7,PPL,18,,0,,,1
2251162,Hamdalaye Malang,Hamdalaye Malang,13.15,-13.95,PPL,11,,0,,,1
2251161,Hamdalaye Yéro,Hamdalaye Yero,13.38333,-14.78333,PPL,11,,0,,,1
2251155,Hamdallaye,Hamdallaye,14.20597,-12.22516,PPL,05,,0,,,6
2251156,Hamdallaye,Hamdallaye,13.7246,-16.5216,PPL,09,,0,,,6
2251157,Hamdallaye,Hamdallaye,12.7,-14.85,PPL,11,,0,,,6
2251167,Hamdallaye,Hamdallaye,14.22591,-15.11034,PPL,16,,0,,,6
13554439,Hamdallaye,Hamdallaye,14.02426,-15.78668,PPL,16,2250807,0,,,6
13554663,Hamdallaye,Hamdallaye,14.24805,-15.24067,PPL,16,10778871,0,,,6
2251175,Hamdallaï,Hamdallai,12.483,-12.4869,PPL,17,,0,,,1
2251160,Hamdallaï Amadou,Hamdallai Amadou,13.08333,-14.88333,PPL,11,,0,,,1
2251159,Hamdallaï Diapaldi,Hamdallai Diapaldi,13.43333,-13.43333,PPL,05,,0,,,1
2251158,Hamdallaï Tessan,Hamdallai Tessan,13.61667,-13.51667,PPL,05,,0,,,1
2251149,Hann,Hann,14.72111,-17.43694,PPL,01,,0,,,1
2595763,Hann-Montagne,Hann-Montagne,14.73471,-17.41915,PPLX,01,,0,,,1
2595722,Hann-Plage,Hann-Plage,14.71984,-17.43643,PPL,01,,0,,,1
2595754,Hann-Pêcheur,Hann-Pecheur,14.72731,-17.42604,PPLX,01,,0,,,1
2251151,Hanèm,Hanem,14.08333,-14.98333,PPL,16,,0,,,1
2251150,Hanène,Hanene,14.03109,-15.99113,PPL,10,,0,,,4
2254665,Hanène,Hanene,14.7409,-16.8353,PPL,07,,0,,,4
13505356,Hanène,Hanene,14.9991,-16.39059,PPL,03,2254315,0,,,4
13658164,Hanène,Hanene,13.80176,-16.13477,PPL,10,2247158,0,,,4
2251145,Hari Vélé,Hari Vele,16.49586,-14.93076,PPL,14,,0,,,1
2251193,Haïré,Haire,16.45178,-14.32929,PPL,14,,0,,,1
2251181,Haïré Diamal,Haire Diamal,15.90196,-14.38198,PPL,14,,0,,,1
2251179,Haïré Gaoudi,Haire Gaoudi,15.4523,-15.4181,PPL,13,,0,,,1
2251178,Haïré Lao,Haire Lao,16.39697,-14.32196,PPL,14,,9472,,,1
2251139,Hilol,Hilol,12.80694,-16.67472,PPL,12,,0,,,1
2595498,Hine,Hine,14.66945,-17.10995,PPL,07,,0,,,1
2251138,Hobel,Hobel,15.9489,-14.0839,PPL,14,,0,,,1
2251137,Hodar,Hodar,14.13122,-15.33466,PPL,16,,0,,,1
6645341,Hodio,Hodio,16.01773,-13.71178,PPL,15,,0,,,1
2247094,Hombo,Hombo,15.55546,-13.34431,PPL,15,,0,,,1
2251136,Hontorbé,Hontorbe,14.36667,-13.33333,PPL,05,,0,,,1
2244060,Horé,Hore,14.35991,-15.42988,PPL,16,,0,,,2
2247091,Horé,Hore,14.82391,-15.26174,PPL,13,,0,,,2
2251134,Horé Bova,Hore Bova,12.45,-12.45,PPL,17,,0,,,1
2247089,Horé Fôndé,Hore Fonde,16.04541,-13.72924,PPL,14,,0,,,1
2247017,Houdolo,Houdolo,13.67384,-16.55275,PPL,09,,0,,,1
2251133,Houga,Houga,15.7653,-14.1756,PPL,14,,0,,,1
2251132,Houro Imadou,Houro Imadou,14.51507,-12.22079,PPL,05,,0,,,1
2251128,Iako Ouolof,Iako Ouolof,12.95,-15.96667,PPL,11,,0,,,1
2251127,Iako Peul,Iako Peul,12.93889,-15.97528,PPL,11,,0,,,1
2251124,Iba,Iba,16.03611,-15.96056,PPL,14,,0,Pulaar/Fulani,clan/family name root,1
2251125,Iba Balla,Iba Balla,15.87944,-16.3625,PPL,14,,0,,,1
2251123,Ibel,Ibel,12.5158,-12.3781,PPL,17,,0,,,1
2250349,Ibra Fal,Ibra Fal,14.72617,-16.91472,PPL,07,,0,,,2
2251122,Ibra Fal,Ibra Fal,14.43333,-15.7,PPL,16,,0,,,2
2251121,Ibrahima Guèye,Ibrahima Gueye,14.85,-16.35,PPL,03,,0,,,1
2251119,Ida,Ida,13.98333,-14.68333,PPL,16,,0,,,2
2593127,Ida,Ida,12.83806,-15.53222,PPL,18,,0,,,2
2251117,Ida Mouride,Ida Mouride,13.98333,-14.66667,PPL,16,,0,,,1
2251118,Idakoto,Idakoto,13.85,-13.51667,PPL,05,,0,,,1
2251116,Idaoa,Idaoa,14.81667,-15.65,PPL,09,,0,,,1
2251114,Idite,Idite,15.91667,-13.71667,PPL,15,,0,,,1
2251111,Ifra Kounda,Ifra Kounda,13.63333,-13.81667,PPL,11,,0,,,1
2251110,Ihimba,Ihimba,12.44889,-16.66361,PPL,12,,0,Pulaar/Fulani,clan/family name root,1
2251106,Iliassa,Iliassa,13.85,-14.88333,PPL,16,,0,,,1
2251104,Inana,Inana,13.9,-13.51667,PPL,05,,0,,,1
2251099,Inor,Inor,12.99556,-15.70806,PPL,18,,0,,,1
2251098,Irada Mbaye Fal,IradaMbayeFal,14.82191,-15.65257,PPL,03,2248699,0,,,1
2251097,Irassoli,Irassoli,13.3,-15.55,PPL,18,,0,,,1
2252021,Itato,Itato,12.5088,-12.2353,PPL,17,,0,,,1
2251094,Itou,Itou,12.62139,-16.69194,PPL,12,,0,,,1
2251113,Iérovalo,Ierovalo,13.15,-14.08333,PPL,11,,0,,,1
13117829,Jaxaay Parcelle Niakoul Rap,Jaxaay Parcelle Niakoul Rap,14.77474,-17.28024,PPLX,01,7733009,41570,,,1
2251087,Jevel,Jevel,13.01667,-14.01667,PPL,11,,0,,,1
2251084,Joal,Joal,14.17309,-16.84929,PPL,07,,45903,,,1
6645335,Joncto,Joncto,16.092,-13.51742,PPL,15,,0,,,1
2571780,Jongsharr,Jongsharr,13.61694,-16.13917,PPL,00,,0,,,1
2251081,Ka,Ka,14.91561,-16.74844,PPL,07,,0,,,1
2251080,Kaba,Kaba,13.8,-14.8,PPL,16,,0,Pulaar/Fulani,clan/family name root,1
13514614,Kaba Diak,KabaDiak,14.74011,-16.61795,PPL,07,2244804,0,,,1
2251079,Kaba Fandène,KabaFandene,14.74338,-16.61683,PPL,07,,0,,,1
2251078,Kabadio,Kabadio,13.03581,-16.7072,PPL,12,2253903,0,,,1
2251077,Kabakoto,Kabakoto,13.78333,-15.65,PPL,10,,0,,,1
2251076,Kabalane,Kabalane,12.78333,-16.5,PPL,12,,0,,,1
2251075,Kabalang,Kabalang,12.66667,-16.35444,PPL,12,,0,,,1
2251074,Kabaline,Kabaline,12.82333,-16.40528,PPL,12,,0,,,1
2249841,Kabatoki,Kabatoki,14.17181,-16.13819,PPL,10,,0,,,1
2251073,Kabatékénda,Kabatekenda,12.7972,-12.2409,PPL,17,,0,,,1
2251071,Kabaye,Kabaye,13.77367,-16.53289,PPL,09,,0,,,1
2251070,Kabdou,Kabdou,15.3157,-16.0739,PPL,13,,0,,,1
2251069,Kabe Gaye,Kabe Gaye,15.305,-16.6245,PPL,13,,0,,,1
2251068,Kabendou,Kabendou,12.91667,-14.11667,PPL,11,,0,,,1
2251066,Kabiline,Kabiline,12.95583,-16.56194,PPL,12,,0,,,1
2251065,Kabiliron,Kabiliron,14.01667,-13.98333,PPL,05,,0,,,1
2251063,Kabobokani,Kabobokani,12.48333,-16.20278,PPL,12,,0,,,1
2251061,Kabokoto,Kabokoto,13.31667,-13.25,PPL,05,,0,,,1
2251060,Kaboudiara,Kaboudiara,13.45134,-12.8737,PPL,05,,0,,,1
2251059,Kaboukout,Kaboukout,12.48361,-16.68361,PPL,12,,0,,,1
2251058,Kaboune,Kaboune,12.61167,-16.02861,PPL,12,,0,,,1
2251056,Kabounkout,Kabounkout,13.15657,-16.28661,PPL,12,,0,,,3
2251057,Kabounkout,Kabounkout,12.63472,-16.66667,PPL,12,,0,,,3
2571712,Kabounkout,Kabounkout,13.16083,-16.27833,PPL,12,,0,,,3
2251062,Kaboél,Kaboel,13.25,-15.65,PPL,18,,0,,,1
2251055,Kabrousse,Kabrousse,12.35556,-16.72056,PPL,12,,0,,,1
2251054,Kachiouane,Kachiouane,12.50389,-16.71444,PPL,12,,0,,,1
2251052,Kad,Kad,15.16667,-16.11667,PPL,13,,0,,,3
13505363,Kad,Kad,14.96412,-16.45874,PPL,03,2254315,0,,,3
13506972,Kad,Kad,14.74688,-16.26082,PPL,03,2252312,0,,,3
2251022,Kad Ndiayène,Kad Ndiayene,14.96802,-15.78231,PPL,13,,0,,,1
13507006,Kadam,Kadam,14.66244,-16.30666,PPL,03,2252312,0,,,1
2251050,Kadane,Kadane,14.93333,-15.95,PPL,03,,0,,,2
13504589,Kadane,Kadane,14.95328,-16.86537,PPL,07,2244388,0,,,2
2251049,Kadang,Kadang,13.55,-15.06667,PPL,11,,0,,,1
2251048,Kadanga,Kadanga,12.68333,-14.41667,PPL,11,,0,,,1
2251047,Kadao,Kadao,13.88333,-15.13333,PPL,16,,0,,,1
2251046,Kadawdaw,Kadawdaw,14.13986,-15.64509,PPL,16,,0,,,1
2251043,Kadia,Kadia,15.9834,-14.1112,PPL,14,,0,,,1
2251041,Kadialin,Kadialin,13.08333,-15.7,PPL,18,,0,,,1
2251027,Kadialouk,Kadialouk,13.15501,-16.20603,PPL,12,,0,,,1
2251040,Kadiamari,Kadiamari,13.05,-14.85,PPL,11,,0,,,1
2251038,Kadiar,Kadiar,15.8,-16.28333,PPL,13,,0,,,1
2251037,Kadiar Peul,Kadiar Peul,15.80278,-16.29778,PPL,13,,0,,,1
2251032,Kadiel,Kadiel,15.1512,-15.4271,PPL,13,,0,,,4
2251033,Kadiel,Kadiel,14.66025,-12.37345,PPL,05,,0,,,4
2251035,Kadiel,Kadiel,14.05,-15.81667,PPL,10,,0,,,4
2251036,Kadiel,Kadiel,12.76667,-14.68333,PPL,11,,0,,,4
6647973,Kadiel Séoudou,Kadiel Seoudou,14.78224,-12.53967,PPL,05,,0,,,1
2251026,Kadioré,Kadiore,12.4411,-12.5131,PPL,17,,0,,,1
2251029,Kadié-Toukil-Baoudi,Kadie-Toukil-Baoudi,16.31262,-14.18565,PPL,14,,0,,,1
2251034,Kadiél,Kadiel,14.41251,-15.85742,PPL,09,,0,,,1
2251030,Kadiéné,Kadiene,12.46667,-16.35,PPL,12,,0,,,1
2251025,Kadjinol,Kadjinol,12.56194,-16.57083,PPL,12,,0,,,1
13554411,Kado,Kado,14.18867,-15.8494,PPL,10,10778869,0,,,1
2251019,Kadouyel,Kadouyel,14.7195,-15.84875,PPL,03,2248699,0,,,1
2251021,Kadré Pavi,Kadre Pavi,15.96667,-13.61667,PPL,15,,0,,,1
2251020,Kaduyène,Kaduyene,14.73333,-15.85,PPL,03,,0,,,1
2251012,Kafafi,Kafafi,14.2,-13.43333,PPL,05,,0,,,1
2251011,Kafar,Kafar,12.54167,-16.73583,PPL,12,,0,,,1
2251010,Kafaye,Kafaye,12.7,-16.13333,PPL,12,,0,,,1
2251007,Kaffrine,Kaffrine,14.10594,-15.5508,PPLA,16,,57307,,,1
2251005,Kafinké,Kafinke,13.08336,-16.11262,PPL,12,,0,,,1
13658746,Kafo,Kafo,13.02075,-16.37415,PPL,12,2253903,0,,,1
6586400,Kafori,Kafori,12.47389,-11.92167,PPL,17,,0,,,1
2251004,Kafoulou,Kafoulou,12.68222,-15.39611,PPL,18,,0,,,1
2251003,Kafounda,Kafounda,13.13333,-15.93333,PPL,12,,0,,,1
2251002,Kafountine,Kafountine,12.92528,-16.73889,PPL,12,,0,,,1
2251009,Kafèsse,Kafesse,12.86667,-16.165,PPL,12,,0,,,1
13658784,Kafétiène,Kafetiene,13.136,-16.01701,PPL,12,2253903,0,,,1
13658789,Kagadié,Kagadie,13.08638,-16.19324,PPL,12,2253903,0,,,1
2250999,Kagnarou,Kagnarou,12.92944,-16.22611,PPL,12,,0,,,1
2250998,Kagnobon,Kagnobon,12.84222,-16.42,PPL,12,,0,,,1
2250997,Kagnoubé,Kagnoube,13.58333,-13.26667,PPL,05,,0,,,1
2250995,Kagnout,Kagnout,12.54889,-16.62778,PPL,12,,0,,,1
13658740,Kagoukout,Kagoukout,13.13537,-16.26287,PPL,12,2253903,0,,,1
2250994,Kaguil,Kaguil,12.50667,-16.23361,PPL,12,,0,,,1
2250993,Kaguite,Kaguite,12.40361,-16.41139,PPL,12,,0,,,1
2250992,Kaguite Douma,Kaguite Douma,12.4,-16.42222,PPL,12,,0,,,1
2250991,Kahal,Kahal,12.65,-15.25,PPL,11,,0,,,1
13554555,Kahi,Kahi,14.14171,-15.55286,PPL,16,2251008,0,,,1
2250986,Kahinda,Kahinda,12.49056,-16.52806,PPL,12,,0,,,1
2250985,Kahing,Kahing,12.91778,-16.08028,PPL,12,,0,,,1
2250984,Kaho,Kaho,13.66667,-14.45,PPL,05,,0,,,1
2250982,Kahone,Kahone,14.15838,-16.03572,PPL,10,,26376,,,1
2595637,Kahâne Fal,Kahane Fal,14.71421,-17.15308,PPLX,01,,0,,,1
2595629,Kahâne Oun,Kahane Oun,14.70635,-17.15848,PPLX,01,,0,,,1
2250989,Kahèm,Kahem,12.355,-16.60389,PPL,12,,0,,,1
2250988,Kahène,Kahene,13.75,-14.73333,PPL,05,,0,,,1
2250990,Kahé,Kahe,14.84526,-12.56121,PPL,05,,0,,,1
2250971,Kak,Kak,15.1404,-14.5487,PPL,15,,0,,,1
2250970,Kakanba,Kakanba,12.88333,-11.83333,PPL,17,,0,Pulaar/Fulani,clan/family name root,1
2250969,Kakaré,Kakare,12.95,-16.45,PPL,12,,0,,,3
13554077,Kakaré,Kakare,14.34587,-15.51589,PPL,16,2251008,0,,,3
13658754,Kakaré,Kakare,13.07893,-16.25984,PPL,12,2253903,0,,,3
2250967,Kakoat,Kakoat,13.93333,-16.0,PPL,10,,0,,,1
2250966,Kakono,Kakono,12.96667,-16.23333,PPL,12,,0,,,1
2250965,Kakounda,Kakounda,13.8,-15.46667,PPL,16,,0,,,1
2250968,Kakène,Kakene,12.92778,-16.16917,PPL,12,,0,,,1
2250964,Kaladji Dembani,Kaladji Dembani,14.91667,-15.73333,PPL,13,,0,,,1
13658751,Kalahaguèn,Kalahaguen,13.04254,-16.26235,PPL,12,2253903,0,,,1
2250963,Kalamine,Kalamine,15.78333,-16.18333,PPL,13,,0,,,2
13505404,Kalamine,Kalamine,14.98776,-16.35664,PPL,03,2252312,0,,,2
2250962,Kalane,Kalane,15.41667,-16.2,PPL,13,,0,,,1
2250958,Kalap,Kalap,12.93333,-16.1,PPL,12,,0,,,3
2250959,Kalap,Kalap,12.77861,-16.29806,PPL,12,,0,,,3
13658801,Kalap,Kalap,13.08634,-16.02424,PPL,12,2253903,0,,,3
13554049,Kalassane,Kalassane,14.32106,-15.89166,PPL,10,10778869,0,,,1
2250957,Kalbirone,Kalbirone,13.98333,-14.01667,PPL,05,,0,,,1
2250956,Kaldèm,Kaldem,14.15,-13.41667,PPL,05,,0,,,1
2250946,Kalifourou,Kalifourou,12.92593,-13.6391,PPL,11,,0,,,1
2250943,Kalinguène,Kalinguene,12.5725,-16.22361,PPL,12,,0,,,1
13506971,Kalir,Kalir,14.64089,-16.31408,PPL,03,2252312,0,,,1
13554407,Kalière,Kaliere,14.18654,-15.99424,PPL,10,10778869,0,,,1
2250936,Kalom,Kalom,15.9435,-15.5841,PPL,14,,0,,,5
2250937,Kalom,Kalom,15.15,-16.36667,PPL,07,,0,,,5
2250938,Kalom,Kalom,15.13333,-16.15,PPL,13,,0,,,5
2250941,Kalom,Kalom,13.85,-14.28333,PPL,05,,0,,,5
13504765,Kalom,Kalom,14.83707,-16.5297,PPL,03,2254315,0,,,5
2250939,Kalom Dieng,KalomDieng,14.97938,-16.35823,PPL,03,,0,,,1
13505394,Kalom Karé,KalomKare,14.98255,-16.36989,PPL,03,2254315,0,,,1
2250940,Kalom Ndofane,KalomNdofane,14.53181,-16.41719,PPL,09,,0,,,1
13658773,Kalone,Kalone,13.1444,-16.14202,PPL,12,2253903,0,,,1
2250934,Kalossi,Kalossi,15.6199,-15.3237,PPL,13,,0,,,1
2250931,Kalou Maboubé,Kalou Maboube,16.36484,-14.26607,PPL,14,,0,,,1
2250932,Kaloubalou,Kaloubalou,13.09978,-16.09354,PPL,12,,0,,,1
2250929,Kaloye,Kaloye,15.6327,-14.3995,PPL,13,,0,,,1
2250928,Kalsane,Kalsane,15.26667,-16.15,PPL,13,,0,,,1
2250955,Kalé,Kale,12.66139,-16.42972,PPL,12,,0,,,1
2250954,Kaléane,Kaleane,12.45,-16.43333,PPL,12,,0,,,1
2250953,Kalébé,Kalebe,13.7,-14.15,PPL,05,,0,,,1
2250952,Kalénène,Kalenene,14.8,-16.65,PPL,07,,0,,,1
2250951,Kaléo,Kaleo,13.07444,-16.20434,PPL,12,,0,,,1
13658763,Kalétiaye,Kaletiaye,13.13656,-16.20221,PPL,12,2253903,0,,,1
2250950,Kaléya,Kaleya,13.68333,-14.55,PPL,05,,0,,,1
13506749,Kam Diak,KamDiak,14.68479,-16.71286,PPL,07,2244804,0,,,1
2250926,Kama,Kama,15.8,-13.95,PPL,15,,0,,,2
2250927,Kama,Kama,13.05,-15.91667,PPL,12,,0,,,2
2250925,Kamadou,Kamadou,14.56815,-15.8878,PPL,03,,0,,,1
2250924,Kamagouba,Kamagouba,12.95,-15.79944,PPL,18,,0,Pulaar/Fulani,clan/family name root,1
2250923,Kamahone,Kamahone,12.98917,-15.93472,PPL,18,,0,,,1
2250922,Kamako Sanssan,Kamako Sanssan,12.75,-14.96667,PPL,11,,0,,,1
2250921,Kamara,Kamara,15.5239,-15.5268,PPL,13,,0,,,1
2250920,Kamarakounda,Kamarakounda,12.50417,-16.07667,PPL,12,,0,,,1
2250918,Kamatane Bambara,KamataneBambara,14.12486,-16.27694,PPL,09,,0,,,1
13514634,Kamatane Mbar,KamataneMbar,14.1192,-16.27146,PPL,09,2251792,0,,,1
2250904,Kamb,Kamb,14.74584,-17.31462,PPL,01,,0,,,2
2250917,Kamb,Kamb,15.5307,-15.4337,PPL,13,,0,,,2
2250916,Kamba,Kamba,15.1304,-15.6871,PPL,13,,0,Pulaar/Fulani,clan/family name root,1
2250915,Kambassé,Kambasse,12.75,-13.98333,PPL,11,,0,,,1
2250912,Kambel,Kambel,14.75914,-15.57535,PPL,03,2248699,0,,,1
2250911,Kambila,Kambila,12.98972,-15.84861,PPL,18,,0,,,1
2250910,Kambou,Kambou,15.36667,-16.06667,PPL,13,,0,,,1
2250909,Kamboua,Kamboua,12.7,-14.76667,PPL,11,,0,,,1
2250908,Kamboudione,Kamboudione,13.1,-15.88333,PPL,18,,0,,,1
2250907,Kambounar,Kambounar,15.2413,-15.7092,PPL,13,,0,,,1
2250906,Kamboundé,Kambounde,13.01667,-15.91667,PPL,18,,0,,,1
2250913,Kambédare,Kambedare,12.73333,-14.76667,PPL,11,,0,,,1
2250905,Kamiak,Kamiak,14.4566,-16.55664,PPL,09,,0,,,1
2250903,Kamobeul,Kamobeul,12.50278,-16.43639,PPL,12,,0,,,1
2250901,Kamoya,Kamoya,12.87083,-15.88167,PPL,18,,0,,,1
2250900,Kampila,Kampila,12.995,-15.77944,PPL,18,,0,,,1
2250899,Kampissa,Kampissa,12.85,-14.6,PPL,11,,0,,,1
2250898,Kampoto,Kampoto,13.03333,-15.7,PPL,18,,0,,,1
2250897,Kananpar,Kananpar,12.53333,-15.66667,PPL,18,,0,,,1
2250895,Kanapé,Kanape,13.56667,-13.91667,PPL,05,,0,,,1
2250894,Kanapétoko,Kanapetoko,13.71667,-13.81667,PPL,05,,0,,,1
2250892,Kanbinnta,Kanbinnta,12.55917,-16.21361,PPL,12,,0,,,1
2250891,Kanboundan,Kanboundan,12.9075,-15.79333,PPL,18,,0,,,1
2250890,Kandam,Kandam,14.66701,-17.14329,PPL,01,,0,,,2
2595587,Kandam,Kandam,14.68371,-17.13022,PPLX,07,,0,,,2
2250889,Kandaye,Kandaye,12.98333,-14.26667,PPL,11,,0,,,1
2250883,Kandia,Kandia,13.08333,-14.23333,PPL,11,,0,,,1
13658771,Kandiadi,Kandiadi,13.13764,-16.1074,PPL,12,2253903,0,,,1
2250880,Kandiadiou,Kandiadiou,13.14093,-16.03781,PPL,12,,0,,,2
2250881,Kandiadiou,Kandiadiou,13.00139,-15.61722,PPL,18,,0,,,2
2250877,Kandiala,Kandiala,13.23333,-14.48333,PPL,11,,0,,,1
2250876,Kandialon,Kandialon,12.98806,-15.74,PPL,18,,0,,,1
2250875,Kandiama,Kandiama,13.23333,-13.85,PPL,11,,0,,,1
2250874,Kandiankoum,Kandiankoum,12.71361,-16.75833,PPL,12,,0,,,1
2249878,Kandiané,Kandiane,14.25105,-15.03045,PPL,16,,0,,,1
2250872,Kandiatong,Kandiatong,12.55361,-16.24861,PPL,12,,0,,,1
2250871,Kandiator,Kandiator,12.98333,-14.55,PPL,11,,0,,,1
2250870,Kandiaye,Kandiaye,12.96667,-14.03333,PPL,11,,0,,,1
2250868,Kandii,Kandii,15.3,-16.03333,PPL,13,,0,,,1
2250867,Kandimba,Kandimba,13.23333,-15.66667,PPL,18,,0,Pulaar/Fulani,clan/family name root,1
2250866,Kandio Kamako,Kandio Kamako,12.78139,-15.1125,PPL,11,,0,,,1
2250865,Kandion,Kandion,12.68333,-14.5,PPL,11,,0,,,1
2250864,Kandion Dansokounda,Kandion Dansokounda,13.16667,-15.78333,PPL,18,,0,,,1
2250863,Kandion Mangana,Kandion Mangana,13.18333,-15.78333,PPL,18,,0,,,1
2250862,Kandiou,Kandiou,12.71778,-16.35222,PPL,12,,0,,,1
13508567,Kandiou Deux,KandiouDeux,14.37443,-16.38377,PPL,09,7670866,0,,,1
2250861,Kandiou Un,KandiouUn,14.3722,-16.40384,PPL,09,,0,,,1
13658800,Kandioubatou,Kandioubatou,13.05593,-16.04139,PPL,12,2253903,0,,,1
2250859,Kandiounkou,Kandiounkou,13.00083,-15.64806,PPL,18,,0,,,2
2250860,Kandiounkou,Kandiounkou,13.0,-15.48333,PPL,18,,0,,,2
2250869,Kandiénoug,Kandienoug,12.61389,-15.35417,PPL,18,,0,,,1
2250857,Kandji,Kandji,14.78333,-16.66667,PPL,07,,0,,,1
2250855,Kandji Tala,Kandji Tala,12.98333,-13.75,PPL,11,,0,,,1
2250854,Kandong,Kandong,13.10891,-16.15826,PPL,12,,0,,,1
2250853,Kandoniéma,Kandoniema,14.09052,-12.74044,PPL,05,,0,,,1
2250852,Kandounié,Kandounie,12.95361,-16.10472,PPL,12,,0,,,1
2250887,Kandé,Kande,12.65472,-16.69056,PPL,12,,0,,,2
2250888,Kandé,Kande,12.56667,-16.25,PPL,12,,0,,,2
2250885,Kandékounda,Kandekounda,13.56667,-14.05,PPL,05,,0,,,1
2250884,Kandéri Niana,Kanderi Niana,13.75,-13.63333,PPL,05,,0,,,1
13506999,Kane Kane,KaneKane,14.74892,-16.28321,PPL,03,2252312,0,,,2
13507056,Kane Kane,KaneKane,14.72609,-16.27189,PPL,03,2252312,0,,,2
2250849,Kanel,Kanel,15.4916,-13.17627,PPL,15,,15244,,,2
2250850,Kanel,Kanel,13.3,-14.58333,PPL,11,,0,,,2
2250840,Kaner,Kaner,14.86667,-14.51667,PPL,13,,0,,,1
2250839,Kangal,Kangal,15.93333,-13.71667,PPL,15,,0,,,1
13505493,Kangharlo,Kangharlo,14.97799,-16.38946,PPL,03,2254315,0,,,1
2250838,Kangian,Kangian,15.1,-16.43333,PPL,07,,0,,,1
2250837,Kangodi,Kangodi,13.01667,-15.83333,PPL,18,,0,,,1
2250818,Kanhanbé,Kanhanbe,14.23459,-12.65595,PPL,05,,0,,,1
2250836,Kanho,Kanho,12.62083,-16.73083,PPL,12,,0,,,1
2595973,Kaniak,Kaniak,14.87172,-17.16096,PPL,07,,0,,,1
2250835,Kaniaka,Kaniaka,12.5975,-16.02,PPL,12,,0,,,1
2250834,Kaniako,Kaniako,12.73333,-14.71667,PPL,11,,0,,,1
2250832,Kanianbali,Kanianbali,12.95,-11.8,PPL,17,,0,,,1
2250830,Kanibo,Kanibo,12.95333,-16.56139,PPL,12,,0,,,1
2250828,Kaniko,Kaniko,12.47389,-15.665,PPL,18,,0,,,1
2250827,Kanikoro,Kanikoro,12.76667,-14.48333,PPL,11,,0,,,1
6659070,Kanimoussaya,Kanimoussaya,12.78386,-11.39979,PPL,05,,0,,,1
2250829,Kaniène,Kaniene,16.04333,-16.12556,PPL,14,,0,,,1
2250825,Kanka,Kanka,14.79932,-15.96688,PPL,03,,0,,,2
2250826,Kanka,Kanka,14.12773,-15.66106,PPL,16,,0,,,2
2250824,Kankandé,Kankande,13.01667,-15.93333,PPL,12,,0,,,1
2250823,Kankane,Kankane,14.7,-16.25,PPL,03,,0,,,1
2250821,Kankoudron,Kankoudron,12.785,-15.08389,PPL,11,,0,,,1
2250819,Kankoulountou,Kankoulountou,13.01667,-15.66667,PPL,18,,0,,,1
2250820,Kankoulérou,Kankoulerou,12.96667,-15.95,PPL,11,,0,,,1
2250822,Kankéléfa,Kankelefa,12.83333,-14.13333,PPL,11,,0,,,1
2250817,Kanouma,Kanouma,13.63333,-14.71667,PPL,05,,0,,,1
2250846,Kanouméring,Kanoumering,12.8846,-12.1776,PPL,17,,0,,,1
2250815,Kansata,Kansata,13.06667,-14.01667,PPL,11,,0,,,1
2250814,Kansola,Kansola,12.99781,-16.55114,PPL,12,,0,,,2
2593155,Kansola,Kansola,13.00111,-16.55111,PPL,09,,0,,,2
13554090,Kanta,Kanta,14.38916,-15.08554,PPL,16,10778871,0,,,1
2250813,Kantar,Kantar,13.8,-14.75,PPL,16,,0,,,1
2250812,Kantaré,Kantare,15.1973,-16.2611,PPL,13,,0,,,1
2250811,Kantayène,Kantayene,15.65,-16.1,PPL,13,,0,,,1
2250810,Kantiakh,Kantiakh,15.26667,-16.26667,PPL,13,,0,,,1
2250809,Kantor,Kantor,13.65,-15.73333,PPL,10,,0,,,1
2249718,Kantor Ndabri,KantorNdabri,14.73571,-15.88328,PPL,03,,0,,,1
13658774,Kantéli,Kanteli,13.13422,-16.14235,PPL,12,2253903,0,,,1
13658777,Kantépor,Kantepor,13.11264,-16.09305,PPL,12,2253903,0,,,3
13658794,Kantépor,Kantepor,13.09645,-16.12543,PPL,12,2253903,0,,,3
13658816,Kantépor,Kantepor,13.04383,-16.11168,PPL,12,2253903,0,,,3
2250844,Kanène,Kanene,15.4,-16.48333,PPL,13,,0,,,5
2250845,Kanène,Kanene,14.87175,-16.64944,PPL,07,,0,,,5
13505518,Kanène,Kanene,14.86487,-16.23381,PPL,03,2252312,0,,,5
13505587,Kanène,Kanene,14.94906,-16.09896,PPL,03,2252312,0,,,5
13554029,Kanène,Kanene,14.42754,-15.82256,PPL,09,2251492,0,,,5
2250843,Kanène Al,Kanene Al,15.5,-16.01667,PPL,13,,0,,,1
2250842,Kanène Khar,Kanene Khar,15.5,-16.03333,PPL,13,,0,,,1
2250841,Kanène Ndiob,Kanene Ndiob,15.3628,-16.1734,PPL,13,,0,,,1
2250851,Kanékaré,Kanekare,12.68333,-12.41667,PPL,17,,0,,,1
2250847,Kanéma,Kanema,12.56944,-15.93361,PPL,18,,0,,,1
13658779,Kaok,Kaok,13.14204,-16.05678,PPL,12,2253903,0,,,1
2250805,Kaolack,Kaolack,14.15197,-16.07259,PPLA,10,,298904,,,1
2250803,Kaolak,Kaolak,14.03498,-16.08027,PPL,10,,0,,,1
2250801,Kaoné,Kaone,15.08333,-16.71667,PPL,07,,0,,,2
2250802,Kaoné,Kaone,12.73333,-14.25,PPL,11,,0,,,2
2250797,Kaouadir,Kaouadir,12.81972,-16.51278,PPL,12,,0,,,1
2250794,Kaouel,Kaouel,15.5511,-14.2027,PPL,15,,0,,,1
2250792,Kaoulou,Kaoulou,15.03333,-16.41667,PPL,07,,0,,,1
2250790,Kaour,Kaour,12.56611,-15.90778,PPL,18,,0,,,1
2250789,Kaourou,Kaourou,13.6196,-12.04259,PPL,05,,0,,,1
2250788,Kaoutou,Kaoutou,13.38196,-12.54944,PPL,05,,0,,,1
2250786,Kaparan,Kaparan,12.86444,-16.31917,PPL,12,,0,,,1
2595579,Kaparok,Kaparok,14.70057,-17.11691,PPL,07,,0,,,1
2250784,Kapeïel,Kapeiel,12.93333,-13.66667,PPL,11,,0,,,1
2250783,Kaporta,Kaporta,13.90122,-12.6699,PPL,05,,0,,,1
2250782,Kapote,Kapote,12.66667,-15.58333,PPL,18,,0,,,1
2250781,Kapoundoune,Kapoundoune,12.97583,-15.83667,PPL,18,,0,,,1
13504637,Kar Kar,KarKar,14.93276,-16.62897,PPL,03,2254315,0,,,1
2250780,Kara,Kara,15.56667,-16.3,PPL,13,,0,,,1
2250761,Kara Vendou,Kara Vendou,15.8927,-14.1657,PPL,14,,0,,,1
2250779,Karabane,Karabane,12.55667,-16.70028,PPL,12,,0,,,1
2250777,Karakaéné,Karakaene,12.91667,-11.51667,PPL,17,,0,,,1
13658776,Karamba,Karamba,13.09986,-16.11217,PPL,12,2253903,0,Pulaar/Fulani,clan/family name root,1
2250776,Karamogobougou Sadirou,Karamogobougou Sadirou,13.78333,-13.75,PPL,05,,0,,,1
2250775,Karamoko,Karamoko,14.76667,-16.86667,PPL,07,,0,,,1
2571738,Karang Bah,Karang Bah,13.60185,-16.44412,PPL,09,,0,,,1
2250773,Karang Poste,Karang Poste,13.60661,-16.42427,PPL,09,,14624,,,1
2250772,Karanko,Karanko,12.97806,-16.52389,PPL,12,,0,,,1
2250764,Karantaba,Karantaba,13.6445,-16.41627,PPL,09,,0,Pulaar/Fulani,clan/family name root,8
2250765,Karantaba,Karantaba,13.08844,-16.71933,PPL,12,,0,Pulaar/Fulani,clan/family name root,8
2250766,Karantaba,Karantaba,13.05,-15.5,PPL,18,,0,Pulaar/Fulani,clan/family name root,8
2250767,Karantaba,Karantaba,12.99994,-16.55151,PPL,12,,0,Pulaar/Fulani,clan/family name root,8
2250768,Karantaba,Karantaba,12.93333,-14.28333,PPL,11,,0,Pulaar/Fulani,clan/family name root,8
2250769,Karantaba,Karantaba,12.77778,-15.47167,PPL,18,,0,Pulaar/Fulani,clan/family name root,8
2250770,Karantaba,Karantaba,12.73417,-15.80556,PPL,18,,0,Pulaar/Fulani,clan/family name root,8
2250771,Karantaba,Karantaba,12.68333,-14.7,PPL,11,,0,Pulaar/Fulani,clan/family name root,8
2250763,Karatchel,Karatchel,15.1524,-15.9471,PPL,13,,0,,,1
2250762,Karatchel-Ouolof,Karatchel-Ouolof,15.1394,-15.9557,PPL,13,,0,,,1
2250754,Kariaye,Kariaye,12.95806,-16.51917,PPL,12,,0,,,1
2250753,Karonko,Karonko,12.55,-16.18333,PPL,12,,0,,,1
2250751,Karoumbou,Karoumbou,12.57806,-15.44444,PPL,18,,0,,,1
2250750,Karounat,Karounat,12.47111,-16.52111,PPL,12,,0,,,1
2250749,Karounor,Karounor,13.15824,-16.10822,PPL,12,,0,,,1
2571698,Karounor Narang,Karounor Narang,13.16375,-16.32313,PPL,12,,0,,,1
2250748,Karsia,Karsia,12.81639,-15.16778,PPL,18,,0,,,1
2250746,Kartiak,Kartiak,12.86667,-16.51667,PPL,12,,0,,,1
2250747,Kartèlo,Kartelo,15.4146,-15.9417,PPL,13,,0,,,1
2250759,Karègne,Karegne,15.21667,-16.16667,PPL,13,,0,,,1
2250760,Karé,Kare,13.87017,-12.16073,PPL,05,,0,,,2
2252175,Karé,Kare,14.98347,-16.38029,PPL,03,,0,,,2
2250755,Karé Sissé,Kare Sisse,14.85,-15.75,PPL,03,,0,,,1
2250757,Karénaye,Karenaye,13.12059,-16.11763,PPL,12,,0,,,1
2250745,Kas,Kas,14.88333,-16.46667,PPL,03,,0,,,1
2250744,Kasi,Kasi,12.54639,-15.55444,PPL,18,,0,,,1
2250743,Kaskas,Kaskas,16.37863,-14.05603,PPL,14,,0,,,1
2250742,Kassaguéri,Kassagueri,13.32875,-11.64618,PPL,17,,0,,,1
13658780,Kassana Bodian,Kassana Bodian,13.13842,-16.0523,PPL,12,2253903,0,,,1
2254113,Kassane,Kassane,13.13006,-16.07431,PPL,12,,0,,,1
2250740,Kassankili,Kassankili,12.72306,-16.30111,PPL,12,,0,,,1
13658796,Kassarane,Kassarane,13.0537,-16.14657,PPL,12,2253903,0,,,1
2250738,Kassas,Kassas,14.16077,-15.52435,PPL,16,,0,,,2
2250739,Kassas,Kassas,13.88333,-15.68333,PPL,10,,0,,,2
2250736,Kassassa,Kassassa,14.03333,-14.85,PPL,16,,0,,,1
2250732,Kassel,Kassel,12.87667,-16.7,PPL,12,,0,,,1
2250728,Kassila,Kassila,12.91194,-16.28056,PPL,12,,0,,,1
2250727,Kassili,Kassili,12.89083,-16.16194,PPL,12,,0,,,1
2250726,Kassis,Kassis,12.88333,-16.18333,PPL,12,,0,,,1
2250725,Kassou,Kassou,12.36944,-16.41111,PPL,12,,0,,,1
2250734,Kassé Dimmbo,Kasse Dimmbo,15.25,-16.18333,PPL,13,,0,,,1
2250731,Kassé Médina,Kasse Medina,14.31667,-15.85,PPL,09,,0,,,1
2250730,Kassépol,Kassepol,13.05,-14.78333,PPL,11,,0,,,1
2250724,Kataba,Kataba,13.31667,-13.95,PPL,11,,0,Pulaar/Fulani,clan/family name root,1
2250721,Kataba Deux,Kataba Deux,13.00959,-16.55486,PPL,12,,0,,,1
2250722,Kataba Guidima,Kataba Guidima,12.98194,-15.64111,PPL,18,,0,,,1
2250720,Kataba Samba,Kataba Samba,12.91667,-14.26667,PPL,11,,0,Pulaar/Fulani,clan/family name root,1
2251799,Kataba Trois,Kataba Trois,13.01545,-16.54604,PPL,12,,0,,,1
2250723,Kataba Un,Kataba Un,13.02644,-16.57357,PPL,12,,0,,,1
2250719,Katabina,Katabina,12.84333,-15.33611,PPL,18,,0,,,1
2250717,Katakel,Katakel,13.95,-15.45,PPL,16,,0,,,1
13658728,Kataki,Kataki,13.08758,-16.72558,PPL,12,2253903,0,,,1
2250716,Katama,Katama,12.61667,-16.38333,PPL,12,,0,,,2
13658757,Katama,Katama,13.14951,-16.15598,PPL,12,2253903,0,,,2
2250713,Kateumteum,Kateumteum,12.98333,-16.48333,PPL,12,,0,,,1
2250712,Kati,Kati,13.9,-14.95,PPL,16,,0,,,1
2250711,Katia,Katia,13.01667,-14.81667,PPL,11,,0,,,1
2250710,Katial,Katial,14.00921,-15.3197,PPL,16,,0,,,1
2250709,Katiaouane,Katiaouane,13.95,-15.51667,PPL,16,,0,,,1
2250707,Katinong,Katinong,12.98722,-16.31083,PPL,12,,0,,,1
13658765,Katinoro,Katinoro,13.14676,-16.16038,PPL,12,2253903,0,,,1
2250706,Katio,Katio,12.48333,-16.36667,PPL,11,,0,,,1
2250705,Katior,Katior,13.68945,-16.51288,PPL,09,,0,,,1
2250704,Katiot,Katiot,13.93333,-15.4,PPL,16,,0,,,1
2250703,Katipeu,Katipeu,13.02701,-16.39591,PPL,12,,0,,,1
2250702,Katipo,Katipo,12.51667,-16.2,PPL,12,,0,,,1
2250701,Katob,Katob,13.81667,-14.08333,PPL,05,,0,,,1
2250700,Katonfara,Katonfara,13.25,-14.96667,PPL,11,,0,,,1
2250699,Katoté,Katote,15.80427,-13.4698,PPL,15,,0,,,1
2250698,Katoudié,Katoudie,12.95556,-16.34139,PPL,12,,0,,,1
2250696,Katounor,Katounor,13.12598,-16.25999,PPL,12,,0,,,1
2250693,Kavel,Kavel,14.71667,-13.58333,PPL,15,,0,,,1
2250691,Kavél,Kavel,15.81249,-13.49521,PPL,15,,0,,,1
2250692,Kavél Kangal,Kavel Kangal,15.80778,-13.4959,PPL,15,,0,,,1
2250688,Kawal,Kawal,14.9323,-12.66513,PPL,15,,0,,,1
2250687,Kawané,Kawane,13.38333,-13.38333,PPL,05,,0,,,1
2250689,Kawil,Kawil,14.05307,-16.04846,PPL,10,,0,,,1
13658145,Kawitiane,Kawitiane,13.93385,-16.06107,PPL,10,2250807,0,,,1
13505548,Kawsara Fal,KawsaraFal,14.89697,-16.00669,PPL,03,2248699,0,,,1
2250799,Kawssa,Kawssa,14.02075,-16.23149,PPL,10,,0,,,1
2250798,Kawssara,Kawssara,14.90408,-15.99466,PPL,03,,0,,,1
13554044,Kay Wali,KayWali,14.44096,-15.94168,PPL,09,2251492,0,,,1
2250683,Kaya Koussan,Kaya Koussan,13.66667,-14.06667,PPL,05,,0,,,1
2250681,Kayan,Kayan,13.30963,-12.3215,PPL,05,,0,,,1
2250677,Kayar,Kayar,14.91893,-17.11978,PPL,07,,23585,,,1
2250676,Kaye Alouki,KayeAlouki,14.16112,-15.60516,PPL,16,,0,,,1
2250675,Kaye Boubou,Kaye Boubou,14.25,-14.85,PPL,16,,0,,,1
2250975,Kayi,Kayi,14.37785,-15.99557,PPL,10,,0,,,1
2250981,Kayi Alouki,KayiAlouki,14.29301,-15.67721,PPL,16,,0,,,1
13554060,Kayi Gnibi,KayiGnibi,14.34985,-15.65864,PPL,16,2251008,0,,,1
2250671,Kaymor,Kaymor,13.76667,-15.6,PPL,10,,0,,,1
2250674,Kayol,Kayol,14.7595,-17.09719,PPL,07,,0,,,1
2250673,Kayélo,Kayelo,12.82472,-16.74917,PPL,12,,0,,,1
2250669,Kazamanse,Kazamanse,14.51667,-16.83333,PPL,07,,0,,,1
2251015,Kaèl,Kael,14.71315,-15.90523,PPL,03,,0,,,4
2251016,Kaèl,Kael,13.75,-14.73333,PPL,05,,0,,,4
2251017,Kaèl,Kael,13.13333,-14.13333,PPL,11,,0,,,4
2251018,Kaèl,Kael,12.91667,-13.68333,PPL,11,,0,,,4
2251014,Kaèl Mbobo,KaelMbobo,14.67811,-15.78484,PPL,09,,0,,,1
2250980,Kaïbé,Kaibe,15.53333,-16.21667,PPL,13,,0,,,1
2250979,Kaïfara,Kaifara,13.86667,-15.45,PPL,16,,0,,,1
2250978,Kaïga,Kaiga,14.58333,-15.8,PPL,09,,0,,,1
2250976,Kaïlen,Kailen,12.55,-16.33333,PPL,12,,0,,,1
13658761,Kaïlo,Kailo,13.15087,-16.04998,PPL,12,2253903,0,,,1
2250974,Kaïlou,Kailou,12.46667,-16.38333,PPL,12,,0,,,1
13658770,Kaïlédone,Kailedone,13.13592,-16.11204,PPL,12,2253903,0,,,1
13658756,Kaïnga,Kainga,13.14989,-16.20826,PPL,12,2253903,0,,,1
2250972,Kaïpongal,Kaipongal,14.28333,-13.86667,PPL,05,,0,,,1
13551546,Kaïré,Kaire,14.89801,-15.60151,PPL,13,2249283,0,,,1
2250672,Kaïré Al,KaireAl,14.76738,-16.71429,PPL,07,,0,,,1
13504762,Kaïré Mapaté,KaireMapate,14.92879,-16.64775,PPL,03,2254315,0,,,1
13504701,Kaône,Kaone,14.97419,-16.56737,PPL,03,2254315,0,,,1
2250668,Kbombole,Kbombole,14.76667,-16.7,PPL,07,,15587,,,1
2250655,Kebeum,Kebeum,13.03333,-15.91667,PPL,18,,0,,,1
2250654,Kebiline,Kebiline,12.95,-16.58333,PPL,12,,0,,,1
2250620,Kelle,Kelle,15.177,-16.5698,PPL,07,,0,,,1
13658237,Kembou,Kembou,13.89462,-16.02867,PPL,10,2250807,0,,,1
10401815,Kenia,Kenia,12.54278,-16.28139,PPL,12,,0,,,1
2250604,Kenngor,Kenngor,14.93333,-15.63333,PPL,13,,0,,,1
2250582,Ker Katim,Ker Katim,13.58333,-15.88333,PPL,10,,0,,,1
2250595,Kerel,Kerel,12.71083,-15.51889,PPL,18,,0,,,1
2250587,Kerfari,Kerfari,15.2835,-15.8584,PPL,13,,0,,,1
13504532,Kergali,Kergali,14.87058,-16.86945,PPL,07,2244804,0,,,1
2250583,Keri Ngakou,Keri Ngakou,15.06667,-16.58333,PPL,07,,0,,,1
2250580,Kerma Fass,Kerma Fass,13.93333,-14.86667,PPL,16,,0,,,1
2250577,Kermodiènebodiane,Kermodienebodiane,15.06667,-16.05,PPL,13,,0,,,1
2250578,Kermèsamba,Kermesamba,15.33333,-16.16667,PPL,13,,0,Pulaar/Fulani,clan/family name root,1
2250570,Kessoukhat,Kessoukhat,14.69945,-17.07449,PPL,07,,0,,,1
2250567,Keur Abdou,Keur Abdou,13.98333,-15.7,PPL,16,,0,Wolof,"Keur = ""house/home of"" (founder name follows)",1
2250565,Keur Abdou Bouri,Keur Abdou Bouri,13.68333,-15.7,PPL,10,,0,Wolof,"Keur = ""house/home of"" (founder name follows)",1
2250564,Keur Abdou Diafé,Keur Abdou Diafe,13.80505,-16.05776,PPL,10,,0,Wolof,"Keur = ""house/home of"" (founder name follows)",1
13504552,Keur Abdou Dièye,KeurAbdouDieye,14.78511,-16.84225,PPL,07,2244804,0,Wolof,"Keur = ""house/home of"" (founder name follows)",1
13658224,Keur Abdou Fana,Keur Abdou Fana,13.96919,-16.23948,PPL,09,2251792,0,Wolof,"Keur = ""house/home of"" (founder name follows)",1
13505502,Keur Abdou Kane,KeurAbdouKane,14.98262,-16.32315,PPL,03,2252312,0,Wolof,"Keur = ""house/home of"" (founder name follows)",1
13554424,Keur Abdou Khoulé,KeurAbdouKhoule,14.03401,-15.93751,PPL,10,2250807,0,Wolof,"Keur = ""house/home of"" (founder name follows)",1
2247267,Keur Abdou Mam,Keur Abdou Mam,13.90526,-16.08382,PPL,10,,0,Wolof,"Keur = ""house/home of"" (founder name follows)",1
13658179,Keur Abdou Matar,Keur Abdou Matar,13.79864,-16.24111,PPL,10,2247158,0,Wolof,"Keur = ""house/home of"" (founder name follows)",1
2250559,Keur Abdou Mbaye,Keur Abdou Mbaye,13.98333,-14.65,PPL,16,,0,Wolof,"Keur = ""house/home of"" (founder name follows)",2
2250560,Keur Abdou Mbaye,Keur Abdou Mbaye,13.85,-15.13333,PPL,16,,0,Wolof,"Keur = ""house/home of"" (founder name follows)",2
13658701,Keur Abdou Mbâs,Keur Abdou Mbas,13.59426,-16.13062,PPL,10,2251792,0,Wolof,"Keur = ""house/home of"" (founder name follows)",1
2250558,Keur Abdou Ndoye,Keur Abdou Ndoye,14.8874,-17.13213,PPL,07,,0,Wolof,"Keur = ""house/home of"" (founder name follows)",1
13507252,Keur Abdou Niane,KeurAbdouNiane,14.74745,-16.0394,PPL,03,2248699,0,Wolof,"Keur = ""house/home of"" (founder name follows)",1
13505418,Keur Abdou Sal,KeurAbdouSal,14.90111,-16.44363,PPL,03,2254315,0,Wolof,"Keur = ""house/home of"" (founder name follows)",1
2250555,Keur Abdou Siri,Keur Abdou Siri,15.0552,-15.8535,PPL,13,,0,Wolof,"Keur = ""house/home of"" (founder name follows)",1
2250556,Keur Abdou Sèye,Keur Abdou Seye,15.45,-16.18333,PPL,13,,0,Wolof,"Keur = ""house/home of"" (founder name follows)",1
13658040,Keur Abdou Yassine,Keur Abdou Yassine,13.91453,-16.31483,PPL,09,2251792,0,Wolof,"Keur = ""house/home of"" (founder name follows)",1
2250563,Keur Abdoulaye Aminata,Keur Abdoulaye Aminata,13.85,-15.11667,PPL,16,,0,Wolof,"Keur = ""house/home of"" (founder name follows)",1
2250561,Keur Abdoulaye Sissé,Keur Abdoulaye Sisse,13.96667,-14.86667,PPL,16,,0,Wolof,"Keur = ""house/home of"" (founder name follows)",1
2250562,Keur Abdoulaye Sènè,Keur Abdoulaye Sene,14.63333,-16.11667,PPL,03,,0,Wolof,"Keur = ""house/home of"" (founder name follows)",1
2250554,Keur Abibou,Keur Abibou,13.75,-15.86667,PPL,10,,0,Wolof,"Keur = ""house/home of"" (founder name follows)",1
2250553,Keur Ablaye Diaw,KeurAblayeDiaw,14.53934,-16.8946,PPL,07,,0,Wolof,"Keur = ""house/home of"" (founder name follows)",1
2250551,Keur Aboudou,Keur Aboudou,14.0,-15.98333,PPL,10,,0,Wolof,"Keur = ""house/home of"" (founder name follows)",1
13508525,Keur Ade,KeurAde,14.38212,-16.26939,PPL,09,7670866,0,Wolof,"Keur = ""house/home of"" (founder name follows)",1
2250550,Keur Adiana,Keur Adiana,14.89246,-15.77538,PPL,03,,0,Wolof,"Keur = ""house/home of"" (founder name follows)",1
2250547,Keur Al Adji Mamat,Keur Al Adji Mamat,13.91667,-15.56667,PPL,16,,0,Wolof,"Keur = ""house/home of"" (founder name follows)",1
2250546,Keur Al Adji Mamat Aoua,Keur Al Adji Mamat Aoua,13.9,-15.7,PPL,10,,0,Wolof,"Keur = ""house/home of"" (founder name follows)",1
13509087,Keur Al Hamdou,KeurAlHamdou,14.14861,-16.67395,PPL,09,7670866,0,Wolof,"Keur = ""house/home of"" (founder name follows)",1
2250545,Keur Ala Sal,Keur Ala Sal,16.05556,-16.08056,PPL,14,,0,Wolof,"Keur = ""house/home of"" (founder name follows)",1
2250383,Keur Aladji Mbaké,KeurAladjiMbake,14.91219,-16.76124,PPL,07,,0,Wolof,"Keur = ""house/home of"" (founder name follows)",1
2250521,Keur Alassane Diaw,Keur Alassane Diaw,13.96697,-16.01075,PPL,10,,0,Wolof,"Keur = ""house/home of"" (founder name follows)",1
2250544,Keur Alassane Khodia,Keur Alassane Khodia,13.63333,-15.88333,PPL,10,,0,Wolof,"Keur = ""house/home of"" (founder name follows)",1
2250543,Keur Albé,Keur Albe,13.91667,-14.85,PPL,16,,0,Wolof,"Keur = ""house/home of"" (founder name follows)",1
2250541,Keur Alfa,Keur Alfa,14.26781,-16.31322,PPL,10,,0,Wolof,"Keur = ""house/home of"" (founder name follows)",2
13554059,Keur Alfa,KeurAlfa,14.25749,-15.61742,PPL,16,2251008,0,Wolof,"Keur = ""house/home of"" (founder name follows)",2
13658168,Keur Ali,Keur Ali,13.97348,-16.1904,PPL,10,2250807,0,Wolof,"Keur = ""house/home of"" (founder name follows)",1
2250536,Keur Ali Bassine,KeurAliBassine,14.02389,-15.81557,PPL,10,,0,Wolof,"Keur = ""house/home of"" (founder name follows)",1
2250539,Keur Ali Denguèrè,Keur Ali Denguere,15.7429,-15.6029,PPL,13,,0,Wolof,"Keur = ""house/home of"" (founder name follows)",1
2250538,Keur Ali Diangou,Keur Ali Diangou,13.78333,-15.6,PPL,10,,0,Wolof,"Keur = ""house/home of"" (founder name follows)",1
2250534,Keur Ali Guèye,Keur Ali Gueye,14.01007,-16.30245,PPL,09,,0,Wolof,"Keur = ""house/home of"" (founder name follows)",3
2250535,Keur Ali Guèye,Keur Ali Gueye,13.75,-15.85,PPL,10,,0,Wolof,"Keur = ""house/home of"" (founder name follows)",3
13658341,Keur Ali Guèye,Keur Ali Gueye,13.63185,-16.35765,PPL,09,2251792,0,Wolof,"Keur = ""house/home of"" (founder name follows)",3
2250537,Keur Ali Khadi,KeurAliKhadi,14.01394,-15.67739,PPL,16,,0,Wolof,"Keur = ""house/home of"" (founder name follows)",1
2250533,Keur Ali Koumba,Keur Ali Koumba,15.9541,-15.8891,PPL,13,,0,Wolof,"Keur = ""house/home of"" (founder name follows)",1
2250532,Keur Ali Maram,Keur Ali Maram,13.96667,-15.71667,PPL,16,,0,Wolof,"Keur = ""house/home of"" (founder name follows)",1
2250540,Keur Ali Mbât,Keur Ali Mbat,13.66736,-16.10049,PPL,10,,0,Wolof,"Keur = ""house/home of"" (founder name follows)",1
2250530,Keur Ali Ndiaye,Keur Ali Ndiaye,14.44678,-16.11929,PPL,09,,0,Wolof,"Keur = ""house/home of"" (founder name follows)",1
2250523,Keur Ali Paté,Keur Ali Pate,13.7,-15.91667,PPL,10,,0,Wolof,"Keur = ""house/home of"" (founder name follows)",1
2250522,Keur Ali Samba,Keur Ali Samba,13.68333,-15.88333,PPL,10,,0,Wolof,"Keur = ""house/home of"" (founder name follows)",1
2595907,Keur Ali Sow,Keur Ali Sow,14.8152,-17.04459,PPL,07,,0,Wolof,"Keur = ""house/home of"" (founder name follows)",1
13658334,Keur Ali Yassine,Keur Ali Yassine,13.69428,-16.36044,PPL,09,2251792,0,Wolof,"Keur = ""house/home of"" (founder name follows)",1
2250520,Keur Ali Yéral,Keur Ali Yeral,15.7517,-15.5232,PPL,13,,0,Wolof,"Keur = ""house/home of"" (founder name follows)",1
13658007,Keur Aliou Ba,Keur Aliou Ba,13.88289,-16.33425,PPL,09,2251792,0,Wolof,"Keur = ""house/home of"" (founder name follows)",1
13658309,Keur Aliou Bâ,Keur Aliou Ba,13.72523,-16.46188,PPL,09,2251792,0,Wolof,"Keur = ""house/home of"" (founder name follows)",1
2250529,Keur Aliou Diop,Keur Aliou Diop,13.70651,-16.36021,PPL,09,,0,Wolof,"Keur = ""house/home of"" (founder name follows)",2
13657994,Keur Aliou Diop,Keur Aliou Diop,13.96018,-16.40083,PPL,09,2251792,0,Wolof,"Keur = ""house/home of"" (founder name follows)",2
13505351,Keur Aliou Diouf,KeurAliouDiouf,14.77497,-16.45264,PPL,03,2254315,0,Wolof,"Keur = ""house/home of"" (founder name follows)",1
2250528,Keur Aliou Fal,Keur Aliou Fal,15.11667,-16.78333,PPL,07,,0,Wolof,"Keur = ""house/home of"" (founder name follows)",2
13507271,Keur Aliou Fal,KeurAliouFal,14.71226,-16.04828,PPL,03,2248699,0,Wolof,"Keur = ""house/home of"" (founder name follows)",2
2250527,Keur Aliou Guèye,Keur Aliou Gueye,13.78315,-16.41234,PPL,09,,0,Wolof,"Keur = ""house/home of"" (founder name follows)",1
13505596,Keur Aliou Ka,KeurAliouKa,14.93906,-16.10394,PPL,03,2252312,0,Wolof,"Keur = ""house/home of"" (founder name follows)",1
13504626,Keur Aliou Kane,KeurAliouKane,14.94581,-16.75756,PPL,07,2244388,0,Wolof,"Keur = ""house/home of"" (founder name follows)",1
13553631,Keur Aliou Ndiaye,KeurAliouNdiaye,14.70118,-15.2929,PPL,13,2249283,0,Wolof,"Keur = ""house/home of"" (founder name follows)",1
2250525,Keur Aliou Sissé,Keur Aliou Sisse,14.16667,-15.55,PPL,16,,0,Wolof,"Keur = ""house/home of"" (founder name follows)",1
2250526,Keur Aliou Sèye,Keur Aliou Seye,14.66667,-15.63333,PPL,09,,0,Wolof,"Keur = ""house/home of"" (founder name follows)",1
2244221,Keur Aliou Touré,KeurAliouToure,14.53572,-16.0577,PPL,09,,0,Wolof,"Keur = ""house/home of"" (founder name follows)",2
2250524,Keur Aliou Touré,Keur Aliou Toure,14.57887,-15.8657,PPL,03,,0,Wolof,"Keur = ""house/home of"" (founder name follows)",2
13505439,Keur Alla Niang,KeurAllaNiang,14.86389,-16.3466,PPL,03,2252312,0,Wolof,"Keur = ""house/home of"" (founder name follows)",1
2250542,Keur Alé Baba,KeurAleBaba,14.79269,-16.41811,PPL,03,,0,Wolof,"Keur = ""house/home of"" (founder name follows)",1
2250512,Keur Ama Ngoné,Keur Ama Ngone,13.91667,-15.88333,PPL,10,,0,Wolof,"Keur = ""house/home of"" (founder name follows)",1
2250518,Keur Amadi,Keur Amadi,15.68333,-16.41667,PPL,13,,0,Wolof,"Keur = ""house/home of"" (founder name follows)",1
13658712,Keur Amadi Ndiomé,Keur Amadi Ndiome,13.69465,-16.04707,PPL,10,2247158,0,Wolof,"Keur = ""house/home of"" (founder name follows)",1
2245167,Keur Amadi Nguénar,Keur Amadi Nguenar,13.66289,-16.12723,PPL,10,,0,Wolof,"Keur = ""house/home of"" (founder name follows)",1
2250517,Keur Amado,Keur Amado,15.83333,-16.16667,PPL,13,,0,Wolof,"Keur = ""house/home of"" (founder name follows)",1
13552825,Keur Amadou Bass,KeurAmadouBass,14.64438,-15.94825,PPL,03,2248699,0,Wolof,"Keur = ""house/home of"" (founder name follows)",1
2244845,Keur Amadou Diop,KeurAmadouDiop,14.56878,-16.16291,PPL,03,,0,Wolof,"Keur = ""house/home of"" (founder name follows)",1
2250515,Keur Amadou Ndari,Keur Amadou Ndari,14.84564,-16.81766,PPL,07,,0,Wolof,"Keur = ""house/home of"" (founder name follows)",1
2250514,Keur Amadou Ndiaye,Keur Amadou Ndiaye,15.93306,-16.33278,PPL,14,,0,Wolof,"Keur = ""house/home of"" (founder name follows)",2
2596024,Keur Amadou Ndiaye,Keur Amadou Ndiaye,16.00306,-16.28944,PPL,14,,0,Wolof,"Keur = ""house/home of"" (founder name follows)",2
2250172,Keur Amadou Sèye,KeurAmadouSeye,14.57641,-15.78214,PPL,09,,0,Wolof,"Keur = ""house/home of"" (founder name follows)",1
2250513,Keur Amadou Yassine,Keur Amadou Yassine,15.01667,-16.78333,PPL,07,,0,Wolof,"Keur = ""house/home of"" (founder name follows)",1
2250511,Keur Amari Koumba,Keur Amari Koumba,14.88715,-16.79361,PPL,07,,0,Wolof,"Keur = ""house/home of"" (founder name follows)",1
2250510,Keur Amat Fal,Keur Amat Fal,13.78333,-15.98333,PPL,10,,0,Wolof,"Keur = ""house/home of"" (founder name follows)",1
2254679,Keur Amat Ouakhou,KeurAmatOuakhou,14.58385,-15.88636,PPL,03,,0,Wolof,"Keur = ""house/home of"" (founder name follows)",1
13504556,Keur Amat Penda,KeurAmatPenda,14.93579,-16.77694,PPL,07,2244388,0,Wolof,"Keur = ""house/home of"" (founder name follows)",1
2250509,Keur Amat Rasta,Keur Amat Rasta,13.8,-15.88333,PPL,10,,0,Wolof,"Keur = ""house/home of"" (founder name follows)",1
2250508,Keur Amat Seun,Keur Amat Seun,13.86892,-16.27294,PPL,09,,0,Wolof,"Keur = ""house/home of"" (founder name follows)",1
2250507,Keur Amat Seydou,Keur Amat Seydou,13.66301,-16.00469,PPL,10,,0,Wolof,"Keur = ""house/home of"" (founder name follows)",1
13504631,Keur Amat Sofi,KeurAmatSofi,14.94092,-16.74538,PPL,07,2244388,0,Wolof,"Keur = ""house/home of"" (founder name follows)",1
13658323,Keur Ambou,Keur Ambou,13.68163,-16.33511,PPL,09,2251792,0,Wolof,"Keur = ""house/home of"" (founder name follows)",1
13509003,Keur Andala,KeurAndala,14.43964,-16.08568,PPL,09,2251492,0,Wolof,"Keur = ""house/home of"" (founder name follows)",2
13658331,Keur Andala,Keur Andala,13.72848,-16.26335,PPL,09,2251792,0,Wolof,"Keur = ""house/home of"" (founder name follows)",2
2250506,Keur Assane,Keur Assane,14.9514,-16.76553,PPL,07,,0,Wolof,"Keur = ""house/home of"" (founder name follows)",2
13504625,Keur Assane,KeurAssane,14.99495,-16.91894,PPL,07,2244388,0,Wolof,"Keur = ""house/home of"" (founder name follows)",2
13658686,Keur Assane Diassé,Keur Assane Diasse,13.69512,-16.12612,PPL,10,2247158,0,Wolof,"Keur = ""house/home of"" (founder name follows)",1
13504703,Keur Assane Kane,KeurAssaneKane,14.9559,-16.51723,PPL,03,2254315,0,Wolof,"Keur = ""house/home of"" (founder name follows)",1
2250505,Keur Assane Lô,KeurAssaneLo,14.78557,-16.73934,PPL,07,,0,Wolof,"Keur = ""house/home of"" (founder name follows)",1
2250504,Keur Assane Ndiaye,Keur Assane Ndiaye,14.85872,-16.86569,PPL,07,,0,Wolof,"Keur = ""house/home of"" (founder name follows)",1
13506488,Keur Assane Wélé,KeurAssaneWele,14.61746,-16.80463,PPL,07,2244804,0,Wolof,"Keur = ""house/home of"" (founder name follows)",1
13507298,Keur Atim,KeurAtim,14.74626,-16.06469,PPL,03,2248699,0,Wolof,"Keur = ""house/home of"" (founder name follows)",1
13506456,Keur Atou,KeurAtou,14.73069,-16.76617,PPL,07,2244804,0,Wolof,"Keur = ""house/home of"" (founder name follows)",1
13505509,Keur Awa,KeurAwa,14.81316,-16.19126,PPL,03,2252312,0,Wolof,"Keur = ""house/home of"" (founder name follows)",1
2250503,Keur Ayip,Keur Ayip,13.6,-15.61667,PPL,10,,0,Wolof,"Keur = ""house/home of"" (founder name follows)",1
2250549,Keur Aïp Ka,Keur Aip Ka,13.65388,-16.32552,PPL,09,,0,Wolof,"Keur = ""house/home of"" (founder name follows)",1
2250502,Keur Baba Alima,Keur Baba Alima,14.97413,-16.85908,PPL,07,,0,Wolof,"Keur = ""house/home of"" (founder name follows)",1
13505593,Keur Baba Khari,KeurBabaKhari,14.76515,-16.22842,PPL,03,2252312,0,Wolof,"Keur = ""house/home of"" (founder name follows)",1
2250499,Keur Baba Ngom,Keur Baba Ngom,15.03333,-16.58333,PPL,07,,0,Wolof,"Keur = ""house/home of"" (founder name follows)",1
2254576,Keur Baba Sar,KeurBabaSar,14.42306,-15.70475,PPL,10,,0,Wolof,"Keur = ""house/home of"" (founder name follows)",1
2250498,Keur Baba Seck,Keur Baba Seck,15.9785,-15.9508,PPL,13,,0,Wolof,"Keur = ""house/home of"" (founder name follows)",1
13504628,Keur Baba Sèye,KeurBabaSeye,14.9471,-16.77953,PPL,07,2244388,0,Wolof,"Keur = ""house/home of"" (founder name follows)",1
2250501,Keur Babakar Toumbou,Keur Babakar Toumbou,14.10877,-16.719,PPL,09,,900,Wolof,"Keur = ""house/home of"" (founder name follows)",1
2250500,Keur Babam,Keur Babam,14.23333,-15.71667,PPL,16,,0,Wolof,"Keur = ""house/home of"" (founder name follows)",1
2250497,Keur Babou,Keur Babou,13.91667,-15.21667,PPL,16,,0,Wolof,"Keur = ""house/home of"" (founder name follows)",1
2250496,Keur Babou Dio,Keur Babou Dio,13.63333,-15.8,PPL,10,,0,Wolof,"Keur = ""house/home of"" (founder name follows)",1
2250495,Keur Babou Fadi,Keur Babou Fadi,13.6,-15.66667,PPL,10,,0,Wolof,"Keur = ""house/home of"" (founder name follows)",1
13658190,Keur Babou Kani,Keur Babou Kani,13.9058,-16.23701,PPL,09,2251792,0,Wolof,"Keur = ""house/home of"" (founder name follows)",1
2250494,Keur Babou Koumba,Keur Babou Koumba,13.73286,-16.31066,PPL,09,,0,Wolof,"Keur = ""house/home of"" (founder name follows)",1
2250471,Keur Babou Mbombé,Keur Babou Mbombe,13.68884,-16.13893,PPL,10,,0,Wolof,"Keur = ""house/home of"" (founder name follows)",1
2250493,Keur Babou Nditi,Keur Babou Nditi,12.78333,-16.25,PPL,12,,0,Wolof,"Keur = ""house/home of"" (founder name follows)",2
13658084,Keur Babou Nditi,Keur Babou Nditi,13.78419,-16.27862,PPL,09,2251792,0,Wolof,"Keur = ""house/home of"" (founder name follows)",2
2250492,Keur Babou Ngoné,Keur Babou Ngone,13.68333,-15.75,PPL,10,,0,Wolof,"Keur = ""house/home of"" (founder name follows)",1
13658317,Keur Babou Penda,Keur Babou Penda,13.74382,-16.30373,PPL,09,2251792,0,Wolof,"Keur = ""house/home of"" (founder name follows)",1
2595393,Keur Baboukar Ndiaye,Keur Baboukar Ndiaye,14.49154,-17.01026,PPL,07,,0,Wolof,"Keur = ""house/home of"" (founder name follows)",1
2250491,Keur Badel,Keur Badel,15.4009,-15.8918,PPL,13,,0,Wolof,"Keur = ""house/home of"" (founder name follows)",1
13505503,Keur Badia,KeurBadia,14.7575,-16.39377,PPL,03,2254315,0,Wolof,"Keur = ""house/home of"" (founder name follows)",1
13658071,Keur Badou Diouf,Keur Badou Diouf,13.81151,-16.3826,PPL,09,2251792,0,Wolof,"Keur = ""house/home of"" (founder name follows)",1
2250485,Keur Baka,KeurBaka,14.01705,-16.13392,PPL,10,,0,Wolof,"Keur = ""house/home of"" (founder name follows)",4
2250487,Keur Baka,Keur Baka,13.96667,-15.58333,PPL,16,,0,Wolof,"Keur = ""house/home of"" (founder name follows)",4
2250488,Keur Baka,Keur Baka,13.93333,-15.95,PPL,10,,0,Wolof,"Keur = ""house/home of"" (founder name follows)",4
2250489,Keur Baka,Keur Baka,13.65859,-15.6781,PPL,10,,0,Wolof,"Keur = ""house/home of"" (founder name follows)",4
13658137,Keur Baka Awa,Keur Baka Awa,13.80658,-16.23704,PPL,10,2247158,0,Wolof,"Keur = ""house/home of"" (founder name follows)",1
2250486,Keur Baka Diaw,Keur Baka Diaw,13.73861,-16.29473,PPL,09,,0,Wolof,"Keur = ""house/home of"" (founder name follows)",1
2250483,Keur Bakar,Keur Bakar,15.5369,-15.8708,PPL,13,,0,Wolof,"Keur = ""house/home of"" (founder name follows)",2
2250484,Keur Bakar,Keur Bakar,14.98017,-16.84063,PPL,07,,0,Wolof,"Keur = ""house/home of"" (founder name follows)",2
13658126,Keur Bakar Santhie,Keur Bakar Santhie,13.81846,-16.24772,PPL,09,2251792,0,Wolof,"Keur = ""house/home of"" (founder name follows)",1
2250477,Keur Bakari,KeurBakari,14.249,-16.34901,PPL,10,,0,Wolof,"Keur = ""house/home of"" (founder name follows)",4
2250482,Keur Bakari,Keur Bakari,13.71667,-15.56667,PPL,10,,0,Wolof,"Keur = ""house/home of"" (founder name follows)",4
13506457,Keur Bakari,KeurBakari,14.51976,-16.98412,PPL,07,2248478,0,Wolof,"Keur = ""house/home of"" (founder name follows)",4
13658024,Keur Bakari,Keur Bakari,13.97213,-16.27928,PPL,09,2251792,0,Wolof,"Keur = ""house/home of"" (founder name follows)",4
2250481,Keur Bakari Diambang,Keur Bakari Diambang,14.03328,-16.42761,PPL,09,,0,Wolof,"Keur = ""house/home of"" (founder name follows)",1
2250480,Keur Bakari Diop,Keur Bakari Diop,15.48333,-16.5,PPL,13,,0,Wolof,"Keur = ""house/home of"" (founder name follows)",1
2250479,Keur Bakari Kamara,Keur Bakari Kamara,13.6097,-16.38228,PPL,09,,0,Wolof,"Keur = ""house/home of"" (founder name follows)",1
2250478,Keur Bakari Sal,Keur Bakari Sal,15.5,-16.38333,PPL,13,,0,Wolof,"Keur = ""house/home of"" (founder name follows)",1
13507282,Keur Bala,KeurBala,14.73162,-16.03252,PPL,03,2248699,0,Wolof,"Keur = ""house/home of"" (founder name follows)",1
13658207,Keur Bala Hane,Keur Bala Hane,13.89958,-16.03094,PPL,10,2250807,0,Wolof,"Keur = ""house/home of"" (founder name follows)",1
13658705,Keur Bala Mari,Keur Bala Mari,13.73836,-16.1945,PPL,09,2251792,0,Wolof,"Keur = ""house/home of"" (founder name follows)",1
2250476,Keur Bala Ndiaye,KeurBalaNdiaye,14.46694,-16.05312,PPL,09,,0,Wolof,"Keur = ""house/home of"" (founder name follows)",1
13505555,Keur Bala Sek,KeurBalaSek,14.95822,-16.1432,PPL,03,2252312,0,Wolof,"Keur = ""house/home of"" (founder name follows)",1
2250474,Keur Balla,Keur Balla,15.86667,-16.18333,PPL,13,,0,Wolof,"Keur = ""house/home of"" (founder name follows)",1
2250473,Keur Balla Sèye,Keur Balla Seye,15.6941,-15.9008,PPL,13,,0,Wolof,"Keur = ""house/home of"" (founder name follows)",1
13658146,Keur Bam,Keur Bam,13.97745,-16.02412,PPL,10,2250807,0,Wolof,"Keur = ""house/home of"" (founder name follows)",1
2250472,Keur Bamba,Keur Bamba,13.68333,-15.6,PPL,10,,0,Wolof,"Keur = ""house/home of"" (founder name follows)",1
2250470,Keur Banda,KeurBanda,14.7444,-16.76792,PPL,07,,0,Wolof,"Keur = ""house/home of"" (founder name follows)",1
13504548,Keur Banda Guèye,KeurBandaGueye,14.75119,-16.82261,PPL,07,2244804,0,Wolof,"Keur = ""house/home of"" (founder name follows)",1
2250469,Keur Banda Samb,Keur Banda Samb,14.73333,-16.81667,PPL,07,,0,Wolof,"Keur = ""house/home of"" (founder name follows)",1
2250468,Keur Bandiougou,Keur Bandiougou,13.83333,-15.81667,PPL,10,,0,Wolof,"Keur = ""house/home of"" (founder name follows)",1
2250466,Keur Bano,Keur Bano,14.03333,-16.25,PPL,09,,0,Wolof,"Keur = ""house/home of"" (founder name follows)",1
13658233,Keur Bano Wolof,Keur Bano Wolof,13.85873,-16.16224,PPL,10,2250807,0,Wolof,"Keur = ""house/home of"" (founder name follows)",1
2250463,Keur Bara,Keur Bara,15.7,-16.2,PPL,13,,0,Wolof,"Keur = ""house/home of"" (founder name follows)",6
2250464,Keur Bara,Keur Bara,13.86667,-15.86667,PPL,10,,0,Wolof,"Keur = ""house/home of"" (founder name follows)",6
2250465,Keur Bara,Keur Bara,13.81667,-14.98333,PPL,16,,0,Wolof,"Keur = ""house/home of"" (founder name follows)",6
2596080,Keur Bara,Keur Bara,15.84528,-16.3825,PPL,14,,0,Wolof,"Keur = ""house/home of"" (founder name follows)",6
13504672,Keur Bara,KeurBara,14.85247,-16.5613,PPL,03,2254315,0,Wolof,"Keur = ""house/home of"" (founder name follows)",6
13506480,Keur Bara,KeurBara,14.73572,-16.78218,PPL,07,2244804,0,Wolof,"Keur = ""house/home of"" (founder name follows)",6
2596097,Keur Barka,Keur Barka,15.965,-16.4925,PPL,14,,0,Wolof,"Keur = ""house/home of"" (founder name follows)",1
2250462,Keur Bassine,Keur Bassine,15.5738,-15.8934,PPL,13,,0,Wolof,"Keur = ""house/home of"" (founder name follows)",1
2250460,Keur Baye Diop,Keur Baye Diop,14.18333,-15.71667,PPL,16,,0,Wolof,"Keur = ""house/home of"" (founder name follows)",1
13505543,Keur Baïdi,KeurBaidi,14.80354,-16.12716,PPL,03,2252312,0,Wolof,"Keur = ""house/home of"" (founder name follows)",1
2250490,Keur Baïlo,Keur Bailo,15.35,-16.11667,PPL,13,,0,Wolof,"Keur = ""house/home of"" (founder name follows)",1
2250459,Keur Bempi,Keur Bempi,14.9,-15.76667,PPL,03,,0,Wolof,"Keur = ""house/home of"" (founder name follows)",1
2596032,Keur Bernard,Keur Bernard,15.93522,-16.50443,PPL,14,,0,Wolof,"Keur = ""house/home of"" (founder name follows)",1
2250458,Keur Bidi Aoua,Keur Bidi Aoua,13.71667,-15.9,PPL,10,,0,Wolof,"Keur = ""house/home of"" (founder name follows)",1
2250457,Keur Bidji Ouri,Keur Bidji Ouri,13.78333,-15.78333,PPL,10,,0,Wolof,"Keur = ""house/home of"" (founder name follows)",1
2250455,Keur Binnté,Keur Binnte,15.3,-16.28333,PPL,13,,0,Wolof,"Keur = ""house/home of"" (founder name follows)",1
2250453,Keur Biram,Keur Biram,16.53333,-15.41667,PPL,14,,0,Wolof,"Keur = ""house/home of"" (founder name follows)",2
2250454,Keur Biram,Keur Biram,13.86667,-15.95,PPL,10,,0,Wolof,"Keur = ""house/home of"" (founder name follows)",2
13505441,Keur Biram Ndiakhana,KeurBiramNdiakhana,14.99938,-16.44916,PPL,03,2254315,0,Wolof,"Keur = ""house/home of"" (founder name follows)",1
2250451,Keur Biram Paté,Keur Biram Pate,14.06667,-15.85,PPL,10,,0,Wolof,"Keur = ""house/home of"" (founder name follows)",1
2250450,Keur Biram Pinda,Keur Biram Pinda,14.16667,-14.51667,PPL,05,,0,Wolof,"Keur = ""house/home of"" (founder name follows)",1
13658066,Keur Birane Khourédia,Keur Birane Khouredia,13.90411,-16.27691,PPL,09,2251792,0,Wolof,"Keur = ""house/home of"" (founder name follows)",1
2250452,Keur Birane Mata,KeurBiraneMata,14.039,-15.54658,PPL,16,,0,Wolof,"Keur = ""house/home of"" (founder name follows)",1
2250449,Keur Birane Ndiaye,Keur Birane Ndiaye,16.45861,-15.65028,PPL,14,,0,Wolof,"Keur = ""house/home of"" (founder name follows)",1
13658706,Keur Birane Ndiopi,Keur Birane Ndiopi,13.72577,-16.15374,PPL,10,2247158,0,Wolof,"Keur = ""house/home of"" (founder name follows)",1
13504620,Keur Birima,KeurBirima,14.97161,-16.75364,PPL,07,2244388,0,Wolof,"Keur = ""house/home of"" (founder name follows)",1
13504600,Keur Birma,KeurBirma,14.91664,-16.85415,PPL,07,2244388,0,Wolof,"Keur = ""house/home of"" (founder name follows)",1
13509001,Keur Bissik,KeurBissik,14.42054,-16.23712,PPL,09,7670866,0,Wolof,"Keur = ""house/home of"" (founder name follows)",1
2250456,Keur Biédi,Keur Biedi,14.06667,-15.83333,PPL,10,,0,Wolof,"Keur = ""house/home of"" (founder name follows)",1
2250448,Keur Bodié,Keur Bodie,13.95,-14.95,PPL,16,,0,Wolof,"Keur = ""house/home of"" (founder name follows)",1
13658182,Keur Bokar,Keur Bokar,13.97522,-16.02258,PPL,10,2250807,0,Wolof,"Keur = ""house/home of"" (founder name follows)",1
13658129,Keur Bokar Diallo,Keur Bokar Diallo,13.97896,-16.15612,PPL,10,2250807,0,Wolof,"Keur = ""house/home of"" (founder name follows)",1
13509099,Keur Bondji,KeurBondji,14.11738,-16.31786,PPL,09,2251792,0,Wolof,"Keur = ""house/home of"" (founder name follows)",1
2250447,Keur Bouboa,Keur Bouboa,13.71667,-15.65,PPL,10,,0,Wolof,"Keur = ""house/home of"" (founder name follows)",1
2250446,Keur Boubou,Keur Boubou,14.46667,-14.55,PPL,05,,0,Wolof,"Keur = ""house/home of"" (founder name follows)",1
2250444,Keur Boukar,Keur Boukar,15.4707,-15.8036,PPL,13,,0,Wolof,"Keur = ""house/home of"" (founder name follows)",2
2250445,Keur Boukar,Keur Boukar,15.0087,-15.9263,PPL,13,,0,Wolof,"Keur = ""house/home of"" (founder name follows)",2
13658076,Keur Bourama,Keur Bourama,13.86198,-16.33257,PPL,09,2251792,0,Wolof,"Keur = ""house/home of"" (founder name follows)",1
2571746,Keur Bourama Bobo,Keur Bourama Bobo,13.60064,-16.28233,PPL,09,,0,Wolof,"Keur = ""house/home of"" (founder name follows)",1
13658684,Keur Bourama Diâra,Keur Bourama Diara,13.70515,-16.13499,PPL,10,2247158,0,Wolof,"Keur = ""house/home of"" (founder name follows)",1
13658124,Keur Boydo,Keur Boydo,13.99749,-16.05313,PPL,10,2250807,0,Wolof,"Keur = ""house/home of"" (founder name follows)",1
13658682,Keur Boye,Keur Boye,13.7324,-16.16877,PPL,09,2251792,0,Wolof,"Keur = ""house/home of"" (founder name follows)",1
2250442,Keur Bragui,Keur Bragui,15.06667,-16.15,PPL,13,,0,Wolof,"Keur = ""house/home of"" (founder name follows)",1
2250441,Keur Braham Fall,Keur Braham Fall,15.6298,-15.9697,PPL,13,,0,Wolof,"Keur = ""house/home of"" (founder name follows)",1
2250440,Keur Brahim,Keur Brahim,13.88333,-14.8,PPL,16,,0,Wolof,"Keur = ""house/home of"" (founder name follows)",1
2250475,Keur Bâba,KeurBaba,14.82208,-15.62949,PPL,03,,0,Wolof,"Keur = ""house/home of"" (founder name follows)",1
13506741,Keur Cheikh Diop,KeurCheikhDiop,14.60258,-16.69732,PPL,07,2248478,0,Wolof,"Keur = ""house/home of"" (founder name follows)",2
13507211,Keur Cheikh Diop,KeurCheikhDiop,14.69427,-16.03373,PPL,03,2248699,0,Wolof,"Keur = ""house/home of"" (founder name follows)",2
13506768,Keur Cheikh Diouf,KeurCheikhDiouf,14.68097,-16.59298,PPL,03,2254315,0,Wolof,"Keur = ""house/home of"" (founder name follows)",1
13506464,Keur Cheikh Madiop,KeurCheikhMadiop,14.58981,-16.85672,PPL,07,2244804,0,Wolof,"Keur = ""house/home of"" (founder name follows)",1
13506452,Keur Cheikh Mandoumbé,KeurCheikhMandoumbe,14.56547,-16.88505,PPL,07,2244804,0,Wolof,"Keur = ""house/home of"" (founder name follows)",1
13509098,Keur Cheikhou,KeurCheikhou,14.04394,-16.41268,PPL,09,2251792,0,Wolof,"Keur = ""house/home of"" (founder name follows)",1
13658695,Keur Cheikhou Ndiaye,Keur Cheikhou Ndiaye,13.69642,-16.01152,PPL,10,2247158,0,Wolof,"Keur = ""house/home of"" (founder name follows)",1
2250438,Keur Dadi Mboul,Keur Dadi Mboul,13.86667,-14.91667,PPL,16,,0,Wolof,"Keur = ""house/home of"" (founder name follows)",1
13657983,Keur Daka Maïssata,Keur Daka Maissata,13.98411,-16.30734,PPL,09,2251792,0,Wolof,"Keur = ""house/home of"" (founder name follows)",1
2595513,Keur Dali Cissé,Keur Dali Cisse,14.72159,-17.07633,PPL,07,,0,Wolof,"Keur = ""house/home of"" (founder name follows)",1
2250436,Keur Dam,Keur Dam,15.5636,-16.1229,PPL,13,,0,Wolof,"Keur = ""house/home of"" (founder name follows)",2
13504801,Keur Dam,KeurDam,14.94449,-16.61844,PPL,03,2254315,0,Wolof,"Keur = ""house/home of"" (founder name follows)",2
13507005,Keur Dam Cissé,KeurDamCisse,14.67498,-16.35997,PPL,03,2254315,0,Wolof,"Keur = ""house/home of"" (founder name follows)",1
13551568,Keur Dam Lô,KeurDamLo,14.939,-15.69373,PPL,13,2249283,0,Wolof,"Keur = ""house/home of"" (founder name follows)",1
2250437,Keur Dame,Keur Dame,13.84403,-16.17878,PPL,10,,0,Wolof,"Keur = ""house/home of"" (founder name follows)",2
13507241,Keur Dame,KeurDame,14.71676,-16.14566,PPL,03,2252312,0,Wolof,"Keur = ""house/home of"" (founder name follows)",2
2250432,Keur Dao Bèye,Keur Dao Beye,15.65,-16.6,PPL,13,,0,Wolof,"Keur = ""house/home of"" (founder name follows)",1
13506492,Keur Daou Mbor,KeurDaouMbor,14.61734,-16.84295,PPL,07,2244804,0,Wolof,"Keur = ""house/home of"" (founder name follows)",1
2250431,Keur Daouda,Keur Daouda,14.32522,-15.89616,PPL,10,,0,Wolof,"Keur = ""house/home of"" (founder name follows)",1
2253285,Keur Daouda Cissé,KeurDaoudaCisse,14.74677,-16.88506,PPL,07,,0,Wolof,"Keur = ""house/home of"" (founder name follows)",1
2595384,Keur Daouda Sar,Keur Daouda Sar,14.74244,-17.24862,PPL,01,,0,Wolof,"Keur = ""house/home of"" (founder name follows)",1
2250433,Keur Daour,KeurDaour,14.01823,-15.97326,PPL,10,,0,Wolof,"Keur = ""house/home of"" (founder name follows)",1
2250430,Keur Daour Diong,Keur Daour Diong,14.78333,-16.46667,PPL,03,,0,Wolof,"Keur = ""house/home of"" (founder name follows)",1
2253182,Keur Darou Mbacké,KeurDarouMbacke,14.6656,-15.95784,PPL,03,,0,Wolof,"Keur = ""house/home of"" (founder name follows)",1
2595910,Keur Dawour Sis,Keur Dawour Sis,14.79902,-17.06226,PPL,07,,0,Wolof,"Keur = ""house/home of"" (founder name follows)",1
2250429,Keur Demba,Keur Demba,15.53333,-16.26667,PPL,13,,0,Wolof,"Keur = ""house/home of"" (founder name follows)",2
13554409,Keur Demba,KeurDemba,14.12537,-15.86244,PPL,10,10778869,0,Wolof,"Keur = ""house/home of"" (founder name follows)",2
13504551,Keur Demba Anta,KeurDembaAnta,14.81176,-16.82579,PPL,07,2244804,0,Wolof,"Keur = ""house/home of"" (founder name follows)",1
2250427,Keur Demba Ba,Keur Demba Ba,13.8,-15.63333,PPL,16,,0,Wolof,"Keur = ""house/home of"" (founder name follows)",1
13504545,Keur Demba Bâ,KeurDembaBa,14.88707,-16.76559,PPL,07,2244388,0,Wolof,"Keur = ""house/home of"" (founder name follows)",1
2250426,Keur Demba Diabaye,Keur Demba Diabaye,14.41667,-15.95,PPL,09,,0,Wolof,"Keur = ""house/home of"" (founder name follows)",1
2250425,Keur Demba Diabi,Keur Demba Diabi,13.6,-15.86667,PPL,10,,0,Wolof,"Keur = ""house/home of"" (founder name follows)",1
13509350,Keur Demba Diaw,KeurDembaDiaw,14.04367,-16.01738,PPL,10,2250807,0,Wolof,"Keur = ""house/home of"" (founder name follows)",1
13509349,Keur Demba Diki,KeurDembaDiki,14.0899,-16.20711,PPL,10,2250807,0,Wolof,"Keur = ""house/home of"" (founder name follows)",1
13507281,Keur Demba Khokh,KeurDembaKhokh,14.50254,-16.12578,PPL,09,2251492,0,Wolof,"Keur = ""house/home of"" (founder name follows)",1
2250423,Keur Demba Kébé,Keur Demba Kebe,14.7153,-16.88346,PPL,07,,0,Wolof,"Keur = ""house/home of"" (founder name follows)",1
2253315,Keur Demba Ngoye,KeurDembaNgoye,14.78487,-16.86329,PPL,07,,0,Wolof,"Keur = ""house/home of"" (founder name follows)",1
2250419,Keur Demba Sap,KeurDembaSap,15.01077,-16.44094,PPL,03,,0,Wolof,"Keur = ""house/home of"" (founder name follows)",1
2250421,Keur Demba Sira,Keur Demba Sira,15.7241,-15.7593,PPL,13,,0,Wolof,"Keur = ""house/home of"" (founder name follows)",1
2250422,Keur Demba Sène,Keur Demba Sene,14.82028,-17.03361,PPL,07,,0,Wolof,"Keur = ""house/home of"" (founder name follows)",1
2250420,Keur Demba Tintin,Keur Demba Tintin,13.81667,-15.61667,PPL,16,,0,Wolof,"Keur = ""house/home of"" (founder name follows)",1
2250418,Keur Demmba,Keur Demmba,15.03333,-16.28333,PPL,07,,0,Wolof,"Keur = ""house/home of"" (founder name follows)",1
2250411,Keur Diabel,Keur Diabel,14.78333,-16.18333,PPL,03,,0,Wolof,"Keur = ""house/home of"" (founder name follows)",3
2250414,Keur Diabel,Keur Diabel,13.86667,-15.7,PPL,10,,0,Wolof,"Keur = ""house/home of"" (founder name follows)",3
2250415,Keur Diabel,Keur Diabel,13.85,-15.81667,PPL,10,,0,Wolof,"Keur = ""house/home of"" (founder name follows)",3
13658330,Keur Diabel Soun,Keur Diabel Soun,13.70697,-16.34583,PPL,09,2251792,0,Wolof,"Keur = ""house/home of"" (founder name follows)",1
2250413,Keur Diabèl,Keur Diabel,13.98333,-15.71667,PPL,16,,0,Wolof,"Keur = ""house/home of"" (founder name follows)",1
13504587,Keur Diadié,KeurDiadie,14.87199,-16.76444,PPL,07,2244804,0,Wolof,"Keur = ""house/home of"" (founder name follows)",2
13506471,Keur Diadié,KeurDiadie,14.5093,-16.94276,PPL,07,2248478,0,Wolof,"Keur = ""house/home of"" (founder name follows)",2
13509085,Keur Diafa Deux,KeurDiafaDeux,14.24658,-16.75374,PPL,07,2248478,0,Wolof,"Keur = ""house/home of"" (founder name follows)",1
13658167,Keur Diagakham,Keur Diagakham,13.94776,-16.17159,PPL,10,2250807,0,Wolof,"Keur = ""house/home of"" (founder name follows)",1
2250409,Keur Dialo Sène,Keur Dialo Sene,14.58333,-15.86667,PPL,03,,0,Wolof,"Keur = ""house/home of"" (founder name follows)",1
2250408,Keur Diam,Keur Diam,13.85848,-16.11768,PPL,10,,0,Wolof,"Keur = ""house/home of"" (founder name follows)",1
13506453,Keur Diamb Ndiaye,KeurDiambNdiaye,14.72488,-16.93792,PPL,07,2244804,0,Wolof,"Keur = ""house/home of"" (founder name follows)",1
13658067,Keur Diamb Sar,Keur Diamb Sar,13.77064,-16.41563,PPL,09,2251792,0,Wolof,"Keur = ""house/home of"" (founder name follows)",1
2250406,Keur Diamba Soutoura,KeurDiambaSoutoura,14.11322,-15.89499,PPL,10,,0,Wolof,"Keur = ""house/home of"" (founder name follows)",1
2250407,Keur Diambar,Keur Diambar,15.01667,-16.33333,PPL,07,,0,Wolof,"Keur = ""house/home of"" (founder name follows)",1
2250107,Keur Diammé,KeurDiamme,14.85032,-16.76169,PPL,07,,0,Wolof,"Keur = ""house/home of"" (founder name follows)",1
2250404,Keur Diangane,Keur Diangane,13.83333,-15.5,PPL,16,,0,Wolof,"Keur = ""house/home of"" (founder name follows)",1
2250403,Keur Diangaris,Keur Diangaris,14.6,-16.66667,PPL,07,,0,Wolof,"Keur = ""house/home of"" (founder name follows)",1
2250402,Keur Diankole,Keur Diankole,13.88333,-14.88333,PPL,16,,0,Wolof,"Keur = ""house/home of"" (founder name follows)",1
2250401,Keur Diao Fall,Keur Diao Fall,16.46806,-15.62667,PPL,14,,0,Wolof,"Keur = ""house/home of"" (founder name follows)",1
2250400,Keur Diaouli,Keur Diaouli,15.3,-16.16667,PPL,13,,0,Wolof,"Keur = ""house/home of"" (founder name follows)",1
2250399,Keur Diara Bambara,KeurDiaraBambara,14.0835,-16.13722,PPL,10,,0,Wolof,"Keur = ""house/home of"" (founder name follows)",1
13509322,Keur Diara Peul,KeurDiaraPeul,14.08295,-16.12921,PPL,10,2250807,0,Wolof,"Keur = ""house/home of"" (founder name follows)",1
13505366,Keur Diarde,KeurDiarde,14.90401,-16.46734,PPL,03,2254315,0,Wolof,"Keur = ""house/home of"" (founder name follows)",1
2250398,Keur Diata,Keur Diata,13.63333,-15.78333,PPL,10,,0,Wolof,"Keur = ""house/home of"" (founder name follows)",1
13507317,Keur Diba,KeurDiba,14.3908,-16.83026,PPL,07,2248478,0,Wolof,"Keur = ""house/home of"" (founder name follows)",1
2250396,Keur Diemé,Keur Dieme,14.11667,-16.23333,PPL,10,,0,Wolof,"Keur = ""house/home of"" (founder name follows)",1
13551147,Keur Dieng,KeurDieng,14.77315,-15.89761,PPL,03,2248699,0,Wolof,"Keur = ""house/home of"" (founder name follows)",1
2253044,Keur Dieumb Dia,KeurDieumbDia,14.88459,-16.42375,PPL,03,,0,Wolof,"Keur = ""house/home of"" (founder name follows)",1
2250395,Keur Dimba Diallo,Keur Dimba Diallo,16.44889,-15.80556,PPL,14,,0,Wolof,"Keur = ""house/home of"" (founder name follows)",1
2250393,Keur Dimbou,Keur Dimbou,14.1,-16.15,PPL,10,,0,Wolof,"Keur = ""house/home of"" (founder name follows)",1
2250392,Keur Dinguéré,Keur Dinguere,13.73209,-16.04979,PPL,10,,0,Wolof,"Keur = ""house/home of"" (founder name follows)",1
13504699,Keur Diomaye,KeurDiomaye,14.81133,-16.70299,PPL,07,2244804,0,Wolof,"Keur = ""house/home of"" (founder name follows)",1
13506516,Keur Dione,KeurDione,14.51145,-16.89187,PPL,07,2248478,0,Wolof,"Keur = ""house/home of"" (founder name follows)",1
2595391,Keur Dip,Keur Dip,14.48352,-17.00742,PPL,07,,0,Wolof,"Keur = ""house/home of"" (founder name follows)",1
13509325,Keur Diwré,KeurDiwre,14.0546,-16.03542,PPL,10,2250807,0,Wolof,"Keur = ""house/home of"" (founder name follows)",1
2250412,Keur Diâbél,Keur Diabel,13.98333,-15.78333,PPL,10,,0,Wolof,"Keur = ""house/home of"" (founder name follows)",1
13658343,Keur Diène,Keur Diene,13.5925,-16.27955,PPL,09,2251792,0,Wolof,"Keur = ""house/home of"" (founder name follows)",1
2250397,Keur Diégane,Keur Diegane,14.56667,-15.68333,PPL,09,,0,Wolof,"Keur = ""house/home of"" (founder name follows)",2
13506774,Keur Diégane,KeurDiegane,14.61965,-16.70209,PPL,07,2248478,0,Wolof,"Keur = ""house/home of"" (founder name follows)",2
2250390,Keur Djibi,Keur Djibi,13.85,-15.58333,PPL,16,,0,Wolof,"Keur = ""house/home of"" (founder name follows)",1
13658228,Keur Djibril Sène,Keur Djibril Sene,13.92101,-16.22713,PPL,09,2251792,0,Wolof,"Keur = ""house/home of"" (founder name follows)",1
2250389,Keur Djibrine Diop,Keur Djibrine Diop,14.76667,-15.7,PPL,09,,0,Wolof,"Keur = ""house/home of"" (founder name follows)",1
13509062,Keur Djigane,KeurDjigane,14.27974,-16.15161,PPL,10,2250807,0,Wolof,"Keur = ""house/home of"" (founder name follows)",1
13509095,Keur Djindak,KeurDjindak,14.1217,-16.28895,PPL,09,2251792,0,Wolof,"Keur = ""house/home of"" (founder name follows)",1
2595389,Keur Djita,Keur Djita,14.47413,-17.01872,PPL,07,,0,Wolof,"Keur = ""house/home of"" (founder name follows)",1
2250388,Keur Dogo,Keur Dogo,14.26667,-16.21667,PPL,10,,0,Wolof,"Keur = ""house/home of"" (founder name follows)",1
2250386,Keur Doudi,Keur Doudi,14.01667,-15.76667,PPL,16,,0,Wolof,"Keur = ""house/home of"" (founder name follows)",1
2595220,Keur Douka Sissé,Keur Douka Sisse,14.71107,-17.0839,PPL,07,,0,Wolof,"Keur = ""house/home of"" (founder name follows)",1
2250385,Keur Doungou,Keur Doungou,15.9074,-15.9869,PPL,13,,0,Wolof,"Keur = ""house/home of"" (founder name follows)",1
2595402,Keur Dâli,Keur Dali,14.55653,-17.02084,PPL,07,,0,Wolof,"Keur = ""house/home of"" (founder name follows)",2
2595458,Keur Dâli,Keur Dali,14.60971,-17.09411,PPL,07,,0,Wolof,"Keur = ""house/home of"" (founder name follows)",2
2250428,Keur Dèmba Anta,KeurDembaAnta,14.54987,-16.86797,PPL,07,,0,Wolof,"Keur = ""house/home of"" (founder name follows)",1
2250417,Keur Dètié,Keur Detie,15.23333,-16.26667,PPL,13,,0,Wolof,"Keur = ""house/home of"" (founder name follows)",1
13507428,Keur El Hadji,KeurElHadji,14.40294,-16.74096,PPL,07,2248478,0,Wolof,"Keur = ""house/home of"" (founder name follows)",1
2571748,Keur El Hadji Diéne,Keur El Hadji Diene,13.6432,-16.25431,PPL,09,,0,Wolof,"Keur = ""house/home of"" (founder name follows)",1
2571778,Keur El Hadji Malik Gaye,Keur El Hadji Malik Gaye,13.60138,-16.13722,PPL,10,,0,Wolof,"Keur = ""house/home of"" (founder name follows)",1
2250384,Keur El Hadji Momat,KeurElHadjiMomat,14.01221,-15.77797,PPL,16,,0,Wolof,"Keur = ""house/home of"" (founder name follows)",1
13658153,Keur El Hadji Samba,Keur El Hadji Samba,13.80396,-16.20139,PPL,10,2247158,0,Wolof,"Keur = ""house/home of"" (founder name follows)",1
2250381,Keur Essar,Keur Essar,13.98907,-16.02603,PPL,10,,0,Wolof,"Keur = ""house/home of"" (founder name follows)",1
13658208,Keur Fafa Bouri,Keur Fafa Bouri,13.7949,-16.23547,PPL,10,2247158,0,Wolof,"Keur = ""house/home of"" (founder name follows)",1
13658042,Keur Fafa Wéli,Keur Fafa Weli,13.94882,-16.3327,PPL,09,2251792,0,Wolof,"Keur = ""house/home of"" (founder name follows)",1
13506764,Keur Falang,KeurFalang,14.74713,-16.70077,PPL,07,2244804,0,Wolof,"Keur = ""house/home of"" (founder name follows)",1
13505419,Keur Fama,KeurFama,14.98882,-16.25056,PPL,07,2244388,0,Wolof,"Keur = ""house/home of"" (founder name follows)",1
2250380,Keur Farba,Keur Farba,14.03333,-16.38333,PPL,09,,0,Wolof,"Keur = ""house/home of"" (founder name follows)",1
2250379,Keur Fodé,Keur Fode,13.59109,-15.99309,PPL,10,,0,Wolof,"Keur = ""house/home of"" (founder name follows)",2
13509105,Keur Fodé,KeurFode,14.21449,-16.25428,PPL,10,2250807,0,Wolof,"Keur = ""house/home of"" (founder name follows)",2
2250378,Keur Folé,Keur Fole,14.63333,-16.7,PPL,07,,0,Wolof,"Keur = ""house/home of"" (founder name follows)",1
2250363,Keur G. Diagne,Keur G. Diagne,15.93333,-16.3,PPL,14,,0,Wolof,"Keur = ""house/home of"" (founder name follows)",1
2250377,Keur Galadio,Keur Galadio,13.71667,-15.96667,PPL,10,,0,Wolof,"Keur = ""house/home of"" (founder name follows)",1
13658724,Keur Galaye Bari,Keur Galaye Bari,13.62317,-16.03086,PPL,10,2247158,0,Wolof,"Keur = ""house/home of"" (founder name follows)",1
2250375,Keur Galel Mbounari,Keur Galel Mbounari,15.7847,-15.5324,PPL,13,,0,Wolof,"Keur = ""house/home of"" (founder name follows)",1
2250372,Keur Galo,Keur Galo,14.11667,-14.73333,PPL,16,,0,Wolof,"Keur = ""house/home of"" (founder name follows)",4
2250373,Keur Galo,Keur Galo,14.06802,-15.85239,PPL,10,,0,Wolof,"Keur = ""house/home of"" (founder name follows)",4
13506720,Keur Galo,KeurGalo,14.69097,-16.59851,PPL,03,2254315,0,Wolof,"Keur = ""house/home of"" (founder name follows)",4
13658048,Keur Galo,Keur Galo,13.8963,-16.33872,PPL,09,2251792,0,Wolof,"Keur = ""house/home of"" (founder name follows)",4
2250336,Keur Galo Diaw,KeurGaloDiaw,14.05858,-16.15393,PPL,10,,0,Wolof,"Keur = ""house/home of"" (founder name follows)",1
13509353,Keur Galo Débo,KeurGaloDebo,14.07952,-16.05625,PPL,10,2250807,0,Wolof,"Keur = ""house/home of"" (founder name follows)",1
13554415,Keur Galo Hamet,KeurGaloHamet,14.0249,-15.76766,PPL,16,10778870,0,Wolof,"Keur = ""house/home of"" (founder name follows)",1
2250371,Keur Galo Kanté,Keur Galo Kante,14.2,-15.83333,PPL,10,,0,Wolof,"Keur = ""house/home of"" (founder name follows)",1
13504568,Keur Galo Kébé,KeurGaloKebe,14.98658,-16.75939,PPL,07,2244388,0,Wolof,"Keur = ""house/home of"" (founder name follows)",1
13508980,Keur Galoup,KeurGaloup,14.30379,-16.24487,PPL,10,2250807,0,Wolof,"Keur = ""house/home of"" (founder name follows)",1
2250370,Keur Gamon,Keur Gamon,13.85,-15.83333,PPL,10,,0,Wolof,"Keur = ""house/home of"" (founder name follows)",1
13505353,Keur Gana,KeurGana,14.82368,-16.45746,PPL,03,2254315,0,Wolof,"Keur = ""house/home of"" (founder name follows)",1
2250369,Keur Gane,Keur Gane,14.59282,-16.33488,PPL,03,,0,Wolof,"Keur = ""house/home of"" (founder name follows)",1
2250368,Keur Gata,Keur Gata,13.85,-15.58333,PPL,16,,0,Wolof,"Keur = ""house/home of"" (founder name follows)",1
2250366,Keur Gaye,Keur Gaye,13.8,-15.86667,PPL,10,,0,Wolof,"Keur = ""house/home of"" (founder name follows)",2
2250367,Keur Gaye,Keur Gaye,13.76623,-16.12944,PPL,10,,0,Wolof,"Keur = ""house/home of"" (founder name follows)",2
2250365,Keur Gaye Sèye,KeurGayeSeye,14.96941,-16.58916,PPL,03,,0,Wolof,"Keur = ""house/home of"" (founder name follows)",1
2250364,Keur Gaye Yassine,Keur Gaye Yassine,13.86459,-16.24126,PPL,09,,0,Wolof,"Keur = ""house/home of"" (founder name follows)",1
2250361,Keur Goli,Keur Goli,13.88333,-14.91667,PPL,16,,0,Wolof,"Keur = ""house/home of"" (founder name follows)",1
2250360,Keur Gondé,Keur Gonde,14.49661,-17.01338,PPL,07,,0,Wolof,"Keur = ""house/home of"" (founder name follows)",1
13507293,Keur Gonio,KeurGonio,14.57519,-16.22539,PPL,03,2252312,0,Wolof,"Keur = ""house/home of"" (founder name follows)",1
2250359,Keur Gora Ndiaye,Keur Gora Ndiaye,14.96667,-16.5,PPL,03,,0,Wolof,"Keur = ""house/home of"" (founder name follows)",1
2250358,Keur Gora Ndong,Keur Gora Ndong,15.08333,-16.9,PPL,07,,0,Wolof,"Keur = ""house/home of"" (founder name follows)",1
2250357,Keur Gouli,Keur Gouli,13.85,-14.68333,PPL,05,,0,Wolof,"Keur = ""house/home of"" (founder name follows)",1
2250356,Keur Goumbo Guèye,KeurGoumboGueye,14.03304,-15.72621,PPL,16,,0,Wolof,"Keur = ""house/home of"" (founder name follows)",1
2250354,Keur Guilaye,Keur Guilaye,14.97235,-15.7271,PPL,13,,0,Wolof,"Keur = ""house/home of"" (founder name follows)",2
2250355,Keur Guilaye,Keur Guilaye,14.79286,-17.11466,PPL,07,,0,Wolof,"Keur = ""house/home of"" (founder name follows)",2
13658183,Keur Guirane,Keur Guirane,13.96649,-16.14314,PPL,10,2250807,0,Wolof,"Keur = ""house/home of"" (founder name follows)",1
2250353,Keur Guiri,Keur Guiri,15.55,-16.26667,PPL,13,,0,Wolof,"Keur = ""house/home of"" (founder name follows)",1
2595497,Keur Gânou Ndoye,Keur Ganou Ndoye,14.67303,-17.11322,PPLX,07,,0,Wolof,"Keur = ""house/home of"" (founder name follows)",1
2250351,Keur Ibra,Keur Ibra,15.85,-16.16667,PPL,13,,0,Wolof,"Keur = ""house/home of"" (founder name follows)",1
13553605,Keur Ibra Diak,KeurIbraDiak,14.67046,-15.34782,PPL,16,10778871,0,Wolof,"Keur = ""house/home of"" (founder name follows)",1
13553442,Keur Ibra Diaw,KeurIbraDiaw,14.63884,-15.64519,PPL,09,2251492,0,Wolof,"Keur = ""house/home of"" (founder name follows)",1
13553610,Keur Ibra Dieng,KeurIbraDieng,14.69424,-15.34687,PPL,13,2249283,0,Wolof,"Keur = ""house/home of"" (founder name follows)",1
13505378,Keur Ibra Diop,KeurIbraDiop,14.76871,-16.45328,PPL,03,2254315,0,Wolof,"Keur = ""house/home of"" (founder name follows)",1
13553439,Keur Ibra Fal,KeurIbraFal,14.52733,-15.68656,PPL,09,2251492,0,Wolof,"Keur = ""house/home of"" (founder name follows)",1
2250348,Keur Ibra Guèye,KeurIbraGueye,14.8611,-16.73302,PPL,07,,0,Wolof,"Keur = ""house/home of"" (founder name follows)",1
2250345,Keur Ibra Kane,Keur Ibra Kane,14.74862,-16.72358,PPL,07,,0,Wolof,"Keur = ""house/home of"" (founder name follows)",1
13505448,Keur Ibra Khoyane,KeurIbraKhoyane,14.87538,-16.48808,PPL,03,2254315,0,Wolof,"Keur = ""house/home of"" (founder name follows)",1
2250343,Keur Ibra Maram,Keur Ibra Maram,15.96667,-16.08333,PPL,13,,0,Wolof,"Keur = ""house/home of"" (founder name follows)",2
2250344,Keur Ibra Maram,Keur Ibra Maram,15.6,-16.13333,PPL,13,,0,Wolof,"Keur = ""house/home of"" (founder name follows)",2
2250342,Keur Ibra Massar,Keur Ibra Massar,14.11667,-15.11667,PPL,16,,0,Wolof,"Keur = ""house/home of"" (founder name follows)",1
13554441,Keur Ibra Ndour,KeurIbraNdour,14.11657,-15.78482,PPL,16,10778870,0,Wolof,"Keur = ""house/home of"" (founder name follows)",1
2250341,Keur Ibra Sako,Keur Ibra Sako,13.93333,-15.66667,PPL,16,,0,Wolof,"Keur = ""house/home of"" (founder name follows)",1
2250340,Keur Ibra Sek,Keur Ibra Sek,14.93329,-15.91334,PPL,03,,0,Wolof,"Keur = ""house/home of"" (founder name follows)",1
2251502,Keur Ibrahima Mbaye,KeurIbrahimaMbaye,14.05486,-15.77608,PPL,16,,0,Wolof,"Keur = ""house/home of"" (founder name follows)",1
2250347,Keur Ibrahima Samba,Keur Ibrahima Samba,14.58333,-15.85,PPL,03,,0,Wolof,"Keur = ""house/home of"" (founder name follows)",1
2250346,Keur Ibrahïma Mbaye,Keur Ibrahima Mbaye,15.0042,-15.9659,PPL,13,,0,Wolof,"Keur = ""house/home of"" (founder name follows)",1
2250339,Keur Ibrata,Keur Ibrata,14.5,-15.68333,PPL,16,,0,Wolof,"Keur = ""house/home of"" (founder name follows)",1
13554444,Keur Ismaïla,KeurIsmaila,14.13681,-15.75559,PPL,16,10778870,0,Wolof,"Keur = ""house/home of"" (founder name follows)",1
2250338,Keur Issa Bambara,Keur Issa Bambara,14.79807,-16.90289,PPL,07,,0,Wolof,"Keur = ""house/home of"" (founder name follows)",1
13506484,Keur Issa Diène,KeurIssaDiene,14.52222,-16.90612,PPL,07,2244804,0,Wolof,"Keur = ""house/home of"" (founder name follows)",1
13658200,Keur Kab,Keur Kab,13.96363,-16.15975,PPL,10,2250807,0,Wolof,"Keur = ""house/home of"" (founder name follows)",1
13554036,Keur Kabou,KeurKabou,14.29239,-15.9928,PPL,10,10778869,0,Wolof,"Keur = ""house/home of"" (founder name follows)",1
2250335,Keur Kardiop,Keur Kardiop,15.16667,-16.8,PPL,07,,0,Wolof,"Keur = ""house/home of"" (founder name follows)",1
2250334,Keur Katim Diema,Keur Katim Diema,13.66667,-15.61667,PPL,10,,0,Wolof,"Keur = ""house/home of"" (founder name follows)",1
2250708,Keur Katim Guèye,Keur Katim Gueye,13.81417,-16.25249,PPL,09,,0,Wolof,"Keur = ""house/home of"" (founder name follows)",1
2250332,Keur Khali Koura,KeurKhaliKoura,14.92952,-16.67689,PPL,03,,0,Wolof,"Keur = ""house/home of"" (founder name follows)",1
2250337,Keur Khali Mboup,KeurKhaliMboup,14.40876,-16.12111,PPL,09,,0,Wolof,"Keur = ""house/home of"" (founder name follows)",1
2250331,Keur Khali Sar,Keur Khali Sar,13.60375,-16.37524,PPL,09,,0,Wolof,"Keur = ""house/home of"" (founder name follows)",1
13504570,Keur Khali Sarata,KeurKhaliSarata,14.93141,-16.75122,PPL,07,2244388,0,Wolof,"Keur = ""house/home of"" (founder name follows)",1
2250067,Keur Khali Sokhna,KeurKhaliSokhna,14.89464,-16.81489,PPL,07,,0,Wolof,"Keur = ""house/home of"" (founder name follows)",1
13506511,Keur Khaly,KeurKhaly,14.52233,-16.93114,PPL,07,2248478,0,Wolof,"Keur = ""house/home of"" (founder name follows)",1
2250330,Keur Khar Mbaye,Keur Khar Mbaye,15.23333,-16.66667,PPL,07,,0,Wolof,"Keur = ""house/home of"" (founder name follows)",1
13504666,Keur Khassam,KeurKhassam,14.95868,-16.63775,PPL,03,2254315,0,Wolof,"Keur = ""house/home of"" (founder name follows)",1
13658083,Keur Khoureïssi,Keur Khoureissi,13.93338,-16.35773,PPL,09,2251792,0,Wolof,"Keur = ""house/home of"" (founder name follows)",1
2250329,Keur Kibari,Keur Kibari,14.28333,-16.18333,PPL,10,,0,Wolof,"Keur = ""house/home of"" (founder name follows)",1
13509340,Keur Kibiri,KeurKibiri,14.11649,-16.21708,PPL,10,2250807,0,Wolof,"Keur = ""house/home of"" (founder name follows)",1
2250328,Keur Kolibilo,Keur Kolibilo,15.8308,-15.5177,PPL,13,,0,Wolof,"Keur = ""house/home of"" (founder name follows)",1
2250326,Keur Kora,Keur Kora,15.63333,-16.3,PPL,13,,0,Wolof,"Keur = ""house/home of"" (founder name follows)",1
2249618,Keur Kouli Diouf,KeurKouliDiouf,14.72163,-16.43473,PPL,03,,0,Wolof,"Keur = ""house/home of"" (founder name follows)",1
2250325,Keur Koumba,Keur Koumba,14.58333,-16.66667,PPL,07,,0,Wolof,"Keur = ""house/home of"" (founder name follows)",1
2249954,Keur Koumba Daga,KeurKoumbaDaga,14.3009,-16.28171,PPL,10,,0,Wolof,"Keur = ""house/home of"" (founder name follows)",1
2250324,Keur Kouni,Keur Kouni,13.9,-15.66667,PPL,16,,0,Wolof,"Keur = ""house/home of"" (founder name follows)",1
2250323,Keur Koura,Keur Koura,15.7,-16.53333,PPL,13,,0,Wolof,"Keur = ""house/home of"" (founder name follows)",1
2250322,Keur Koutch,Keur Koutch,14.96667,-15.75,PPL,13,,0,Wolof,"Keur = ""house/home of"" (founder name follows)",1
2250333,Keur Kékouta,Keur Kekouta,14.13826,-16.25073,PPL,10,,0,Wolof,"Keur = ""house/home of"" (founder name follows)",1
2250319,Keur Lahine Fatim,Keur Lahine Fatim,13.90764,-16.30113,PPL,09,,0,Wolof,"Keur = ""house/home of"" (founder name follows)",2
2250320,Keur Lahine Fatim,Keur Lahine Fatim,13.73089,-16.38563,PPL,09,,0,Wolof,"Keur = ""house/home of"" (founder name follows)",2
2250321,Keur Lahine Khorédia,Keur Lahine Khoredia,13.76223,-16.2377,PPL,09,,0,Wolof,"Keur = ""house/home of"" (founder name follows)",1
2249430,Keur Lahine Lobé,KeurLahineLobe,14.01725,-15.54637,PPL,16,,0,Wolof,"Keur = ""house/home of"" (founder name follows)",1
13658070,Keur Lahine Nditi,Keur Lahine Nditi,13.98993,-16.30194,PPL,09,2251792,0,Wolof,"Keur = ""house/home of"" (founder name follows)",1
13554558,Keur Lahine Ramata,KeurLahineRamata,14.02587,-15.53484,PPL,16,2251008,0,Wolof,"Keur = ""house/home of"" (founder name follows)",1
2250318,Keur Lahine Sakho,Keur Lahine Sakho,13.81196,-16.21364,PPL,10,,0,Wolof,"Keur = ""house/home of"" (founder name follows)",1
2250317,Keur Lahine Sokhna,Keur Lahine Sokhna,13.72824,-16.22124,PPL,09,,0,Wolof,"Keur = ""house/home of"" (founder name follows)",1
2250311,Keur Lahine Sossé,Keur Lahine Sosse,13.74908,-16.41803,PPL,09,,0,Wolof,"Keur = ""house/home of"" (founder name follows)",1
2250316,Keur Lali,Keur Lali,13.6,-15.78333,PPL,10,,0,Wolof,"Keur = ""house/home of"" (founder name follows)",1
2595485,Keur Lamane,Keur Lamane,14.66046,-17.03797,PPLX,07,,0,Wolof,"Keur = ""house/home of"" (founder name follows)",2
2595581,Keur Lamane,Keur Lamane,14.69746,-17.11828,PPLX,07,,0,Wolof,"Keur = ""house/home of"" (founder name follows)",2
13504559,Keur Lamane Yaboye,KeurLamaneYaboye,14.81028,-16.84564,PPL,07,2244804,0,Wolof,"Keur = ""house/home of"" (founder name follows)",1
2250315,Keur Lamine,Keur Lamine,13.71555,-16.04177,PPL,10,,0,Wolof,"Keur = ""house/home of"" (founder name follows)",2
13508999,Keur Lamine,KeurLamine,14.33126,-16.22776,PPL,10,2250807,0,Wolof,"Keur = ""house/home of"" (founder name follows)",2
2571749,Keur Lamine Diamé,Keur Lamine Diame,13.61912,-16.26135,PPL,09,,0,Wolof,"Keur = ""house/home of"" (founder name follows)",1
13509345,Keur Lassana,KeurLassana,14.10948,-16.22075,PPL,10,2250807,0,Wolof,"Keur = ""house/home of"" (founder name follows)",1
13507057,Keur Lat Bissine,KeurLatBissine,14.67719,-16.41008,PPL,03,2254315,0,Wolof,"Keur = ""house/home of"" (founder name follows)",1
2250314,Keur Lat Diop Fal,Keur Lat Diop Fal,14.92415,-17.0241,PPL,07,,0,Wolof,"Keur = ""house/home of"" (founder name follows)",1
13505433,Keur Laye,KeurLaye,14.94257,-16.3097,PPL,03,2252312,0,Wolof,"Keur = ""house/home of"" (founder name follows)",1
13553635,Keur Laye Diouf,KeurLayeDiouf,14.71285,-15.29241,PPL,13,2249283,0,Wolof,"Keur = ""house/home of"" (founder name follows)",1
2250312,Keur Layène,Keur Layene,13.7,-15.86667,PPL,10,,0,Wolof,"Keur = ""house/home of"" (founder name follows)",2
2250313,Keur Layène,Keur Layene,13.63333,-15.61667,PPL,10,,0,Wolof,"Keur = ""house/home of"" (founder name follows)",2
13509005,Keur Laïti,KeurLaiti,14.25955,-16.21613,PPL,10,2250807,0,Wolof,"Keur = ""house/home of"" (founder name follows)",1
13504613,Keur Likeu,KeurLikeu,14.81015,-16.86982,PPL,07,2244804,0,Wolof,"Keur = ""house/home of"" (founder name follows)",1
13504705,Keur Lèye Fambaye,KeurLeyeFambaye,14.91626,-16.6047,PPL,03,2254315,0,Wolof,"Keur = ""house/home of"" (founder name follows)",1
13508993,Keur Léba,KeurLeba,14.33129,-16.1962,PPL,10,2250807,0,Wolof,"Keur = ""house/home of"" (founder name follows)",1
2250310,Keur Maba Diakhou,Keur Maba Diakhou,13.65,-15.98333,PPL,10,,0,Wolof,"Keur = ""house/home of"" (founder name follows)",1
13504704,Keur Mabator,KeurMabator,14.91995,-16.63574,PPL,03,2254315,0,Wolof,"Keur = ""house/home of"" (founder name follows)",1
2250179,Keur Mabaye,KeurMabaye,14.99591,-16.87924,PPL,07,,0,Wolof,"Keur = ""house/home of"" (founder name follows)",1
13505383,Keur Macoumba,KeurMacoumba,14.96484,-16.49544,PPL,03,2254315,0,Wolof,"Keur = ""house/home of"" (founder name follows)",1
13504553,Keur Madaro,KeurMadaro,14.76398,-16.84966,PPL,07,2244804,0,Wolof,"Keur = ""house/home of"" (founder name follows)",1
2250308,Keur Mademba,Keur Mademba,13.9,-15.6,PPL,16,,0,Wolof,"Keur = ""house/home of"" (founder name follows)",2
2250309,Keur Mademba,Keur Mademba,13.73333,-15.68333,PPL,10,,0,Wolof,"Keur = ""house/home of"" (founder name follows)",2
2250295,Keur Madi Touet,Keur Madi Touet,13.9,-15.5,PPL,16,,0,Wolof,"Keur = ""house/home of"" (founder name follows)",1
2250301,Keur Madi Yassine,Keur Madi Yassine,13.70855,-16.11666,PPL,10,,0,Wolof,"Keur = ""house/home of"" (founder name follows)",1
2250307,Keur Madia,Keur Madia,14.73333,-16.46667,PPL,03,,0,Wolof,"Keur = ""house/home of"" (founder name follows)",1
13504715,Keur Madia Niang,KeurMadiaNiang,14.88834,-16.67139,PPL,07,2244804,0,Wolof,"Keur = ""house/home of"" (founder name follows)",1
2250306,Keur Madiabel,Keur Madiabel,13.8472,-16.05774,PPL,10,,10542,Wolof,"Keur = ""house/home of"" (founder name follows)",1
13658134,Keur Madiabou,Keur Madiabou,13.99126,-16.1616,PPL,10,2250807,0,Wolof,"Keur = ""house/home of"" (founder name follows)",1
2250305,Keur Madiagne,Keur Madiagne,14.99655,-16.91582,PPL,07,,0,Wolof,"Keur = ""house/home of"" (founder name follows)",1
2250304,Keur Madiaka,Keur Madiaka,14.56667,-15.83333,PPL,09,,0,Wolof,"Keur = ""house/home of"" (founder name follows)",1
2250303,Keur Madialé,Keur Madiale,15.7,-16.05,PPL,13,,0,Wolof,"Keur = ""house/home of"" (founder name follows)",1
2250302,Keur Madiana,Keur Madiana,15.0,-16.25,PPL,07,,0,Wolof,"Keur = ""house/home of"" (founder name follows)",1
2250123,Keur Madieng,KeurMadieng,14.92067,-16.33187,PPL,03,,0,Wolof,"Keur = ""house/home of"" (founder name follows)",3
2250239,Keur Madieng,KeurMadieng,14.36938,-16.788,PPL,07,,0,Wolof,"Keur = ""house/home of"" (founder name follows)",3
2250299,Keur Madieng,KeurMadieng,14.26237,-15.91102,PPL,10,,0,Wolof,"Keur = ""house/home of"" (founder name follows)",3
13507285,Keur Madieum Lô,KeurMadieumLo,14.6053,-16.02125,PPL,03,2248699,0,Wolof,"Keur = ""house/home of"" (founder name follows)",1
13658236,Keur Madiké,Keur Madike,13.8866,-16.17453,PPL,10,2250807,0,Wolof,"Keur = ""house/home of"" (founder name follows)",1
13658147,Keur Madio,Keur Madio,13.93823,-16.02553,PPL,10,2250807,0,Wolof,"Keur = ""house/home of"" (founder name follows)",1
2250298,Keur Madiop,Keur Madiop,15.016,-16.422,PPL,03,,0,Wolof,"Keur = ""house/home of"" (founder name follows)",2
13505377,Keur Madiop,KeurMadiop,14.77476,-16.36059,PPL,03,2254315,0,Wolof,"Keur = ""house/home of"" (founder name follows)",2
13504565,Keur Madiop Fal,KeurMadiopFal,14.86223,-16.83362,PPL,07,2244804,0,Wolof,"Keur = ""house/home of"" (founder name follows)",1
13504644,Keur Madiop Samb,KeurMadiopSamb,14.89939,-16.68663,PPL,07,2244804,0,Wolof,"Keur = ""house/home of"" (founder name follows)",1
13552844,Keur Madiop Sérèr,KeurMadiopSerer,14.57514,-15.90569,PPL,03,2248699,0,Wolof,"Keur = ""house/home of"" (founder name follows)",1
2250297,Keur Madiop Touré,Keur Madiop Toure,15.02944,-16.35894,PPL,07,,0,Wolof,"Keur = ""house/home of"" (founder name follows)",1
2250296,Keur Madiouf,Keur Madiouf,14.30756,-16.1474,PPL,10,,0,Wolof,"Keur = ""house/home of"" (founder name follows)",1
2250300,Keur Madiébél,Keur Madiebel,13.76667,-15.7,PPL,10,,0,Wolof,"Keur = ""house/home of"" (founder name follows)",1
13505449,Keur Madiémé,KeurMadieme,14.93367,-16.3636,PPL,03,2252312,0,Wolof,"Keur = ""house/home of"" (founder name follows)",1
2250294,Keur Madou Dia,Keur Madou Dia,15.7059,-15.8951,PPL,13,,0,Wolof,"Keur = ""house/home of"" (founder name follows)",1
2253271,Keur Madouba,KeurMadouba,14.8295,-15.60217,PPL,03,,0,Wolof,"Keur = ""house/home of"" (founder name follows)",1
2250293,Keur Madoumbé,Keur Madoumbe,15.0,-16.2,PPL,13,,0,Wolof,"Keur = ""house/home of"" (founder name follows)",1
2250292,Keur Madoune Ningue,Keur Madoune Ningue,15.06667,-16.53333,PPL,07,,0,Wolof,"Keur = ""house/home of"" (founder name follows)",1
2250291,Keur Mafal,Keur Mafal,15.76028,-16.34194,PPL,13,,0,Wolof,"Keur = ""house/home of"" (founder name follows)",2
13506477,Keur Mafal,KeurMafal,14.7074,-16.81541,PPL,07,2244804,0,Wolof,"Keur = ""house/home of"" (founder name follows)",2
13507274,Keur Mafari Ndiaye,KeurMafariNdiaye,14.74056,-16.01198,PPL,03,2248699,0,Wolof,"Keur = ""house/home of"" (founder name follows)",1
13506992,Keur Mafatim,KeurMafatim,14.72118,-16.36986,PPL,03,2254315,0,Wolof,"Keur = ""house/home of"" (founder name follows)",1
2250579,Keur Magamo,Keur Magamo,15.1773,-15.9739,PPL,13,,0,Wolof,"Keur = ""house/home of"" (founder name follows)",1
2250290,Keur Magat Bâ,KeurMagatBa,14.63467,-15.86514,PPL,03,,0,Wolof,"Keur = ""house/home of"" (founder name follows)",1
2250289,Keur Magaye,Keur Magaye,14.16931,-15.74291,PPL,16,,0,Wolof,"Keur = ""house/home of"" (founder name follows)",1
2250155,Keur Magorom Sal,KeurMagoromSal,14.56053,-16.87643,PPL,07,,0,Wolof,"Keur = ""house/home of"" (founder name follows)",1
2250285,Keur Maguèye,Keur Magueye,15.01667,-16.81667,PPL,07,,0,Wolof,"Keur = ""house/home of"" (founder name follows)",1
2250288,Keur Maguèye Ndaw,KeurMagueyeNdaw,14.89664,-16.76724,PPL,07,,0,Wolof,"Keur = ""house/home of"" (founder name follows)",3
13504547,Keur Maguèye Ndaw,KeurMagueyeNdaw,14.76182,-16.81762,PPL,07,2244804,0,Wolof,"Keur = ""house/home of"" (founder name follows)",3
13504630,Keur Maguèye Ndaw,KeurMagueyeNdaw,14.88757,-16.82591,PPL,07,2244388,0,Wolof,"Keur = ""house/home of"" (founder name follows)",3
2250284,Keur Mahanta,Keur Mahanta,15.78333,-16.11667,PPL,13,,0,Wolof,"Keur = ""house/home of"" (founder name follows)",1
2250283,Keur Maharam Dieng,Keur Maharam Dieng,14.33333,-15.68333,PPL,16,,0,Wolof,"Keur = ""house/home of"" (founder name follows)",1
2250280,Keur Maka,Keur Maka,13.75,-15.63333,PPL,10,,0,Wolof,"Keur = ""house/home of"" (founder name follows)",1
13507303,Keur Makadou,KeurMakadou,14.50419,-16.11078,PPL,09,2251492,0,Wolof,"Keur = ""house/home of"" (founder name follows)",1
2250279,Keur Makala,Keur Makala,15.03333,-16.38333,PPL,07,,0,Wolof,"Keur = ""house/home of"" (founder name follows)",1
2250278,Keur Makam,Keur Makam,14.11667,-15.83333,PPL,16,,0,Wolof,"Keur = ""house/home of"" (founder name follows)",3
13658221,Keur Makam,Keur Makam,13.9108,-16.02796,PPL,10,2250807,0,Wolof,"Keur = ""house/home of"" (founder name follows)",3
13658239,Keur Makam,Keur Makam,13.9148,-16.01421,PPL,10,2250807,0,Wolof,"Keur = ""house/home of"" (founder name follows)",3
2250277,Keur Makar,Keur Makar,13.95,-15.66667,PPL,16,,0,Wolof,"Keur = ""house/home of"" (founder name follows)",1
13658174,Keur Makatim,Keur Makatim,13.86079,-16.21861,PPL,09,2247158,0,Wolof,"Keur = ""house/home of"" (founder name follows)",1
13505470,Keur Makhali,KeurMakhali,14.9988,-16.47104,PPL,03,2254315,0,Wolof,"Keur = ""house/home of"" (founder name follows)",1
2250276,Keur Makhari,Keur Makhari,15.13333,-16.2,PPL,13,,0,Wolof,"Keur = ""house/home of"" (founder name follows)",1
13504668,Keur Makhoudia,KeurMakhoudia,14.95356,-16.50695,PPL,03,2254315,0,Wolof,"Keur = ""house/home of"" (founder name follows)",1
2250275,Keur Makhtar Diop,Keur Makhtar Diop,15.6933,-15.8883,PPL,13,,0,Wolof,"Keur = ""house/home of"" (founder name follows)",1
13507014,Keur Makodou,KeurMakodou,14.65256,-16.4135,PPL,03,2254315,0,Wolof,"Keur = ""house/home of"" (founder name follows)",1
2250273,Keur Makoumba Diop,Keur Makoumba Diop,14.56407,-16.90219,PPL,07,,0,Wolof,"Keur = ""house/home of"" (founder name follows)",1
2250274,Keur Makoumba Kébé,KeurMakoumbaKebe,14.81315,-15.8312,PPL,03,,0,Wolof,"Keur = ""house/home of"" (founder name follows)",1
2250548,Keur Makoumba Souna,Keur Makoumba Souna,13.73499,-16.24457,PPL,09,,0,Wolof,"Keur = ""house/home of"" (founder name follows)",1
13506479,Keur Makounda Kèbè,KeurMakoundaKebe,14.53154,-16.84246,PPL,07,2244804,0,Wolof,"Keur = ""house/home of"" (founder name follows)",1
2250270,Keur Mala,Keur Mala,13.96667,-15.73333,PPL,10,,0,Wolof,"Keur = ""house/home of"" (founder name follows)",1
2250269,Keur Malahine,Keur Malahine,13.72501,-16.11769,PPL,10,,0,Wolof,"Keur = ""house/home of"" (founder name follows)",1
2595952,Keur Malal,Keur Malal,15.03166,-17.02025,PPL,07,,0,Wolof,"Keur = ""house/home of"" (founder name follows)",1
13504618,Keur Malamine Ndiaye,KeurMalamineNdiaye,14.77078,-16.77123,PPL,07,2244804,0,Wolof,"Keur = ""house/home of"" (founder name follows)",2
13506495,Keur Malamine Ndiaye,KeurMalamineNdiaye,14.53003,-16.88017,PPL,07,2244804,0,Wolof,"Keur = ""house/home of"" (founder name follows)",2
13657996,Keur Malaw,Keur Malaw,13.97055,-16.26026,PPL,09,2251792,0,Wolof,"Keur = ""house/home of"" (founder name follows)",1
2250266,Keur Maleye,Keur Maleye,15.33333,-16.58333,PPL,13,,0,Wolof,"Keur = ""house/home of"" (founder name follows)",1
2250263,Keur Mali Makham,Keur Mali Makham,13.83333,-15.06667,PPL,16,,0,Wolof,"Keur = ""house/home of"" (founder name follows)",1
13507325,Keur Malik Ba,KeurMalikBa,14.48698,-16.93306,PPL,07,2248478,0,Wolof,"Keur = ""house/home of"" (founder name follows)",1
2250265,Keur Malik Diao,Keur Malik Diao,13.91667,-15.88333,PPL,10,,0,Wolof,"Keur = ""house/home of"" (founder name follows)",1
13658063,Keur Malik Fadi,Keur Malik Fadi,13.77796,-16.36493,PPL,09,2251792,0,Wolof,"Keur = ""house/home of"" (founder name follows)",1
2250264,Keur Malik Faye,Keur Malik Faye,14.96667,-15.73333,PPL,13,,0,Wolof,"Keur = ""house/home of"" (founder name follows)",1
13658175,Keur Malik Ndiaré,Keur Malik Ndiare,13.76963,-16.17833,PPL,10,2247158,0,Wolof,"Keur = ""house/home of"" (founder name follows)",1
13506460,Keur Malik Ndiaye,KeurMalikNdiaye,14.50999,-16.79171,PPL,07,2248478,0,Wolof,"Keur = ""house/home of"" (founder name follows)",1
13509055,Keur Malik Nor,KeurMalikNor,14.30408,-16.20557,PPL,10,2250807,0,Wolof,"Keur = ""house/home of"" (founder name follows)",1
13658708,Keur Malik Ramata,Keur Malik Ramata,13.7322,-16.00021,PPL,10,2247158,0,Wolof,"Keur = ""house/home of"" (founder name follows)",1
2250262,Keur Malindiaye,Keur Malindiaye,14.55,-15.83333,PPL,09,,0,Wolof,"Keur = ""house/home of"" (founder name follows)",1
2250261,Keur Malo,Keur Malo,14.66667,-15.63333,PPL,09,,0,Wolof,"Keur = ""house/home of"" (founder name follows)",1
2250267,Keur Malé,Keur Male,13.93333,-15.78333,PPL,10,,0,Wolof,"Keur = ""house/home of"" (founder name follows)",2
2250268,Keur Malé,Keur Male,13.83333,-15.56667,PPL,16,,0,Wolof,"Keur = ""house/home of"" (founder name follows)",2
2250176,Keur Malô,Keur Malo,15.8614,-15.9535,PPL,13,,0,Wolof,"Keur = ""house/home of"" (founder name follows)",2
13658227,Keur Malô,Keur Malo,13.82112,-16.04947,PPL,10,2247158,0,Wolof,"Keur = ""house/home of"" (founder name follows)",2
2595951,Keur Mam Awa,Keur Mam Awa,15.03748,-17.02897,PPL,07,,0,Wolof,"Keur = ""house/home of"" (founder name follows)",1
2250254,Keur Mam Maram,KeurMamMaram,14.82633,-16.88314,PPL,07,,0,Wolof,"Keur = ""house/home of"" (founder name follows)",1
2250255,Keur Mama Lamine,Keur Mama Lamine,13.78105,-16.38288,PPL,09,,0,Wolof,"Keur = ""house/home of"" (founder name follows)",1
13508550,Keur Mamadou Diouf,KeurMamadouDiouf,14.3658,-16.49879,PPL,09,7670866,0,Wolof,"Keur = ""house/home of"" (founder name follows)",1
2250259,Keur Mamadou Fatouma,Keur Mamadou Fatouma,13.98062,-16.22666,PPL,09,,0,Wolof,"Keur = ""house/home of"" (founder name follows)",1
2250258,Keur Mamadou Gaye,Keur Mamadou Gaye,14.63333,-15.63333,PPL,09,,0,Wolof,"Keur = ""house/home of"" (founder name follows)",1
13658697,Keur Mamadou Guèye,Keur Mamadou Gueye,13.62914,-16.23845,PPL,09,2251792,0,Wolof,"Keur = ""house/home of"" (founder name follows)",1
13509356,Keur Mamadou Ndaw,KeurMamadouNdaw,14.22963,-16.15246,PPL,10,2250807,0,Wolof,"Keur = ""house/home of"" (founder name follows)",1
2250260,Keur Mamadou Ndiamatou,KeurMamadouNdiamatou,14.04732,-15.72533,PPL,16,,0,Wolof,"Keur = ""house/home of"" (founder name follows)",1
13504595,Keur Mamadou Ndiaye,KeurMamadouNdiaye,14.83389,-16.89025,PPL,07,2244804,0,Wolof,"Keur = ""house/home of"" (founder name follows)",1
13658687,Keur Mamadou Néné,Keur Mamadou Nene,13.6876,-16.04997,PPL,10,2247158,0,Wolof,"Keur = ""house/home of"" (founder name follows)",1
2250257,Keur Mamadou Ouguel,Keur Mamadou Ouguel,14.53333,-15.68333,PPL,09,,0,Wolof,"Keur = ""house/home of"" (founder name follows)",1
2250256,Keur Mamadou Yaga,Keur Mamadou Yaga,14.88333,-15.7,PPL,13,,0,Wolof,"Keur = ""house/home of"" (founder name follows)",1
13658238,Keur Mamour Anta,Keur Mamour Anta,13.83151,-16.17174,PPL,10,2247158,0,Wolof,"Keur = ""house/home of"" (founder name follows)",1
2250151,Keur Mamour Fal,Keur Mamour Fal,13.8752,-16.2301,PPL,09,,0,Wolof,"Keur = ""house/home of"" (founder name follows)",1
13507333,Keur Mamour Kandji,KeurMamourKandji,14.47357,-16.77738,PPL,07,2248478,0,Wolof,"Keur = ""house/home of"" (founder name follows)",1
2250252,Keur Mamour Koumba,Keur Mamour Koumba,13.75703,-16.08704,PPL,10,,0,Wolof,"Keur = ""house/home of"" (founder name follows)",1
2250251,Keur Mamour Lô,KeurMamourLo,14.03065,-15.9073,PPL,10,,0,Wolof,"Keur = ""house/home of"" (founder name follows)",1
13506490,Keur Mamour Mbengue,KeurMamourMbengue,14.72447,-16.81105,PPL,07,2244804,0,Wolof,"Keur = ""house/home of"" (founder name follows)",1
13504736,Keur Mamour Ngoné,KeurMamourNgone,14.86134,-16.70068,PPL,07,2244804,0,Wolof,"Keur = ""house/home of"" (founder name follows)",1
13658008,Keur Mamour Sek,Keur Mamour Sek,13.88044,-16.26475,PPL,09,2251792,0,Wolof,"Keur = ""house/home of"" (founder name follows)",1
2250250,Keur Mamout,Keur Mamout,13.93333,-15.71667,PPL,10,,0,Wolof,"Keur = ""house/home of"" (founder name follows)",1
2250248,Keur Mandaye,Keur Mandaye,13.88333,-15.75,PPL,10,,0,Wolof,"Keur = ""house/home of"" (founder name follows)",1
2250178,Keur Mandiaye,Keur Mandiaye,15.4919,-15.9848,PPL,13,,0,Wolof,"Keur = ""house/home of"" (founder name follows)",4
2250245,Keur Mandiaye,Keur Mandiaye,15.96667,-16.15,PPL,13,,0,Wolof,"Keur = ""house/home of"" (founder name follows)",4
2250246,Keur Mandiaye,Keur Mandiaye,14.9,-15.76667,PPL,03,,0,Wolof,"Keur = ""house/home of"" (founder name follows)",4
13506771,Keur Mandiaye,KeurMandiaye,14.74717,-16.68556,PPL,07,2244804,0,Wolof,"Keur = ""house/home of"" (founder name follows)",4
2250247,Keur Mandiaye Fatim,Keur Mandiaye Fatim,13.75836,-16.20744,PPL,09,,0,Wolof,"Keur = ""house/home of"" (founder name follows)",1
2596042,Keur Mandiol,Keur Mandiol,15.77333,-16.45556,PPL,13,,0,Wolof,"Keur = ""house/home of"" (founder name follows)",1
2250244,Keur Mandongo,Keur Mandongo,13.83944,-16.10209,PPL,10,,0,Wolof,"Keur = ""house/home of"" (founder name follows)",1
2250243,Keur Mandoumbé Khari,Keur Mandoumbe Khari,15.00758,-16.19761,PPL,07,,0,Wolof,"Keur = ""house/home of"" (founder name follows)",1
13505399,Keur Manga,KeurManga,14.79526,-16.37359,PPL,03,2254315,0,Wolof,"Keur = ""house/home of"" (founder name follows)",2
13508583,Keur Manga,KeurManga,14.3633,-16.26208,PPL,09,7670866,0,Wolof,"Keur = ""house/home of"" (founder name follows)",2
13507466,Keur Mangari,KeurMangari,14.39922,-16.60449,PPL,09,7670866,0,Wolof,"Keur = ""house/home of"" (founder name follows)",1
13658680,Keur Maniane,Keur Maniane,13.74995,-16.2288,PPL,09,2251792,0,Wolof,"Keur = ""house/home of"" (founder name follows)",1
2250287,Keur Maniang Omar,Keur Maniang Omar,15.6838,-15.9763,PPL,13,,0,Wolof,"Keur = ""house/home of"" (founder name follows)",1
2250286,Keur Maniaw,KeurManiaw,14.97713,-16.20891,PPL,07,,0,Wolof,"Keur = ""house/home of"" (founder name follows)",1
2250242,Keur Maniébé,Keur Maniebe,13.81009,-16.06445,PPL,10,,0,Wolof,"Keur = ""house/home of"" (founder name follows)",1
2250241,Keur Manndiaye,Keur Manndiaye,14.73333,-15.75,PPL,09,,0,Wolof,"Keur = ""house/home of"" (founder name follows)",1
2250240,Keur Manoumbé,Keur Manoumbe,13.78333,-14.85,PPL,16,,0,Wolof,"Keur = ""house/home of"" (founder name follows)",1
2250238,Keur Maoual,Keur Maoual,14.18333,-16.76667,PPL,07,,0,Wolof,"Keur = ""house/home of"" (founder name follows)",1
2250104,Keur Mar Ndiaye,KeurMarNdiaye,14.71897,-16.04244,PPL,03,,0,Wolof,"Keur = ""house/home of"" (founder name follows)",1
2250237,Keur Mari,Keur Mari,14.2535,-16.23362,PPL,10,,0,Wolof,"Keur = ""house/home of"" (founder name follows)",1
2250235,Keur Markari,Keur Markari,15.45,-16.38333,PPL,13,,0,Wolof,"Keur = ""house/home of"" (founder name follows)",1
2250234,Keur Marsala,Keur Marsala,14.46667,-15.86667,PPL,09,,0,Wolof,"Keur = ""house/home of"" (founder name follows)",1
13507445,Keur Martin,KeurMartin,14.40876,-16.57404,PPL,09,7670866,0,Wolof,"Keur = ""house/home of"" (founder name follows)",1
2250435,Keur Mary Mbakéri,KeurMaryMbakeri,14.03939,-15.93078,PPL,10,,0,Wolof,"Keur = ""house/home of"" (founder name follows)",1
13554021,Keur Masamba Deux,KeurMasambaDeux,14.43871,-15.98668,PPL,09,2251492,0,Wolof,"Keur = ""house/home of"" (founder name follows)",1
13554426,Keur Massaer,KeurMassaer,14.13019,-15.82671,PPL,16,10778870,0,Wolof,"Keur = ""house/home of"" (founder name follows)",1
13658122,Keur Massakho,Keur Massakho,13.81193,-16.23099,PPL,10,2247158,0,Wolof,"Keur = ""house/home of"" (founder name follows)",1
2250232,Keur Massamba,Keur Massamba,15.6703,-15.9769,PPL,13,,0,Wolof,"Keur = ""house/home of"" (founder name follows)",3
2250233,Keur Massamba,Keur Massamba,14.9,-16.78333,PPL,07,,0,Wolof,"Keur = ""house/home of"" (founder name follows)",3
13509053,Keur Massamba,KeurMassamba,14.37149,-16.1713,PPL,09,7670866,0,Wolof,"Keur = ""house/home of"" (founder name follows)",3
2250230,Keur Massamba Diagne,Keur Massamba Diagne,15.9916,-15.7148,PPL,13,,0,Wolof,"Keur = ""house/home of"" (founder name follows)",1
2250223,Keur Massamba Fatim,Keur Massamba Fatim,15.0489,-16.5394,PPL,07,,0,Wolof,"Keur = ""house/home of"" (founder name follows)",1
2250229,Keur Massamba Guèye,KeurMassambaGueye,14.75369,-16.93857,PPL,07,,0,Wolof,"Keur = ""house/home of"" (founder name follows)",1
2250224,Keur Massamba Kodou,Keur Massamba Kodou,13.73404,-15.99614,PPL,10,,0,Wolof,"Keur = ""house/home of"" (founder name follows)",1
13506481,Keur Massamba Ngoundji,KeurMassambaNgoundji,14.66739,-16.82115,PPL,07,2244804,0,Wolof,"Keur = ""house/home of"" (founder name follows)",1
13505484,Keur Massamba Niang,KeurMassambaNiang,14.89474,-16.48503,PPL,03,2254315,0,Wolof,"Keur = ""house/home of"" (founder name follows)",1
2250226,Keur Massar,Keur Massar,15.463,-15.8859,PPL,13,,0,Wolof,"Keur = ""house/home of"" (founder name follows)",3
2250227,Keur Massar,Keur Massar,14.77977,-17.31131,PPL,01,,0,Wolof,"Keur = ""house/home of"" (founder name follows)",3
2250228,Keur Massar,Keur Massar,13.88333,-14.8,PPL,16,,0,Wolof,"Keur = ""house/home of"" (founder name follows)",3
2250225,Keur Massar Ba,Keur Massar Ba,13.66667,-15.9,PPL,10,,0,Wolof,"Keur = ""house/home of"" (founder name follows)",1
2250221,Keur Massaèr,KeurMassaer,14.88802,-16.3153,PPL,03,,0,Wolof,"Keur = ""house/home of"" (founder name follows)",2
13505442,Keur Massaèr,KeurMassaer,14.90901,-16.36612,PPL,03,2252312,0,Wolof,"Keur = ""house/home of"" (founder name follows)",2
13505522,Keur Massaèr Niang,KeurMassaerNiang,14.93493,-16.09135,PPL,03,2248699,0,Wolof,"Keur = ""house/home of"" (founder name follows)",1
2250222,Keur Massemba,Keur Massemba,15.26667,-16.76667,PPL,07,,0,Wolof,"Keur = ""house/home of"" (founder name follows)",1
2250219,Keur Massila,Keur Massila,14.6,-15.63333,PPL,09,,0,Wolof,"Keur = ""house/home of"" (founder name follows)",2
13507339,Keur Massila,KeurMassila,14.42961,-16.90793,PPL,07,2248478,0,Wolof,"Keur = ""house/home of"" (founder name follows)",2
13658186,Keur Massiré Diawara,Keur Massire Diawara,13.77724,-16.14596,PPL,10,2247158,0,Wolof,"Keur = ""house/home of"" (founder name follows)",1
2250218,Keur Masson,Keur Masson,14.8,-16.88333,PPL,07,,0,Wolof,"Keur = ""house/home of"" (founder name follows)",1
2250217,Keur Massongo,Keur Massongo,15.01667,-16.93333,PPL,07,,0,Wolof,"Keur = ""house/home of"" (founder name follows)",1
2250216,Keur Massouka,KeurMassouka,14.55,-16.9219,PPL,07,,0,Wolof,"Keur = ""house/home of"" (founder name follows)",1
13506489,Keur Massouka Deux,KeurMassoukaDeux,14.52551,-16.92597,PPL,07,2248478,0,Wolof,"Keur = ""house/home of"" (founder name follows)",1
2250220,Keur Massèye,Keur Masseye,14.3789,-15.82381,PPL,09,,0,Wolof,"Keur = ""house/home of"" (founder name follows)",1
13658235,Keur Mat,Keur Mat,13.93593,-16.24817,PPL,09,2251792,0,Wolof,"Keur = ""house/home of"" (founder name follows)",1
2250213,Keur Matar,Keur Matar,14.78333,-16.86667,PPL,07,,0,Wolof,"Keur = ""house/home of"" (founder name follows)",4
2250215,Keur Matar,Keur Matar,14.01815,-15.7591,PPL,16,,0,Wolof,"Keur = ""house/home of"" (founder name follows)",4
13509313,Keur Matar,KeurMatar,14.22288,-16.23399,PPL,10,2250807,0,Wolof,"Keur = ""house/home of"" (founder name follows)",4
13658725,Keur Matar,Keur Matar,13.61247,-16.01086,PPL,10,2247158,0,Wolof,"Keur = ""house/home of"" (founder name follows)",4
2250214,Keur Matar Darou Dia,KeurMatarDarouDia,14.71102,-16.87457,PPL,07,,0,Wolof,"Keur = ""house/home of"" (founder name follows)",1
2250212,Keur Matar Diop,Keur Matar Diop,15.21667,-16.16667,PPL,13,,0,Wolof,"Keur = ""house/home of"" (founder name follows)",1
13504543,Keur Matar Fal,KeurMatarFal,14.78935,-16.80085,PPL,07,2244804,0,Wolof,"Keur = ""house/home of"" (founder name follows)",1
2250211,Keur Matar Guèye,Keur Matar Gueye,14.82026,-17.09263,PPL,07,,0,Wolof,"Keur = ""house/home of"" (founder name follows)",1
2596049,Keur Matar Mbaye,Keur Matar Mbaye,15.77111,-16.28972,PPL,13,,0,Wolof,"Keur = ""house/home of"" (founder name follows)",1
2250209,Keur Matar Souna,Keur Matar Souna,13.85702,-16.20917,PPL,10,,0,Wolof,"Keur = ""house/home of"" (founder name follows)",1
2250516,Keur Matar Wade,KeurMatarWade,14.57572,-16.8793,PPL,07,,0,Wolof,"Keur = ""house/home of"" (founder name follows)",1
2250208,Keur Matialène,Keur Matialene,14.88532,-16.83136,PPL,07,,0,Wolof,"Keur = ""house/home of"" (founder name follows)",1
2250207,Keur Matioro,Keur Matioro,14.04215,-16.38364,PPL,09,,0,Wolof,"Keur = ""house/home of"" (founder name follows)",1
13506458,Keur Matoure,KeurMatoure,14.7147,-16.87188,PPL,07,2244804,0,Wolof,"Keur = ""house/home of"" (founder name follows)",1
13658692,Keur Matékhé,Keur Matekhe,13.74136,-16.11349,PPL,10,2247158,0,Wolof,"Keur = ""house/home of"" (founder name follows)",1
2250205,Keur Mayene Boumbou,Keur Mayene Boumbou,14.25,-15.98333,PPL,09,,0,Wolof,"Keur = ""house/home of"" (founder name follows)",1
2250204,Keur Mayoro,Keur Mayoro,15.7,-16.28333,PPL,13,,0,Wolof,"Keur = ""house/home of"" (founder name follows)",1
2250281,Keur Maïssa Ndiaye,KeurMaissaNdiaye,14.67323,-16.45993,PPL,03,,0,Wolof,"Keur = ""house/home of"" (founder name follows)",1
2253781,Keur Mbagne Diop,KeurMbagneDiop,14.29922,-16.2338,PPL,10,,0,Wolof,"Keur = ""house/home of"" (founder name follows)",1
13505392,Keur Mbakhar,KeurMbakhar,14.8033,-16.30107,PPL,03,2252312,0,Wolof,"Keur = ""house/home of"" (founder name follows)",1
2250203,Keur Mbalagaye,Keur Mbalagaye,15.08333,-16.05,PPL,13,,0,Wolof,"Keur = ""house/home of"" (founder name follows)",1
2250201,Keur Mballo,Keur Mballo,15.53333,-16.28333,PPL,13,,0,Wolof,"Keur = ""house/home of"" (founder name follows)",2
2250202,Keur Mballo,Keur Mballo,15.11667,-16.33333,PPL,07,,0,Wolof,"Keur = ""house/home of"" (founder name follows)",2
13554449,Keur Mbalo,KeurMbalo,14.17529,-15.99519,PPL,10,10778869,0,Wolof,"Keur = ""house/home of"" (founder name follows)",1
13658046,Keur Mbana,Keur Mbana,13.99232,-16.29937,PPL,09,2251792,0,Wolof,"Keur = ""house/home of"" (founder name follows)",1
13552847,Keur Mbandi,KeurMbandi,14.71753,-15.90957,PPL,03,2248699,0,Wolof,"Keur = ""house/home of"" (founder name follows)",1
2250467,Keur Mbangou,Keur Mbangou,13.88851,-16.27284,PPL,09,,0,Wolof,"Keur = ""house/home of"" (founder name follows)",1
13505390,Keur Mbar,KeurMbar,14.81322,-16.44031,PPL,03,2254315,0,Wolof,"Keur = ""house/home of"" (founder name follows)",2
13506781,Keur Mbar,KeurMbar,14.67239,-16.62399,PPL,07,2244804,0,Wolof,"Keur = ""house/home of"" (founder name follows)",2
2250200,Keur Mbarik,Keur Mbarik,15.65,-16.28333,PPL,13,,0,Wolof,"Keur = ""house/home of"" (founder name follows)",1
2250461,Keur Mbata,Keur Mbata,14.9657,-17.02941,PPL,07,,0,Wolof,"Keur = ""house/home of"" (founder name follows)",1
2250198,Keur Mbaye,Keur Mbaye,16.47528,-15.60806,PPL,14,,0,Wolof,"Keur = ""house/home of"" (founder name follows)",2
2250199,Keur Mbaye,Keur Mbaye,13.85,-15.73333,PPL,10,,0,Wolof,"Keur = ""house/home of"" (founder name follows)",2
13504750,Keur Mbaye Anta,KeurMbayeAnta,14.90164,-16.66173,PPL,07,2244804,0,Wolof,"Keur = ""house/home of"" (founder name follows)",1
13553454,Keur Mbaye Coumba,KeurMbayeCoumba,14.59067,-15.60732,PPL,09,2251492,0,Wolof,"Keur = ""house/home of"" (founder name follows)",1
13506482,Keur Mbaye Dièye,KeurMbayeDieye,14.50537,-16.95333,PPL,07,2248478,0,Wolof,"Keur = ""house/home of"" (founder name follows)",1
2595812,Keur Mbaye Fal,Keur Mbaye Fal,14.73984,-17.32073,PPL,01,,0,Wolof,"Keur = ""house/home of"" (founder name follows)",1
13504583,Keur Mbaye Guèye,KeurMbayeGueye,14.90416,-16.79823,PPL,07,2244388,0,Wolof,"Keur = ""house/home of"" (founder name follows)",3
13504619,Keur Mbaye Guèye,KeurMbayeGueye,14.83378,-16.82172,PPL,07,2244804,0,Wolof,"Keur = ""house/home of"" (founder name follows)",3
13658039,Keur Mbaye Guèye,Keur Mbaye Gueye,13.97175,-16.29679,PPL,09,2251792,0,Wolof,"Keur = ""house/home of"" (founder name follows)",3
2248728,Keur Mbaye Issa,KeurMbayeIssa,14.78123,-16.34488,PPL,03,,0,Wolof,"Keur = ""house/home of"" (founder name follows)",1
2250196,Keur Mbaye Mati,Keur Mbaye Mati,14.89893,-16.74409,PPL,07,,0,Wolof,"Keur = ""house/home of"" (founder name follows)",2
13658006,Keur Mbaye Mati,Keur Mbaye Mati,13.92242,-16.35954,PPL,09,2251792,0,Wolof,"Keur = ""house/home of"" (founder name follows)",2
13505361,Keur Mbaye Mboulo,KeurMbayeMboulo,14.82483,-16.31139,PPL,03,2252312,0,Wolof,"Keur = ""house/home of"" (founder name follows)",1
2250195,Keur Mbaye Ndao,Keur Mbaye Ndao,15.33333,-16.65,PPL,13,,0,Wolof,"Keur = ""house/home of"" (founder name follows)",1
2250194,Keur Mbaye Ndiap,Keur Mbaye Ndiap,15.38333,-16.66667,PPL,13,,0,Wolof,"Keur = ""house/home of"" (founder name follows)",1
2250193,Keur Mbaye Ndonk,Keur Mbaye Ndonk,13.93333,-15.98333,PPL,10,,0,Wolof,"Keur = ""house/home of"" (founder name follows)",1
2250282,Keur Mbaye Niang,KeurMbayeNiang,14.59771,-15.8343,PPL,03,,0,Wolof,"Keur = ""house/home of"" (founder name follows)",2
13658020,Keur Mbaye Niang,Keur Mbaye Niang,13.86647,-16.3109,PPL,09,2251792,0,Wolof,"Keur = ""house/home of"" (founder name follows)",2
13504663,Keur Mbaye Sal,KeurMbayeSal,14.84705,-16.74124,PPL,07,2244804,0,Wolof,"Keur = ""house/home of"" (founder name follows)",1
13504572,Keur Mbaye Sambou,KeurMbayeSambou,14.97316,-16.93183,PPL,07,2244388,0,Wolof,"Keur = ""house/home of"" (founder name follows)",1
2250191,Keur Mbaye Seck,Keur Mbaye Seck,15.9314,-15.9112,PPL,13,,0,Wolof,"Keur = ""house/home of"" (founder name follows)",1
2250192,Keur Mbaye Séni,KeurMbayeSeni,14.58232,-16.86546,PPL,07,,0,Wolof,"Keur = ""house/home of"" (founder name follows)",1
2250190,Keur Mbeïkou,Keur Mbeikou,14.01667,-15.71667,PPL,16,,0,Wolof,"Keur = ""house/home of"" (founder name follows)",1
2250189,Keur Mbir Ndaw,Keur Mbir Ndaw,14.93852,-17.0533,PPL,07,,0,Wolof,"Keur = ""house/home of"" (founder name follows)",1
2250188,Keur Mbissane,Keur Mbissane,14.9212,-15.75382,PPL,13,,0,Wolof,"Keur = ""house/home of"" (founder name follows)",2
13509009,Keur Mbissane,KeurMbissane,14.31894,-16.12852,PPL,10,10778869,0,Wolof,"Keur = ""house/home of"" (founder name follows)",2
2250187,Keur Mbogué,Keur Mbogue,15.846,-15.9235,PPL,13,,0,Wolof,"Keur = ""house/home of"" (founder name follows)",1
2250186,Keur Mbouki,Keur Mbouki,14.13737,-15.82957,PPL,16,,0,Wolof,"Keur = ""house/home of"" (founder name follows)",1
13658060,Keur Mbous,Keur Mbous,13.94242,-16.2841,PPL,09,2251792,0,Wolof,"Keur = ""house/home of"" (founder name follows)",1
2250185,Keur Mboussi,Keur Mboussi,14.05,-15.86667,PPL,10,,0,Wolof,"Keur = ""house/home of"" (founder name follows)",1
2250180,Keur Memba,Keur Memba,15.21667,-16.76667,PPL,07,,0,Wolof,"Keur = ""house/home of"" (founder name follows)",1
13506735,Keur Meïssa,KeurMeissa,14.71118,-16.66589,PPL,07,2244804,0,Wolof,"Keur = ""house/home of"" (founder name follows)",1
2250181,Keur Meïssa Ndiaké,Keur Meissa Ndiake,14.77081,-16.82096,PPL,07,,0,Wolof,"Keur = ""house/home of"" (founder name follows)",1
2250173,Keur Moda,Keur Moda,14.05,-16.35,PPL,09,,0,Wolof,"Keur = ""house/home of"" (founder name follows)",1
2250166,Keur Modi Boïdo,KeurModiBoido,14.14184,-15.93611,PPL,10,,0,Wolof,"Keur = ""house/home of"" (founder name follows)",1
2250168,Keur Modi Sala,Keur Modi Sala,14.02136,-15.93926,PPL,10,,0,Wolof,"Keur = ""house/home of"" (founder name follows)",2
2250169,Keur Modi Sala,Keur Modi Sala,13.84574,-16.27391,PPL,09,,0,Wolof,"Keur = ""house/home of"" (founder name follows)",2
2250167,Keur Modi Yoro,Keur Modi Yoro,15.8913,-15.9139,PPL,13,,0,Wolof,"Keur = ""house/home of"" (founder name follows)",1
2250171,Keur Modiagne,Keur Modiagne,14.4,-15.88333,PPL,09,,0,Wolof,"Keur = ""house/home of"" (founder name follows)",1
2250164,Keur Modou,Keur Modou,15.66667,-16.03333,PPL,13,,0,Wolof,"Keur = ""house/home of"" (founder name follows)",2
2250165,Keur Modou,Keur Modou,14.06667,-15.66667,PPL,16,,0,Wolof,"Keur = ""house/home of"" (founder name follows)",2
2250162,Keur Modou Bé,Keur Modou Be,14.98333,-15.98333,PPL,03,,0,Wolof,"Keur = ""house/home of"" (founder name follows)",1
2250161,Keur Modou Diba,Keur Modou Diba,14.18333,-14.53333,PPL,05,,0,Wolof,"Keur = ""house/home of"" (founder name follows)",1
2250160,Keur Modou Diop,Keur Modou Diop,15.0456,-15.9165,PPL,13,,0,Wolof,"Keur = ""house/home of"" (founder name follows)",1
13553603,Keur Modou Fati Khari,KeurModouFatiKhari,14.68939,-15.32274,PPL,13,2249283,0,Wolof,"Keur = ""house/home of"" (founder name follows)",1
2250158,Keur Modou Ndiaye,Keur Modou Ndiaye,15.9504,-15.9189,PPL,13,,0,Wolof,"Keur = ""house/home of"" (founder name follows)",2
2596063,Keur Modou Ndiaye,Keur Modou Ndiaye,15.96333,-16.31583,PPL,14,,0,Wolof,"Keur = ""house/home of"" (founder name follows)",2
2250159,Keur Modou Ngom,Keur Modou Ngom,15.004,-15.9263,PPL,13,,0,Wolof,"Keur = ""house/home of"" (founder name follows)",1
2250157,Keur Modou Sèye,Keur Modou Seye,15.26667,-16.16667,PPL,13,,0,Wolof,"Keur = ""house/home of"" (founder name follows)",1
2250156,Keur Modou Vilané,Keur Modou Vilane,13.98333,-15.55,PPL,16,,0,Wolof,"Keur = ""house/home of"" (founder name follows)",1
2250163,Keur Modouba,Keur Modouba,14.55,-15.93333,PPL,03,,0,Wolof,"Keur = ""house/home of"" (founder name follows)",1
2250170,Keur Mody Bèye,Keur Mody Beye,15.6637,-15.8872,PPL,13,,0,Wolof,"Keur = ""house/home of"" (founder name follows)",1
2250154,Keur Mogorso,Keur Mogorso,14.88333,-16.75,PPL,07,,0,Wolof,"Keur = ""house/home of"" (founder name follows)",1
2250153,Keur Mokhari,Keur Mokhari,15.4041,-15.9237,PPL,13,,0,Wolof,"Keur = ""house/home of"" (founder name follows)",1
2595814,Keur Moktar Ba,Keur Moktar Ba,14.7696,-17.30739,PPLX,01,,0,Wolof,"Keur = ""house/home of"" (founder name follows)",1
2250152,Keur Momar,Keur Momar,13.88333,-16.1,PPL,10,,0,Wolof,"Keur = ""house/home of"" (founder name follows)",1
2250253,Keur Momar Anta,Keur Momar Anta,13.77104,-16.20653,PPL,10,,0,Wolof,"Keur = ""house/home of"" (founder name follows)",1
2250150,Keur Momar Sar,Keur Momar Sar,15.9229,-15.9681,PPL,13,,0,Wolof,"Keur = ""house/home of"" (founder name follows)",1
13658045,Keur Momat Diaw,Keur Momat Diaw,13.76957,-16.30295,PPL,09,2251792,0,Wolof,"Keur = ""house/home of"" (founder name follows)",1
13658000,Keur Momat Fana,Keur Momat Fana,13.92339,-16.28775,PPL,09,2251792,0,Wolof,"Keur = ""house/home of"" (founder name follows)",1
2250149,Keur Momat Souna,Keur Momat Souna,13.63527,-16.27721,PPL,09,,0,Wolof,"Keur = ""house/home of"" (founder name follows)",1
13657986,Keur Momat Tiané,Keur Momat Tiane,13.82903,-16.28224,PPL,09,2251792,0,Wolof,"Keur = ""house/home of"" (founder name follows)",1
2250147,Keur Mor Barama,Keur Mor Barama,15.55,-16.25,PPL,13,,0,Wolof,"Keur = ""house/home of"" (founder name follows)",1
2250146,Keur Mor Bèye,Keur Mor Beye,15.68333,-16.05,PPL,13,,0,Wolof,"Keur = ""house/home of"" (founder name follows)",1
13505358,Keur Mor Diop,KeurMorDiop,14.89279,-16.45622,PPL,03,2254315,0,Wolof,"Keur = ""house/home of"" (founder name follows)",2
13509107,Keur Mor Diop,KeurMorDiop,14.03238,-16.3631,PPL,09,2251792,0,Wolof,"Keur = ""house/home of"" (founder name follows)",2
13504719,Keur Mor Fal,KeurMorFal,14.97269,-16.57664,PPL,03,2254315,0,Wolof,"Keur = ""house/home of"" (founder name follows)",1
2571750,Keur Mor Fatou,Keur Mor Fatou,13.62012,-16.25669,PPL,09,,0,Wolof,"Keur = ""house/home of"" (founder name follows)",1
2250139,Keur Mor Ibra,Keur Mor Ibra,16.3375,-15.42222,PPL,14,,0,Wolof,"Keur = ""house/home of"" (founder name follows)",1
13554056,Keur Mor Kane,KeurMorKane,14.34034,-15.90897,PPL,10,10778869,0,Wolof,"Keur = ""house/home of"" (founder name follows)",1
2250148,Keur Mor Mbaké,KeurMorMbake,14.93252,-15.75409,PPL,13,,0,Wolof,"Keur = ""house/home of"" (founder name follows)",1
2250236,Keur Mor Ndiaye,KeurMorNdiaye,14.76975,-16.87017,PPL,07,,0,Wolof,"Keur = ""house/home of"" (founder name follows)",1
2250141,Keur Mor Ngoné,KeurMorNgone,14.20412,-15.9411,PPL,10,,0,Wolof,"Keur = ""house/home of"" (founder name follows)",1
2250133,Keur Mor Sorona,Keur Mor Sorona,13.83333,-15.11667,PPL,16,,0,Wolof,"Keur = ""house/home of"" (founder name follows)",1
13554437,Keur Mor Souté,KeurMorSoute,14.01398,-15.87309,PPL,10,2250807,0,Wolof,"Keur = ""house/home of"" (founder name follows)",1
13507043,Keur Mor Sélé,KeurMorSele,14.74702,-16.44889,PPL,03,2254315,0,Wolof,"Keur = ""house/home of"" (founder name follows)",1
13507219,Keur Mor Tiama,KeurMorTiama,14.70849,-16.06647,PPL,03,2248699,0,Wolof,"Keur = ""house/home of"" (founder name follows)",1
2250144,Keur Morfal,Keur Morfal,15.08333,-16.83333,PPL,07,,0,Wolof,"Keur = ""house/home of"" (founder name follows)",2
2250145,Keur Morfal,Keur Morfal,14.51667,-15.7,PPL,09,,0,Wolof,"Keur = ""house/home of"" (founder name follows)",2
2250143,Keur Morfali Diop,Keur Morfali Diop,14.78333,-15.83333,PPL,03,,0,Wolof,"Keur = ""house/home of"" (founder name follows)",1
2250142,Keur Morgaye Také,Keur Morgaye Take,14.73333,-15.78333,PPL,09,,0,Wolof,"Keur = ""house/home of"" (founder name follows)",1
2250140,Keur Mori,Keur Mori,14.28333,-15.85,PPL,09,,0,Wolof,"Keur = ""house/home of"" (founder name follows)",1
2250138,Keur Mori Diarété,Keur Mori Diarete,14.23333,-15.88333,PPL,09,,0,Wolof,"Keur = ""house/home of"" (founder name follows)",1
2250137,Keur Mori Fal,Keur Mori Fal,14.69692,-16.83353,PPL,07,,0,Wolof,"Keur = ""house/home of"" (founder name follows)",1
2250136,Keur Mori Ndiaye,Keur Mori Ndiaye,15.1,-16.73333,PPL,07,,0,Wolof,"Keur = ""house/home of"" (founder name follows)",1
2250135,Keur Morlissa,Keur Morlissa,14.8,-15.85,PPL,03,,0,Wolof,"Keur = ""house/home of"" (founder name follows)",1
2250132,Keur Mortal,Keur Mortal,14.56667,-15.85,PPL,03,,0,Wolof,"Keur = ""house/home of"" (founder name follows)",1
13658173,Keur Mot Sokhna,Keur Mot Sokhna,13.89343,-16.09028,PPL,10,2250807,0,Wolof,"Keur = ""house/home of"" (founder name follows)",1
13509097,Keur Moumine Toucouleur,KeurMoumineToucouleur,14.00992,-16.276,PPL,09,2251792,0,Wolof,"Keur = ""house/home of"" (founder name follows)",1
2250131,Keur Mour,Keur Mour,16.5,-15.55,PPL,14,,0,Wolof,"Keur = ""house/home of"" (founder name follows)",1
2250128,Keur Moussa,Keur Moussa,14.78029,-17.11016,PPL,07,,0,Wolof,"Keur = ""house/home of"" (founder name follows)",1
13509315,Keur Moussa Ali,KeurMoussaAli,14.01837,-16.08612,PPL,10,2250807,0,Wolof,"Keur = ""house/home of"" (founder name follows)",1
2250130,Keur Moussa Diara,Keur Moussa Diara,14.16667,-16.7,PPL,09,,0,Wolof,"Keur = ""house/home of"" (founder name follows)",1
2250129,Keur Moussa Intia,Keur Moussa Intia,13.81667,-15.75,PPL,10,,0,Wolof,"Keur = ""house/home of"" (founder name follows)",1
13505521,Keur Moussa Sal,KeurMoussaSal,14.91206,-16.22021,PPL,03,2252312,0,Wolof,"Keur = ""house/home of"" (founder name follows)",1
2250125,Keur Moussa Séni,Keur Moussa Seni,13.62338,-16.35303,PPL,09,,0,Wolof,"Keur = ""house/home of"" (founder name follows)",1
2250126,Keur Moussa-Poste,Keur Moussa-Poste,13.61667,-15.86667,PPL,10,,0,Wolof,"Keur = ""house/home of"" (founder name follows)",1
13504725,Keur Moussé Mboré,KeurMousseMbore,14.94898,-16.67606,PPL,07,2244388,0,Wolof,"Keur = ""house/home of"" (founder name follows)",1
13506500,Keur Moussé Ndia,KeurMousseNdia,14.57809,-16.81933,PPL,07,2244804,0,Wolof,"Keur = ""house/home of"" (founder name follows)",1
2250124,Keur Moutou,Keur Moutou,13.96667,-15.96667,PPL,10,,0,Wolof,"Keur = ""house/home of"" (founder name follows)",1
13504643,Keur Moutoufa,KeurMoutoufa,14.97342,-16.59647,PPL,07,2244388,0,Wolof,"Keur = ""house/home of"" (founder name follows)",1
2250182,Keur Mèïssa,Keur Meissa,15.75,-16.18333,PPL,13,,0,Wolof,"Keur = ""house/home of"" (founder name follows)",1
2250184,Keur Médou,Keur Medou,15.66667,-16.28333,PPL,13,,0,Wolof,"Keur = ""house/home of"" (founder name follows)",1
2248385,Keur Médoune,KeurMedoune,14.75835,-15.90434,PPL,03,,77255,Wolof,"Keur = ""house/home of"" (founder name follows)",1
13504692,Keur Médoune Fal,KeurMedouneFal,14.90308,-16.61571,PPL,03,2254315,0,Wolof,"Keur = ""house/home of"" (founder name follows)",1
2250183,Keur Médoune Mbaye,Keur Medoune Mbaye,15.68333,-16.05,PPL,13,,0,Wolof,"Keur = ""house/home of"" (founder name follows)",1
2250177,Keur Méodiouf,Keur Meodiouf,14.45,-15.95,PPL,09,,0,Wolof,"Keur = ""house/home of"" (founder name follows)",1
2250122,Keur Nakoumba,Keur Nakoumba,13.78333,-15.98333,PPL,10,,0,Wolof,"Keur = ""house/home of"" (founder name follows)",1
2250120,Keur Nala,Keur Nala,16.66667,-15.78333,PPL,14,,0,Wolof,"Keur = ""house/home of"" (founder name follows)",2
2250121,Keur Nala,Keur Nala,13.66667,-15.78333,PPL,10,,0,Wolof,"Keur = ""house/home of"" (founder name follows)",2
13658073,Keur Nama,Keur Nama,13.84723,-16.25823,PPL,09,2251792,0,Wolof,"Keur = ""house/home of"" (founder name follows)",1
2250118,Keur Nasseurdè,Keur Nasseurde,15.28333,-16.18333,PPL,13,,0,Wolof,"Keur = ""house/home of"" (founder name follows)",1
2250117,Keur Ndam,Keur Ndam,15.56667,-16.11667,PPL,13,,0,Wolof,"Keur = ""house/home of"" (founder name follows)",1
2250116,Keur Ndamé,Keur Ndame,14.58333,-14.93333,PPL,16,,0,Wolof,"Keur = ""house/home of"" (founder name follows)",1
2250114,Keur Ndari,Keur Ndari,15.68333,-16.53333,PPL,13,,0,Wolof,"Keur = ""house/home of"" (founder name follows)",1
2250111,Keur Ndiaga,Keur Ndiaga,14.91667,-16.18333,PPL,03,,0,Wolof,"Keur = ""house/home of"" (founder name follows)",1
2250410,Keur Ndiaga Dialé,Keur Ndiaga Diale,13.70643,-16.14718,PPL,10,,0,Wolof,"Keur = ""house/home of"" (founder name follows)",1
13504810,Keur Ndiaga Mbaye,KeurNdiagaMbaye,14.92381,-16.72736,PPL,07,2244388,0,Wolof,"Keur = ""house/home of"" (founder name follows)",2
13554050,Keur Ndiaga Mbaye,KeurNdiagaMbaye,14.48829,-15.78931,PPL,09,2251492,0,Wolof,"Keur = ""house/home of"" (founder name follows)",2
13658709,Keur Ndiaga Peul,Keur Ndiaga Peul,13.70315,-16.04823,PPL,10,2247158,0,Wolof,"Keur = ""house/home of"" (founder name follows)",1
13504697,Keur Ndiaga Sar,KeurNdiagaSar,14.84494,-16.71639,PPL,07,2244804,0,Wolof,"Keur = ""house/home of"" (founder name follows)",1
2250110,Keur Ndiagne,Keur Ndiagne,15.997,-15.8225,PPL,13,,0,Wolof,"Keur = ""house/home of"" (founder name follows)",1
2250109,Keur Ndiago Seck,Keur Ndiago Seck,15.6458,-15.9274,PPL,13,,0,Wolof,"Keur = ""house/home of"" (founder name follows)",1
2250108,Keur Ndiak,Keur Ndiak,14.85375,-16.51336,PPL,03,,0,Wolof,"Keur = ""house/home of"" (founder name follows)",1
2250405,Keur Ndiang,KeurNdiang,14.02072,-15.855,PPL,10,,0,Wolof,"Keur = ""house/home of"" (founder name follows)",1
2250106,Keur Ndiankou,Keur Ndiankou,13.78333,-15.55,PPL,10,,0,Wolof,"Keur = ""house/home of"" (founder name follows)",2
13658329,Keur Ndiankou,Keur Ndiankou,13.70491,-16.37463,PPL,09,2251792,0,Wolof,"Keur = ""house/home of"" (founder name follows)",2
13506702,Keur Ndiap,KeurNdiap,14.66783,-16.5978,PPL,03,2254315,0,Wolof,"Keur = ""house/home of"" (founder name follows)",1
2250105,Keur Ndiaraté Ngaye,Keur Ndiarate Ngaye,14.5,-15.81667,PPL,09,,0,Wolof,"Keur = ""house/home of"" (founder name follows)",1
13504770,Keur Ndiaw,KeurNdiaw,14.80054,-16.6643,PPL,07,2244804,0,Wolof,"Keur = ""house/home of"" (founder name follows)",1
2595940,Keur Ndiaw Ba,Keur Ndiaw Ba,14.97656,-17.02503,PPL,07,,0,Wolof,"Keur = ""house/home of"" (founder name follows)",1
2596041,Keur Ndiaye,Keur Ndiaye,15.77694,-16.47417,PPL,13,,0,Wolof,"Keur = ""house/home of"" (founder name follows)",1
2250103,Keur Ndiaye Lô,Keur Ndiaye Lo,14.74335,-17.2437,PPL,01,,0,Wolof,"Keur = ""house/home of"" (founder name follows)",1
13506465,Keur Ndingor,KeurNdingor,14.50858,-16.88236,PPL,07,2248478,0,Wolof,"Keur = ""house/home of"" (founder name follows)",1
2250391,Keur Ndiogou Ndiaye,KeurNdiogouNdiaye,14.55724,-16.85995,PPL,07,,0,Wolof,"Keur = ""house/home of"" (founder name follows)",1
13658013,Keur Ndiol,Keur Ndiol,13.96226,-16.3325,PPL,09,2251792,0,Wolof,"Keur = ""house/home of"" (founder name follows)",1
13509030,Keur Ndiouga,KeurNdiouga,14.46126,-16.13474,PPL,09,2251492,0,Wolof,"Keur = ""house/home of"" (founder name follows)",2
13509040,Keur Ndiouga,KeurNdiouga,14.28083,-16.04059,PPL,10,10778869,0,Wolof,"Keur = ""house/home of"" (founder name follows)",2
2250102,Keur Ndiouga Sarr,Keur Ndiouga Sarr,15.669,-15.9516,PPL,13,,0,Wolof,"Keur = ""house/home of"" (founder name follows)",1
2250101,Keur Ndiougo,Keur Ndiougo,15.56667,-16.11667,PPL,13,,0,Wolof,"Keur = ""house/home of"" (founder name follows)",1
13554433,Keur Ndong,KeurNdong,14.01031,-15.9492,PPL,10,2250807,0,Wolof,"Keur = ""house/home of"" (founder name follows)",1
13553623,Keur Ndonga Fall,KeurNdongaFall,14.69474,-15.3387,PPL,13,2249283,0,Wolof,"Keur = ""house/home of"" (founder name follows)",1
2250099,Keur Ndongo,Keur Ndongo,13.85,-15.61667,PPL,16,,0,Wolof,"Keur = ""house/home of"" (founder name follows)",2
2250387,Keur Ndongo,Keur Ndongo,13.72177,-16.02665,PPL,10,,0,Wolof,"Keur = ""house/home of"" (founder name follows)",2
13554417,Keur Ndongo Koumbal,KeurNdongoKoumbal,14.02403,-15.98307,PPL,10,2250807,0,Wolof,"Keur = ""house/home of"" (founder name follows)",1
2595388,Keur Ndèné,Keur Ndene,14.4716,-17.02438,PPL,07,,0,Wolof,"Keur = ""house/home of"" (founder name follows)",1
13658123,Keur Ndèné Khar,Keur Ndene Khar,13.99524,-16.17309,PPL,10,2250807,0,Wolof,"Keur = ""house/home of"" (founder name follows)",1
2250113,Keur Ndèné Koumba Sar,KeurNdeneKoumbaSar,14.26036,-16.1521,PPL,10,,0,Wolof,"Keur = ""house/home of"" (founder name follows)",1
13509338,Keur Ndéné Ndaw,KeurNdeneNdaw,14.22501,-16.17231,PPL,10,2250807,0,Wolof,"Keur = ""house/home of"" (founder name follows)",1
2250416,Keur Ndéri,KeurNderi,14.06511,-15.61314,PPL,16,,0,Wolof,"Keur = ""house/home of"" (founder name follows)",1
2249385,Keur Ngagne,KeurNgagne,14.35047,-15.9521,PPL,10,,0,Wolof,"Keur = ""house/home of"" (founder name follows)",1
2250272,Keur Ngagne Guèye,KeurNgagneGueye,14.83618,-16.74411,PPL,07,,0,Wolof,"Keur = ""house/home of"" (founder name follows)",1
2250374,Keur Ngalgou,Keur Ngalgou,14.8728,-16.30777,PPL,03,,0,Wolof,"Keur = ""house/home of"" (founder name follows)",1
13505371,Keur Ngane,KeurNgane,14.99361,-16.33795,PPL,03,2252312,0,Wolof,"Keur = ""house/home of"" (founder name follows)",1
13658240,Keur Ngari,Keur Ngari,13.89901,-16.07077,PPL,10,2250807,0,Wolof,"Keur = ""house/home of"" (founder name follows)",1
2250098,Keur Ngatane,Keur Ngatane,13.61667,-15.61667,PPL,10,,0,Wolof,"Keur = ""house/home of"" (founder name follows)",1
2250097,Keur Ngaye,Keur Ngaye,14.03333,-14.75,PPL,16,,0,Wolof,"Keur = ""house/home of"" (founder name follows)",1
2250119,Keur Nghari,KeurNghari,14.11989,-16.33533,PPL,09,,0,Wolof,"Keur = ""house/home of"" (founder name follows)",1
13658316,Keur Nghatanor,Keur Nghatanor,13.7434,-16.31175,PPL,09,2251792,0,Wolof,"Keur = ""house/home of"" (founder name follows)",1
13506995,Keur Ngolthie,KeurNgolthie,14.55633,-16.35181,PPL,09,7670866,0,Wolof,"Keur = ""house/home of"" (founder name follows)",1
13553443,Keur Ngor,KeurNgor,14.59927,-15.59225,PPL,09,2251492,0,Wolof,"Keur = ""house/home of"" (founder name follows)",1
2250362,Keur Ngouda Samb,KeurNgoudaSamb,14.5721,-16.86879,PPL,07,,0,Wolof,"Keur = ""house/home of"" (founder name follows)",1
2250096,Keur Ngoura,Keur Ngoura,15.5307,-15.9824,PPL,13,,0,Wolof,"Keur = ""house/home of"" (founder name follows)",1
2250175,Keur Ngâta Dramé,KeurNgataDrame,14.00321,-15.68672,PPL,16,,0,Wolof,"Keur = ""house/home of"" (founder name follows)",1
2247422,Keur Ngôr,Keur Ngor,13.67991,-16.0853,PPL,10,,0,Wolof,"Keur = ""house/home of"" (founder name follows)",1
2250095,Keur Niagaraki,Keur Niagaraki,15.03333,-16.75,PPL,07,,0,Wolof,"Keur = ""house/home of"" (founder name follows)",1
2250094,Keur Niamakore,Keur Niamakore,14.31667,-15.93333,PPL,09,,0,Wolof,"Keur = ""house/home of"" (founder name follows)",1
2250093,Keur Niang,Keur Niang,14.84494,-15.87265,PPL,03,,0,Wolof,"Keur = ""house/home of"" (founder name follows)",2
13505591,Keur Niang,KeurNiang,14.79429,-16.07934,PPL,03,2248699,0,Wolof,"Keur = ""house/home of"" (founder name follows)",2
13509108,Keur Niaout,KeurNiaout,14.04145,-16.3281,PPL,09,2251792,0,Wolof,"Keur = ""house/home of"" (founder name follows)",1
2250231,Keur Niobo Dèm,KeurNioboDem,14.96799,-16.82921,PPL,07,,0,Wolof,"Keur = ""house/home of"" (founder name follows)",1
13504633,Keur Niokho Fal,KeurNiokhoFal,14.85761,-16.63794,PPL,07,2244804,0,Wolof,"Keur = ""house/home of"" (founder name follows)",1
13554055,Keur Niokhor,KeurNiokhor,14.35542,-15.84772,PPL,10,10778869,0,Wolof,"Keur = ""house/home of"" (founder name follows)",1
13504635,Keur Niokhor Fal,KeurNiokhorFal,14.84848,-16.62683,PPL,07,2244804,0,Wolof,"Keur = ""house/home of"" (founder name follows)",1
2250092,Keur Niène,Keur Niene,13.97631,-16.11401,PPL,10,,0,Wolof,"Keur = ""house/home of"" (founder name follows)",1
13554442,Keur Oldy,KeurOldy,14.13016,-15.87005,PPL,10,10778869,0,Wolof,"Keur = ""house/home of"" (founder name follows)",1
2250091,Keur Omar,Keur Omar,14.10377,-16.32335,PPL,09,,0,Wolof,"Keur = ""house/home of"" (founder name follows)",1
2250090,Keur Omar Diéhé,Keur Omar Diehe,14.8,-15.83333,PPL,03,,0,Wolof,"Keur = ""house/home of"" (founder name follows)",1
2250089,Keur Omar Khoudia,Keur Omar Khoudia,13.89934,-16.17864,PPL,10,,0,Wolof,"Keur = ""house/home of"" (founder name follows)",1
13658314,Keur Omar Mbombé,Keur Omar Mbombe,13.72423,-16.37659,PPL,09,2251792,0,Wolof,"Keur = ""house/home of"" (founder name follows)",1
2250088,Keur Omar Oumi,Keur Omar Oumi,13.76633,-16.03847,PPL,10,,0,Wolof,"Keur = ""house/home of"" (founder name follows)",1
2250087,Keur Ossène,Keur Ossene,13.75,-15.71667,PPL,10,,0,Wolof,"Keur = ""house/home of"" (founder name follows)",1
2250084,Keur Ouar,Keur Ouar,13.65,-15.85,PPL,10,,0,Wolof,"Keur = ""house/home of"" (founder name follows)",1
2250083,Keur Oumar,Keur Oumar,14.46667,-15.93333,PPL,09,,0,Wolof,"Keur = ""house/home of"" (founder name follows)",2
13554421,Keur Oumar,KeurOumar,14.01072,-15.99417,PPL,10,2250807,0,Wolof,"Keur = ""house/home of"" (founder name follows)",2
2250082,Keur Oumar Mbaye,Keur Oumar Mbaye,14.70441,-15.74865,PPL,09,,0,Wolof,"Keur = ""house/home of"" (founder name follows)",1
2250081,Keur Oumar Tounkara,Keur Oumar Tounkara,13.76667,-15.86667,PPL,10,,0,Wolof,"Keur = ""house/home of"" (founder name follows)",1
2250080,Keur Ousmane,Keur Ousmane,15.52252,-15.94627,PPL,13,,0,Wolof,"Keur = ""house/home of"" (founder name follows)",1
2250079,Keur Ousmane Gaye,Keur Ousmane Gaye,15.9509,-15.9715,PPL,13,,0,Wolof,"Keur = ""house/home of"" (founder name follows)",1
13504799,Keur Ousmane Kane,KeurOusmaneKane,14.98764,-16.51742,PPL,03,2254315,0,Wolof,"Keur = ""house/home of"" (founder name follows)",1
2571745,Keur Ousseynou,Keur Ousseynou,13.61022,-16.33314,PPL,09,,0,Wolof,"Keur = ""house/home of"" (founder name follows)",1
2250078,Keur Pari,Keur Pari,15.13333,-16.31667,PPL,07,,0,Wolof,"Keur = ""house/home of"" (founder name follows)",1
2250077,Keur Passik,Keur Passik,15.15,-16.05,PPL,13,,0,Wolof,"Keur = ""house/home of"" (founder name follows)",1
2250572,Keur Pathé,Keur Pathe,15.4838,-15.6031,PPL,13,,0,Wolof,"Keur = ""house/home of"" (founder name follows)",1
2250071,Keur Paté,Keur Pate,15.8281,-16.33,PPL,13,,0,Wolof,"Keur = ""house/home of"" (founder name follows)",4
2250072,Keur Paté,Keur Pate,15.75,-16.2,PPL,13,,0,Wolof,"Keur = ""house/home of"" (founder name follows)",4
2250073,Keur Paté,Keur Pate,14.12243,-16.31884,PPL,09,,0,Wolof,"Keur = ""house/home of"" (founder name follows)",4
2250076,Keur Paté,Keur Pate,13.8,-15.76667,PPL,10,,0,Wolof,"Keur = ""house/home of"" (founder name follows)",4
2250074,Keur Paté Dèm,KeurPateDem,14.00749,-15.71584,PPL,16,,0,Wolof,"Keur = ""house/home of"" (founder name follows)",1
2250070,Keur Paté Déye,Keur Pate Deye,15.26667,-16.78333,PPL,07,,0,Wolof,"Keur = ""house/home of"" (founder name follows)",1
2250068,Keur Paté Khéwé,KeurPateKhewe,14.96916,-16.98618,PPL,07,,0,Wolof,"Keur = ""house/home of"" (founder name follows)",1
2250075,Keur Paté Malik,Keur Pate Malik,13.90627,-16.03806,PPL,10,,0,Wolof,"Keur = ""house/home of"" (founder name follows)",1
2250069,Keur Paté Ndiaye,Keur Pate Ndiaye,15.11667,-16.91667,PPL,07,,0,Wolof,"Keur = ""house/home of"" (founder name follows)",1
2250066,Keur Rhar,Keur Rhar,14.96667,-16.23333,PPL,07,,0,Wolof,"Keur = ""house/home of"" (founder name follows)",1
2250065,Keur Rhare Dièye,Keur Rhare Dieye,14.78333,-16.81667,PPL,07,,0,Wolof,"Keur = ""house/home of"" (founder name follows)",1
2250064,Keur Rigal Sek,Keur Rigal Sek,14.81667,-15.95,PPL,03,,0,Wolof,"Keur = ""house/home of"" (founder name follows)",1
2250050,Keur Sa Koki,Keur Sa Koki,15.51667,-16.15,PPL,13,,0,Wolof,"Keur = ""house/home of"" (founder name follows)",1
2250012,Keur Sa Ndaw,KeurSaNdaw,14.13709,-15.53015,PPL,16,,0,Wolof,"Keur = ""house/home of"" (founder name follows)",1
2250063,Keur Saafadi,Keur Saafadi,13.86667,-15.71667,PPL,10,,0,Wolof,"Keur = ""house/home of"" (founder name follows)",1
2250062,Keur Saafatime,Keur Saafatime,13.86667,-15.83333,PPL,10,,0,Wolof,"Keur = ""house/home of"" (founder name follows)",1
2250061,Keur Saaloumbel,Keur Saaloumbel,13.73333,-15.61667,PPL,10,,0,Wolof,"Keur = ""house/home of"" (founder name follows)",1
2246501,Keur Sabassi Tiam,Keur Sabassi Tiam,13.82301,-16.33447,PPL,09,,0,Wolof,"Keur = ""house/home of"" (founder name follows)",1
2250060,Keur Sabatine,Keur Sabatine,14.54044,-15.67348,PPL,09,,0,Wolof,"Keur = ""house/home of"" (founder name follows)",1
2250057,Keur Sadia,Keur Sadia,14.38333,-15.91667,PPL,09,,0,Wolof,"Keur = ""house/home of"" (founder name follows)",1
13658002,Keur Sadio Néné,Keur Sadio Nene,13.85855,-16.2883,PPL,09,2251792,0,Wolof,"Keur = ""house/home of"" (founder name follows)",1
13507046,Keur Sadiop,KeurSadiop,14.73758,-16.25092,PPL,03,2252312,0,Wolof,"Keur = ""house/home of"" (founder name follows)",1
2250054,Keur Sadiouka,Keur Sadiouka,14.65,-15.98333,PPL,03,,0,Wolof,"Keur = ""house/home of"" (founder name follows)",2
2250056,Keur Sadiouka,KeurSadiouka,14.38417,-15.90007,PPL,09,,0,Wolof,"Keur = ""house/home of"" (founder name follows)",2
2250058,Keur Sadèr,Keur Sader,13.98333,-15.66667,PPL,16,,0,Wolof,"Keur = ""house/home of"" (founder name follows)",1
2250052,Keur Safadi,Keur Safadi,13.83333,-15.28333,PPL,16,,0,Wolof,"Keur = ""house/home of"" (founder name follows)",1
2596065,Keur Saidou Sow,Keur Saidou Sow,15.99667,-16.34444,PPL,14,,0,Wolof,"Keur = ""house/home of"" (founder name follows)",1
13507236,Keur Sakh Sakh,KeurSakhSakh,14.56716,-16.19059,PPL,03,2252312,0,Wolof,"Keur = ""house/home of"" (founder name follows)",1
2250049,Keur Sako Ndiaye,Keur Sako Ndiaye,13.88333,-14.88333,PPL,16,,0,Wolof,"Keur = ""house/home of"" (founder name follows)",1
13507213,Keur Sakoki,KeurSakoki,14.50146,-16.14911,PPL,09,2251492,0,Wolof,"Keur = ""house/home of"" (founder name follows)",1
13658206,Keur Sakou Baïdi,Keur Sakou Baidi,13.95294,-16.18343,PPL,10,2250807,0,Wolof,"Keur = ""house/home of"" (founder name follows)",1
13658693,Keur Sakoumba,Keur Sakoumba,13.72712,-16.04752,PPL,10,2247158,0,Wolof,"Keur = ""house/home of"" (founder name follows)",1
13504546,Keur Sala Deurguen,KeurSalaDeurguen,14.98262,-16.7794,PPL,07,2244388,0,Wolof,"Keur = ""house/home of"" (founder name follows)",1
2250048,Keur Sala Mbata,KeurSalaMbata,14.99385,-16.80343,PPL,07,,0,Wolof,"Keur = ""house/home of"" (founder name follows)",1
13505423,Keur Sala Ndiaye,KeurSalaNdiaye,14.89896,-16.29057,PPL,03,2252312,0,Wolof,"Keur = ""house/home of"" (founder name follows)",1
2250047,Keur Saloli Bouya,Keur Saloli Bouya,13.67533,-16.37689,PPL,09,,0,Wolof,"Keur = ""house/home of"" (founder name follows)",1
13658044,Keur Saloum,Keur Saloum,13.95753,-16.37441,PPL,09,2251792,0,Wolof,"Keur = ""house/home of"" (founder name follows)",1
2250046,Keur Saloum Diané,Keur Saloum Diane,13.75558,-16.26729,PPL,09,,0,Wolof,"Keur = ""house/home of"" (founder name follows)",1
2250041,Keur Samba,Keur Samba,15.6867,-15.9971,PPL,13,,0,Wolof,"Keur = ""house/home of"" (founder name follows)",3
2250042,Keur Samba,Keur Samba,14.71667,-16.35,PPL,03,,0,Wolof,"Keur = ""house/home of"" (founder name follows)",3
2250043,Keur Samba,Keur Samba,13.76667,-15.51667,PPL,10,,0,Wolof,"Keur = ""house/home of"" (founder name follows)",3
2250040,Keur Samba Amat,Keur Samba Amat,13.74945,-16.12799,PPL,10,,0,Wolof,"Keur = ""house/home of"" (founder name follows)",1
2250038,Keur Samba Dia,Keur Samba Dia,14.13075,-16.72733,PPL,09,,0,Wolof,"Keur = ""house/home of"" (founder name follows)",2
13504754,Keur Samba Dia,KeurSambaDia,14.94611,-16.63994,PPL,03,2254315,0,Wolof,"Keur = ""house/home of"" (founder name follows)",2
13551548,Keur Samba Dior,KeurSambaDior,14.91184,-15.71214,PPL,13,2249283,0,Wolof,"Keur = ""house/home of"" (founder name follows)",1
2250035,Keur Samba Dioubane,Keur Samba Dioubane,13.9,-14.9,PPL,16,,0,Wolof,"Keur = ""house/home of"" (founder name follows)",1
2250034,Keur Samba Gaye,Keur Samba Gaye,14.77337,-16.4807,PPL,03,,0,Wolof,"Keur = ""house/home of"" (founder name follows)",1
11497852,Keur Samba Gueye,Keur Samba Gueye,13.67391,-16.38712,PPL,09,,0,Wolof,"Keur = ""house/home of"" (founder name follows)",1
2246372,Keur Samba Guèye,Keur Samba Gueye,13.65205,-16.36207,PPL,09,,0,Wolof,"Keur = ""house/home of"" (founder name follows)",2
13509035,Keur Samba Guèye,KeurSambaGueye,14.47561,-16.01086,PPL,09,2251492,0,Wolof,"Keur = ""house/home of"" (founder name follows)",2
2250033,Keur Samba Ka,Keur Samba Ka,13.69446,-16.03066,PPL,10,,0,Wolof,"Keur = ""house/home of"" (founder name follows)",1
2250031,Keur Samba Kala,Keur Samba Kala,13.61484,-16.34839,PPL,09,,0,Wolof,"Keur = ""house/home of"" (founder name follows)",1
2250030,Keur Samba Kane,Keur Samba Kane,14.89662,-16.59886,PPL,03,,0,Wolof,"Keur = ""house/home of"" (founder name follows)",1
2246363,Keur Samba Khodia,KeurSambaKhodia,14.02555,-16.27403,PPL,09,,0,Wolof,"Keur = ""house/home of"" (founder name follows)",1
2250029,Keur Samba Khâmkhâm,Keur Samba Khamkham,15.658,-15.9385,PPL,13,,0,Wolof,"Keur = ""house/home of"" (founder name follows)",1
2250028,Keur Samba Kouta,Keur Samba Kouta,13.6,-15.73333,PPL,10,,0,Wolof,"Keur = ""house/home of"" (founder name follows)",1
2250027,Keur Samba Laobé,Keur Samba Laobe,15.51667,-16.58333,PPL,13,,0,Wolof,"Keur = ""house/home of"" (founder name follows)",1
2250026,Keur Samba Lello,Keur Samba Lello,15.7599,-15.7463,PPL,13,,0,Wolof,"Keur = ""house/home of"" (founder name follows)",1
13554062,Keur Samba Ndiao,KeurSambaNdiao,14.26835,-15.60966,PPL,16,2251008,0,Wolof,"Keur = ""house/home of"" (founder name follows)",1
2250025,Keur Samba Ndom,Keur Samba Ndom,14.15,-14.5,PPL,05,,0,Wolof,"Keur = ""house/home of"" (founder name follows)",1
2250024,Keur Samba Ndoukou,Keur Samba Ndoukou,13.68333,-15.81667,PPL,10,,0,Wolof,"Keur = ""house/home of"" (founder name follows)",1
2250023,Keur Samba Ndouldoul,Keur Samba Ndouldoul,14.91667,-15.78333,PPL,03,,0,Wolof,"Keur = ""house/home of"" (founder name follows)",1
13505435,Keur Samba Ngom,KeurSambaNgom,14.91375,-16.29918,PPL,03,2252312,0,Wolof,"Keur = ""house/home of"" (founder name follows)",1
2245669,Keur Samba Niang,KeurSambaNiang,14.9622,-15.98342,PPL,03,,0,Wolof,"Keur = ""house/home of"" (founder name follows)",1
2246367,Keur Samba Nosso,Keur Samba Nosso,13.62306,-16.3701,PPL,09,,0,Wolof,"Keur = ""house/home of"" (founder name follows)",1
2250022,Keur Samba Ould Brahim,Keur Samba Ould Brahim,16.23722,-15.65722,PPL,14,,0,Wolof,"Keur = ""house/home of"" (founder name follows)",1
13658163,Keur Samba Rakhi,Keur Samba Rakhi,13.82343,-16.02285,PPL,10,2247158,0,Wolof,"Keur = ""house/home of"" (founder name follows)",1
2246375,Keur Samba Rakhi Ndramé,Keur Samba Rakhi Ndrame,13.83139,-16.02146,PPL,10,,0,Wolof,"Keur = ""house/home of"" (founder name follows)",1
2250019,Keur Samba Réï,Keur Samba Rei,15.11667,-16.16667,PPL,13,,0,Wolof,"Keur = ""house/home of"" (founder name follows)",1
2246362,Keur Samba Sadio,Keur Samba Sadio,15.5858,-15.9916,PPL,13,,0,Wolof,"Keur = ""house/home of"" (founder name follows)",1
2250036,Keur Samba Tiadji,KeurSambaTiadji,14.09444,-16.20662,PPL,10,,0,Wolof,"Keur = ""house/home of"" (founder name follows)",1
2250018,Keur Samba Yacine,KeurSambaYacine,14.96062,-16.96324,PPL,07,,0,Wolof,"Keur = ""house/home of"" (founder name follows)",1
2250021,Keur Sambaram,Keur Sambaram,15.08333,-16.16667,PPL,13,,0,Wolof,"Keur = ""house/home of"" (founder name follows)",1
13657998,Keur Sambel,Keur Sambel,13.82797,-16.39371,PPL,09,2251792,0,Wolof,"Keur = ""house/home of"" (founder name follows)",1
2250016,Keur Sambou,Keur Sambou,15.6598,-16.2982,PPL,13,,0,Wolof,"Keur = ""house/home of"" (founder name follows)",1
2250015,Keur Sambowole,Keur Sambowole,14.51667,-15.9,PPL,09,,0,Wolof,"Keur = ""house/home of"" (founder name follows)",1
2250014,Keur Samboye,Keur Samboye,14.03333,-16.43333,PPL,09,,0,Wolof,"Keur = ""house/home of"" (founder name follows)",1
2250020,Keur Sambéré,Keur Sambere,13.84763,-16.3224,PPL,09,,0,Wolof,"Keur = ""house/home of"" (founder name follows)",1
13658719,Keur Samgoulaye,Keur Samgoulaye,13.70072,-16.03755,PPL,10,2247158,0,Wolof,"Keur = ""house/home of"" (founder name follows)",1
2250013,Keur Samka,Keur Samka,14.76667,-15.93333,PPL,03,,0,Wolof,"Keur = ""house/home of"" (founder name follows)",1
13506508,Keur Samol,KeurSamol,14.5037,-16.81565,PPL,07,2248478,0,Wolof,"Keur = ""house/home of"" (founder name follows)",1
13505398,Keur Samour,KeurSamour,14.85576,-16.33276,PPL,03,2252312,0,Wolof,"Keur = ""house/home of"" (founder name follows)",1
2250011,Keur Sandoua,Keur Sandoua,15.15,-16.46667,PPL,07,,0,Wolof,"Keur = ""house/home of"" (founder name follows)",1
2250009,Keur Sanou,Keur Sanou,15.3753,-16.08,PPL,13,,0,Wolof,"Keur = ""house/home of"" (founder name follows)",2
2250010,Keur Sanou,Keur Sanou,14.55,-15.7,PPL,09,,0,Wolof,"Keur = ""house/home of"" (founder name follows)",2
2250008,Keur Sao,Keur Sao,14.66667,-15.95,PPL,03,,0,Wolof,"Keur = ""house/home of"" (founder name follows)",1
2250007,Keur Saouili,Keur Saouili,13.86667,-15.13333,PPL,16,,0,Wolof,"Keur = ""house/home of"" (founder name follows)",1
2246187,Keur Sara Bayane,KeurSaraBayane,14.75011,-16.87177,PPL,07,,0,Wolof,"Keur = ""house/home of"" (founder name follows)",1
2248827,Keur Sarokhi,Keur Sarokhi,13.64528,-16.04029,PPL,10,,0,Wolof,"Keur = ""house/home of"" (founder name follows)",1
2250006,Keur Satiako,Keur Satiako,14.23333,-16.8,PPL,07,,0,Wolof,"Keur = ""house/home of"" (founder name follows)",1
2250005,Keur Savéli,Keur Saveli,13.96667,-15.55,PPL,16,,0,Wolof,"Keur = ""house/home of"" (founder name follows)",1
2250053,Keur Saèr,KeurSaer,14.68078,-16.39258,PPL,03,,0,Wolof,"Keur = ""house/home of"" (founder name follows)",1
13504539,Keur Saïdou,KeurSaidou,14.81618,-16.90294,PPL,07,2244804,0,Wolof,"Keur = ""house/home of"" (founder name follows)",1
2250002,Keur Sek,Keur Sek,14.74471,-16.42634,PPL,03,,0,Wolof,"Keur = ""house/home of"" (founder name follows)",1
2250003,Keur Sek Fal,Keur Sek Fal,14.81667,-15.8,PPL,03,,0,Wolof,"Keur = ""house/home of"" (founder name follows)",1
2250000,Keur Serigne Babondiaye,Keur Serigne Babondiaye,14.7,-15.73333,PPL,09,,0,Wolof,"Keur = ""house/home of"" (founder name follows)",1
2249999,Keur Serigne Bamba,Keur Serigne Bamba,13.74906,-16.29038,PPL,09,,0,Wolof,"Keur = ""house/home of"" (founder name follows)",1
2249998,Keur Serigne Baye Falo,Keur Serigne Baye Falo,14.7,-15.71667,PPL,09,,0,Wolof,"Keur = ""house/home of"" (founder name follows)",1
2249997,Keur Serigne Dié,Keur Serigne Die,13.6941,-16.33197,PPL,09,,0,Wolof,"Keur = ""house/home of"" (founder name follows)",1
2249996,Keur Serigne Khodia,Keur Serigne Khodia,13.77936,-16.3213,PPL,09,,0,Wolof,"Keur = ""house/home of"" (founder name follows)",1
13658043,Keur Serigne Korka,Keur Serigne Korka,13.77154,-16.2839,PPL,09,2251792,0,Wolof,"Keur = ""house/home of"" (founder name follows)",1
2249994,Keur Serigne Mofar,Keur Serigne Mofar,14.48333,-15.86667,PPL,09,,0,Wolof,"Keur = ""house/home of"" (founder name follows)",1
2249983,Keur Serigne Ndar,Keur Serigne Ndar,13.98656,-16.19174,PPL,10,,0,Wolof,"Keur = ""house/home of"" (founder name follows)",1
13658054,Keur Set Gueye,Keur Set Gueye,13.83887,-16.29568,PPL,09,2251792,0,Wolof,"Keur = ""house/home of"" (founder name follows)",1
2249982,Keur Seya,Keur Seya,15.94417,-16.34278,PPL,14,,0,Wolof,"Keur = ""house/home of"" (founder name follows)",1
2250051,Keur Seydou,KeurSeydou,14.02055,-15.73418,PPL,16,,0,Wolof,"Keur = ""house/home of"" (founder name follows)",2
2595899,Keur Seydou,Keur Seydou,14.77416,-17.05509,PPLX,07,,0,Wolof,"Keur = ""house/home of"" (founder name follows)",2
13658716,Keur Seydou Bâ,Keur Seydou Ba,13.70237,-16.14699,PPL,10,2247158,0,Wolof,"Keur = ""house/home of"" (founder name follows)",1
13658713,Keur Seydou Hane,Keur Seydou Hane,13.67377,-16.03389,PPL,10,2247158,0,Wolof,"Keur = ""house/home of"" (founder name follows)",1
13504707,Keur Seynou,KeurSeynou,14.85405,-16.62285,PPL,03,2254315,0,Wolof,"Keur = ""house/home of"" (founder name follows)",1
13509346,Keur Sidi,KeurSidi,14.02405,-16.08458,PPL,10,2250807,0,Wolof,"Keur = ""house/home of"" (founder name follows)",1
2249978,Keur Simbing,Keur Simbing,15.4587,-15.5646,PPL,13,,0,Wolof,"Keur = ""house/home of"" (founder name follows)",1
2249975,Keur Sini,Keur Sini,13.73333,-14.8,PPL,05,,0,Wolof,"Keur = ""house/home of"" (founder name follows)",1
2249974,Keur Sini Diao,Keur Sini Diao,15.11667,-16.35,PPL,07,,0,Wolof,"Keur = ""house/home of"" (founder name follows)",1
2249977,Keur Siné,Keur Sine,15.6,-16.16667,PPL,13,,0,Wolof,"Keur = ""house/home of"" (founder name follows)",1
2249976,Keur Siné Mangane,Keur Sine Mangane,13.91667,-14.85,PPL,16,,0,Wolof,"Keur = ""house/home of"" (founder name follows)",1
2249973,Keur Sir Diop,Keur Sir Diop,14.71667,-15.76667,PPL,09,,0,Wolof,"Keur = ""house/home of"" (founder name follows)",1
2249972,Keur Sir Mbaye,Keur Sir Mbaye,14.48333,-15.78333,PPL,10,,0,Wolof,"Keur = ""house/home of"" (founder name follows)",1
13554552,Keur Siriki Diop,KeurSirikiDiop,14.04547,-15.72071,PPL,16,10778870,0,Wolof,"Keur = ""house/home of"" (founder name follows)",1
13509046,Keur Sissoko,KeurSissoko,14.29,-16.21666,PPL,10,2250807,0,Wolof,"Keur = ""house/home of"" (founder name follows)",1
2249980,Keur Sièt,Keur Siet,13.65,-15.63333,PPL,10,,0,Wolof,"Keur = ""house/home of"" (founder name follows)",1
2249979,Keur Sièt Diop,Keur Siet Diop,13.95,-15.76667,PPL,10,,0,Wolof,"Keur = ""house/home of"" (founder name follows)",1
2249970,Keur Socé,Keur Soce,13.98883,-16.05853,PPL,10,,0,Wolof,"Keur = ""house/home of"" (founder name follows)",1
13506705,Keur Sombél,KeurSombel,14.73898,-16.7205,PPL,07,2244804,0,Wolof,"Keur = ""house/home of"" (founder name follows)",1
2249969,Keur Sossé Koumba,KeurSosseKoumba,14.12308,-16.24212,PPL,10,,0,Wolof,"Keur = ""house/home of"" (founder name follows)",1
13509337,Keur Souka,KeurSouka,14.21802,-16.13805,PPL,10,2250807,0,Wolof,"Keur = ""house/home of"" (founder name follows)",1
11257261,Keur Souleye Diagne,Keur Souleye Diagne,14.71541,-16.05508,PPL,03,,0,Wolof,"Keur = ""house/home of"" (founder name follows)",1
13658037,Keur Souleymane,Keur Souleymane,13.85029,-16.26566,PPL,09,2251792,0,Wolof,"Keur = ""house/home of"" (founder name follows)",1
2595515,Keur Souleymane Tiakoum,Keur Souleymane Tiakoum,14.71337,-17.082,PPL,07,,0,Wolof,"Keur = ""house/home of"" (founder name follows)",1
2249966,Keur Soulèye,Keur Souleye,15.55,-16.13333,PPL,13,,0,Wolof,"Keur = ""house/home of"" (founder name follows)",2
2249967,Keur Soulèye,KeurSouleye,14.63798,-16.74565,PPL,07,,0,Wolof,"Keur = ""house/home of"" (founder name follows)",2
2249968,Keur Soulé,Keur Soule,13.71667,-15.85,PPL,10,,0,Wolof,"Keur = ""house/home of"" (founder name follows)",1
2249965,Keur Sountou,Keur Sountou,13.7,-15.78333,PPL,10,,0,Wolof,"Keur = ""house/home of"" (founder name follows)",1
2249963,Keur Soutoura,Keur Soutoura,14.00275,-16.19614,PPL,10,,0,Wolof,"Keur = ""house/home of"" (founder name follows)",2
2249964,Keur Soutoura,Keur Soutoura,13.88333,-15.93333,PPL,10,,0,Wolof,"Keur = ""house/home of"" (founder name follows)",2
13554427,Keur Soutoura Diombo,KeurSoutouraDiombo,14.00926,-15.89742,PPL,10,2250807,0,Wolof,"Keur = ""house/home of"" (founder name follows)",1
2249984,Keur Sèt,Keur Set,13.68333,-15.76667,PPL,10,,0,Wolof,"Keur = ""house/home of"" (founder name follows)",1
13658056,Keur Sèt Gnoukhouba,Keur Set Gnoukhouba,13.9149,-16.33064,PPL,09,2251792,0,Wolof,"Keur = ""house/home of"" (founder name follows)",1
2250004,Keur Séga Woré,Keur Sega Wore,14.80249,-17.11862,PPL,07,,0,Wolof,"Keur = ""house/home of"" (founder name follows)",1
13509341,Keur Sélé Diabong,KeurSeleDiabong,14.02861,-16.16513,PPL,10,2250807,0,Wolof,"Keur = ""house/home of"" (founder name follows)",1
13658085,Keur Sélé Kamara,Keur Sele Kamara,13.86296,-16.29615,PPL,09,2251792,0,Wolof,"Keur = ""house/home of"" (founder name follows)",1
13658177,Keur Séni Guèye Deux,Keur Seni Gueye Deux,13.79584,-16.24982,PPL,09,2251792,0,Wolof,"Keur = ""house/home of"" (founder name follows)",1
2245655,Keur Séni Guèye Un,Keur Seni Gueye Un,13.60795,-16.31636,PPL,09,,0,Wolof,"Keur = ""house/home of"" (founder name follows)",1
2249985,Keur Séri Niane,Keur Seri Niane,14.86667,-15.86667,PPL,03,,0,Wolof,"Keur = ""house/home of"" (founder name follows)",1
13551555,Keur Sérigne Bassirou,KeurSerigneBassirou,14.93689,-15.67595,PPL,13,2249283,0,Wolof,"Keur = ""house/home of"" (founder name follows)",1
13507280,Keur Sérigne Diakhaté,KeurSerigneDiakhate,14.52151,-16.14964,PPL,09,2251492,0,Wolof,"Keur = ""house/home of"" (founder name follows)",1
13552823,Keur Sérigne Diaw,KeurSerigneDiaw,14.61073,-15.7661,PPL,09,2251492,0,Wolof,"Keur = ""house/home of"" (founder name follows)",1
2251557,Keur Sérigne Fana,KeurSerigneFana,13.99787,-15.63454,PPL,16,,0,Wolof,"Keur = ""house/home of"" (founder name follows)",1
13504627,Keur Sérigne Mbaké,KeurSerigneMbake,14.76597,-16.75017,PPL,07,2244804,0,Wolof,"Keur = ""house/home of"" (founder name follows)",1
2249993,Keur Sérigne Saïd,Keur Serigne Said,14.77217,-15.69072,PPL,03,2248699,0,Wolof,"Keur = ""house/home of"" (founder name follows)",1
2249992,Keur Sérigne Sidi,Keur Serigne Sidi,14.45,-15.86667,PPL,09,,0,Wolof,"Keur = ""house/home of"" (founder name follows)",1
13551571,Keur Sérigne Soda Gueye,KeurSerigneSodaGueye,14.94031,-15.65919,PPL,13,2249283,0,Wolof,"Keur = ""house/home of"" (founder name follows)",1
2249991,Keur Sérigne Soulèye,KeurSerigneSouleye,14.73953,-15.66958,PPL,03,,0,Wolof,"Keur = ""house/home of"" (founder name follows)",1
2249990,Keur Séring Amadou,Keur Sering Amadou,13.86667,-15.76667,PPL,10,,0,Wolof,"Keur = ""house/home of"" (founder name follows)",1
2249989,Keur Séring Aoua,Keur Sering Aoua,13.86667,-15.13333,PPL,16,,0,Wolof,"Keur = ""house/home of"" (founder name follows)",1
2249988,Keur Séring Oumar Ndao,Keur Sering Oumar Ndao,13.9,-15.86667,PPL,10,,0,Wolof,"Keur = ""house/home of"" (founder name follows)",1
2249987,Keur Séring Taïba,Keur Sering Taiba,13.96667,-15.76667,PPL,10,,0,Wolof,"Keur = ""house/home of"" (founder name follows)",1
2249986,Keur Séring Tioye,Keur Sering Tioye,13.61667,-15.6,PPL,10,,0,Wolof,"Keur = ""house/home of"" (founder name follows)",1
2571744,Keur Sét Koumba,Keur Set Koumba,13.59967,-16.38543,PPL,09,,0,Wolof,"Keur = ""house/home of"" (founder name follows)",1
2250001,Keur Séyni,KeurSeyni,14.39317,-15.85714,PPL,09,,0,Wolof,"Keur = ""house/home of"" (founder name follows)",1
13554569,Keur Sët,KeurSet,14.07094,-15.56644,PPL,16,2251008,0,Wolof,"Keur = ""house/home of"" (founder name follows)",1
13658710,Keur Tafa,Keur Tafa,13.66299,-16.05674,PPL,10,2247158,0,Wolof,"Keur = ""house/home of"" (founder name follows)",1
13509044,Keur Tagouthie,KeurTagouthie,14.27377,-16.20413,PPL,10,2250807,0,Wolof,"Keur = ""house/home of"" (founder name follows)",1
2249961,Keur Tamba,Keur Tamba,13.6,-15.78333,PPL,10,,0,Wolof,"Keur = ""house/home of"" (founder name follows)",1
2251740,Keur Tamsir,KeurTamsir,14.70532,-15.62022,PPL,03,,0,Wolof,"Keur = ""house/home of"" (founder name follows)",2
13507308,Keur Tamsir,KeurTamsir,14.7363,-16.2367,PPL,03,2252312,0,Wolof,"Keur = ""house/home of"" (founder name follows)",2
13657988,Keur Tamsir Khodia,Keur Tamsir Khodia,13.9652,-16.25505,PPL,09,2251792,0,Wolof,"Keur = ""house/home of"" (founder name follows)",2
13658702,Keur Tamsir Khodia,Keur Tamsir Khodia,13.59424,-16.04757,PPL,10,2247158,0,Wolof,"Keur = ""house/home of"" (founder name follows)",2
2249962,Keur Taïbé,Keur Taibe,14.07338,-15.98551,PPL,10,,0,Wolof,"Keur = ""house/home of"" (founder name follows)",1
2249960,Keur Thiam Bâ,Keur Thiam Ba,15.7548,-15.8845,PPL,13,,0,Wolof,"Keur = ""house/home of"" (founder name follows)",1
2249959,Keur Tianderi,Keur Tianderi,13.95,-15.86667,PPL,10,,0,Wolof,"Keur = ""house/home of"" (founder name follows)",1
13658315,Keur Tiendou,Keur Tiendou,13.72223,-16.35755,PPL,09,2251792,0,Wolof,"Keur = ""house/home of"" (founder name follows)",1
13658689,Keur Tierno Ngalane,Keur Tierno Ngalane,13.71456,-16.24954,PPL,09,2251792,0,Wolof,"Keur = ""house/home of"" (founder name follows)",1
2249957,Keur Tierno Tala,Keur Tierno Tala,14.06667,-15.61667,PPL,16,,0,Wolof,"Keur = ""house/home of"" (founder name follows)",1
13658156,Keur Tierno Touré,Keur Tierno Toure,13.78221,-16.19988,PPL,10,2247158,0,Wolof,"Keur = ""house/home of"" (founder name follows)",2
13658185,Keur Tierno Touré,Keur Tierno Toure,13.76143,-16.191,PPL,10,2247158,0,Wolof,"Keur = ""house/home of"" (founder name follows)",2
2595386,Keur Timak,Keur Timak,14.46275,-17.00378,PPL,07,,0,Wolof,"Keur = ""house/home of"" (founder name follows)",1
2249956,Keur Timbi,Keur Timbi,13.93333,-15.86667,PPL,10,,0,Wolof,"Keur = ""house/home of"" (founder name follows)",1
13504566,Keur Tione,KeurTione,14.87005,-16.85132,PPL,07,2244388,0,Wolof,"Keur = ""house/home of"" (founder name follows)",2
13504700,Keur Tione,KeurTione,14.76877,-16.67719,PPL,07,2244804,0,Wolof,"Keur = ""house/home of"" (founder name follows)",2
2595394,Keur Tiâm,Keur Tiam,14.4981,-17.00729,PPL,07,,0,Wolof,"Keur = ""house/home of"" (founder name follows)",1
2250571,Keur Tiédossa,Keur Tiedossa,15.3086,-15.806,PPL,13,,0,Wolof,"Keur = ""house/home of"" (founder name follows)",1
13506711,Keur Tiékom,KeurTiekom,14.71833,-16.68909,PPL,07,2244804,0,Wolof,"Keur = ""house/home of"" (founder name follows)",1
2244901,Keur Tiénéké,KeurTieneke,14.1168,-16.25102,PPL,09,,0,Wolof,"Keur = ""house/home of"" (founder name follows)",1
2249955,Keur Tjidi,Keur Tjidi,13.6,-15.86667,PPL,10,,0,Wolof,"Keur = ""house/home of"" (founder name follows)",1
13507022,Keur Wagne,KeurWagne,14.73473,-16.26232,PPL,03,2252312,0,Wolof,"Keur = ""house/home of"" (founder name follows)",1
2250086,Keur Wak,Keur Wak,13.97251,-16.05918,PPL,10,,0,Wolof,"Keur = ""house/home of"" (founder name follows)",1
2249665,Keur Wak Dia,KeurWakDia,14.02343,-16.18469,PPL,10,,0,Wolof,"Keur = ""house/home of"" (founder name follows)",1
13506778,Keur Wal Fatma,KeurWalFatma,14.64008,-16.50569,PPL,03,2254315,0,Wolof,"Keur = ""house/home of"" (founder name follows)",1
13506504,Keur Wali,KeurWali,14.60355,-16.79999,PPL,07,2244804,0,Wolof,"Keur = ""house/home of"" (founder name follows)",1
13658342,Keur Wali Koumba Hane,Keur Wali Koumba Hane,13.59252,-16.28774,PPL,09,2251792,0,Wolof,"Keur = ""house/home of"" (founder name follows)",1
13509342,Keur Wali Ndiaye,KeurWaliNdiaye,14.04367,-16.20845,PPL,10,2250807,0,Wolof,"Keur = ""house/home of"" (founder name follows)",1
13509344,Keur Wali Ngar,KeurWaliNgar,14.23873,-16.23695,PPL,10,2250807,0,Wolof,"Keur = ""house/home of"" (founder name follows)",1
13509093,Keur Wali Penda,KeurWaliPenda,14.04172,-16.35465,PPL,09,2251792,0,Wolof,"Keur = ""house/home of"" (founder name follows)",1
2595931,Keur Woré Gor,Keur Wore Gor,14.9372,-17.05391,PPLX,07,,0,Wolof,"Keur = ""house/home of"" (founder name follows)",1
13504781,Keur Yaba Diop,KeurYabaDiop,14.81963,-16.74769,PPL,07,2244804,0,Wolof,"Keur = ""house/home of"" (founder name follows)",1
2249953,Keur Yabi,Keur Yabi,14.45427,-16.13805,PPL,09,,0,Wolof,"Keur = ""house/home of"" (founder name follows)",1
13508559,Keur Yad,KeurYad,14.3675,-16.432,PPL,09,7670866,0,Wolof,"Keur = ""house/home of"" (founder name follows)",1
2595895,Keur Yakham Ndiaye,Keur Yakham Ndiaye,14.78171,-17.10209,PPL,07,,0,Wolof,"Keur = ""house/home of"" (founder name follows)",1
13504706,Keur Yanghâne Sar,KeurYanghaneSar,14.8792,-16.634,PPL,03,2254315,0,Wolof,"Keur = ""house/home of"" (founder name follows)",1
2249952,Keur Yelnak,Keur Yelnak,14.7221,-16.85361,PPL,07,,0,Wolof,"Keur = ""house/home of"" (founder name follows)",1
13658691,Keur Yeuwti,Keur Yeuwti,13.73059,-16.19529,PPL,09,2251792,0,Wolof,"Keur = ""house/home of"" (founder name follows)",1
2243956,Keur Yoro,Keur Yoro,14.12213,-16.30374,PPL,09,,0,Wolof,"Keur = ""house/home of"" (founder name follows)",2
13509051,Keur Yoro,KeurYoro,14.43864,-16.19639,PPL,09,2251492,0,Wolof,"Keur = ""house/home of"" (founder name follows)",2
2249949,Keur Yoro Asta,KeurYoroAsta,14.88389,-16.71338,PPL,07,,0,Wolof,"Keur = ""house/home of"" (founder name follows)",1
13658028,Keur Yoro Diop,Keur Yoro Diop,13.83274,-16.33808,PPL,09,2251792,0,Wolof,"Keur = ""house/home of"" (founder name follows)",1
2249946,Keur Yoro Khodia,Keur Yoro Khodia,13.73523,-16.01863,PPL,10,,0,Wolof,"Keur = ""house/home of"" (founder name follows)",1
2249948,Keur Yoro Mbarou,KeurYoroMbarou,14.1098,-15.14904,PPL,16,,0,Wolof,"Keur = ""house/home of"" (founder name follows)",1
13504687,Keur Yoro Ndiaye,KeurYoroNdiaye,14.9275,-16.6977,PPL,07,2244388,0,Wolof,"Keur = ""house/home of"" (founder name follows)",1
2249945,Keur Yoro Sadio,Keur Yoro Sadio,14.81076,-16.79959,PPL,07,,0,Wolof,"Keur = ""house/home of"" (founder name follows)",2
13504588,Keur Yoro Sadio,KeurYoroSadio,14.91856,-16.81771,PPL,07,2244388,0,Wolof,"Keur = ""house/home of"" (founder name follows)",2
2249944,Keur Yoro Safi,Keur Yoro Safi,14.86671,-16.72238,PPL,07,,0,Wolof,"Keur = ""house/home of"" (founder name follows)",1
13509334,Keur Yoro Soumbou,KeurYoroSoumbou,14.01491,-16.198,PPL,10,2250807,0,Wolof,"Keur = ""house/home of"" (founder name follows)",1
2249947,Keur Yorodou,Keur Yorodou,14.02558,-15.8937,PPL,10,,0,Wolof,"Keur = ""house/home of"" (founder name follows)",1
2249943,Keur Yougo,Keur Yougo,13.6,-15.8,PPL,10,,0,Wolof,"Keur = ""house/home of"" (founder name follows)",3
13509339,Keur Yougo,KeurYougo,14.10513,-16.20498,PPL,10,2250807,0,Wolof,"Keur = ""house/home of"" (founder name follows)",3
13509347,Keur Yougo,KeurYougo,14.0445,-16.03339,PPL,10,2250807,0,Wolof,"Keur = ""house/home of"" (founder name follows)",3
2595387,Keur Youngar,Keur Youngar,14.46459,-17.00182,PPL,07,,0,Wolof,"Keur = ""house/home of"" (founder name follows)",1
2595903,Keur Youssou,Keur Youssou,14.83413,-17.03404,PPL,07,,0,Wolof,"Keur = ""house/home of"" (founder name follows)",1
2249942,Keur Youssou Fal,Keur Youssou Fal,14.51667,-15.78333,PPL,09,,0,Wolof,"Keur = ""house/home of"" (founder name follows)",1
2249951,Keur Yéri,Keur Yeri,13.81667,-14.96667,PPL,16,,0,Wolof,"Keur = ""house/home of"" (founder name follows)",2
13508997,Keur Yéri,KeurYeri,14.34151,-16.00599,PPL,10,10778869,0,Wolof,"Keur = ""house/home of"" (founder name follows)",2
2249950,Keur Yérim Ndiaye,Keur Yerim Ndiaye,15.9568,-15.9683,PPL,13,,0,Wolof,"Keur = ""house/home of"" (founder name follows)",1
2250382,Keur Élimane,Keur Elimane,13.93352,-16.29616,PPL,09,,0,Wolof,"Keur = ""house/home of"" (founder name follows)",1
2250519,KeurAlvatiam,KeurAlvatiam,16.04361,-16.19139,PPL,14,,0,,,1
2595428,Keuri Kaw,Keuri Kaw,14.56089,-17.12358,PPLX,07,,0,,,3
2595552,Keuri Kaw,Keuri Kaw,14.74848,-17.13615,PPLX,01,,0,,,3
2595797,Keuri Kaw,Keuri Kaw,14.71295,-17.26972,PPLX,01,,0,,,3
2595796,Keuri Souf,Keuri Souf,14.71426,-17.27732,PPLX,01,,0,,,1
2595467,Khabane,Khabane,14.62624,-17.09383,PPL,07,,0,,,1
13507297,Khabane Mbapane,KhabaneMbapane,14.70006,-16.1132,PPL,03,2252312,0,,,1
13506494,Khabane Sérèr,KhabaneSerer,14.56149,-16.84586,PPL,07,2244804,0,,,1
2249936,Khadiaouane,Khadiaouane,15.2,-16.66667,PPL,07,,0,,,1
2249935,Khadji,Khadji,15.41667,-16.38333,PPL,13,,0,,,1
2595583,Khafb’ou,Khafb'ou,14.70088,-17.11322,PPL,07,,0,,,1
13504561,Khakh,Khakh,14.94594,-16.86129,PPL,07,2244388,0,,,1
13506733,Khalalène,Khalalene,14.70156,-16.58458,PPL,03,2254315,0,,,1
2246563,Khalambas (Pinlaw),Khalambas(Pinlaw),14.25216,-16.31339,PPL,10,,0,,,1
2249934,Khalil,Khalil,15.55,-16.55,PPL,13,,0,,,1
2249933,Khamadj,Khamadj,15.73333,-16.25,PPL,13,,0,,,1
2249932,Khamane,Khamane,15.08333,-16.26667,PPL,07,,0,,,1
2249931,Khambala,Khambala,15.68333,-16.28333,PPL,13,,0,,,1
2249930,Khanda Diop,Khanda Diop,15.55,-16.18333,PPL,13,,0,,,1
2249929,Khandane,Khandane,15.047,-16.6392,PPL,07,,0,,,1
2250873,Khandiar,Khandiar,14.65028,-16.43638,PPL,03,,0,,,1
13505481,Khaoul,Khaoul,14.79797,-16.49212,PPL,03,2254315,0,,,1
13506770,Khaoul Godaguèn,KhaoulGodaguen,14.58763,-16.56466,PPL,07,2248478,0,,,1
2250793,Khaoul Tok Ngol,KhaoulTokNgol,14.57882,-16.56472,PPL,07,,0,,,1
13507021,Khapinde,Khapinde,14.52478,-16.37026,PPL,09,7670866,0,,,1
2249448,Khapsou,Khapsou,14.92417,-16.28698,PPL,03,,0,,,1
13553476,Khar Ngante,KharNgante,14.68244,-15.72427,PPL,09,2251492,0,,,1
2595696,Khar Yalla,Khar Yalla,14.73301,-17.45167,PPLX,01,,0,,,2
2595970,Khar Yalla,Khar Yalla,14.86854,-17.1383,PPL,07,,0,,,2
2249926,Khara Ndiak,Khara Ndiak,15.4,-16.46667,PPL,13,,0,,,1
2249925,Kharane,Kharane,15.5,-16.65,PPL,13,,0,,,1
2595221,Khassab,Khassab,14.54028,-17.06361,PPLX,07,,0,,,1
2249924,Khassine,Khassine,15.31667,-16.41667,PPL,07,,0,,,1
13507442,Khassous,Khassous,14.47112,-16.51437,PPL,09,7670866,0,,,1
2249923,Khat,Khat,15.08333,-16.43333,PPL,07,,0,,,1
2249922,Khatali,Khatali,15.1949,-15.5893,PPL,13,,0,,,1
2249921,Khatali I,Khatali I,15.88167,-16.33306,PPL,14,,0,,,1
2250680,Khayane,Khayane,14.64,-15.78417,PPL,09,,0,,,1
2246559,Khayane Bambara,KhayaneBambara,14.4725,-16.04511,PPL,09,,0,,,1
13508982,Khayane Wolof,KhayaneWolof,14.46988,-16.05791,PPL,09,2251492,0,,,1
2253264,Khaybarga,Khaybarga,14.54201,-15.80102,PPL,09,,0,,,1
2249919,Khaye,Khaye,15.1,-16.23333,PPL,07,,0,,,4
2249920,Khaye,Khaye,13.93333,-15.78333,PPL,10,,0,,,4
13504567,Khaye,Khaye,14.77654,-16.80983,PPL,07,2244804,0,,,4
13504741,Khaye,Khaye,14.87499,-16.55773,PPL,03,2254315,0,,,4
13504541,Khaye Diagal,KhayeDiagal,14.93273,-16.96365,PPL,07,2244388,0,,,1
13505501,Khaye Gueun,KhayeGueun,14.87806,-16.32166,PPL,03,2252312,0,,,1
2246558,Khaye Mbayar,KhayeMbayar,14.46599,-15.92269,PPL,09,,0,,,1
13504720,Khaye Ndiaye,KhayeNdiaye,14.94271,-16.54201,PPL,03,2254315,0,,,1
2595894,Khaye Ouolof,Khaye Ouolof,14.77885,-17.08614,PPL,07,,0,,,1
2595893,Khaye Sérèr,Khaye Serer,14.77749,-17.08886,PPL,07,,0,,,1
13507277,Khayokh,Khayokh,14.63909,-16.17825,PPL,03,2252312,0,,,2
13509071,Khayokh,Khayokh,14.28801,-16.06532,PPL,10,10778869,0,,,2
13554667,Khayra Deux,KhayraDeux,14.17912,-15.12567,PPL,16,10778871,0,,,1
13554662,Khayra Un,KhayraUn,14.14471,-15.10307,PPL,16,10778872,0,,,1
2250977,Khaïga,Khaiga,14.5851,-15.83382,PPL,03,,0,,,1
13504641,Khaïré,Khaire,14.8657,-16.52556,PPL,03,2254315,0,,,1
13553638,Khaïré Diaga,KhaireDiaga,14.70489,-15.36352,PPL,13,2249283,0,,,1
11101812,Khelcom,Khelcom,14.09254,-15.28464,PPL,10,,0,,,1
2250621,Khelcom Diaga,KhelcomDiaga,14.60203,-15.40315,PPL,16,,0,,,1
2249914,Khelkom,Khelkom,15.75361,-16.30472,PPL,13,,0,,,4
2249915,Khelkom,Khelkom,15.65,-16.31667,PPL,13,,0,,,4
2249916,Khelkom,Khelkom,15.61667,-16.36667,PPL,13,,0,,,4
2249917,Khelkom,Khelkom,15.23333,-16.25,PPL,13,,0,,,4
2249913,Khelkom Diaw,Khelkom Diaw,15.83778,-16.37028,PPL,14,,0,,,1
2249918,Khelli,Khelli,15.4206,-16.2329,PPL,13,,0,,,1
2249908,Khetèt Gaye,Khetet Gaye,15.90389,-16.32139,PPL,14,,0,,,1
2249905,Khimbakh,Khimbakh,15.68333,-16.3,PPL,13,,0,,,1
2250886,Khindé,Khinde,14.1948,-15.4747,PPL,16,,0,,,1
13551566,Khitmati,Khitmati,14.97225,-15.58613,PPL,13,2249283,0,,,1
2595676,Khobi,Khobi,14.61968,-17.1589,PPLX,01,,0,,,1
2246552,Khodeba,Khodeba,14.76838,-17.09463,PPL,07,,0,Pulaar/Fulani,clan/family name root,1
2249833,Khodjil,Khodjil,14.38725,-16.20746,PPL,09,,0,,,2
13507469,Khodjil,Khodjil,14.43923,-16.52396,PPL,09,7670866,0,,,2
13509048,Khodjil Yama,KhodjilYama,14.3433,-16.23269,PPL,09,7670866,0,,,1
2249903,Khogué Tobène,Khogue Tobene,15.2946,-15.166,PPL,13,,0,,,1
2249902,Khol-Khol,Khol-Khol,15.4911,-15.0163,PPL,13,,0,,,1
13507058,Kholkhotorane,Kholkhotorane,14.68151,-16.36072,PPL,03,2254315,0,,,1
2595492,Kholpe,Kholpe,14.65047,-17.11333,PPL,07,,0,,,1
2249901,Khombole,Khombole,14.76361,-16.6916,PPL,07,,20321,,,2
13509022,Khombole,Khombole,14.26816,-16.15222,PPL,10,2250807,0,,,2
13507435,Khondiogne,Khondiogne,14.39724,-16.65074,PPL,09,7670866,0,,,1
2595529,Khongolane,Khongolane,14.74756,-17.06262,PPLX,07,,0,,,1
2249900,Khor,Khor,16.02563,-16.45799,PPL,14,,0,,,1
2249898,Khossanto,Khossanto,13.13303,-11.97005,PPL,17,,0,,,1
2595793,Khotane,Khotane,14.73809,-17.30239,PPLL,01,,0,,,1
2247867,Khoubit,Khoubit,14.62947,-17.09193,PPL,07,,0,,,1
2252180,Khoubé,Khoube,14.71178,-16.1255,PPL,03,,0,,,1
13507002,Khoud Béthie,KhoudBethie,14.59457,-16.42793,PPL,09,7670866,0,,,1
13507229,Khoulé,Khoule,14.72202,-16.09614,PPL,03,2252312,0,,,1
2249572,Khouna,Khouna,14.29151,-15.22169,PPL,16,,0,,,1
2249509,Khourou Galo,KhourouGalo,14.2767,-15.08572,PPL,16,,0,,,1
2249503,Khourou Loumbou,KhourouLoumbou,14.36043,-15.28117,PPL,16,,0,,,1
13505594,Khourou Mbaké,KhourouMbake,14.75366,-16.08198,PPL,03,2248699,0,,,2
13554043,Khourou Mbaké,KhourouMbake,14.39187,-15.82747,PPL,09,2251492,0,,,2
2249510,Khourou Ndiobène,KhourouNdiobene,14.32858,-15.10765,PPL,16,,0,,,1
2595550,Khoutane Sérère,Khoutane Serere,14.74519,-17.13068,PPLX,07,,0,,,1
13554429,Khouyré,Khouyre,14.12888,-15.90368,PPL,10,10778869,0,,,1
2249907,Khèye,Kheye,15.05,-16.21667,PPL,07,,0,,,1
2249906,Khèye Goudienne,Kheye Goudienne,15.18333,-16.41667,PPL,07,,0,,,1
2246556,Khélkom,Khelkom,14.22284,-16.06491,PPL,10,,0,,,1
2249912,Khélkom Diop,Khelkom Diop,15.9075,-16.33778,PPL,14,,0,,,1
13507448,Khémé,Kheme,14.47605,-16.6189,PPL,07,2248478,0,,,1
2246555,Khénèn,Khenen,14.75311,-17.08608,PPL,07,,0,,,1
2249911,Khéouar,Kheouar,15.18333,-16.53333,PPL,07,,0,,,1
2249910,Khéouèr,Kheouer,15.06667,-16.46667,PPL,07,,0,,,1
2249909,Khété Diao,Khete Diao,15.5782,-16.2014,PPL,13,,0,,,1
2253150,Khéwar Missira,KhewarMissira,14.93669,-16.01949,PPL,03,,0,,,1
2249897,Kibik,Kibik,14.48201,-16.85783,PPL,07,,0,,,1
2249896,Kibik Koutié,Kibik Koutie,14.5,-16.85,PPL,07,,0,,,1
2249895,Kibo,Kibo,12.83333,-14.6,PPL,11,,0,,,1
2249893,Kidiba,Kidiba,13.66667,-13.7,PPL,05,,0,Pulaar/Fulani,clan/family name root,1
2249892,Kidira,Kidira,14.45668,-12.21659,PPL,05,,13551,,,1
2249894,Kidéli Dimbel,Kideli Dimbel,12.73333,-14.43333,PPL,11,,0,,,1
2249890,Kignine,Kignine,12.51333,-15.55667,PPL,18,,0,,,1
13658783,Kila,Kila,13.14027,-16.00839,PPL,12,2253903,0,,,1
6917502,Kilif Dèk,Kilif Dek,15.6782,-15.4753,PPL,13,,0,,,1
2249887,Kilimane,Kilimane,15.28333,-16.28333,PPL,13,,0,,,3
2249888,Kilimane,Kilimane,15.26667,-16.1,PPL,13,,0,,,3
2249889,Kilimane,Kilimane,13.8,-15.4,PPL,16,,0,,,3
2249885,Killi,Killi,15.13333,-16.38333,PPL,07,,0,,,1
2249886,Killène,Killene,15.55,-16.16667,PPL,13,,0,,,1
2249882,Kindiong,Kindiong,12.96667,-16.01667,PPL,12,,0,,,1
2249881,Kinemmba,Kinemmba,13.08656,-12.13621,PPL,17,,0,Pulaar/Fulani,clan/family name root,1
2595438,Kiniabour Deux,Kiniabour Deux,14.56877,-17.05898,PPL,07,,0,,,1
2250611,Kiniabour Un,Kiniabour Un,14.55893,-17.0649,PPL,07,,0,,,1
2249880,Kiniending,Kiniending,12.73722,-16.07667,PPL,12,,0,,,1
2249879,Kiniending Binntine,Kiniending Binntine,12.765,-16.09417,PPL,12,,0,,,1
2249877,Kinndiri,Kinndiri,12.62944,-15.69194,PPL,18,,0,,,1
2249876,Kintingourou,Kintingourou,12.62194,-15.73306,PPL,18,,0,,,1
2249875,Kinto,Kinto,12.96667,-14.43333,PPL,11,,0,,,1
2595557,Kip Kip,Kip Kip,14.73124,-17.14882,PPLX,01,,0,,,1
2595657,Kipe Carrière,Kipe Carriere,14.70046,-17.23132,PPLX,01,,0,,,1
2249874,Kipi,Kipi,13.55286,-12.52672,PPL,05,,0,,,1
2249873,Kipo,Kipo,15.3966,-15.2086,PPL,13,,0,,,1
2249870,Kipou Sissongo,Kipou Sissongo,14.05,-13.08333,PPL,05,,0,,,1
2249871,Kipounigali,Kipounigali,14.236,-12.64724,PPL,05,,0,,,1
2249534,Kipoussouleye,Kipoussouleye,14.2872,-12.46994,PPL,05,,0,,,1
2249869,Kirang,Kirang,14.47007,-15.95468,PPL,09,,0,,,1
2249867,Kirili,Kirili,13.46667,-13.76667,PPL,11,,0,,,1
2249866,Kirim Brahim Mbaye,Kirim Brahim Mbaye,13.95,-14.95,PPL,16,,0,,,1
2249865,Kirir,Kirir,15.86667,-13.53333,PPL,15,,0,,,1
2249864,Kirma Ham Koré,Kirma Ham Kore,15.4049,-15.1694,PPL,13,,0,,,1
2249863,Kirpa,Kirpa,14.16823,-15.94646,PPL,10,,0,,,1
2249868,Kirène,Kirene,14.66094,-17.0388,PPL,07,,0,,,1
2249862,Kis,Kis,15.33333,-16.21667,PPL,13,,0,,,1
2249861,Kissan,Kissan,13.86667,-14.58333,PPL,05,,0,,,1
2249859,Kissane,Kissane,14.66934,-16.95895,PPL,07,,0,,,1
2249857,Kitimbo,Kitimbo,13.15989,-16.03358,PPL,12,,0,,,1
13504540,Kiwi,Kiwi,14.98127,-16.89186,PPL,07,2244388,0,,,1
13504612,Kièl,Kiel,14.87404,-16.80462,PPL,07,2244804,0,,,1
2249891,Kièr Sambo,Kier Sambo,15.2,-16.13333,PPL,13,,0,,,1
2249856,Koar,Koar,13.81667,-13.28333,PPL,05,,0,,,1
2249852,Koba,Koba,14.65991,-12.31131,PPL,05,,0,Pulaar/Fulani,clan/family name root,4
2249853,Koba,Koba,14.57012,-16.09159,PPL,03,,0,Pulaar/Fulani,clan/family name root,4
2249854,Koba,Koba,13.80997,-12.12519,PPL,05,,0,Pulaar/Fulani,clan/family name root,4
2249855,Koba,Koba,13.10417,-16.58105,PPL,12,,0,Pulaar/Fulani,clan/family name root,4
2593154,Koba Aïnoumane,Koba Ainoumane,13.06833,-16.58035,PPL,09,,0,,,1
2249851,Koba Katiou,Koba Katiou,13.06667,-16.56667,PPL,12,,0,,,1
2249849,Kobel,Kobel,15.0216,-15.8764,PPL,13,,0,,,1
2251064,Kobilo,Kobilo,15.92514,-13.52423,PPL,15,,0,,,1
2249848,Koboel,Koboel,13.25,-15.63333,PPL,18,,0,,,1
2249845,Kobokoto,Kobokoto,13.3018,-11.85729,PPL,17,,0,,,2
2249846,Kobokoto,Kobokoto,12.45,-11.75,PPL,17,,0,,,2
2249842,Kobongoye Boundao,Kobongoye Boundao,14.15,-16.73333,PPL,09,,0,,,1
2249843,Kobongoye Deux,KobongoyeDeux,14.15859,-16.74556,PPL,09,,0,,,1
2249844,Kobongoye Un,KobongoyeUn,14.16137,-16.72485,PPL,09,,0,,,1
13508548,Kobossikil,Kobossikil,14.46292,-16.43916,PPL,09,7670866,0,,,1
2249840,Koboye,Koboye,12.4466,-12.065,PPL,17,,0,,,1
2595574,Kodang,Kodang,14.70702,-17.11594,PPL,07,,0,,,1
6659079,Kodi Kouroubama,Kodi Kouroubama,12.55338,-11.46283,PPL,17,,0,,,1
6659081,Kodi Kourouma,Kodi Kourouma,12.51303,-11.45965,PPL,17,,0,,,1
2249836,Kodiadian,Kodiadian,13.56945,-12.00186,PPL,05,,0,,,1
2249835,Kodiam,Kodiam,13.73333,-14.65,PPL,05,,0,,,1
2249834,Kodiamo,Kodiamo,13.66667,-13.56667,PPL,05,,0,,,1
2249830,Kodiolel,Kodiolel,14.65,-15.8,PPL,03,,0,,,1
2249829,Kodiolo,Kodiolo,13.26667,-14.51667,PPL,11,,0,,,1
2249832,Kodiolé,Kodiole,14.93333,-15.88333,PPL,03,,0,,,1
2249827,Kodji,Kodji,12.6,-15.66667,PPL,18,,0,,,1
2249826,Kodjinnguina,Kodjinnguina,12.91667,-14.43333,PPL,11,,0,,,1
2249828,Kodjèlé,Kodjele,15.4891,-15.0731,PPL,13,,0,,,1
2249837,Kodéna,Kodena,13.35,-14.8,PPL,11,,0,,,1
2249817,Kofadou,Kofadou,13.57552,-12.50166,PPL,05,,0,,,1
2249814,Kofiè,Kofie,15.8586,-15.9218,PPL,13,,0,,,1
2249813,Koga,Koga,16.49064,-14.37982,PPL,14,,0,,,1
2249809,Kohel,Kohel,13.45,-15.13333,PPL,11,,0,,,2
2249810,Kohel,Kohel,13.33333,-15.45,PPL,18,,0,,,2
2249808,Koho Peul,Koho Peul,13.85,-14.81667,PPL,16,,0,,,1
2249807,Koho Sossé,Koho Sosse,13.85,-14.85,PPL,16,,0,,,1
2249797,Koki,Koki,15.5048,-15.9891,PPL,13,,0,,,5
2249798,Koki,Koki,15.18333,-16.1,PPL,13,,0,,,5
2249799,Koki,Koki,15.01667,-16.46667,PPL,07,,0,,,5
2249800,Koki,Koki,13.91667,-15.71667,PPL,10,,0,,,5
13504642,Koki,Koki,14.82617,-16.63593,PPL,03,2254315,0,,,5
2249796,Koki Dakar,Koki Dakar,15.01667,-16.16667,PPL,13,,0,,,1
2249795,Koki Dakhar,Koki Dakhar,15.01667,-16.43333,PPL,07,,0,,,1
13505477,Koki Diop,KokiDiop,14.9594,-16.28626,PPL,03,2252312,0,,,1
13505562,Koki Gouye Deux,KokiGouyeDeux,14.93187,-16.16884,PPL,03,2252312,0,,,1
2249793,Koki Kad,Koki Kad,15.01667,-16.18333,PPL,13,,0,,,1
13505360,Koki Ndiaguène,KokiNdiaguene,14.95715,-16.25801,PPL,03,2252312,0,,,1
2249794,Koki Santhie,KokiSanthie,14.942,-16.18357,PPL,03,,0,,,1
13505571,Koki Sérèr,KokiSerer,14.92323,-16.1869,PPL,03,2252312,0,,,1
2249792,Kokolé Dimba,Kokole Dimba,13.16667,-15.06667,PPL,11,,0,Pulaar/Fulani,clan/family name root,1
2249791,Kokonba,Kokonba,12.63333,-15.83333,PPL,18,,0,Pulaar/Fulani,clan/family name root,1
2249789,Kokoum Doulo,Kokoum Doulo,13.35,-13.78333,PPL,11,,0,,,1
2249788,Kokoum Samba,Kokoum Samba,13.35,-13.78333,PPL,11,,0,Pulaar/Fulani,clan/family name root,1
2249787,Kokoung Sobali,Kokoung Sobali,12.80389,-15.24194,PPL,18,,0,,,1
2249786,Kokounto,Kokounto,13.26667,-14.51667,PPL,11,,0,,,1
2249785,Kol,Kol,15.3,-16.5,PPL,07,,0,,,1
2249784,Kolane,Kolane,12.52972,-15.74306,PPL,18,,0,,,1
2249782,Kolda,Kolda,12.8939,-14.94125,PPLA,11,,103574,Pulaar,Fouta/Pulaar region toponym,1
2249778,Koli,Koli,14.91758,-12.91278,PPL,15,,0,,,1
2249772,Kolia Dongon,Kolia Dongon,15.03333,-16.26667,PPL,07,,0,,,1
2249771,Kolibantan,Kolibantan,13.66667,-14.25,PPL,05,,0,,,1
2249770,Kolibantang,Kolibantang,12.8,-15.21444,PPL,18,,0,,,1
2249769,Kolikounda,Kolikounda,13.25,-15.6,PPL,18,,0,,,1
2249766,Koling,Koling,12.76333,-15.83806,PPL,18,,0,,,1
2249765,Kolinnkan,Kolinnkan,13.48333,-14.21667,PPL,05,,0,,,1
2249773,Koliya,Koliya,12.97844,-11.41363,PPL,05,,0,,,1
2249764,Kolma Diordior,Kolma Diordior,13.81667,-15.86667,PPL,10,,0,,,1
2249763,Kolma Peul,Kolma Peul,13.81667,-15.83333,PPL,10,,0,,,1
2249762,Kolo,Kolo,12.75,-13.7,PPL,11,,0,,,1
2249761,Kolobane,Kolobane,12.58333,-16.28333,PPL,12,,0,,,3
2595805,Kolobane,Kolobane,14.71378,-17.25674,PPLX,01,,0,,,3
2595905,Kolobane,Kolobane,14.81788,-17.04204,PPL,07,,0,,,3
2249757,Kolodinnto Fouta,Kolodinnto Fouta,12.68333,-14.13333,PPL,11,,0,,,1
2249756,Kolodinnto Maoundé,Kolodinnto Maounde,12.68333,-14.13333,PPL,11,,0,,,1
2249753,Kolomba,Kolomba,14.08333,-13.95,PPL,05,,0,Pulaar/Fulani,clan/family name root,3
2249754,Kolomba,Kolomba,13.75,-15.63333,PPL,10,,0,Pulaar/Fulani,clan/family name root,3
2249755,Kolomba,Kolomba,13.00446,-16.67434,PPL,12,2253903,0,Pulaar/Fulani,clan/family name root,3
2249749,Kolonba,Kolonba,12.81667,-16.36667,PPL,12,,0,Pulaar/Fulani,clan/family name root,2
2249750,Kolonba,Kolonba,12.75417,-16.24444,PPL,12,,0,Pulaar/Fulani,clan/family name root,2
2249748,Kolondine,Kolondine,13.71667,-13.91667,PPL,05,,0,,,1
6658536,Kolondonsé,Kolondonse,12.84746,-11.79361,PPL,17,,0,,,1
13504696,Kolong,Kolong,14.91698,-16.68923,PPL,07,2244804,0,,,1
2249747,Kolonto,Kolonto,13.81667,-14.73333,PPL,16,,0,,,1
2249746,Kolor,Kolor,14.98206,-16.0252,PPL,13,,0,,,1
2249780,Kolé,Kole,13.7436,-16.53407,PPL,09,,0,,,1
2249743,Komatia,Komatia,12.8,-14.23333,PPL,11,,0,,,1
2249742,Komboli,Komboli,13.1179,-16.29112,PPL,12,,0,,,1
13504778,Kombélane,Kombelane,14.82444,-16.58514,PPL,03,2254315,0,,,1
2249741,Komoti,Komoti,13.66368,-12.9173,PPL,05,,0,,,1
2249739,Komouda,Komouda,12.50889,-16.31583,PPL,12,,0,,,1
2249738,Kona,Kona,13.14358,-16.32339,PPL,12,,0,,,1
13505567,Kondia,Kondia,14.77251,-16.22908,PPL,03,2252312,0,,,1
2249736,Kondiène,Kondiene,13.15,-15.98333,PPL,12,,0,,,1
2249737,Kondié,Kondie,14.71667,-16.25,PPL,03,,0,,,1
2249735,Kondokhou,Kondokhou,12.91831,-11.72046,PPL,17,,0,,,1
2249733,Kone Kogne,Kone Kogne,15.65,-16.46667,PPL,13,,0,,,1
2249731,Konga,Konga,13.93333,-14.95,PPL,16,,0,,,1
2249729,Kongoli,Kongoli,14.18012,-15.98959,PPL,10,,0,,,2
2249730,Kongoli,Kongoli,12.73333,-16.05,PPL,12,,0,,,2
2249728,Koniari,Koniari,13.05,-15.08333,PPL,11,,0,,,1
2595474,Konkoma,Konkoma,14.5882,-17.01902,PPL,07,,0,,,1
2249724,Konkotou,Konkotou,13.65404,-12.08788,PPL,05,,0,,,1
2249723,Konkoudia,Konkoudia,13.05828,-16.68471,PPL,12,2253903,0,,,1
2249722,Konkouli,Konkouli,13.15,-13.48333,PPL,05,,0,,,1
13506963,Kontayèm Dapa,KontayemDapa,14.7007,-16.28725,PPL,03,2252312,0,,,1
2249720,Konté,Konte,13.65,-14.68333,PPL,05,,0,,,1
2249719,Kontékounda,Kontekounda,12.72194,-15.065,PPL,11,,0,,,1
13505507,Kontéyène,Konteyene,14.89653,-16.15748,PPL,03,2252312,0,,,1
2249732,Konèm,Konem,14.40654,-16.444,PPL,09,,0,,,1
2249734,Koné,Kone,13.95,-15.95,PPL,10,,0,,,1
2249712,Kop Goyane,KopGoyane,14.56799,-16.95439,PPL,07,,0,,,1
2249717,Kopara,Kopara,13.01667,-14.01667,PPL,11,,0,,,1
2249714,Kopé,Kope,16.62163,-14.52696,PPL,14,,0,,,3
2249715,Kopé,Kope,16.57784,-14.81774,PPL,14,,0,,,3
2249716,Kopé,Kope,12.78333,-13.93333,PPL,11,,0,,,3
13506496,Kora Trois,KoraTrois,14.53224,-16.75836,PPL,07,2248478,0,,,2
13509037,Kora Trois,KoraTrois,14.36516,-16.18119,PPL,09,7670866,0,,,2
2249711,Kora Un,KoraUn,14.38746,-16.17301,PPL,09,,0,,,2
13506468,Kora Un,KoraUn,14.52849,-16.78319,PPL,07,2248478,0,,,2
2249709,Korane Ndiaye,Korane Ndiaye,15.5,-16.33333,PPL,13,,0,,,1
2249707,Kordiali,Kordiali,14.46667,-16.75,PPL,07,,0,,,1
2249700,Korkadiel,Korkadiel,16.5093,-14.53317,PPL,14,,0,,,1
2249701,Korkadié,Korkadie,16.61472,-14.73714,PPL,14,,0,,,1
2249699,Korki,Korki,14.12797,-15.70317,PPL,16,,0,,,1
2249698,Korkol,Korkol,14.88333,-14.58333,PPL,13,,0,,,1
2249696,Korolo,Korolo,13.1499,-12.05861,PPL,17,,0,,,1
2249695,Koromadi,Koromadi,13.83333,-13.55,PPL,05,,0,,,1
2249694,Korop Maoundé,Korop Maounde,13.13333,-14.45,PPL,11,,0,,,1
2249693,Kortiel,Kortiel,14.51121,-15.95008,PPL,09,,0,,,1
2249704,Korédia Diaka,Koredia Diaka,13.73333,-14.0,PPL,05,,0,,,1
2249703,Korékoro,Korekoro,14.1398,-12.21745,PPL,05,,0,,,1
2249702,Koréra,Korera,14.91862,-12.51114,PPL,05,,0,,,1
2249692,Kossanki,Kossanki,13.0,-14.28333,PPL,11,,0,,,1
2593147,Kossar,Kossar,13.75627,-16.56072,PPL,09,,0,,,1
2249690,Kossas,Kossas,15.431,-14.661,PPL,13,,0,,,1
2249687,Kossi,Kossi,12.43556,-15.66861,PPL,11,,0,,,1
2249686,Kossi Ali Guèye,KossiAliGueye,14.04548,-16.14546,PPL,10,,0,,,1
13514640,Kossi Mbitéyène,KossiMbiteyene,14.05756,-16.12467,PPL,10,2250807,0,,,1
2249684,Kossi Tiamène,Kossi Tiamene,14.06216,-16.13782,PPL,10,,0,,,1
2249682,Kosso,Kosso,15.06667,-16.01667,PPL,13,,0,,,2
2249683,Kosso,Kosso,15.0208,-15.9635,PPL,13,,0,,,2
2249811,Kotiane,Kotiane,14.57012,-16.73843,PPL,07,,0,,,1
2249678,Kotiar,Kotiar,13.91667,-14.93333,PPL,16,,0,,,1
2249677,Kotiari,Kotiari,13.9,-13.45,PPL,05,,4243,,,1
2249818,Kotiaw,Kotiaw,14.43546,-16.06912,PPL,09,,0,,,1
2249669,Kotiokh,Kotiokh,14.4826,-16.53274,PPL,09,,0,,,1
2249676,Kotié,Kotie,13.63378,-12.77585,PPL,05,,0,,,1
2249672,Kotié Nord,Kotie Nord,13.67263,-12.76619,PPL,05,,0,,,1
2249675,Kotiédia,Kotiedia,15.7122,-15.5599,PPL,13,,0,,,1
2249674,Kotiédia Maure,Kotiedia Maure,15.7335,-15.5735,PPL,13,,0,,,1
2249667,Kotoum,Kotoum,12.655,-16.75556,PPL,12,,0,,,1
2249681,Koté,Kote,12.5561,-12.8458,PPL,17,,0,,,1
2249670,Koté Nété,Kote Nete,13.74862,-16.14209,PPL,10,,0,,,1
2249666,Kouadi Baïnouk,Kouadi Bainouk,13.05,-15.7,PPL,18,,0,,,1
2249664,Kouaré,Kouare,13.83333,-15.93333,PPL,10,,0,,,1
13658011,Kouatine,Kouatine,13.83194,-16.3539,PPL,09,2251792,0,,,1
2249662,Koubalan,Koubalan,12.66028,-16.17028,PPL,12,,0,,,1
2249661,Koubalar,Koubalar,12.88722,-16.21222,PPL,12,,0,,,1
2249660,Koubanak,Koubanak,13.02862,-16.63827,PPL,12,,0,,,1
2249659,Koubanao,Koubanao,12.66639,-16.09,PPL,12,,0,,,1
2249657,Koubone,Koubone,12.79972,-15.37611,PPL,18,,0,,,2
2249658,Koubone,Koubone,12.58222,-16.01167,PPL,12,,0,,,2
13504615,Koudadiadiène,Koudadiadiene,14.87895,-16.88784,PPL,07,2244388,0,,,1
2249654,Koudi,Koudi,14.03597,-12.76891,PPL,05,,0,,,1
2249653,Koudibékounda,Koudibekounda,12.86861,-15.7425,PPL,18,,0,,,1
2249651,Koudioubé,Koudioube,13.10389,-16.6623,PPL,12,,0,,,1
2249650,Koudioundou,Koudioundou,12.6093,-15.98396,PPL,12,,0,,,1
2249656,Koudié,Koudie,14.98595,-15.77864,PPL,13,,0,,,1
2249648,Koudjini,Koudjini,12.86667,-15.21667,PPL,18,,0,,,1
2249647,Koudom,Koudom,13.82004,-16.09121,PPL,10,,0,,,1
2249646,Koudora,Koudora,12.76667,-14.55,PPL,11,,0,,,1
2249644,Koudoureyel,Koudoureyel,12.73333,-14.58333,PPL,11,,0,,,1
2249640,Kougne,Kougne,12.49667,-15.60889,PPL,18,,0,,,1
2249638,Kouini,Kouini,12.98972,-16.04111,PPL,12,,0,,,1
2249637,Koukadi,Koukadi,14.58333,-14.51667,PPL,13,,0,,,1
2249635,Koukari,Koukari,13.76667,-13.71667,PPL,05,,0,,,1
2249634,Koukoma,Koukoma,13.62429,-12.08219,PPL,05,,0,,,1
2249632,Koukoto,Koukoto,13.91667,-15.0,PPL,16,,0,,,2
2249633,Koukoto,Koukoto,13.91667,-14.98333,PPL,16,,0,,,2
2249631,Koukou,Koukou,13.73333,-14.51667,PPL,05,,0,,,1
2249630,Koukoukolo,Koukoukolo,13.6,-13.98333,PPL,05,,0,,,1
2249628,Koukouyel,Koukouyel,14.31667,-14.58333,PPL,05,,0,,,1
2249627,Koul,Koul,15.0639,-16.6264,PPL,07,,0,,,1
2249626,Koulandian Binako,Koulandian Binako,13.06078,-16.53496,PPL,12,,0,,,1
13658732,Koulandiang,Koulandiang,13.05582,-16.54113,PPL,12,2253903,0,,,1
2249624,Koular,Koular,13.68989,-16.1734,PPL,09,,0,,,2
2249625,Koular,Koular,13.36667,-13.6,PPL,05,,0,,,2
2249623,Koularé,Koulare,13.51667,-13.76667,PPL,05,,0,,,1
2249621,Koulaye,Koulaye,12.97556,-16.04806,PPL,12,,0,,,2
2249622,Koulaye,Koulaye,12.85528,-16.15833,PPL,12,,0,,,2
2249617,Koulikan,Koulikan,12.96667,-15.96667,PPL,12,,0,,,1
13645342,Kouliminde,Kouliminde,12.43066,-11.39496,PPL,17,10779432,0,,,1
2249614,Koulinndiara,Koulinndiara,12.9,-14.06667,PPL,11,,0,,,1
2249610,Koulinnto,Koulinnto,13.03333,-14.8,PPL,11,,0,,,3
2249611,Koulinnto,Koulinnto,13.0,-14.08333,PPL,11,,0,,,3
2249612,Koulinnto,Koulinnto,12.68333,-14.43333,PPL,11,,0,,,3
13658764,Koulissara,Koulissara,13.1266,-16.21193,PPL,12,2253903,0,,,1
2249609,Koulkoulto,Koulkoulto,12.88694,-15.01694,PPL,11,,0,,,1
2249608,Koulobori,Koulobori,13.10018,-16.62415,PPL,12,,0,,,1
6647951,Koulor,Koulor,14.06504,-12.85781,PPL,05,,0,,,1
13506745,Koulouk Gandiol,KouloukGandiol,14.64575,-16.7218,PPL,07,2248478,0,,,1
13506755,Koulouk Mbada,KouloukMbada,14.62825,-16.69282,PPL,07,2248478,0,,,2
13506756,Koulouk Mbada,KouloukMbada,14.58457,-16.68641,PPL,07,2248478,0,,,2
2249607,Koulouk Sérèr,KouloukSerer,14.60376,-16.71631,PPL,07,,0,,,1
13506701,Koulouk Wolof,KouloukWolof,14.58494,-16.70553,PPL,07,2248478,0,,,1
2249605,Kouloumbodou,Kouloumbodou,13.7,-15.61667,PPL,10,,0,,,1
2249619,Koulégna,Koulegna,14.01667,-14.83333,PPL,16,,0,,,1
2249601,Koumafélé,Koumafele,12.4735,-12.4965,PPL,17,,0,,,1
2249600,Koumambouré Maoundé,Koumamboure Maounde,12.85,-14.51667,PPL,11,,0,,,1
2249598,Koumaré,Koumare,13.9,-14.38333,PPL,05,,0,,,1
2249597,Koumbadiouma,Koumbadiouma,13.18333,-13.96667,PPL,11,,0,,,1
2249596,Koumbakara,Koumbakara,12.7,-14.48333,PPL,11,,0,,,1
2249595,Koumbakiri,Koumbakiri,13.28333,-14.08333,PPL,11,,0,,,1
2249593,Koumbakoulou,Koumbakoulou,13.55,-13.71667,PPL,05,,0,,,1
2249592,Koumbal,Koumbal,14.01715,-16.01891,PPL,10,,0,,,1
2249591,Koumbamo,Koumbamo,12.90056,-15.94139,PPL,18,,0,,,1
2249589,Koumbidia,Koumbidia,13.91667,-14.86667,PPL,16,,0,,,1
2249588,Koumbidjan,Koumbidjan,12.69167,-15.07833,PPL,11,,0,,,1
13658747,Koumbigjia,Koumbigjia,13.04116,-16.30719,PPL,12,2253903,0,,,1
2249586,Koumbiya,Koumbiya,13.83333,-14.08333,PPL,05,,0,,,1
2249581,Koumboutourou,Koumboutourou,12.77099,-11.97752,PPL,17,,0,,,1
2249587,Koumbène,Koumbene,13.6301,-16.49669,PPL,09,,0,,,1
13554418,Koumlof,Koumlof,14.10421,-15.79763,PPL,16,10778870,0,,,1
2249578,Koumpal,Koumpal,13.83333,-15.61667,PPL,16,,0,,,1
2249576,Koumpentoum,Koumpentoum,13.98333,-14.56667,PPL,05,,15723,,,1
2249574,Koumperto,Koumperto,12.54917,-16.07056,PPL,12,,0,,,1
2249575,Koumpépé,Koumpepe,12.76667,-13.71667,PPL,11,,0,,,1
2249585,Kouméra,Koumera,13.23333,-14.08333,PPL,11,,0,,,1
2249571,Kounatouba,Kounatouba,12.95861,-16.26139,PPL,12,,0,Pulaar/Fulani,clan/family name root,1
2249569,Kounayan,Kounayan,12.74944,-15.56472,PPL,18,,0,,,2
2249570,Kounayan,Kounayan,12.52389,-15.79778,PPL,18,,0,,,2
2249567,Koundan,Koundan,13.59726,-12.44254,PPL,05,,0,,,1
2249566,Koundane,Koundane,14.78333,-16.88333,PPL,07,,0,,,1
2249565,Koundaya,Koundaya,12.39315,-11.76606,PPL,17,,0,,,1
2249563,Koundel,Koundel,15.78987,-13.27708,PPL,15,,0,,,2
2249564,Koundel,Koundel,13.78333,-13.21667,PPL,05,,0,,,2
2249560,Koundi Boki,Koundi Boki,15.565,-14.0587,PPL,15,,0,,,1
2249562,Koundiao,Koundiao,13.78333,-14.53333,PPL,05,,0,,,1
2249559,Koundiougor,Koundiougor,13.1,-15.93333,PPL,12,,0,,,1
2249558,Koundo,Koundo,14.05,-14.73333,PPL,16,,0,,,1
13551957,Koung,Koung,14.8315,-15.13042,PPL,13,2249283,0,,,1
2249552,Koung Koung,Koung Koung,14.41667,-14.8,PPL,16,,0,,,1
2249551,Koung Koung Sérèr,KoungKoungSerer,14.31643,-16.18662,PPL,10,,0,,,1
13509077,Koung Koung Tialène,KoungKoungTialene,14.31332,-16.16715,PPL,10,2250807,0,,,1
2249557,Koungala,Koungala,14.28333,-13.41667,PPL,05,,0,,,1
2249555,Koungani,Koungani,14.84153,-12.3992,PPL,05,,0,,,1
11497857,Kounghany,Kounghany,14.81189,-12.3885,PPL,05,,0,,,1
2249554,Koungheul,Koungheul,13.98333,-14.8,PPL,16,,31149,,,1
2249550,Koungneul Sossé,Koungneul Sosse,13.96667,-14.81667,PPL,16,,20942,,,1
2249549,Koungoun,Koungoun,14.73333,-16.53333,PPL,03,,0,,,1
2249548,Kouniara Santo,Kouniara Santo,12.54861,-15.57778,PPL,18,,0,,,1
2249547,Kounias,Kounias,14.08351,-15.85143,PPL,10,2250807,0,,,1
2249546,Kounkali,Kounkali,12.89,-15.45889,PPL,18,,0,,,1
2249545,Kounkané,Kounkane,12.93333,-14.08333,PPL,11,,10798,,,1
2250327,Kounkoudiang,Kounkoudiang,14.10517,-16.21518,PPL,10,,0,,,1
2249544,Kounoudoki,Kounoudoki,15.0066,-15.8616,PPL,13,,0,,,1
2249543,Kounoun,Kounoun,14.75266,-17.25315,PPL,01,,0,,,1
2249542,Kounounding Dioé,Kounounding Dioe,12.8775,-15.91972,PPL,18,,0,,,1
6917796,Kounsi,Kounsi,12.4452,-12.0801,PPL,17,,0,,,1
2249540,Kountaba,Kountaba,12.81667,-14.06667,PPL,11,,0,Pulaar/Fulani,clan/family name root,1
2249539,Kountiakolo,Kountiakolo,13.83333,-14.0,PPL,05,,0,,,1
2249538,Kountiao Souaré,Kountiao Souare,13.53333,-14.41667,PPL,05,,0,,,1
2249537,Kountouata,Kountouata,13.7,-14.58333,PPL,05,,0,,,1
2249536,Kouonko Doua,Kouonko Doua,13.58333,-14.01667,PPL,05,,0,,,1
2249535,Koupar,Koupar,13.66667,-15.6,PPL,10,,0,,,1
2249515,Kour Nbelgor,Kour Nbelgor,15.36667,-16.38333,PPL,13,,0,,,1
2249533,Koura Mouride,Koura Mouride,14.18333,-14.68333,PPL,16,,0,,,1
2249532,Koura Rhaye,Koura Rhaye,14.18333,-14.61667,PPL,16,,0,,,1
2249531,Koura Tiobéri,Koura Tioberi,14.2,-14.71667,PPL,16,,0,,,1
2249710,Kouram,Kouram,13.14681,-16.40313,PPL,12,,0,,,1
13658714,Kouranko,Kouranko,13.59345,-16.04082,PPL,10,2247158,0,,,1
2249530,Kourbol,Kourbol,15.4774,-14.2408,PPL,15,,0,,,1
13658738,Koureg,Koureg,13.11818,-16.34913,PPL,12,2253903,0,,,1
2249519,Kouring,Kouring,12.43667,-16.38056,PPL,12,,0,,,1
2249517,Kourkadji,Kourkadji,14.71667,-15.6,PPL,09,,0,,,1
2249516,Kourkour,Kourkour,13.3,-14.78333,PPL,11,,0,,,1
2249514,Kourou,Kourou,15.51667,-16.33333,PPL,13,,0,,,1
2249505,Kourou Karané,Kourou Karane,14.55,-13.71667,PPL,15,,0,,,1
2249512,Kouroubambé,Kouroubambe,13.45,-13.8,PPL,11,,0,,,1
2249508,Kourouk,Kourouk,12.90417,-16.13833,PPL,12,,0,,,1
6659340,Kouroukoukana,Kouroukoukana,13.09723,-11.76162,PPL,17,,0,,,1
2249502,Kouroundi,Kouroundi,13.48235,-11.90378,PPL,05,,0,,,1
2249501,Kourtara,Kourtara,15.58333,-16.35,PPL,13,,0,,,1
13658092,Kourène,Kourene,13.83987,-16.61269,PPL,09,2251792,0,,,1
2249524,Kouré,Koure,15.36667,-16.21667,PPL,13,,0,,,7
2249525,Kouré,Koure,15.13333,-16.36667,PPL,07,,0,,,7
2249526,Kouré,Koure,15.1,-16.6,PPL,07,,0,,,7
2249527,Kouré,Koure,15.08333,-16.56667,PPL,07,,0,,,7
2249528,Kouré,Koure,15.01667,-16.5,PPL,07,,0,,,7
2249529,Kouré,Koure,14.94991,-16.43161,PPL,03,,0,,,7
2251479,Kouré,Koure,14.75231,-16.30959,PPL,03,,0,,,7
2249523,Kouré Dialamane,Koure Dialamane,15.0445,-15.9677,PPL,13,,0,,,1
2249522,Kouré Kountou,Koure Kountou,13.26667,-13.31667,PPL,05,,0,,,1
2249520,Kouré Loukouk,Koure Loukouk,15.16667,-16.5,PPL,07,,0,,,1
2249498,Koussabel,Koussabel,12.96861,-16.36861,PPL,12,,0,,,1
2249496,Koussalam,Koussalam,16.51235,-14.26486,PPL,14,,0,,,1
2249495,Koussalan,Koussalan,13.76667,-14.31667,PPL,05,,0,,,1
2249494,Koussalang,Koussalang,13.6,-14.46667,PPL,05,,0,,,1
2249493,Koussanar,Koussanar,13.86667,-14.08333,PPL,05,,0,,,1
2249490,Koussanar Ndi,Koussanar Ndi,14.0,-13.98333,PPL,05,,0,,,1
2249489,Koussane,Koussane,14.13144,-12.44509,PPL,05,,0,,,1
2249488,Koussaor,Koussaor,12.9575,-15.70222,PPL,18,,0,,,1
2249487,Koussi,Koussi,12.87083,-15.60472,PPL,18,,0,,,1
2249484,Koussola,Koussola,13.36749,-11.95007,PPL,05,,0,,,1
13508514,Koussourèm,Koussourem,14.4661,-16.26762,PPL,09,7670866,0,,,1
2249483,Koussous,Koussous,14.81667,-14.4,PPL,13,,0,,,1
2249481,Koutadala,Koutadala,12.7,-15.26667,PPL,18,,0,,,1
13509316,Koutal Baka,KoutalBaka,14.07352,-16.09134,PPL,10,2250807,0,,,1
13514643,Koutal Camp,KoutalCamp,14.08792,-16.05925,PPL,10,2250807,0,,,1
13514645,Koutal Sérèr,KoutalSerer,14.07997,-16.07282,PPL,10,2250807,0,,,1
2249480,Koutal Wolof,KoutalWolof,14.08813,-16.06789,PPL,10,,0,,,1
13514644,Koutal Yougo,KoutalYougo,14.07184,-16.0669,PPL,10,2250807,0,,,1
2249477,Koutango,Koutango,13.67033,-16.07162,PPL,10,,0,,,1
2249476,Koutanto,Koutanto,13.1,-14.03333,PPL,11,,0,,,1
2249474,Koutenabé,Koutenabe,14.25792,-12.54423,PPL,05,,0,,,1
2249649,Kouthie Sérèr,KouthieSerer,14.49229,-16.81199,PPL,07,,0,,,1
2250350,Kouthie Wolof,KouthieWolof,14.48436,-16.82482,PPL,07,,0,,,1
2249470,Koutia,Koutia,14.06667,-13.13333,PPL,05,,0,,,4
2249471,Koutia,Koutia,14.03333,-13.96667,PPL,05,,0,,,4
2249472,Koutia,Koutia,13.95,-15.18333,PPL,16,,0,,,4
2249473,Koutia,Koutia,13.86667,-13.56667,PPL,05,,0,,,4
2249468,Koutia Ba,Koutia Ba,14.18333,-14.46667,PPL,05,,0,Pulaar/Fulani,clan/family name root,1
2249467,Koutia Gaïdi,Koutia Gaidi,14.13333,-14.18333,PPL,05,,0,,,1
2249465,Koutiakoto,Koutiakoto,14.01667,-13.98333,PPL,05,,0,,,1
2249466,Koutiaké,Koutiake,12.85,-14.31667,PPL,11,,0,,,1
2249463,Koutiara,Koutiara,12.83333,-14.28333,PPL,11,,0,,,1
2249462,Koutingor,Koutingor,12.82694,-16.25083,PPL,12,,0,,,1
13658135,Koutièye,Koutieye,13.94449,-16.01522,PPL,10,2250807,0,,,1
2249461,Koutoubo,Koutoubo,12.5,-16.16667,PPL,12,,0,,,1
2249460,Koutoukounda,Koutoukounda,13.25,-14.06667,PPL,11,,0,,,1
2249459,Koutounta Ali Koli,Koutounta Ali Koli,13.2,-15.61667,PPL,18,,0,,,1
2249458,Koutourfa,Koutourfa,14.53333,-15.91667,PPL,09,,0,,,1
2249475,Koutyoutye,Koutyoutye,14.90946,-15.79693,PPL,03,,0,,,1
2249457,Kouyandé,Kouyande,14.38445,-15.52469,PPL,16,,0,,,1
2249455,Kouyandé Ndiaye,KouyandeNdiaye,14.3823,-15.51208,PPL,16,,0,,,1
2249456,Kouyané Kandji,Kouyane Kandji,14.4,-15.51667,PPL,16,,0,,,1
2249639,Kouïnar,Kouinar,14.85,-15.68333,PPL,03,,0,,,1
2249449,Koyelol,Koyelol,15.1723,-15.9786,PPL,13,,0,,,1
2249521,Koylel,Koylel,16.1043,-13.88679,PPL,14,,0,,,1
2249820,Koyli Pegna,Koyli Pegna,15.3388,-15.7655,PPL,13,,0,,,1
6645006,Koyll Diao,Koyll Diao,16.16721,-13.92914,PPL,14,,0,,,1
2249801,Koylogne,Koylogne,15.3294,-15.7451,PPL,13,,0,,,1
6647971,Koyniguel,Koyniguel,14.81049,-12.71658,PPL,05,,0,,,1
13553445,Koyé,Koye,14.67934,-15.63112,PPL,09,2251492,0,,,1
2249822,Koèl,Koel,13.62705,-15.64248,PPL,10,,0,,,2
2249823,Koèl,Koel,12.9,-13.7,PPL,11,,0,,,2
2249821,Koèl Sérèr,KoelSerer,14.62532,-16.05709,PPL,03,,0,,,1
2249824,Koé,Koe,15.2373,-15.7331,PPL,13,,0,,,2
2249825,Koé,Koe,15.131,-15.5513,PPL,13,,0,,,2
2249819,Koéli,Koeli,15.7421,-15.5107,PPL,13,,0,,,1
13514639,Koïlal Alfa,KoilalAlfa,14.07487,-16.01808,PPL,10,2250807,0,,,1
2249805,Koïlal Moussa Boye,KoilalMoussaBoye,14.07488,-16.01177,PPL,10,,0,,,1
2249804,Koïlel,Koilel,16.44308,-14.30697,PPL,14,,0,,,1
2249803,Koïli,Koili,13.75,-14.78333,PPL,05,,0,,,1
2249447,Kratchinn,Kratchinn,15.1085,-15.988,PPL,13,,0,,,1
2249446,Krissime,Krissime,12.55,-15.75,PPL,18,,0,,,1
13658797,Kuine,Kuine,13.06515,-16.08401,PPL,12,2253903,0,,,1
2250032,Kâkoth,Kakoth,13.9298,-16.00253,PPL,10,,0,,,1
2595437,Kâlène,Kalene,14.55779,-17.06295,PPL,07,,0,,,1
2595511,Kâtialik,Katialik,14.69037,-17.0841,PPL,07,,0,,,1
2250638,Kèlé,Kele,15.2366,-14.9836,PPL,13,,0,,,1
2250593,Kère Ndiaye,Kere Ndiaye,15.80861,-16.36333,PPL,13,,0,,,1
2250653,Kéboum,Keboum,12.965,-16.00944,PPL,12,,0,,,1
2250666,Kébé,Kebe,15.1861,-15.5506,PPL,13,,0,,,2
2250667,Kébé,Kebe,14.22406,-16.05022,PPL,10,,0,,,2
2250665,Kébé Ansou,Kebe Ansou,13.96084,-16.29268,PPL,09,,0,,,1
2250664,Kébé Gouye,Kebe Gouye,14.11789,-15.60941,PPL,16,,0,,,1
2250663,Kébé Keur Badou,KebeKeurBadou,14.0889,-15.59428,PPL,16,,0,,,1
2250661,Kébé Keur Lahine,KebeKeurLahine,14.10474,-15.61473,PPL,16,,0,,,1
2250662,Kébé Khâkhâm,Kebe Khakham,15.5835,-15.5643,PPL,13,,0,,,1
13658080,Kébé Koudé,Kebe Koude,13.9444,-16.30484,PPL,09,2251792,0,,,1
13658231,Kébé Mboudaye,Kebe Mboudaye,13.9661,-16.20558,PPL,10,2251792,0,,,1
2250658,Kébé Ndeute,Kebe Ndeute,15.68333,-16.18333,PPL,13,,0,,,1
2250656,Kébé Sam,Kebe Sam,15.75,-16.23333,PPL,13,,0,,,2
2250657,Kébé Sam,Kebe Sam,15.66667,-16.23333,PPL,13,,0,,,2
13658143,Kébé Walo,Kebe Walo,13.85856,-16.03833,PPL,10,2247158,0,,,1
13554067,Kébé Yara,KebeYara,14.41565,-15.69102,PPL,16,2251008,0,,,1
2250659,Kébémer,Kebemer,15.365,-16.4339,PPL,13,,19902,,,1
2250649,Kédio,Kedio,12.96667,-12.51667,PPL,17,,0,,,1
2250650,Kédiéto,Kedieto,12.67639,-16.39194,PPL,12,,0,,,1
2250645,Kédougou,Kedougou,12.55561,-12.18076,PPLA,17,,30051,Malinké/Mandinka,eastern Senegal toponym,2
2250646,Kédougou,Kedougou,12.48333,-11.95,PPL,17,,0,Malinké/Mandinka,eastern Senegal toponym,2
2250643,Kékokoto,Kekokoto,13.33824,-11.66846,PPL,17,,0,,,1
2250642,Kékréti,Kekreti,12.68333,-12.81667,PPL,17,,0,,,1
2250641,Kél,Kel,14.61619,-17.15576,PPL,01,,0,,,1
2250640,Kél Gueye,Kel Gueye,15.5529,-16.2812,PPL,13,,0,,,1
2250631,Kélel,Kelel,15.1608,-15.5087,PPL,13,,0,,,3
2250632,Kélel,Kelel,15.1355,-15.4419,PPL,13,,0,,,3
6917519,Kélel,Kelel,15.17,-15.5093,PPL,13,,0,,,3
2250630,Kélel Diop,Kelel Diop,14.99343,-15.88034,PPL,03,,0,,,1
2250624,Kélimane,Kelimane,15.16667,-16.08333,PPL,13,,0,,,1
6586399,Kélimbou,Kelimbou,12.45619,-11.75095,PPL,17,,0,,,1
2250623,Kélin Boulidiaro,Kelin Boulidiaro,13.08333,-13.46667,PPL,05,,0,,,1
2250618,Kéllol,Kellol,15.27737,-13.1287,PPL,15,,0,,,1
2250619,Kélléré,Kellere,15.18333,-16.2,PPL,13,,0,,,1
2250633,Kélèl,Kelel,14.98333,-15.88333,PPL,03,,0,,,1
2250628,Kélèl Peul,Kelel Peul,15.0,-15.9,PPL,13,,0,,,1
2250637,Kélé,Kele,15.2282,-15.3512,PPL,13,,0,,,2
2250639,Kélé,Kele,14.5,-15.86667,PPL,09,,0,,,2
2250634,Kélékounda,Kelekounda,13.56667,-13.65,PPL,05,,0,,,1
13554435,Kélél Mofel,KelelMofel,14.12417,-15.7915,PPL,16,10778870,0,,,1
2250627,Kéléma Kiri,Kelema Kiri,12.97833,-16.03083,PPL,12,,0,,,1
2250626,Kélémbéli,Kelembeli,14.67952,-16.09682,PPL,03,,0,,,1
2250625,Kéléwtéw,Kelewtew,14.60145,-15.91584,PPL,03,,0,,,1
2250206,Kémaye,Kemaye,14.91242,-17.03441,PPL,07,,0,,,1
2250617,Kémet,Kemet,14.4,-16.05,PPL,09,,0,,,1
2250610,Kéniassou,Keniassou,12.4613,-11.85301,PPL,17,,0,,,1
2250609,Kéniéba,Kenieba,14.09828,-12.0595,PPL,05,,0,Pulaar/Fulani,clan/family name root,1
2250607,Kéniéko,Kenieko,13.38231,-12.05966,PPL,05,,0,,,1
6659254,Kéniékéniébanding,Keniekeniebanding,13.37104,-11.87345,PPL,05,,0,,,1
2250616,Kénéba,Keneba,12.93333,-13.66667,PPL,11,,0,Pulaar/Fulani,clan/family name root,1
2250615,Kénéba Dimba,Keneba Dimba,12.8,-14.16667,PPL,11,,0,Pulaar/Fulani,clan/family name root,1
2250614,Kénéba Mballo Kounda,Keneba Mballo Kounda,13.15,-13.91667,PPL,11,,0,,,1
2250612,Kénéwa,Kenewa,12.66194,-15.38806,PPL,18,,0,,,1
2250603,Kérakounda,Kerakounda,12.83444,-15.35167,PPL,18,,0,,,1
2250601,Kéravane,Keravane,14.01667,-13.41667,PPL,05,,0,,,1
2250599,Kére,Kere,13.78333,-16.23333,PPL,10,,0,,,1
2250586,Kéri,Keri,14.96333,-17.04147,PPL,07,,0,,,1
2250585,Kéri Ibromane,Keri Ibromane,15.21667,-16.13333,PPL,13,,0,,,1
2250584,Kéri Ndiobène,Keri Ndiobene,15.1,-16.58333,PPL,07,,0,,,1
2250576,Kéroual,Keroual,13.91667,-15.73333,PPL,10,,0,,,1
2250575,Kérouane,Kerouane,12.98139,-16.70333,PPL,12,,0,,,1
2250573,Kérouané,Kerouane,13.85,-13.53333,PPL,05,,0,,,2
2250574,Kérouané,Kerouane,13.63333,-13.85,PPL,05,,0,,,2
2250210,Kéré Mbaye,KereMbaye,14.86432,-15.79181,PPL,03,,0,,,1
2250598,Kéré Ndiaga Ndaw,KereNdiagaNdaw,14.85367,-15.77702,PPL,03,,0,,,1
2250596,Kérékounda,Kerekounda,13.15508,-12.07424,PPL,17,,0,,,1
2250592,Kérévandialo,Kerevandialo,12.98333,-14.25,PPL,11,,0,,,1
2250589,Kérévane,Kerevane,13.11667,-14.16667,PPL,11,,0,,,3
2250590,Kérévane,Kerevane,12.86278,-15.2575,PPL,18,,0,,,3
2250591,Kérévane,Kerevane,12.73333,-11.9,PPL,17,,0,,,3
2250588,Kéréwané,Kerewane,13.43333,-14.98333,PPL,11,,0,,,1
6917789,Késséma,Kessema,12.5655,-12.4314,PPL,17,,0,,,1
2250569,Kétou,Ketou,15.0666,-15.2607,PPL,13,,0,,,1
2249941,Kévar,Kevar,15.2976,-15.9949,PPL,13,,0,,,1
2249939,Kéwoye,Kewoye,12.5133,-12.7278,PPL,17,,0,,,1
13504694,Kéwré,Kewre,14.93395,-16.54132,PPL,03,2254315,0,,,1
2249940,Kéwé,Kewe,12.45,-12.73333,PPL,05,,0,,,1
13658753,Kéyi Kaïmo,Keyi Kaimo,13.01854,-16.2503,PPL,12,2253903,0,,,1
2249938,Kézé Pakane,Keze Pakane,12.91667,-13.78333,PPL,11,,0,,,1
13505472,Kôté,Kote,14.77759,-16.31511,PPL,03,2252312,0,,,1
2249443,Laba Tiadao,Laba Tiadao,15.3593,-15.7053,PPL,13,,0,,,1
2249444,Labat,Labat,15.5858,-14.7944,PPL,13,,0,,,1
2249442,Labissinti,Labissinti,12.5,-16.2,PPL,12,,0,,,1
12750051,Lac Rose,Lac Rose,14.83224,-17.23702,PPL,01,7733009,0,,,1
13552839,Lagabèl,Lagabel,14.62528,-15.96834,PPL,03,2248699,0,,,1
2249438,Lagane,Lagane,14.53333,-15.98333,PPL,03,,0,,,1
2249437,Lagbar,Lagbar,15.8329,-14.8107,PPL,13,,0,,,1
2249436,Lagnar,Lagnar,14.66775,-16.33067,PPL,03,,0,,,1
13507033,Lagnar Pokh,LagnarPokh,14.65808,-16.33073,PPL,03,2252312,0,,,1
6648035,Lago,Lago,14.19281,-12.2196,PPL,05,,0,,,1
2249435,Lagordé,Lagorde,12.4087,-12.5628,PPL,17,,0,,,1
2249434,Lagué,Lague,14.15442,-15.37536,PPL,16,,0,,,1
2249432,Lahel,Lahel,16.6323,-14.65224,PPL,14,,0,,,1
13507051,Lak,Lak,14.71772,-16.33507,PPL,03,2254315,0,,,1
2249427,Lakanta,Lakanta,12.7061,-12.4209,PPL,17,,0,,,1
2248489,Lakhar,Lakhar,14.5125,-16.35371,PPL,09,,0,,,2
13508557,Lakhar,Lakhar,14.4976,-16.29977,PPL,09,7670866,0,,,2
2595453,Lakhfous,Lakhfous,14.59748,-17.0962,PPL,07,,0,,,1
13504804,Lala,Lala,14.90539,-16.53981,PPL,03,2254315,0,,,1
2249425,Lalam,Lalam,14.49658,-16.66398,PPL,07,,0,,,1
2249424,Lalane Diokoun,LalaneDiokoun,14.85194,-16.8897,PPL,07,,0,,,1
2249423,Lalli,Lalli,14.11257,-12.19313,PPL,05,,0,,,1
2249421,Laloye,Laloye,14.32903,-15.94908,PPL,10,,0,,,1
2249403,Lam-Lam,Lam-Lam,14.90425,-16.87915,PPL,07,,0,,,1
2249419,Lama,Lama,14.11667,-13.66667,PPL,05,,0,,,2
13552846,Lama,Lama,14.68481,-15.90572,PPL,03,2248699,0,,,2
2249417,Lama Kibel,Lama Kibel,13.66667,-14.46667,PPL,05,,0,,,1
2249415,Lama Peul,Lama Peul,13.68333,-14.48333,PPL,05,,0,,,1
2249416,Lamane,Lamane,14.55301,-16.1159,PPL,03,,0,,,1
13552835,Lamb,Lamb,14.62483,-15.91211,PPL,03,2248699,0,,,1
2249413,Lambadjé,Lambadje,15.65,-16.36667,PPL,13,,0,,,1
2249412,Lambane Touré,Lambane Toure,15.31667,-16.66667,PPL,13,,0,,,1
2249411,Lambane Vilane,Lambane Vilane,15.3,-16.68333,PPL,13,,0,,,1
2249410,Lambango,Lambango,15.46667,-13.53333,PPL,15,,0,,,1
2249391,Lambanèm,Lambanem,14.50962,-16.45873,PPL,09,,0,,,1
2249408,Lambatara,Lambatara,13.2,-14.26667,PPL,11,,0,,,1
2249406,Lambaye,Lambaye,14.8042,-16.53298,PPL,03,,0,,,3
2249407,Lambaye,Lambaye,14.02955,-16.33521,PPL,09,,0,,,3
2251575,Lambaye,Lambaye,14.44748,-15.6498,PPL,16,,0,,,3
2249390,Lambayène,Lambayene,14.56077,-16.63212,PPL,07,,0,,,1
13508983,Lambokhé,Lambokhe,14.34573,-16.06895,PPL,10,10778869,0,,,1
2249405,Lamina,Lamina,13.60549,-12.02635,PPL,05,,0,,,1
2249404,Laminia,Laminia,12.6407,-12.1099,PPL,17,,0,,,1
2249400,Lamouèye,Lamoueye,13.18333,-13.46667,PPL,05,,0,,,1
2249399,Lamoye,Lamoye,13.31667,-14.78333,PPL,11,,0,,,1
2249397,Lamoye Badara,Lamoye Badara,13.83333,-13.45,PPL,05,,0,,,1
2249398,Lamoyé Ali Diogoma,Lamoye Ali Diogoma,13.31667,-14.76667,PPL,11,,0,,,1
2249396,Lampado,Lampado,15.6635,-15.9619,PPL,13,,0,,,1
2249395,Lampsar,Lampsar,16.1075,-16.34528,PPL,14,,0,,,1
2249393,Lamsar,Lamsar,14.88781,-16.49632,PPL,03,,0,,,1
2596018,Lamsar Peul,Lamsar Peul,16.10222,-16.3325,PPL,14,,0,,,1
2249388,Landang,Landang,14.38343,-15.88983,PPL,09,,0,,,1
2249386,Landiéni,Landieni,12.5555,-12.3681,PPL,17,,0,,,1
2249439,Landongol,Landongol,14.62876,-15.94859,PPL,03,,0,,,1
2595516,Landou,Landou,14.71953,-17.08351,PPL,07,,0,,,1
2249387,Landé Baytil,Lande Baytil,12.5505,-12.4026,PPL,17,,0,,,1
2249382,Langar Deun,LangarDeun,14.81473,-16.40886,PPL,03,,0,,,1
2249383,Langar Pèye,LangarPeye,14.84297,-16.45379,PPL,03,,0,,,1
2249380,Langomak,Langomak,14.53745,-16.56867,PPL,07,,0,,,1
13552818,Langsar,Langsar,14.55685,-15.76724,PPL,09,2251492,0,,,1
13508549,Languèm,Languem,14.458,-16.38392,PPL,09,7670866,0,,,1
2249378,Languène,Languene,14.43333,-16.36667,PPL,09,,0,,,1
2249377,Lanpour,Lanpour,14.0,-14.63333,PPL,16,,0,,,1
2249376,Lanta,Lanta,14.07062,-15.58804,PPL,16,,0,,,1
2249384,Lanène,Lanene,14.36225,-15.38104,PPL,16,,0,,,1
2249372,Larédji,Laredji,13.6,-13.61667,PPL,05,,0,,,1
13617457,Lathew,Lathew,15.8171,-16.51946,PPL,13,2249224,0,,,1
2249371,Lati,Lati,12.5175,-16.03333,PPL,12,,0,,,1
2249367,Latmingué,Latmingue,14.06972,-15.93311,PPL,10,,0,,,1
2249363,Lavassor,Lavassor,15.2,-16.48333,PPL,07,,0,,,1
13505357,Lawbé,Lawbe,14.91621,-16.27259,PPL,03,2252312,0,,,1
13505560,Lawniandé,Lawniande,14.94937,-16.04912,PPL,03,2248699,0,,,1
2249362,Layabe,Layabe,14.84919,-16.17696,PPL,03,,0,,,1
2249361,Layam,Layam,14.73333,-16.28333,PPL,03,,0,,,1
2249360,Laye,Laye,15.61667,-16.18333,PPL,13,,0,,,1
13554063,Layi,Layi,14.28187,-15.58726,PPL,16,2251008,0,,,1
2249359,Layène,Layene,14.47487,-16.10031,PPL,09,,0,,,2
2595709,Layène,Layene,14.76064,-17.46466,PPLX,01,,0,,,2
2249358,Layène Korédia,Layene Koredia,13.81667,-15.9,PPL,10,,0,,,1
2249357,Layéyana,Layeyana,15.4,-16.05,PPL,13,,0,,,1
2595758,Le Plateau,Le Plateau,14.66222,-17.43972,PPLX,01,,34713,,,1
2249352,Leboudi,Leboudi,16.63471,-14.71838,PPL,14,,0,,,1
2249349,Leclerc,Leclerc,14.73333,-17.45,PPL,01,,0,,,1
2249347,Lefeu,Lefeu,13.04701,-16.13288,PPL,12,,0,,,1
2249334,Lemdou,Lemdou,15.63333,-16.05,PPL,13,,0,,,1
2249329,Lenguédié,Lenguedie,13.18333,-14.36667,PPL,11,,0,,,1
6917781,Lenguékoto,Lenguekoto,12.6908,-12.7863,PPL,17,,0,,,1
2595699,Les Almadies,Les Almadies,14.74475,-17.52568,PPLL,01,,0,,,1
2249343,Leïbar,Leibar,15.98472,-16.46972,PPL,14,,0,,,1
2249290,Li Kounda,Li Kounda,13.33333,-15.5,PPL,18,,0,,,1
2249297,Liane,Liane,15.7975,-14.2857,PPL,14,,0,,,1
2249289,Likounda,Likounda,13.78333,-13.83333,PPL,05,,0,,,1
13509073,Likèm,Likem,14.25323,-16.09551,PPL,10,10778869,0,,,1
2249292,Likéringto,Likeringto,12.86667,-14.61667,PPL,11,,0,,,1
2249287,Limane,Limane,12.5075,-15.63139,PPL,18,,0,,,2
13658038,Limane,Limane,13.87726,-16.38763,PPL,09,2251792,0,,,2
2249273,Lindé,Linde,15.1527,-15.1401,PPL,13,,0,,,1
2249285,Lingokoto,Lingokoto,13.14053,-11.50849,PPL,05,,0,,,1
2249281,Linguère,Linguere,15.3953,-15.1193,PPL,13,,19191,,,1
2249284,Linguédié Ngotam,Linguedie Ngotam,13.28333,-14.78333,PPL,11,,0,,,1
2249278,Linguéyel,Lingueyel,13.11667,-13.68333,PPL,11,,0,,,2
2249279,Linguéyel,Lingueyel,12.68333,-14.45,PPL,11,,0,,,2
2249264,Linkering,Linkering,12.95,-13.75,PPL,11,,0,,,1
2249276,Linkiéto,Linkieto,12.70639,-15.81083,PPL,18,,0,,,1
2249271,Linkolé,Linkole,14.1697,-12.60202,PPL,05,,0,,,1
2249270,Linkoné,Linkone,14.07104,-12.57164,PPL,05,,0,,,1
2249277,Linkédian,Linkedian,13.13333,-15.16667,PPL,11,,0,,,1
2249272,Linndiane,Linndiane,14.18333,-16.16667,PPL,10,,0,,,1
2249274,Linndé,Linnde,14.65,-15.96667,PPL,03,,0,,,1
2249269,Linnguéoual,Linngueoual,12.93333,-13.78333,PPL,11,,0,,,1
2249268,Linnguéwal,Linnguewal,12.88333,-14.06667,PPL,11,,0,,,1
2249267,Linnguéwal Tobo,Linnguewal Tobo,12.76667,-14.3,PPL,11,,0,,,1
2249265,Linnkéring,Linnkering,12.96667,-14.3,PPL,11,,0,,,2
2249266,Linnkéring,Linnkering,12.68333,-14.9,PPL,11,,0,,,2
2249263,Liou,Liou,15.76667,-13.66667,PPL,15,,0,,,1
6647967,Lista,Lista,14.95542,-12.92553,PPL,05,,0,,,1
2249261,Lite,Lite,15.81667,-16.46667,PPL,13,,0,,,1
2249259,Lobali,Lobali,15.17573,-12.79619,PPL,15,,0,,,1
2249258,Lobor Ngoko,Lobor Ngoko,15.08333,-16.91667,PPL,07,,0,,,1
13504779,Lobét,Lobet,14.78887,-16.54412,PPL,03,2254315,0,,,1
2249255,Lofé,Lofe,14.35,-14.06667,PPL,05,,0,,,1
13508584,Logdir,Logdir,14.49091,-16.48474,PPL,09,7670866,0,,,1
13658202,Lohine,Lohine,13.80536,-16.12035,PPL,10,2247158,0,,,1
2249253,Lohène,Lohene,13.66667,-15.51667,PPL,10,,0,,,2
13658130,Lohène,Lohene,13.87677,-16.15798,PPL,10,2250807,0,,,2
2249249,Lol Lol Peul,Lol Lol Peul,15.115,-15.2589,PPL,13,,0,,,1
2249389,Lombél,Lombel,12.44402,-11.99629,PPL,17,,0,,,1
2249248,Lompoul,Lompoul,15.428,-16.7199,PPL,07,,0,,,1
13505542,Lomène,Lomene,14.83567,-16.13515,PPL,03,2252312,0,,,1
2249246,Lonbi,Lonbi,14.14585,-12.28751,PPL,05,,0,,,1
2249245,Lonbol,Lonbol,14.72433,-12.55435,PPL,05,,0,,,1
2249244,Longkane,Longkane,13.91667,-15.56667,PPL,16,,0,,,1
2249243,Longor,Longor,15.68333,-16.48333,PPL,13,,0,,,1
2249239,Lordodj,Lordodj,15.4375,-15.4397,PPL,13,,0,,,1
2249238,Lordouga,Lordouga,14.84074,-12.99937,PPL,15,,0,,,1
13507224,Lorfi,Lorfi,14.60621,-16.07403,PPL,03,2252312,0,,,1
2249237,Loridji,Loridji,14.23046,-12.91488,PPL,05,,0,,,1
2249236,Loro,Loro,15.28333,-16.1,PPL,13,,0,,,1
2595495,Los,Los,14.67515,-17.11571,PPLX,07,,0,,,2
2595626,Los,Los,14.70144,-17.16064,PPL,01,,0,,,2
2595636,Lossa,Lossa,14.71483,-17.15542,PPL,01,,0,,,1
2249232,Lotoké,Lotoke,15.41977,-13.35232,PPL,15,,0,,,1
2249235,Lotye Diamboye,Lotye Diamboye,15.2899,-15.8799,PPL,13,,0,,,1
2249234,Loté,Lote,15.73333,-16.05,PPL,13,,0,,,1
13554111,Louango Pâfa,LouangoPafa,14.29957,-15.07945,PPL,16,10778871,0,,,1
2249230,Louba,Louba,13.85,-15.53333,PPL,16,,0,Pulaar/Fulani,clan/family name root,1
2249257,Loubougal,Loubougal,14.79575,-12.82067,PPL,15,,0,,,1
2249226,Loudia Diola,Loudia Diola,12.53389,-16.60361,PPL,12,,0,,,1
2249225,Loudia Ouolof,Loudia Ouolof,12.51361,-16.60333,PPL,12,,0,,,1
2595459,Louf,Louf,14.60738,-17.09121,PPL,07,,0,,,1
2249222,Louga,Louga,15.61867,-16.22436,PPLA,13,,113365,,,1
13553615,Lougane,Lougane,14.52231,-15.18982,PPL,16,10778871,0,,,1
2249220,Lougayama,Lougayama,14.53333,-14.66667,PPL,16,,0,,,1
6646781,Louggué Foulbé,Louggue Foulbe,16.05895,-13.92172,PPL,14,,0,,,1
2249195,Louggué Sébbé,Louggue Sebbe,16.05829,-13.92361,PPL,14,,0,,,1
2249216,Louggué Tiékodié,Louggue Tiekodie,14.66667,-13.98333,PPL,15,,0,,,1
2249194,Louggué Tôrobbé,Louggue Torobbe,16.05669,-13.92272,PPL,14,,0,,,1
2249214,Lougol,Lougol,14.15636,-15.72205,PPL,16,,0,,,1
2249213,Lougou-Fourodi,Lougou-Fourodi,16.51161,-14.99816,PPL,14,,0,,,1
2249212,Lougoul,Lougoul,14.95096,-16.07374,PPL,03,,0,,,1
2249211,Lougoundo,Lougoundo,13.45767,-12.44305,PPL,05,,0,,,1
2249210,Lougré,Lougre,15.1557,-15.913,PPL,13,,0,,,1
2249193,Lougui Ouolof,Lougui Ouolof,15.6047,-15.9616,PPL,13,,0,,,1
2249241,Lougui Peul,Lougui Peul,15.6158,-15.949,PPL,13,,0,,,1
2249207,Lougué,Lougue,14.08348,-15.53732,PPL,16,,0,,,3
2249208,Lougué,Lougue,14.06973,-12.94262,PPL,05,,0,,,3
2249209,Lougué,Lougue,13.78333,-15.76667,PPL,10,,0,,,3
2249219,Lougué Nodi,Lougue Nodi,14.70967,-12.97105,PPL,15,,0,,,1
2249205,Louguéniani,Lougueniani,12.4604,-12.5572,PPL,17,,0,,,1
2249201,Louguéré Baba,Louguere Baba,16.61049,-14.77536,PPL,14,,0,Pulaar/Fulani,clan/family name root,2
2249202,Louguéré Baba,Louguere Baba,15.01667,-13.55,PPL,15,,0,Pulaar/Fulani,clan/family name root,2
2249196,Louguéré Mbaba,Louguere Mbaba,15.7272,-14.4282,PPL,14,,0,Pulaar/Fulani,clan/family name root,1
2249218,Louguéré Tioli,Louguere Tioli,15.559,-14.6186,PPL,13,,0,,,1
2249080,Loukhous,Loukhous,14.90829,-16.99902,PPL,07,,0,,,1
2245711,Louki Séane,LoukiSeane,14.2578,-16.02839,PPL,10,,0,,,1
13507266,Loukouk,Loukouk,14.56401,-16.21761,PPL,09,7670866,0,,,1
2249192,Loukoukou,Loukoukou,14.31897,-16.52713,PPL,09,,0,,,1
13507467,Loul Mboudaye,LoulMboudaye,14.33577,-16.62755,PPL,09,7670866,0,,,1
13507460,Loul Ndiodione,LoulNdiodione,14.33327,-16.60388,PPL,09,7670866,0,,,1
2249187,Loul Ndour Ndour,LoulNdourNdour,14.34069,-16.5968,PPL,09,,0,,,1
13507447,Loul Sob,LoulSob,14.34478,-16.60727,PPL,09,7670866,0,,,1
2249185,Loul Séssène,Loul Sessene,14.31507,-16.60877,PPL,09,,0,,,1
2249340,Louldé,Loulde,14.81549,-15.47782,PPL,03,,0,,,1
13507349,Louli Bèntégné,LouliBentegne,14.43218,-16.86874,PPL,07,2248478,0,,,1
2249189,Louli Mbafaye,Louli Mbafaye,14.44655,-16.86209,PPL,07,,0,,,1
2249188,Louli Mboudaye,Louli Mboudaye,14.41667,-16.85,PPL,07,,0,,,1
2249186,Louli Ndia,LouliNdia,14.44022,-16.82715,PPL,07,,0,,,1
2249190,Louli Ngogom,Louli Ngogom,14.44212,-16.83787,PPL,07,,0,,,1
13507321,Louli Sindiane,LouliSindiane,14.44541,-16.88229,PPL,07,2248478,0,,,1
13504808,Louloup,Louloup,14.75638,-16.56859,PPL,03,2254315,0,,,1
13507355,Loulu Gal,LouluGal,14.46254,-16.83458,PPL,07,2248478,0,,,1
2249091,Loum Ferbé,Loum Ferbe,16.29331,-14.36819,PPL,14,,0,,,1
2249184,Loumatir,Loumatir,14.57275,-16.7066,PPL,07,,0,,,1
2249117,Loumbal,Loumbal,16.01009,-13.82615,PPL,14,,0,,,2
2249176,Loumbal,Loumbal,15.3883,-15.5055,PPL,13,,0,,,2
13551638,Loumbal Manga,LoumbalManga,14.81999,-15.36427,PPL,13,2249283,0,,,1
2249175,Loumbel,Loumbel,15.704,-15.8413,PPL,13,,0,,,3
2249177,Loumbel,Loumbel,15.25451,-14.8967,PPL,13,,0,,,3
2249178,Loumbel,Loumbel,15.1295,-15.6646,PPL,13,,0,,,3
2249172,Loumbel Bassinaré,Loumbel Bassinare,15.276,-15.8225,PPL,13,,0,,,1
2249173,Loumbel Bissinabé,Loumbel Bissinabe,15.9949,-15.7683,PPL,13,,0,,,1
2249171,Loumbel Boki,Loumbel Boki,15.0469,-15.9056,PPL,13,,0,,,1
2249168,Loumbel Djibi,Loumbel Djibi,15.8435,-14.6567,PPL,13,,0,,,1
2249166,Loumbel Douki,Loumbel Douki,15.3994,-15.5802,PPL,13,,0,,,1
2249146,Loumbel Déba,Loumbel Deba,15.9302,-15.0208,PPL,13,,0,Pulaar/Fulani,clan/family name root,1
2249164,Loumbel Gaoudi,Loumbel Gaoudi,15.4495,-15.5489,PPL,13,,0,,,1
2249160,Loumbel Koral,Loumbel Koral,15.3572,-15.628,PPL,13,,0,,,1
2249159,Loumbel Ladé,Loumbel Lade,15.0708,-15.8828,PPL,13,,0,,,1
2249158,Loumbel Lana,Loumbel Lana,15.2653,-14.7287,PPL,13,,0,,,1
2249157,Loumbel Mbatma,Loumbel Mbatma,15.8401,-14.5026,PPL,14,,0,,,1
2249152,Loumbel Saye,Loumbel Saye,14.6,-16.06667,PPL,03,,0,,,1
2249151,Loumbel Saye Koye,Loumbel Saye Koye,15.0983,-15.7025,PPL,13,,0,,,1
2249149,Loumbel Tédou,Loumbel Tedou,15.4375,-15.6215,PPL,13,,0,,,1
2249143,Loumbi,Loumbi,15.7755,-15.757,PPL,13,,0,,,5
2249144,Loumbi,Loumbi,15.75,-13.9,PPL,15,,0,,,5
2249145,Loumbi,Loumbi,14.45,-14.25,PPL,05,,0,,,5
2249247,Loumbi,Loumbi,14.12674,-12.72632,PPL,05,,0,,,5
6917505,Loumbi,Loumbi,15.6112,-15.1172,PPL,13,,0,,,5
2249139,Loumbi Abobé,Loumbi Abobe,14.71667,-14.6,PPL,13,,0,,,1
2249138,Loumbi Arabobé,Loumbi Arabobe,15.8654,-15.5014,PPL,13,,0,,,1
2249135,Loumbi Diabi,Loumbi Diabi,15.9311,-15.4639,PPL,14,,0,,,1
13553466,Loumbi Diawéli,LoumbiDiaweli,14.51519,-15.66766,PPL,09,2251492,0,,,1
2249133,Loumbi Diénguel,Loumbi Dienguel,15.9774,-14.2559,PPL,14,,0,,,1
2249131,Loumbi Guido,Loumbi Guido,15.8725,-14.6334,PPL,13,,0,,,1
2249128,Loumbi Nialbi,Loumbi Nialbi,15.2,-13.8,PPL,15,,0,,,1
6648009,Loumbi Sadio,Loumbi Sadio,14.06395,-12.76704,PPL,05,,0,,,1
2249129,Loumbi-Laoubé,Loumbi-Laoube,15.4585,-15.815,PPL,13,,0,,,1
2249127,Loumbinol,Loumbinol,15.3941,-14.6653,PPL,13,,0,,,1
2249123,Loumbodo Fodji,Loumbodo Fodji,15.3683,-15.9156,PPL,13,,0,,,1
2249118,Loumbol,Loumbol,15.88333,-16.01667,PPL,13,,0,,,4
2249119,Loumbol,Loumbol,15.31667,-13.73333,PPL,15,,0,,,4
2249120,Loumbol,Loumbol,14.43333,-14.98333,PPL,16,,0,,,4
2249121,Loumbol,Loumbol,14.4,-14.6,PPL,05,,0,,,4
2249116,Loumbol Alessek,Loumbol Alessek,14.31667,-14.51667,PPL,05,,0,,,1
2249115,Loumbol Amar,Loumbol Amar,15.51667,-13.63333,PPL,15,,0,,,1
2249113,Loumbol Baraguel,Loumbol Baraguel,14.91117,-15.56442,PPL,13,,0,,,1
6647975,Loumboul Tobito,Loumboul Tobito,14.76531,-12.58117,PPL,05,,0,,,1
13551954,Loumbèl Doki,LoumbelDoki,14.85522,-15.14709,PPL,13,2249283,0,,,1
2249180,Loumbé Sayé Sérèr,LoumbeSayeSerer,14.67112,-15.98398,PPL,03,,0,,,1
2249161,Loumbél Kéli,LoumbelKeli,14.38621,-16.06065,PPL,09,,0,,,1
13509052,Loumbél Mbaye,LoumbelMbaye,14.40602,-16.0658,PPL,09,2251492,0,,,1
13507273,Loumbél Tiaw,LoumbelTiaw,14.59945,-16.08858,PPL,03,2252312,0,,,1
2249147,Loumbéoro,Loumbeoro,15.9097,-15.0563,PPL,13,,0,,,1
2249093,Loumène,Loumene,15.0884,-15.8914,PPL,13,,0,,,6
2249094,Loumène,Loumene,14.9692,-15.92341,PPL,03,,0,,,6
2249095,Loumène,Loumene,14.05905,-15.59827,PPL,16,,0,,,6
2251336,Loumène,Loumene,14.82434,-16.20368,PPL,03,,0,,,6
13552842,Loumène,Loumene,14.55777,-15.92287,PPL,03,2248699,0,,,6
13657997,Loumène,Loumene,13.9538,-16.25025,PPL,09,2251792,0,,,6
13658138,Loumène Massar,Loumene Massar,13.88903,-16.07571,PPL,10,2250807,0,,,1
2249092,Louméne,Loumene,15.4906,-15.9447,PPL,13,,0,,,1
2249086,Lountyi,Lountyi,13.83333,-13.03333,PPL,05,,0,,,1
2249084,Lour Escale,Lour Escale,14.21667,-14.73333,PPL,16,,0,,,1
2249083,Lour Gaodé,Lour Gaode,15.8938,-14.0534,PPL,14,,0,,,1
2249082,Lour Harao,Lour Harao,15.9155,-14.0555,PPL,14,,0,,,1
2249081,Lour Ouolof,Lour Ouolof,15.9458,-14.0287,PPL,14,,0,,,1
2249079,Loyène,Loyene,15.48333,-16.33333,PPL,13,,0,,,4
13505480,Loyène,Loyene,14.84084,-16.4301,PPL,03,2254315,0,,,4
13505516,Loyène,Loyene,14.76776,-16.176,PPL,03,2252312,0,,,4
13554688,Loyène,Loyene,14.22914,-15.01002,PPL,16,10778872,0,,,4
2249078,Loyène Bar,Loyene Bar,15.21667,-16.5,PPL,07,,0,,,1
2249077,Loyène Niérou,Loyene Nierou,15.26667,-16.51667,PPL,07,,0,,,1
2251088,Lyndiane,Lyndiane,14.18332,-16.13867,PPL,10,,0,,,2
6586401,Lyndiane,Lyndiane,12.46944,-11.90028,PPL,17,,0,,,2
2249445,Lâ,La,14.76667,-15.98333,PPL,03,,0,,,1
2249414,Lâmaram Badiane,Lamaram Badiane,13.9516,-16.06944,PPL,10,,0,,,1
2249344,Lègui,Legui,15.6257,-13.35918,PPL,15,,0,,,1
2595520,Lène,Lene,14.72333,-17.05333,PPL,07,,0,,,1
2595413,Lèro,Lero,14.53639,-17.06222,PPLX,07,,0,,,4
2595417,Lèro,Lero,14.53944,-17.06083,PPLX,07,,0,,,4
2595435,Lèro,Lero,14.55444,-17.0607,PPL,07,,0,,,4
2595593,Lèro,Lero,14.63723,-17.12741,PPLX,07,,0,,,4
2249355,Léba,Leba,13.53333,-15.16667,PPL,11,,0,Pulaar/Fulani,clan/family name root,1
2249353,Lébaré Tianniéto,Lebare Tiannieto,12.685,-12.8561,PPL,17,,0,,,1
2249351,Léboudou Doué,Leboudou Doue,16.65,-15.06667,PPL,14,,0,,,1
6659162,Léfakho,Lefakho,13.18327,-11.9321,PPL,17,,0,,,1
2249348,Léféllo,Lefello,12.3499,-12.2561,PPL,17,,0,,,1
2249346,Légnanène,Legnanene,15.6489,-15.9595,PPL,13,,0,,,1
2249345,Léguèt,Leguet,15.53333,-16.2,PPL,13,,0,,,1
2249341,Léla,Lela,12.9,-13.95,PPL,11,,0,,,2
2595606,Léla,Lela,14.64357,-17.179,PPL,01,,0,,,2
2595532,Lélo Ouolof,Lelo Ouolof,14.74677,-17.066,PPL,07,,0,,,1
2595528,Lélo Sérèr,Lelo Serer,14.74901,-17.06275,PPL,07,,0,,,1
2249337,Lélou,Lelou,12.46667,-11.4,PPL,17,,0,,,1
2249328,Lénguéto,Lengueto,12.78333,-14.75,PPL,11,,0,,,1
2249327,Lénkéring,Lenkering,12.96667,-13.76667,PPL,11,,0,,,1
2249326,Léoba,Leoba,13.54221,-12.0474,PPL,05,,0,Pulaar/Fulani,clan/family name root,1
2249321,Léona,Leona,16.06056,-16.255,PPL,14,,0,,,7
2249322,Léona,Leona,15.15,-16.75,PPL,07,,0,,,7
2249323,Léona,Leona,15.11667,-16.21667,PPL,13,,0,,,7
2249324,Léona,Leona,14.21013,-16.74507,PPL,07,,0,,,7
2249325,Léona,Leona,13.8,-15.53333,PPL,10,,0,,,7
2595998,Léona,Leona,16.01722,-16.4975,PPLX,14,,0,,,7
13504558,Léona,Leona,14.762,-16.90818,PPL,07,2244804,0,,,7
2249320,Léona Ndiaye,Leona Ndiaye,15.715,-16.4573,PPL,13,,0,,,1
2595465,Léra,Lera,14.62606,-17.10348,PPL,07,,0,,,1
2249318,Lérabé,Lerabe,16.51893,-14.71393,PPL,14,,0,,,1
2249317,Lérane Koli,Lerane Koli,13.96918,-16.39223,PPL,09,,0,,,1
2249316,Lérane Sambou,Lerane Sambou,13.9405,-16.38694,PPL,09,,0,,,1
2249312,Lérovalo,Lerovalo,13.15,-14.06667,PPL,11,,0,,,1
2249313,Lérène,Lerene,14.6,-16.33333,PPL,03,,0,,,1
2249342,Lésféllo,Lesfello,12.4459,-12.0248,PPL,17,,0,,,1
2249310,Léti Kobra,Leti Kobra,15.376,-15.4414,PPL,13,,0,,,1
2249304,Lévé Ngaou,Leve Ngaou,15.2322,-14.8602,PPL,13,,0,,,1
2249298,Lévé Pobi,Leve Pobi,16.43334,-14.84759,PPL,14,,0,,,1
2249307,Léwa Diafoulbé,Lewa Diafoulbe,14.29504,-12.70812,PPL,05,,0,,,1
6647988,Léwa Diawandélé,Lewa Diawandele,14.29992,-12.70023,PPL,05,,0,,,1
2249260,Léwé,Lewe,14.21121,-15.68845,PPL,16,,0,,,3
2249305,Léwé,Lewe,14.62682,-15.62473,PPL,09,,0,,,3
2249306,Léwé,Lewe,14.32287,-15.28244,PPL,16,,0,,,3
6644083,Léwé Damga,Lewe Damga,15.47933,-13.2185,PPL,15,,0,,,1
6644084,Léwé Nguenar,Lewe Nguenar,15.4792,-13.22345,PPL,15,,0,,,1
2249299,Léyène,Leyene,15.08333,-16.46667,PPL,07,,0,,,3
2249300,Léyène,Leyene,14.739,-15.84919,PPL,03,2248699,0,,,3
2249301,Léyène,Leyene,13.73333,-15.7,PPL,10,,0,,,3
2249252,Lôyène,Loyene,15.692,-15.9665,PPL,13,,0,,,2
13505461,Lôyène,Loyene,14.9158,-16.47703,PPL,03,2254315,0,,,2
2249076,Mabo,Mabo,13.91667,-15.68333,PPL,10,,0,,,1
2249075,Madayana,Madayana,15.80194,-16.43417,PPL,13,,0,,,1
13554030,Madia,Madia,14.28425,-15.82104,PPL,10,10778869,0,,,1
2249070,Madiali,Madiali,13.5,-13.56667,PPL,05,,0,,,1
2249069,Madianké,Madianke,13.25,-14.95,PPL,11,,0,,,1
2249066,Madifatouma,Madifatouma,13.57776,-12.88486,PPL,05,,0,,,1
2248444,Madina,Madina,14.72306,-15.82945,PPL,03,,0,,,14
2249053,Madina,Madina,15.25,-13.9,PPL,15,,0,,,14
2249055,Madina,Madina,13.98333,-14.95,PPL,16,,0,,,14
2249056,Madina,Madina,13.98333,-14.53333,PPL,05,,0,,,14
2249057,Madina,Madina,13.86667,-13.53333,PPL,05,,0,,,14
2249058,Madina,Madina,13.31667,-15.75,PPL,18,,0,,,14
2249059,Madina,Madina,13.16969,-11.789,PPL,17,,0,,,14
2249060,Madina,Madina,13.05,-14.28333,PPL,11,,0,,,14
2249061,Madina,Madina,12.76417,-15.22611,PPL,18,,0,,,14
2249062,Madina,Madina,12.69694,-15.845,PPL,18,,0,,,14
2249063,Madina,Madina,12.62472,-15.68139,PPL,18,,0,,,14
2249064,Madina,Madina,12.50972,-16.03528,PPL,12,,0,,,14
2249065,Madina,Madina,12.51667,-15.78333,PPL,18,,0,,,14
13509084,Madina,Madina,14.17331,-16.77225,PPL,07,2248478,0,,,14
2249051,Madina Abdou,Madina Abdou,12.86667,-14.58333,PPL,11,,0,,,1
2249050,Madina Alfa,Madina Alfa,13.26667,-14.61667,PPL,11,,0,,,1
2249048,Madina Amadi Sédi,Madina Amadi Sedi,14.22967,-12.76672,PPL,05,,0,,,1
2249049,Madina Amadé Malik,Madina Amade Malik,13.95,-13.51667,PPL,05,,0,,,1
6917778,Madina Arsas,Madina Arsas,12.6274,-12.8743,PPL,17,,0,,,1
2248446,Madina Babou,MadinaBabou,14.00427,-15.83564,PPL,10,,0,,,1
13658001,Madina Bacar Sar,Madina Bacar Sar,13.77556,-16.43398,PPL,09,2251792,0,,,1
2249047,Madina Bafé,Madina Bafe,12.49656,-11.52883,PPL,17,,0,,,1
2249046,Madina Bayène,Madina Bayene,13.31667,-14.71667,PPL,11,,0,,,1
2249045,Madina Beye,Madina Beye,15.28333,-16.68333,PPL,13,,0,,,1
2249044,Madina Birane,Madina Birane,13.38333,-14.8,PPL,11,,0,,,1
2249043,Madina Boïdo Kamara,Madina Boido Kamara,13.2,-14.98333,PPL,11,,0,,,1
13658726,Madina Daffé,Madina Daffe,13.1175,-16.63586,PPL,12,2253903,0,,,1
2249042,Madina Dahaba,Madina Dahaba,13.43333,-14.96667,PPL,11,,0,Pulaar/Fulani,clan/family name root,1
2249041,Madina Dantilia,Madina Dantilia,12.81663,-11.91286,PPL,17,,0,,,1
2249040,Madina Diaka,Madina Diaka,13.8,-13.96667,PPL,05,,0,,,1
2249038,Madina Diam,Madina Diam,13.56667,-13.56667,PPL,05,,0,,,1
2249037,Madina Diamboye,Madina Diamboye,13.21667,-14.38333,PPL,11,,0,,,1
2249036,Madina Dianambé Kandé,Madina Dianambe Kande,13.06667,-15.08333,PPL,11,,0,,,1
2249035,Madina Dianbéré,Madina Dianbere,13.15,-14.16667,PPL,11,,0,,,1
2248445,Madina Dianké,MadinaDianke,14.17598,-15.35642,PPL,16,,0,,,1
13554666,Madina Dék Gouye,MadinaDekGouye,14.06071,-15.05408,PPL,16,10778872,0,,,1
13553595,Madina Fal,MadinaFal,14.71563,-15.43278,PPL,16,10778871,0,,,1
2249033,Madina Faroto,Madina Faroto,12.66962,-11.79902,PPL,17,,0,,,1
2248434,Madina Fas,MadinaFas,14.15532,-15.17995,PPL,16,,0,,,1
2249032,Madina Finndiféto,Madina Finndifeto,12.80583,-15.52889,PPL,18,,0,,,1
2249031,Madina Fofana,Madina Fofana,13.15,-13.96667,PPL,11,,0,,,1
2249030,Madina Foulbé,Madina Foulbe,13.85179,-12.08093,PPL,05,,0,,,1
2249029,Madina Kodiolani,Madina Kodiolani,13.60545,-12.62041,PPL,05,,0,,,1
2249028,Madina Kokoun,Madina Kokoun,13.33333,-13.76667,PPL,11,,0,,,1
13553613,Madina Kouta,MadinaKouta,14.6558,-15.34225,PPL,16,10778871,0,,,1
2251714,Madina Kébé,MadinaKebe,14.36903,-15.47061,PPL,16,,0,,,1
2249027,Madina Ladji,Madina Ladji,12.75,-14.9,PPL,11,,0,,,1
2248431,Madina Lahine Mara,MadinaLahineMara,14.00567,-15.12638,PPL,16,,0,,,1
2249026,Madina Maboulé,Madina Maboule,13.81667,-13.75,PPL,05,,0,,,1
2249025,Madina Mamadou,Madina Mamadou,12.98333,-14.18333,PPL,11,,0,,,1
2249024,Madina Mandingue,Madina Mandingue,13.01667,-15.5,PPL,18,,0,,,1
2249023,Madina Manfinn,Madina Manfinn,13.63333,-13.73333,PPL,05,,0,,,1
2249022,Madina Mari,Madina Mari,13.18333,-14.3,PPL,11,,0,,,1
2249021,Madina Maye,Madina Maye,13.18333,-14.31667,PPL,11,,0,,,1
13554042,Madina Mbaye,MadinaMbaye,14.3271,-15.84857,PPL,10,10778869,0,,,1
13554083,Madina Mbayène,MadinaMbayene,14.45893,-15.16393,PPL,16,10778871,0,,,1
2248440,Madina Mbobo,MadinaMbobo,14.67104,-15.76803,PPL,09,,0,,,1
13554108,Madina Mbowène,MadinaMbowene,14.29915,-15.42122,PPL,16,10778871,0,,,1
2249020,Madina Ndiatébé,Madina Ndiatebe,16.29431,-14.1385,PPL,14,,0,,,1
2247936,Madina Ndiaye,MadinaNdiaye,14.89681,-15.684,PPL,13,,0,,,2
2248366,Madina Ndiaye,MadinaNdiaye,14.83447,-15.71188,PPL,03,,0,,,2
13554107,Madina Ndiayène,MadinaNdiayene,14.36475,-15.35518,PPL,16,10778871,0,,,2
13554567,Madina Ndiayène,MadinaNdiayene,14.00782,-15.52184,PPL,16,2251008,0,,,2
2248436,Madina Ndiognik,MadinaNdiognik,14.05762,-15.64194,PPL,16,,0,,,1
13554078,Madina Ndioum,MadinaNdioum,14.44763,-15.20162,PPL,16,10778871,0,,,1
2248426,Madina Ndoyène,MadinaNdoyene,14.11619,-15.10787,PPL,16,,0,,,1
13554676,Madina Ndramé,MadinaNdrame,14.09623,-15.107,PPL,16,10778872,0,,,1
13554673,Madina Ngayène,MadinaNgayene,14.04,-15.28309,PPL,16,10778871,0,,,1
2249019,Madina Niana,Madina Niana,13.83333,-13.75,PPL,05,,0,,,1
13554022,Madina Niang,MadinaNiang,14.2702,-15.79054,PPL,16,10778870,0,,,1
13553599,Madina Niassène,MadinaNiassene,14.68683,-15.27772,PPL,13,2249283,0,,,1
2249018,Madina Ouli,Madina Ouli,13.68333,-14.11667,PPL,05,,0,,,1
2249016,Madina Paté,Madina Pate,13.43333,-13.78333,PPL,11,,0,,,2
2249017,Madina Paté,Madina Pate,13.3,-14.53333,PPL,11,,0,,,2
2249015,Madina Ponssan,Madina Ponssan,12.71667,-14.2,PPL,11,,0,,,1
2249014,Madina Samba,Madina Samba,12.7,-14.23333,PPL,11,,0,Pulaar/Fulani,clan/family name root,1
2249013,Madina Sayindi,Madina Sayindi,13.28333,-15.26667,PPL,11,,0,,,1
2249012,Madina Sibikili,Madina Sibikili,13.68333,-13.68333,PPL,05,,0,,,1
13554085,Madina Tawa,MadinaTawa,14.41713,-15.22403,PPL,16,10778871,0,,,1
2249054,Madina Tiacol,Madina Tiacol,14.04327,-12.19011,PPL,05,,0,,,1
2249009,Madina Torobé,Madina Torobe,15.40076,-13.2058,PPL,15,,0,,,2
2249010,Madina Torobé,Madina Torobe,14.68183,-12.90788,PPL,15,,0,,,2
2249008,Madina Torodo,Madina Torodo,13.08333,-15.61667,PPL,18,,0,,,1
2249007,Madina Toubacouta,Madina Toubacouta,13.03139,-11.84118,PPL,17,,0,,,1
2248415,Madina Touré,MadinaToure,14.89601,-15.9903,PPL,03,,0,,,1
13554112,Madina Tyiyène,MadinaTyiyene,14.27613,-15.45782,PPL,16,2251008,0,,,1
12640235,Madina Wandifa,Madina Wandifa,13.05794,-15.64319,PPL,18,10779434,12205,,,1
2249006,Madina Yéro,Madina Yero,13.43333,-13.66667,PPL,05,,0,,,1
2249039,Madina-Diaka,Madina-Diaka,13.85718,-12.90827,PPL,05,,0,,,1
6917795,Madinatou,Madinatou,12.4979,-12.0062,PPL,17,,0,,,1
2249005,Madiou,Madiou,12.4452,-12.0142,PPL,17,,0,,,1
2249068,Madiéda,Madieda,13.13657,-16.23506,PPL,12,,0,,,1
2249067,Madiéri,Madieri,12.78803,-11.78782,PPL,17,10779432,0,,,2
13554440,Madiéri,Madieri,14.24591,-15.87915,PPL,10,10778869,0,,,2
2249004,Madjé,Madje,14.56667,-13.2,PPL,05,,0,,,1
2249072,Madène,Madene,15.2236,-15.5083,PPL,13,,0,,,1
6611639,Maelkadié,Maelkadie,15.10528,-12.73028,PPL,15,,0,,,1
13507003,Mafane,Mafane,14.7418,-16.30294,PPL,03,2252312,0,,,1
2249000,Mafonko,Mafonko,13.03333,-15.91667,PPL,18,,0,,,1
2248998,Magana Boubakar,Magana Boubakar,13.01667,-14.8,PPL,11,,0,,,1
13504740,Magnagne,Magnagne,14.85818,-16.61152,PPL,03,2254315,0,,,1
2248997,Mahafar,Mahafar,15.5266,-15.8315,PPL,13,,0,,,1
2248995,Mahamouda Deux,Mahamouda Deux,13.10596,-16.68301,PPL,12,,0,,,1
2248991,Mahmouda,Mahmouda,12.96667,-16.5,PPL,12,,0,,,1
2571768,Mahmouda II,Mahmouda II,13.10667,-16.68639,PPL,12,,0,,,1
2248990,Mahon,Mahon,12.85,-14.81667,PPL,11,,0,,,1
2248988,Mahon Oussamara,Mahon Oussamara,12.85,-14.81667,PPL,11,,0,,,1
2248972,Maka,Maka,16.20972,-16.38222,PPL,14,,0,,,12
2248973,Maka,Maka,15.98333,-16.46667,PPL,14,,0,,,12
2248974,Maka,Maka,15.98333,-16.13333,PPL,13,,0,,,12
2248975,Maka,Maka,15.8481,-15.9503,PPL,13,,0,,,12
2248976,Maka,Maka,15.66667,-16.25,PPL,13,,0,,,12
2248977,Maka,Maka,15.28333,-16.48333,PPL,07,,0,,,12
2248978,Maka,Maka,15.2486,-15.9852,PPL,13,,0,,,12
2248979,Maka,Maka,15.01667,-16.95,PPL,07,,0,,,12
2248980,Maka,Maka,13.83333,-15.66667,PPL,16,,0,,,12
2248981,Maka,Maka,13.66667,-14.28333,PPL,05,,0,,,12
2248982,Maka,Maka,12.85306,-15.28861,PPL,18,,0,,,12
13504794,Maka,Maka,14.82514,-16.50306,PPL,03,2254315,0,,,12
2247447,Maka Bas,MakaBas,14.73664,-16.40776,PPL,03,,0,,,2
13506993,Maka Bas,MakaBas,14.72063,-16.38958,PPL,03,2254315,0,,,2
2248969,Maka Bélal,MakaBelal,14.11076,-15.23646,PPL,16,,0,,,1
2248965,Maka Diagne,Maka Diagne,15.33333,-16.35,PPL,13,,0,,,1
2248962,Maka Fal,Maka Fal,15.36667,-16.55,PPL,13,,0,,,1
6920415,Maka Fall,Maka Fall,15.3474,-16.5425,PPL,13,,0,,,1
2248961,Maka Fas,Maka Fas,13.98333,-15.83333,PPL,10,,0,,,1
2248960,Maka Gaye,Maka Gaye,15.81667,-16.16667,PPL,13,,0,,,1
2248956,Maka Handalla,Maka Handalla,13.88333,-15.41667,PPL,16,,0,,,1
2248955,Maka Kahone,Maka Kahone,14.15,-16.01667,PPL,09,,0,,,1
2248954,Maka Kallé,Maka Kalle,15.88333,-16.23333,PPL,13,,0,,,1
2248953,Maka Katal,Maka Katal,13.93333,-14.7,PPL,16,,0,,,1
2248971,Maka Mbaye,MakaMbaye,14.31314,-15.91329,PPL,10,,0,,,1
2248950,Maka Mboubène,Maka Mboubene,15.43333,-16.43333,PPL,13,,0,,,1
2248949,Maka Mop Khari,Maka Mop Khari,15.1,-16.3,PPL,07,,0,,,1
2248948,Maka Mor,Maka Mor,15.75,-16.46667,PPL,13,,0,,,1
2596039,Maka Mor Madiké,Maka Mor Madike,15.75342,-16.5014,PPL,13,,0,,,1
2248943,Maka Ndiaye,Maka Ndiaye,15.66667,-16.4,PPL,13,,0,,,3
2248944,Maka Ndiaye,Maka Ndiaye,15.53333,-16.53333,PPL,13,,0,,,3
13509343,Maka Ndiaye,MakaNdiaye,14.16935,-16.03848,PPL,10,10778869,0,,,3
2248942,Maka Sar,Maka Sar,14.72046,-15.66217,PPL,03,,0,,,1
13509068,Maka Soumbél,MakaSoumbel,14.32468,-16.06675,PPL,10,10778869,0,,,1
2248941,Maka Tioune,Maka Tioune,15.18333,-16.8,PPL,07,,0,,,1
2248939,Maka Touré,Maka Toure,15.7861,-16.4043,PPL,13,,0,,,1
2248936,Maka Yop,Maka Yop,14.03591,-15.02368,PPL,16,,0,,,1
2248957,Maka-Gouye,Maka-Gouye,13.8,-14.95,PPL,10,,0,,,1
2248940,MakaToubé,MakaToube,16.0168,-16.4435,PPL,14,,0,,,1
2248967,Makabing,Makabing,13.43333,-13.7,PPL,05,,0,,,1
2248970,Makabé Koniadji,Makabe Koniadji,13.43333,-13.68333,PPL,05,,0,,,1
2248968,Makabé Sidi,Makabe Sidi,13.41667,-13.68333,PPL,05,,0,,,1
11495813,Makacoulibatang,Makacoulibatang,13.64696,-14.25212,PPL,05,,0,,,1
2248963,Makadou,Makadou,15.2957,-15.9229,PPL,13,,0,,,1
2248959,Makagni,Makagni,13.01667,-14.86667,PPL,11,,0,,,1
2248958,Makagoui,Makagoui,13.78333,-15.23333,PPL,16,,0,,,1
2248952,Makakoto,Makakoto,13.73333,-14.25,PPL,05,,0,,,1
13507016,Makal Hadji,MakalHadji,14.51429,-16.36726,PPL,09,7670866,0,,,1
2248951,Makali,Makali,15.38333,-16.6,PPL,13,,0,,,1
2248947,Makana,Makana,13.05732,-12.12096,PPL,17,,0,,,1
2248945,Makandi,Makandi,13.61667,-14.21667,PPL,05,,0,,,1
2248938,Makayaya,Makayaya,13.65,-13.48333,PPL,05,,0,,,1
2248937,Makayel,Makayel,13.41667,-14.8,PPL,11,,0,,,1
2248933,Makhama,Makhama,13.81667,-15.03333,PPL,10,,0,,,1
2248932,Makhana,Makhana,16.08778,-16.37056,PPL,14,,0,,,1
13658335,Makhmouda,Makhmouda,13.6508,-16.39457,PPL,09,2251792,0,,,1
2248930,Makine,Makine,15.243,-15.9218,PPL,13,,0,,,1
2248929,Mako,Mako,12.8555,-12.3506,PPL,17,,0,,,1
2248928,Makou Abdou Sal,Makou Abdou Sal,13.38333,-14.78333,PPL,11,,0,,,1
2248927,Makouda,Makouda,13.14223,-16.67627,PPL,12,,0,,,1
2248926,Makoumba Souna,Makoumba Souna,13.71667,-16.28333,PPL,09,,0,,,1
2248923,Mal,Mal,16.14333,-15.92583,PPL,14,,0,,,4
2248924,Mal,Mal,16.12667,-15.88833,PPL,14,,0,,,4
2248925,Mal,Mal,16.08694,-15.72389,PPL,14,,0,,,4
6601059,Mal,Mal,16.125,-15.98139,PPL,14,,0,,,4
2248922,Mala Diop,Mala Diop,14.9,-16.1,PPL,03,,0,,,1
2248920,Malandiankounda,Malandiankounda,12.68417,-15.51722,PPL,18,,0,,,1
6586391,Malem,Malem,12.46361,-11.89222,PPL,17,,0,,,1
2248915,Malem Ba,Malem Ba,14.18333,-14.31667,PPL,05,,0,Pulaar/Fulani,clan/family name root,1
11427368,Malem Hodar,Malem Hodar,14.08305,-15.14967,PPL,10,,0,,,1
2248903,Mali Keur Koumba,Mali Keur Koumba,14.61667,-16.68333,PPL,07,,0,Pulaar/Fulani,clan/family name root,1
2248907,Malifara,Malifara,12.60861,-15.58444,PPL,18,,0,,,1
2248906,Malifara Brassou,Malifara Brassou,12.7,-15.31667,PPL,18,,0,,,1
2248905,Malika,Malika,14.79076,-17.33904,PPL,01,,0,,,1
2595826,Malika-Mer,Malika-Mer,14.8022,-17.33882,PPL,01,,0,,,1
13507324,Malikounda Bambara,MalikoundaBambara,14.46257,-16.97053,PPL,07,2248478,0,,,1
2248901,Malikounda Keur Samone Faye,MalikoundaKeurSamoneFaye,14.4854,-16.97091,PPL,07,,0,,,1
2247448,Malikounda Ngoukhoudji,MalikoundaNgoukhoudji,14.45952,-16.95481,PPL,07,,0,,,1
2248900,Malikounda Sas,Malikounda Sas,14.45,-16.96667,PPL,07,,0,,,1
2248902,Malikounda Sérèr,MalikoundaSerer,14.47895,-16.94835,PPL,07,,0,,,1
13514622,Malikounda Wolof,MalikoundaWolof,14.47113,-16.94646,PPL,07,2248478,0,,,1
6586396,Malinda,Malinda,12.47624,-11.95694,PPL,17,,0,,,1
2248898,Malka,Malka,14.49873,-15.95053,PPL,09,,0,,,1
2248913,Malèm,Malem,15.5476,-15.5566,PPL,13,,0,,,2
2248916,Malèm,Malem,14.21667,-13.43333,PPL,05,,0,,,2
2248788,Malèm Hodar,MalemHodar,14.08873,-15.29197,PPL,16,,7879,,,1
2248910,Malèm Niani,Malem Niani,13.93333,-14.3,PPL,05,,2080,,,1
2248908,Malène,Malene,13.93333,-15.73333,PPL,10,,0,,,1
2248917,Maléko,Maleko,13.21117,-12.02445,PPL,17,,0,,,1
2248914,Malém Sérigne,MalemSerigne,14.05729,-15.23541,PPL,16,,0,,,1
2244752,Malém Tialène,MalemTialene,14.0721,-15.24343,PPL,16,,0,,,1
2248889,Mama Ndao,Mama Ndao,14.50554,-12.33955,PPL,05,,0,,,1
2254319,Mamabaré,Mamabare,14.99177,-15.97394,PPL,13,,0,,,1
2248895,Mamadou Boundou,Mamadou Boundou,12.3868,-12.3458,PPL,17,,0,,,1
2248894,Mamadou Kinnsi,Mamadou Kinnsi,12.93333,-13.85,PPL,11,,0,,,1
2248892,Mamadou Koupa,Mamadou Koupa,13.71667,-13.3,PPL,05,,0,,,1
2248891,Mamakono,Mamakono,13.18135,-12.05389,PPL,17,,0,,,1
2248831,Mamankanti,Mamankanti,12.7994,-12.4423,PPL,17,,0,,,1
13658781,Mambing,Mambing,13.12176,-16.05815,PPL,12,2253903,0,,,2
13658786,Mambing,Mambing,13.11712,-16.042,PPL,12,2253903,0,,,2
2248885,Mambounkou,Mambounkou,12.7,-15.26667,PPL,18,,0,,,1
2248883,Mamboya,Mamboya,13.18333,-13.43333,PPL,05,,0,,,2
2248884,Mamboya,Mamboya,12.96667,-13.95,PPL,11,,0,,,2
2248880,Mamoussoulé,Mamoussoule,14.41667,-13.38333,PPL,05,,0,,,1
2248879,Mampalago,Mampalago,12.92139,-15.99639,PPL,12,,0,,,1
2248878,Mampatim,Mampatim,12.86667,-14.33333,PPL,11,,0,,,1
2248877,Mampatim Maoundé,Mampatim Maounde,12.88333,-14.33333,PPL,11,,0,,,1
2248887,Mamâri,Mamari,15.04639,-13.71361,PPL,15,,0,,,1
2248874,Mana,Mana,14.36667,-14.63333,PPL,16,,0,,,1
2248872,Manato,Manato,12.83333,-13.95,PPL,11,,0,,,1
2248873,Manaèl,Manael,15.01155,-12.5022,PPL,15,,0,,,1
2248870,Manbigné,Manbigne,12.96278,-15.86139,PPL,18,,0,,,1
2248869,Manbigné Kantapor,Manbigne Kantapor,13.13333,-15.98333,PPL,12,,0,,,1
2248867,Manbourouk,Manbourouk,12.945,-16.54194,PPL,12,,0,,,1
2248866,Manda,Manda,13.25,-13.88333,PPL,11,,0,,,1
2248864,Mandah,Mandah,13.98333,-15.33333,PPL,16,,0,,,1
2248863,Mandak,Mandak,13.31667,-14.68333,PPL,11,,0,,,1
6659063,Mandakoli,Mandakoli,12.78182,-11.77569,PPL,17,10779432,0,,,1
2248865,Mandangri Toucouleur,MandangriToucouleur,14.6829,-16.80109,PPL,07,,0,,,1
13506467,Mandangri Wolof,MandangriWolof,14.68374,-16.79256,PPL,07,2244804,0,,,1
6659101,Mandankholi,Mandankholi,13.02794,-11.96761,PPL,17,,0,,,1
13508531,Mande Keur Diène,MandeKeurDiene,14.33707,-16.25235,PPL,09,7670866,0,,,1
2248860,Mandian Kounda,Mandian Kounda,12.78333,-14.75,PPL,11,,0,,,1
2248859,Mandiankounda,Mandiankounda,13.56667,-13.9,PPL,05,,0,,,1
2248858,Mandiaye,Mandiaye,14.88333,-15.95,PPL,03,,0,,,1
2248857,Mandina,Mandina,12.53722,-16.25167,PPL,12,,0,,,1
2248856,Mandina-Maro,Mandina-Maro,12.51944,-16.23361,PPL,12,,0,,,1
2248855,Mandiné Fodé Kaba,Mandine Fode Kaba,13.08333,-15.85,PPL,18,,0,Pulaar/Fulani,clan/family name root,1
2248853,Mandioumba,Mandioumba,15.53333,-13.15,PPL,15,,0,Pulaar/Fulani,clan/family name root,2
2248854,Mandioumba,Mandioumba,15.36782,-13.13966,PPL,15,,0,Pulaar/Fulani,clan/family name root,2
2248851,Mandjak,Mandjak,12.52111,-16.35167,PPL,12,,0,,,2
2248852,Mandjak,Mandjak,12.49778,-16.42528,PPL,12,,0,,,2
2248849,Mandouar,Mandouar,12.81667,-16.03333,PPL,12,,0,,,2
2248850,Mandouar,Mandouar,12.74361,-16.16028,PPL,12,,0,,,2
2248848,Mandoufou Fodé,Mandoufou Fode,13.01667,-13.93333,PPL,11,,0,,,1
2248847,Mandoufou Kali,Mandoufou Kali,13.0,-13.91667,PPL,11,,0,,,1
2248862,Mandé Diégane Tiaré,MandeDieganeTiare,14.28435,-16.12892,PPL,10,,0,,,1
13508996,Mandé Keur Diène,MandeKeurDiene,14.3035,-16.13007,PPL,10,10778869,0,,,1
2250174,Mandé Keur Miniane,MandeKeurMiniane,14.2983,-16.12109,PPL,10,,0,,,1
2249482,Mandé Kouta,MandeKouta,14.31522,-16.11083,PPL,10,,0,,,1
2248861,Mandégana,Mandegana,12.74972,-16.38083,PPL,12,,0,,,1
13658700,Mandéra,Mandera,13.61921,-16.05646,PPL,10,2247158,0,,,1
2248843,Mangagoulak,Mangagoulak,12.68833,-16.44444,PPL,12,,0,,,1
2248842,Mangakounda,Mangakounda,12.58,-15.93611,PPL,18,,0,,,1
2248840,Manganèm,Manganem,14.0304,-15.36634,PPL,16,,0,,,1
2248839,Mangara,Mangara,15.18333,-16.25,PPL,13,,0,,,1
2248837,Mangaroungou Santo,Mangaroungou Santo,12.52972,-15.51889,PPL,18,,0,,,1
2248836,Mangassara,Mangassara,13.16667,-13.96667,PPL,11,,0,,,1
2248833,Mangoulé,Mangoule,12.88333,-16.21667,PPL,12,,0,,,1
2248832,Mangoulé Oubème,Mangoule Oubeme,12.85,-16.2,PPL,12,,0,,,1
2248830,Maniaré,Maniare,13.25,-13.86667,PPL,11,,0,,,1
2248829,Manigui,Manigui,13.51667,-14.21667,PPL,05,,0,,,1
2248828,Maniora Mandingue,Maniora Mandingue,13.01667,-15.7,PPL,18,,0,,,1
2248826,Mankakounda,Mankakounda,13.61667,-15.78333,PPL,10,,0,,,1
2248825,Mankolikounda,Mankolikounda,12.58917,-15.49278,PPL,18,,0,,,1
2248824,Mankono Ba,Mankono Ba,12.86583,-15.36111,PPL,18,,0,Pulaar/Fulani,clan/family name root,1
2248823,Mankonondine,Mankonondine,12.765,-15.55278,PPL,18,,0,,,1
2248822,Mankonton,Mankonton,12.9875,-15.675,PPL,18,,0,,,1
2248821,Manpatariel,Manpatariel,13.1,-14.25,PPL,11,,0,,,1
2248819,Mansa Dala,Mansa Dala,13.28333,-13.01667,PPL,05,,0,,,1
2248820,Mansaba,Mansaba,13.25,-15.73333,PPL,18,,0,Pulaar/Fulani,clan/family name root,1
2571737,Mansarinko,Mansarinko,13.59573,-16.48235,PPL,09,,0,,,1
13658699,Mansassou,Mansassou,13.63202,-16.13764,PPL,09,2251792,0,,,1
2248817,Mantat,Mantat,12.82583,-16.66667,PPL,12,,0,,,1
2248257,Mantiabou,Mantiabou,14.95658,-12.49423,PPL,05,,0,,,1
2248815,Mantiankani,Mantiankani,12.83333,-14.66667,PPL,11,,0,,,1
13658818,Mantoré,Mantore,13.03851,-16.04725,PPL,12,2253903,0,,,1
2248845,Manékounda,Manekounda,12.62861,-15.74667,PPL,18,,0,,,2
2248846,Manékounda,Manekounda,12.53333,-15.78333,PPL,18,,0,,,2
2248844,Manémane,Manemane,13.1497,-16.17226,PPL,12,,0,,,1
2248812,Maodo,Maodo,14.56667,-14.78333,PPL,16,,0,,,1
2248811,Maoua,Maoua,12.52417,-16.07667,PPL,12,,0,,,1
2248809,Maoum,Maoum,12.95,-13.76667,PPL,11,,0,,,1
2251330,Map,Map,14.93066,-16.11721,PPL,03,,0,,,1
2248808,Mapagne,Mapagne,13.68333,-14.38333,PPL,05,,0,,,1
13505405,Maplane,Maplane,14.76725,-16.35501,PPL,03,2254315,0,,,1
2248792,Mar Fafako,Mar Fafako,14.05365,-16.64268,PPL,09,,0,,,1
2248787,Mar Lodj,Mar Lodj,14.04426,-16.67877,PPL,09,,0,,,1
2248775,Mar Soulou,MarSoulou,14.04153,-16.66805,PPL,09,,0,,,1
2248806,Mara,Mara,13.9,-15.28333,PPL,16,,0,,,1
2248803,Marakissa,Marakissa,12.85222,-15.94778,PPL,18,,0,,,2
2248804,Marakissa,Marakissa,12.8,-14.98333,PPL,11,,0,,,2
2248802,Maram Tiamé,Maram Tiame,14.96667,-15.95,PPL,03,,0,,,1
6751854,Maramasita,Maramasita,13.61269,-12.42681,PPL,05,,0,,,1
2248801,Marandan,Marandan,12.87722,-15.29972,PPL,18,,0,,,1
13508569,Marane,Marane,14.43454,-16.2857,PPL,09,7670866,0,,,1
2248800,Mararan,Mararan,13.1434,-16.06481,PPL,12,,0,,,1
2596079,Maraye,Maraye,15.80389,-16.32528,PPL,13,,0,,,1
2248799,Marda,Marda,16.54786,-14.4421,PPL,14,,0,,,1
2248791,Margou,Margou,13.25048,-11.81402,PPL,17,,0,,,1
2248790,Maribé Patimkibo,Maribe Patimkibo,13.01667,-14.48333,PPL,11,,0,,,1
2248789,Marivé Samba,Marive Samba,13.33333,-14.68333,PPL,11,,0,Pulaar/Fulani,clan/family name root,1
2247707,Marnane,Marnane,14.73415,-16.62816,PPL,07,,0,,,1
2248785,Maro Koumba,Maro Koumba,15.3917,-15.5948,PPL,13,,0,Pulaar/Fulani,clan/family name root,1
2248783,Maronkounda,Maronkounda,12.56972,-15.64194,PPL,18,,0,,,1
2248781,Marougou,Marougou,12.9,-16.08333,PPL,12,,0,,,2
2248782,Marougou,Marougou,12.44436,-11.91423,PPL,17,,0,,,2
2248805,Marougoukoto,Marougoukoto,12.8205,-12.3219,PPL,17,,0,,,1
2248780,Marougoundi,Marougoundi,12.6675,-12.2427,PPL,17,,0,,,1
2248779,Marout,Marout,14.38576,-16.27636,PPL,09,,0,,,1
2248778,Marsa,Marsa,14.72297,-12.33902,PPL,05,,0,,,1
2248777,Marsassoum,Marsassoum,12.8275,-15.98056,PPL,11,,9815,,,1
2248776,Marsassoum Santa,Marsassoum Santa,12.82778,-15.93972,PPL,18,,0,,,1
2248795,Marène,Marene,15.21667,-16.31667,PPL,07,,0,,,1
2248798,Maréfou Lo,Marefou Lo,15.4,-16.16667,PPL,13,,0,,,1
2248797,Marékounda,Marekounda,13.68333,-14.03333,PPL,05,,0,,,1
2248794,Maréoua,Mareoua,12.68333,-13.1,PPL,05,,0,,,1
2248793,Marévé Bouré,Mareve Boure,12.76667,-13.96667,PPL,11,,0,,,1
13508591,Massa,Massa,14.31285,-16.49901,PPL,09,7670866,0,,,1
2248773,Massadala,Massadala,13.28914,-12.94135,PPL,05,,0,,,1
2248771,Massakounda,Massakounda,13.50765,-12.01158,PPL,05,,0,,,1
2248768,Massar,Massar,15.96667,-16.33333,PPL,14,,0,,,4
2248769,Massar,Massar,15.78333,-16.23333,PPL,13,,0,,,4
2248770,Massar,Massar,15.11667,-16.75,PPL,07,,0,,,4
13508574,Massar,Massar,14.37523,-16.25707,PPL,09,7670866,0,,,4
2248761,Massar Diop,Massar Diop,15.8,-16.23333,PPL,13,,0,,,2
2248764,Massar Diop,Massar Diop,15.316,-16.3111,PPL,13,,0,,,2
2596052,Massar Teug,Massar Teug,15.805,-16.25833,PPL,13,,0,,,1
2248765,Massara,Massara,15.33333,-16.33333,PPL,13,,0,,,4
2248766,Massara,Massara,15.1111,-15.9518,PPL,13,,0,,,4
2248767,Massara,Massara,12.73333,-14.78333,PPL,11,,0,,,4
6917520,Massara,Massara,15.1231,-15.9379,PPL,13,,0,,,4
2596008,Massara Gabou,Massara Gabou,16.24417,-16.25694,PPL,14,,0,,,1
2248762,Massaran,Massaran,13.06552,-16.22815,PPL,12,,0,,,1
2248760,Massaria,Massaria,12.56583,-15.63111,PPL,18,,0,,,1
2248757,Massembé,Massembe,13.76667,-14.61667,PPL,05,,0,,,1
2248756,Massina Séné,Massina Sene,12.9,-14.18333,PPL,11,,0,,,1
2248754,Matal,Matal,15.4996,-15.3129,PPL,13,,0,,,1
2248752,Matam,Matam,15.65587,-13.25544,PPLA,15,,27695,,,1
2248750,Matel Banté,Matel Bante,15.31667,-16.25,PPL,13,,0,,,1
2248749,Matour,Matour,14.83333,-15.56667,PPL,13,,0,,,1
6645337,Mauw,Mauw,16.10574,-13.51855,PPL,15,,0,,,1
2593137,Maya,Maya,13.99269,-16.5743,PPL,09,,0,,,1
2248746,Mayaye,Mayaye,15.2471,-16.2554,PPL,13,,0,,,2
2248747,Mayaye,Mayaye,14.42804,-15.88131,PPL,09,,0,,,2
2248745,Maye Goumel,Maye Goumel,15.5461,-15.4243,PPL,13,,0,,,1
2248742,Maye Landang,MayeLandang,14.87042,-15.74144,PPL,03,,0,,,1
2248744,Mayel,Mayel,14.88333,-15.75,PPL,03,,0,,,1
2248741,Mayel Bao,Mayel Bao,12.95,-13.93333,PPL,11,,0,,,1
2248739,Mayel Iesso,Mayel Iesso,12.95,-13.93333,PPL,11,,0,,,1
2248738,Mayel Mangatamba,Mayel Mangatamba,12.95,-13.93333,PPL,11,,0,Pulaar/Fulani,clan/family name root,1
2248737,Mayel Ndangam,Mayel Ndangam,14.68487,-12.90869,PPL,15,,0,,,1
2248735,Mayel Vanibabé,Mayel Vanibabe,14.43333,-13.03333,PPL,05,,0,,,1
2248731,Mayor,Mayor,12.98528,-15.73944,PPL,18,,0,,,1
2248730,Mayoro,Mayoro,15.7,-16.0,PPL,13,,0,,,1
13551575,Mayèl,Mayel,14.90867,-15.62012,PPL,13,2249283,0,,,1
2249001,Maéli Dibi,Maeli Dibi,13.88333,-13.68333,PPL,05,,0,,,1
2248987,Maïk,Maik,15.03333,-16.51667,PPL,07,,0,,,1
2248986,Maïl,Mail,14.83759,-12.54473,PPL,05,,0,,,1
2248984,Maïna,Maina,13.48333,-13.68333,PPL,05,,0,,,1
2248729,Mba,Mba,15.28333,-16.76667,PPL,07,,0,Pulaar/Fulani,clan/family name root,1
2248727,Mbaba,Mbaba,14.98517,-16.75307,PPL,07,,0,Pulaar/Fulani,clan/family name root,3
13504614,Mbaba,Mbaba,14.78791,-16.79365,PPL,07,2244804,0,Pulaar/Fulani,clan/family name root,3
13506746,Mbaba,Mbaba,14.74072,-16.58875,PPL,03,2254315,0,Pulaar/Fulani,clan/family name root,3
2248726,Mbabane Mouride,MbabaneMouride,14.4816,-15.25085,PPL,16,,0,,,1
13566086,Mbabane Peul,Mbabane Peul,14.48106,-15.25609,PPL,16,10778871,0,,,1
2254594,Mbabanène,Mbabanene,14.21309,-15.38372,PPL,16,,0,,,1
2254584,Mbablol,Mbablol,14.76912,-16.32992,PPL,03,,0,,,1
2248725,Mbabou,Mbabou,15.26667,-16.21667,PPL,13,,0,,,1
2254577,Mbaboumi,Mbaboumi,14.22952,-15.99279,PPL,10,,0,,,1
2248696,Mbacké Diolof,Mbacke Diolof,15.1623,-15.6209,PPL,13,,0,,,1
13508585,Mbadakhane,Mbadakhane,14.41414,-16.36739,PPL,09,7670866,0,,,1
2248722,Mbadakhoun,Mbadakhoun,14.20764,-16.02038,PPL,10,,0,,,1
13658337,Mbadane,Mbadane,13.68175,-16.30783,PPL,09,2251792,0,,,1
2248723,Mbadar,Mbadar,15.35,-16.51667,PPL,13,,0,,,1
2248721,Mbadat,Mbadat,14.53218,-16.35887,PPL,09,,0,,,1
13507346,Mbadate,Mbadate,14.4938,-16.84386,PPL,07,2248478,0,,,1
2248720,Mbadep,Mbadep,14.48333,-16.83333,PPL,07,,0,,,1
2248719,Mbadiane,Mbadiane,13.98333,-14.83333,PPL,16,,0,,,4
13504807,Mbadiane,Mbadiane,14.8283,-16.51916,PPL,03,2254315,0,,,4
13505513,Mbadiane,Mbadiane,14.91849,-16.223,PPL,03,2252312,0,,,4
13506769,Mbadiane,Mbadiane,14.67232,-16.67549,PPL,07,2244804,0,,,4
13504653,Mbadiane Gora,MbadianeGora,14.80777,-16.5112,PPL,03,2254315,0,,,1
2252609,Mbadianène,Mbadianene,14.64777,-15.75848,PPL,09,,0,,,3
13505575,Mbadianène,Mbadianene,14.9524,-16.13907,PPL,03,2252312,0,,,3
13554674,Mbadianène,Mbadianene,14.07178,-15.30171,PPL,16,10778871,0,,,3
13506965,Mbadianéne,Mbadianene,14.72754,-16.40486,PPL,03,2254315,0,,,1
2248716,Mbadiou,Mbadiou,13.96865,-16.09031,PPL,10,,0,,,1
2248717,Mbadiène,Mbadiene,15.3782,-15.1302,PPL,13,,0,,,3
2254543,Mbadiène,Mbadiene,13.71842,-16.11488,PPL,10,,0,,,3
13509314,Mbadiène,Mbadiene,14.00357,-16.00881,PPL,10,2250807,0,,,3
2248718,Mbadié,Mbadie,14.95,-16.46667,PPL,03,,0,,,1
2254545,Mbadié Kad,MbadieKad,14.76295,-16.38028,PPL,03,,0,,,1
13505487,Mbadié Ndioufène,MbadieNdioufene,14.75294,-16.38186,PPL,03,2254315,0,,,1
2248713,Mbafaye,Mbafaye,14.56671,-16.78376,PPL,07,,0,,,4
2248714,Mbafaye,Mbafaye,14.4271,-16.40373,PPL,09,,0,,,4
2254511,Mbafaye,Mbafaye,14.18787,-15.93095,PPL,10,,0,,,4
13506786,Mbafaye,Mbafaye,14.57419,-16.58108,PPL,07,2248478,0,,,4
2248712,Mbagam,Mbagam,16.48556,-15.78139,PPL,14,,0,,,1
2248711,Mbagne Séo,MbagneSeo,14.6318,-15.93557,PPL,03,,0,,,1
2248710,Mbahdi,Mbahdi,15.5442,-15.7826,PPL,13,,0,,,1
2248703,Mbaiti,Mbaiti,13.73333,-14.75,PPL,05,,0,,,1
13507246,Mbak Gaout,MbakGaout,14.5552,-16.23534,PPL,09,7670866,0,,,1
2248701,Mbaka Lo,Mbaka Lo,15.2325,-16.5685,PPL,13,,0,,,1
2248684,Mbakhane,Mbakhane,14.56269,-16.39602,PPL,09,,0,,,2
13506973,Mbakhane,Mbakhane,14.67049,-16.26995,PPL,03,2252312,0,,,2
2248690,Mbakhas,Mbakhas,15.90889,-16.29611,PPL,14,,0,,,1
2254434,Mbakhis,Mbakhis,15.2994,-16.3508,PPL,07,,0,,,1
2247782,Mbakhé,Mbakhe,14.9192,-16.45456,PPL,03,,0,,,1
2248689,Mbakna,Mbakna,15.8782,-13.42234,PPL,15,,0,,,1
13505497,Mbakoli,Mbakoli,14.76343,-16.41433,PPL,03,2254315,0,,,1
2248698,Mbaké,Mbake,14.79032,-15.90803,PPL,03,,101451,,,1
2248697,Mbaké Bari,Mbake Bari,15.494,-15.8829,PPL,13,,0,,,1
2248695,Mbaké Djouroul,Mbake Djouroul,14.78333,-15.8,PPL,03,,0,,,1
2248694,Mbaké Kayor,Mbake Kayor,15.107,-16.1977,PPL,13,,0,,,1
13507301,Mbaké Mayar,MbakeMayar,14.63843,-16.05178,PPL,03,2248699,0,,,1
2248693,Mbaké Nabé,Mbake Nabe,14.2444,-12.64422,PPL,05,,0,,,1
2248692,Mbaké Saloum,MbakeSaloum,14.33853,-16.17854,PPL,10,,0,,,1
2248691,Mbaké Yégé,Mbake Yege,14.91667,-15.85,PPL,03,,0,,,1
13658150,Mbakéri,Mbakeri,13.8171,-16.14536,PPL,10,2247158,0,,,1
2248685,Mbal Fal,Mbal Fal,15.15,-16.43333,PPL,07,,0,,,1
2248687,Mbalakhat,Mbalakhat,14.53519,-16.71139,PPL,07,,0,,,1
2248688,Mbalamsone,Mbalamsone,14.62365,-16.63033,PPL,07,,0,,,1
2254358,Mbalkam,Mbalkam,14.55795,-16.5898,PPL,07,,0,,,1
7670895,Mballing,Mballing,14.37911,-16.94782,PPL,07,,0,,,1
13506712,Mbalokh,Mbalokh,14.65962,-16.71192,PPL,07,2244804,0,,,1
13509054,Mbalèm,Mbalem,14.45111,-16.22026,PPL,09,7670866,0,,,2
13658077,Mbalèm,Mbalem,13.8538,-16.3669,PPL,09,2251792,0,,,2
2248686,Mbalène,Mbalene,14.86149,-16.81057,PPL,07,,0,,,2
13505447,Mbalène,Mbalene,14.9146,-16.43807,PPL,03,2254315,0,,,2
2248683,Mbam,Mbam,14.12082,-16.4359,PPL,09,,0,,,2
2254343,Mbam,Mbam,15.1128,-15.8496,PPL,13,,0,,,2
2248681,Mbamane,Mbamane,14.40128,-16.32121,PPL,09,,0,,,1
2254336,Mbamb,Mbamb,14.78059,-16.28082,PPL,03,,0,,,1
2596093,Mbambara,Mbambara,15.95111,-16.49583,PPL,14,,0,,,1
2246273,Mbambara Chérif,MbambaraCherif,14.7186,-16.80249,PPL,07,,0,,,1
2254316,Mbambey,Mbambey,14.79473,-16.5898,PPL,03,,0,,,1
2254307,Mbampana,Mbampana,14.85237,-16.63468,PPL,07,,0,,,2
13507220,Mbampana,Mbampana,14.68739,-16.13775,PPL,03,2252312,0,,,2
2254310,Mban Djigane,MbanDjigane,14.38861,-15.85084,PPL,09,,0,,,1
2248680,Mbanane,Mbanane,15.6484,-13.35814,PPL,15,,0,,,1
2254304,Mbanani,Mbanani,14.72378,-15.90671,PPL,03,,0,,,1
2248679,Mbanar,Mbanar,15.4275,-15.9357,PPL,13,,0,,,1
2248678,Mbande,Mbande,15.26667,-16.03333,PPL,13,,0,,,1
2248677,Mbandé,Mbande,15.91667,-16.13333,PPL,13,,0,,,1
2248675,Mbane,Mbane,16.26583,-15.8,PPL,14,,0,,,4
2248676,Mbane,Mbane,14.37877,-16.41806,PPL,09,,0,,,4
2248682,Mbane,Mbane,14.61012,-16.00582,PPL,03,,0,,,4
2254273,Mbane,Mbane,14.31634,-15.25426,PPL,16,,0,,,4
2248674,Mbane Eléana,Mbane Eleana,16.25194,-15.69167,PPL,14,,0,,,1
13504634,Mbangour,Mbangour,14.84278,-16.65816,PPL,07,2244804,0,,,1
2254242,Mbaniou,Mbaniou,14.50656,-12.7832,PPL,05,,0,,,1
2247939,Mbankhèm,Mbankhem,14.74513,-16.51238,PPL,03,,0,,,1
13506738,Mbankhèm Médine,MbankhemMedine,14.60776,-16.67871,PPL,07,2248478,0,,,1
2254235,Mbankouma,Mbankouma,14.10801,-15.20224,PPL,16,,0,,,1
2248673,Mbanpana,Mbanpana,13.66667,-16.11667,PPL,10,,0,,,1
2248672,Mbantou,Mbantou,16.54103,-14.83789,PPL,14,,0,,,1
2248667,Mbap,Mbap,13.71667,-15.78333,PPL,10,,0,,,2
2248668,Mbap,Mbap,13.6,-15.48333,PPL,10,,0,,,2
2248666,Mbap Peul,Mbap Peul,15.15,-16.06667,PPL,13,,0,,,1
2248665,Mbar,Mbar,14.53736,-15.75887,PPL,09,,0,,,1
2254164,Mbar Baouane,MbarBaouane,14.53674,-15.7181,PPL,09,,0,,,1
2248653,Mbar Peul,Mbar Peul,14.55,-15.75,PPL,09,,0,,,1
2254180,Mbaraglou,Mbaraglou,15.0741,-16.7145,PPL,07,,0,,,2
2254181,Mbaraglou,Mbaraglou,14.96528,-16.89317,PPL,07,,0,,,2
13504598,Mbaraglou Ogo,MbaraglouOgo,14.9615,-16.88858,PPL,07,2244388,0,,,1
2596069,Mbarak,Mbarak,15.90194,-16.35861,PPLL,14,,0,,,1
2248664,Mbarama,Mbarama,15.18333,-16.06667,PPL,13,,0,,,1
13505473,Mbarassane,Mbarassane,14.76796,-16.31893,PPL,03,2252312,0,,,1
13506752,Mbardiak,Mbardiak,14.74756,-16.67336,PPL,07,2244804,0,,,1
2248661,Mbari,Mbari,15.38333,-16.06667,PPL,13,,0,,,1
13505381,Mbari Birima,MbariBirima,14.75688,-16.48131,PPL,03,2254315,0,,,1
2245750,Mbari Darou,MbariDarou,14.74823,-16.48339,PPL,03,,0,,,1
13504693,Mbari Diamm,MbariDiamm,14.92112,-16.58811,PPL,03,2254315,0,,,1
13507050,Mbari Keur Sapolék,MbariKeurSapolek,14.74709,-16.49879,PPL,03,2254315,0,,,1
13505359,Mbari Kèr,MbariKer,14.88342,-16.45189,PPL,03,2254315,0,,,1
13507013,Mbari Santhie,MbariSanthie,14.74729,-16.46849,PPL,03,2254315,0,,,1
2248659,Mbarigo,Mbarigo,16.07167,-16.37,PPL,14,,0,,,1
2248657,Mbaro,Mbaro,15.25,-16.2,PPL,13,,0,,,3
2248658,Mbaro,Mbaro,13.66667,-14.76667,PPL,05,,0,,,3
13504790,Mbaro,Mbaro,14.99559,-16.50902,PPL,03,2254315,0,,,3
2254173,Mbarokounda,Mbarokounda,14.0196,-15.28702,PPL,16,,0,,,1
2248655,Mbarom,Mbarom,15.61667,-16.18333,PPL,13,,0,,,2
2248656,Mbarom,Mbarom,15.43333,-16.33333,PPL,13,,0,,,2
2248654,MbarouBof,MbarouBof,16.15444,-16.32583,PPL,14,,0,,,1
2248662,Mbarène,Mbarene,15.26667,-16.4,PPL,07,,0,,,1
2248663,Mbaré,Mbare,15.31667,-16.05,PPL,13,,0,,,1
2248652,Mbass,Mbass,12.61667,-12.83333,PPL,17,,0,,,1
2248650,Mbassis,Mbassis,14.36725,-16.67957,PPL,09,,0,,,3
2248651,Mbassis,Mbassis,14.08237,-16.42782,PPL,09,,0,,,3
13508536,Mbassis,Mbassis,14.40756,-16.49769,PPL,09,7670866,0,,,3
13504675,Mbatal Mbambey,MbatalMbambey,14.80318,-16.59071,PPL,03,2254315,0,,,1
2248649,Mbatar,Mbatar,15.76667,-16.25,PPL,13,,0,,,1
13505465,Mbathie,Mbathie,14.84653,-16.39305,PPL,03,2254315,0,,,1
13554561,Mbatiaré,Mbatiare,14.24782,-15.71551,PPL,16,10778870,0,,,1
2254095,Mbatias Dièye,Mbatias Dieye,15.86611,-16.34917,PPL,14,,0,,,1
2595987,Mbaubène,Mbaubene,16.09972,-16.40694,PPL,14,,0,,,1
2248671,Mbaw,Mbaw,15.80825,-16.52251,PPL,13,,0,,,2
2251338,Mbaw,Mbaw,14.73192,-17.3274,PPL,01,,0,,,2
2246689,Mbaw Gou Ndaw,Mbaw Gou Ndaw,14.74183,-17.35723,PPL,01,,0,,,1
2248669,Mbawane,Mbawane,14.87944,-17.13107,PPL,07,,0,,,1
13505592,Mbawor,Mbawor,14.87521,-16.10989,PPL,03,2248699,0,,,1
13507009,Mbayane,Mbayane,14.72066,-16.29775,PPL,03,2254315,0,,,1
2595463,Mbayar,Mbayar,14.62631,-17.10713,PPLX,07,,0,,,2
13507233,Mbayar,Mbayar,14.6482,-16.0523,PPL,03,2248699,0,,,2
2248644,Mbaye,Mbaye,15.53333,-16.45,PPL,13,,0,Wolof,clan/family name root,3
2248645,Mbaye,Mbaye,15.384,-15.2585,PPL,13,,0,Wolof,clan/family name root,3
2248646,Mbaye,Mbaye,14.85,-16.36667,PPL,03,,0,Wolof,clan/family name root,3
2248643,Mbaye Bakar,Mbaye Bakar,15.05,-16.78333,PPL,07,,0,Wolof,clan/family name root,1
2248640,Mbaye Bayou,Mbaye Bayou,15.11667,-16.88333,PPL,07,,0,Wolof,clan/family name root,1
2248639,Mbaye Dialo,Mbaye Dialo,15.2,-16.68333,PPL,07,,0,Wolof,clan/family name root,1
2248638,Mbaye Faye Fafa,Mbaye Faye Fafa,13.73333,-15.8,PPL,10,,0,Wolof,clan/family name root,1
2248637,Mbaye Faye Ouali Bop,Mbaye Faye Ouali Bop,13.73333,-15.85,PPL,10,,0,Wolof,clan/family name root,1
2248633,Mbaye Mbaye,Mbaye Mbaye,15.8306,-16.4007,PPL,14,,0,Wolof,clan/family name root,6
2248634,Mbaye Mbaye,Mbaye Mbaye,15.6723,-16.3657,PPL,13,,0,Wolof,clan/family name root,6
2248635,Mbaye Mbaye,Mbaye Mbaye,15.1312,-16.8927,PPL,14,,0,Wolof,clan/family name root,6
2248636,Mbaye Mbaye,Mbaye Mbaye,13.96667,-15.05,PPL,16,,0,Wolof,clan/family name root,6
2248641,Mbaye Mbaye,Mbaye Mbaye,15.89889,-16.28833,PPL,14,,0,Wolof,clan/family name root,6
2248642,Mbaye Mbaye,Mbaye Mbaye,15.87,-16.27639,PPL,13,,0,Wolof,clan/family name root,6
2596058,Mbaye Mbaye Ouolof,Mbaye Mbaye Ouolof,15.87278,-16.31083,PPL,14,,0,Wolof,clan/family name root,1
2596057,Mbaye Mbaye Peul,Mbaye Mbaye Peul,15.88167,-16.30389,PPL,14,,0,Wolof,clan/family name root,1
2596056,Mbaye Mbaye Tout,Mbaye Mbaye Tout,15.88222,-16.31111,PPL,14,,0,Wolof,clan/family name root,1
2248632,Mbaye Minké,Mbaye Minke,14.58333,-16.4,PPL,09,,0,Wolof,clan/family name root,1
2248617,Mbaye Njinakh,Mbaye Njinakh,15.35,-16.51667,PPL,13,,0,Wolof,clan/family name root,1
2248616,Mbaye Séo,Mbaye Seo,14.6,-15.91667,PPL,03,,0,Wolof,clan/family name root,1
11497861,Mbayene,Mbayene,13.9421,-15.69202,PPL,10,,0,Wolof,clan/family name root,1
2254477,Mbaylar Wolof,Mbaylar Wolof,13.96333,-16.03518,PPL,10,,0,,,1
2248618,Mbayène,Mbayene,15.0002,-16.86826,PPL,07,,0,,,15
2248621,Mbayène,Mbayene,15.76361,-16.36,PPL,13,,0,,,15
2248622,Mbayène,Mbayene,15.71667,-16.16667,PPL,13,,0,,,15
2248623,Mbayène,Mbayene,15.5114,-15.5643,PPL,13,,0,,,15
2248624,Mbayène,Mbayene,15.33333,-16.05,PPL,13,,0,,,15
2248625,Mbayène,Mbayene,15.1724,-16.3039,PPL,07,,0,,,15
2248626,Mbayène,Mbayene,15.11667,-16.73333,PPL,07,,0,,,15
2248627,Mbayène,Mbayene,14.83063,-16.29105,PPL,03,,0,,,15
2248629,Mbayène,Mbayene,14.75848,-16.18484,PPL,03,,0,,,15
2248630,Mbayène,Mbayene,14.66667,-15.66667,PPL,09,,0,,,15
2248631,Mbayène,Mbayene,14.58333,-15.76667,PPL,09,,0,,,15
2595901,Mbayène,Mbayene,14.76664,-17.05602,PPL,07,,0,,,15
13504549,Mbayène,Mbayene,14.81267,-16.85794,PPL,07,2244804,0,,,15
13504580,Mbayène,Mbayene,14.79152,-16.81572,PPL,07,2244804,0,,,15
13552840,Mbayène,Mbayene,14.69012,-15.81002,PPL,03,2248699,0,,,15
2248628,Mbayène Dankh,MbayeneDankh,14.83196,-16.14894,PPL,03,,0,,,1
2254073,Mbayène Diak,MbayeneDiak,14.6627,-16.71813,PPL,07,,0,,,1
2254074,Mbayène Missira,MbayeneMissira,14.96831,-15.96505,PPL,03,,0,,,1
2248620,Mbayène Ndakhar,Mbayene Ndakhar,13.83333,-15.31667,PPL,16,,0,,,1
2248619,Mbayène Ndjoudam,Mbayene Ndjoudam,15.1833,-15.9797,PPL,13,,0,,,1
13505426,Mbayène Sob,MbayeneSob,14.84934,-16.27126,PPL,03,2252312,0,,,1
2248715,Mbaène,Mbaene,15.4178,-15.4669,PPL,13,,0,,,1
2248709,Mbaï Diop,Mbai Diop,15.13333,-16.13333,PPL,13,,0,,,1
2248707,Mbaïladji,Mbailadji,14.26014,-12.77754,PPL,05,,0,,,1
2248706,Mbaïlar,Mbailar,15.11667,-16.48333,PPL,07,,0,,,1
2248705,Mbaïlo,Mbailo,15.1681,-15.9707,PPL,13,,0,,,1
2248704,Mbaïseri,Mbaiseri,14.58333,-16.83333,PPL,07,,0,,,1
2248702,Mbaïti Massamba,Mbaiti Massamba,15.2,-16.16667,PPL,13,,0,Pulaar/Fulani,clan/family name root,1
13554046,Mbediar,Mbediar,14.31376,-15.93827,PPL,10,10778869,0,,,1
13508515,Mbel Bouk,MbelBouk,14.42357,-16.28337,PPL,09,7670866,0,,,1
13509025,Mbel Sob,MbelSob,14.28553,-16.23065,PPL,10,2250807,0,,,1
13508544,Mbelakadiaw Khabane,MbelakadiawKhabane,14.34367,-16.28789,PPL,09,7670866,0,,,1
2248602,Mbelbouk,Mbelbouk,14.03387,-15.3943,PPL,16,,0,,,1
2253974,Mbelkhokh,Mbelkhokh,14.48421,-15.83199,PPL,09,,0,,,1
2248595,Mbelkmor,Mbelkmor,14.51667,-15.83333,PPL,09,,0,,,1
13507459,Mbelméw,Mbelmew,14.44353,-16.58852,PPL,09,7670866,0,,,1
13509064,Mbengane,Mbengane,14.43298,-16.1791,PPL,09,2251492,0,,,1
2248577,Mbenguène,Mbenguene,14.9,-16.46667,PPL,03,,0,,,4
13504592,Mbenguène,Mbenguene,14.96931,-16.94859,PPL,07,2244388,0,,,4
13553602,Mbenguène,Mbenguene,14.72941,-15.33126,PPL,13,2249283,0,,,4
13554408,Mbenguène,Mbenguene,14.20758,-15.84796,PPL,10,10778869,0,,,4
2248574,Mber,Mber,15.21667,-16.55,PPL,07,,0,,,1
2253660,Mbessédji Bara,MbessedjiBara,14.32365,-15.75053,PPL,10,,0,,,1
13554072,Mbessédji Macissé,MbessedjiMacisse,14.32003,-15.72237,PPL,10,10778869,0,,,1
13554048,Mbessédji Mansali,MbessedjiMansali,14.3208,-15.75162,PPL,10,10778869,0,,,1
2248566,Mbetèt,Mbetet,15.3,-16.71667,PPL,13,,0,,,1
2248569,Mbeuksine,Mbeuksine,15.2428,-16.1176,PPL,13,,0,,,1
2248563,Mbeuleukhé,Mbeuleukhe,15.6487,-15.3492,PPL,13,,1510,,,3
13504659,Mbeuleukhé,Mbeuleukhe,14.95996,-16.66347,PPL,07,2244388,0,,,3
13504660,Mbeuleukhé,Mbeuleukhe,14.97978,-16.61952,PPL,07,2244388,0,,,3
2248575,Mbeup,Mbeup,14.75756,-15.5567,PPL,03,2248699,0,,,1
13504560,Mbeussine,Mbeussine,14.96527,-16.88066,PPL,07,2244388,0,,,1
2248562,Mbeut,Mbeut,14.78938,-17.16628,PPL,01,,0,,,1
13505528,Mbeuti,Mbeuti,14.80309,-16.13671,PPL,03,2252312,0,,,1
13507286,Mbeyna Sérèr,MbeynaSerer,14.58645,-16.10391,PPL,03,2252312,0,,,1
13507264,Mbeyna Wolof,MbeynaWolof,14.58084,-16.11491,PPL,03,2252312,0,,,1
2595916,Mbidiam Lébou,Mbidiam Lebou,14.89157,-17.07844,PPL,07,,0,,,1
2248553,Mbidiam Wolof,Mbidiam Wolof,14.89523,-17.0785,PPL,07,,0,,,1
13507036,Mbidé,Mbide,14.72545,-16.49437,PPL,03,2254315,0,,,1
2248552,Mbil,Mbil,13.98571,-16.39011,PPLL,09,,0,,,1
13505520,Mbili,Mbili,14.78794,-16.08234,PPL,03,2248699,0,,,1
2248549,Mbilor,Mbilor,16.51667,-15.58333,PPL,14,,0,,,1
2248548,Mbilor Diéri,Mbilor Dieri,16.48278,-15.55833,PPL,14,,0,,,1
2248547,Mbindi,Mbindi,15.9,-16.31667,PPL,14,,0,,,1
13507001,Mbindo,Mbindo,14.6292,-16.30078,PPL,03,2252312,0,,,1
2248546,Mbinguène,Mbinguene,15.61667,-16.41667,PPL,13,,0,,,1
2248545,Mbinguène Diouar,Mbinguene Diouar,15.35,-16.41667,PPL,13,,0,,,1
2248544,Mbinndiouga,Mbinndiouga,14.53333,-15.86667,PPL,03,,0,,,1
2253888,Mbinondar,Mbinondar,14.47896,-16.4547,PPL,09,,0,,,1
2248543,Mbirakam,Mbirakam,15.1,-16.03333,PPL,13,,0,,,1
2248542,Mbirama,Mbirama,15.8,-16.13333,PPL,13,,0,,,1
2248541,Mbirane Gaye,Mbirane Gaye,15.9,-16.23333,PPL,14,,0,,,1
2248540,Mbirdiam,Mbirdiam,14.76297,-17.10806,PPL,07,,0,,,2
2595580,Mbirdiam,Mbirdiam,14.69425,-17.12593,PPL,07,,0,,,2
2248539,Mbirine,Mbirine,15.15,-16.41667,PPL,07,,0,,,1
2248538,Mbirk,Mbirk,14.28333,-16.35,PPL,09,,0,,,1
13657991,Mbiskit,Mbiskit,13.76279,-16.42162,PPL,09,2251792,0,,,1
2248537,Mbissaw,Mbissaw,14.82819,-17.0877,PPL,07,,0,,,1
2248115,Mbissel,Mbissel,14.14474,-16.74539,PPL,09,,0,,,1
2248536,Mbississ,Mbississ,15.43333,-16.31667,PPL,13,,0,,,1
2248535,Mbit,Mbit,14.9,-16.38333,PPL,03,,0,,,1
2248534,Mbitéyène,Mbiteyene,13.75,-15.95,PPL,10,,0,,,1
2253830,Mbitéyène Abdou,Mbiteyene Abdou,13.91906,-16.14567,PPL,10,,0,,,1
13658219,Mbitéyène Momat,Mbiteyene Momat,13.89493,-16.13876,PPL,10,2250807,0,,,1
13509102,Mbitéyène Wélor,MbiteyeneWelor,14.03005,-16.26084,PPL,10,2250807,0,,,1
2248533,Mboba,Mboba,15.15,-16.18333,PPL,13,,0,Pulaar/Fulani,clan/family name root,2
2253819,Mboba,Mboba,14.84076,-16.35169,PPL,03,,0,Pulaar/Fulani,clan/family name root,2
2248531,Mbobou,Mbobou,15.48333,-16.28333,PPL,13,,0,,,1
2248532,Mbobène,Mbobene,14.62302,-15.92767,PPL,03,,0,,,3
13505415,Mbobène,Mbobene,14.93152,-16.41778,PPL,03,2254315,0,,,3
13505424,Mbobène,Mbobene,14.87204,-16.32001,PPL,03,2252312,0,,,3
2253766,Mbobène Gouye,MbobeneGouye,14.84223,-16.2086,PPL,03,,0,,,1
2248464,Mbodiène,Mbodiene,14.99023,-15.76824,PPL,13,,0,,,8
2248527,Mbodiène,Mbodiene,14.21735,-16.17008,PPL,10,,0,,,8
2248528,Mbodiène,Mbodiene,14.82347,-15.81039,PPL,03,,0,,,8
13504609,Mbodiène,Mbodiene,14.93075,-16.85007,PPL,07,2244388,0,,,8
13505495,Mbodiène,Mbodiene,14.79151,-16.47285,PPL,03,2254315,0,,,8
13506466,Mbodiène,Mbodiene,14.73538,-16.82301,PPL,07,2244804,0,,,8
13507243,Mbodiène,Mbodiene,14.71392,-16.07615,PPL,03,2248699,0,,,8
13554434,Mbodiène,Mbodiene,14.1289,-15.84392,PPL,16,10778870,0,,,8
13509081,Mbodiène Plage,MbodienePlage,14.23089,-16.87282,PPL,07,2248478,0,,,1
2248529,Mbodiène Wolof,MbodieneWolof,14.24174,-16.86715,PPL,07,,0,,,1
2248530,Mbodié,Mbodie,15.4155,-15.9934,PPL,13,,0,,,1
2248526,Mbodogne,Mbodogne,14.9,-15.9,PPL,03,,0,,,1
2254510,Mbofaye,Mbofaye,14.69555,-16.57774,PPL,03,,0,,,1
2253673,Mbokhéodane,Mbokheodane,14.59991,-16.46415,PPL,03,,0,,,1
2248517,Mbokhéodof,Mbokheodof,14.23427,-16.30962,PPL,10,,0,,,1
13553472,Mboki Barguèl,MbokiBarguel,14.52601,-15.64594,PPL,09,2251492,0,,,1
2248525,Mbollop,Mbollop,13.93333,-15.55,PPL,16,,0,,,1
2253703,Mboloyél,Mboloyel,15.87472,-13.47512,PPL,15,,0,,,1
2248521,Mboltagne Nar,Mboltagne Nar,15.4,-16.35,PPL,13,,0,,,1
2596016,Mboltogne,Mboltogne,16.15056,-16.3075,PPL,14,,0,,,3
13504797,Mboltogne,Mboltogne,14.84756,-16.66859,PPL,07,2244804,0,,,3
13507024,Mboltogne,Mboltogne,14.50443,-16.39621,PPL,09,7670866,0,,,3
2253690,Mbomboye,Mbomboye,14.70933,-16.92804,PPL,07,,0,,,1
13506785,Mbomboye Deux,MbomboyeDeux,14.6685,-16.61029,PPL,03,2254315,0,,,1
2253691,Mbomboye Un,MbomboyeUn,14.66311,-16.61233,PPL,03,,0,,,1
2248519,Mbon Bassari,Mbon Bassari,12.5767,-12.8835,PPL,17,,0,,,1
2248520,Mbon Peul,Mbon Peul,12.5574,-12.8964,PPL,17,,0,,,1
2248516,Mborine,Mborine,15.1,-16.68333,PPL,07,,0,,,1
2248515,Mboro,Mboro,15.14051,-16.88682,PPL,07,,40811,,,1
2248514,Mboro Kandio,Mboro Kandio,15.1571,-16.9191,PPL,07,,0,,,1
2248513,Mboro-sur-Mer,Mboro-sur-Mer,15.1741,-16.9103,PPL,07,,0,,,1
2248512,Mbos,Mbos,14.36484,-15.74584,PPL,10,,4347,,,3
2253663,Mbos,Mbos,13.99859,-16.00381,PPL,10,,0,,,3
13504690,Mbos,Mbos,14.78925,-16.62335,PPL,07,2244804,0,,,3
2248511,Mbos Bala Peul,MbosBalaPeul,14.39627,-15.73225,PPL,10,,0,,,1
2248508,Mbos Ndiamb,MbosNdiamb,14.46829,-16.06702,PPL,09,,4347,,,1
2595416,Mbos Ngogne,Mbos Ngogne,14.52837,-17.065,PPL,07,,0,,,1
2248509,Mbos Wadiour,MbosWadiour,14.37575,-15.78033,PPL,16,,0,,,1
13507234,Mbossèkh,Mbossekh,14.7114,-16.2223,PPL,03,2252312,0,,,1
2595658,Mbot,Mbot,14.69534,-17.22337,PPLX,01,,0,,,1
13504677,Mbotal,Mbotal,14.79801,-16.53523,PPL,03,2254315,0,,,1
13508526,Mbotil Kop,MbotilKop,14.3177,-16.28617,PPL,09,7670866,0,,,2
13508575,Mbotil Kop,MbotilKop,14.29771,-16.29463,PPL,09,7670866,0,,,2
13508572,Mbotil Ndone,MbotilNdone,14.42417,-16.29676,PPL,09,7670866,0,,,1
2248507,Mbouba,Mbouba,16.19002,-14.01562,PPL,14,,4896,Pulaar/Fulani,clan/family name root,1
2248506,Mboubane,Mboubane,14.8323,-16.57106,PPL,03,,0,,,2
13507451,Mboubane,Mboubane,14.37604,-16.56868,PPL,09,7670866,0,,,2
2596044,Mboubène Mbatar,Mboubene Mbatar,15.76083,-16.26444,PPL,13,,0,,,1
2248504,Mboudaye,Mboudaye,14.4708,-16.60812,PPL,07,,0,,,5
2248505,Mboudaye,Mboudaye,14.40193,-16.42675,PPL,09,,0,,,5
13507237,Mboudaye,Mboudaye,14.57901,-16.19192,PPL,03,2252312,0,,,5
13508992,Mboudaye,Mboudaye,14.39545,-16.0898,PPL,09,2251492,0,,,5
13658171,Mboudaye,Mboudaye,13.90879,-15.99987,PPL,10,2250807,0,,,5
2253643,Mboudaye Sérèr,Mboudaye Serer,13.93083,-16.18053,PPL,10,,0,,,1
2244940,Mboudaye Tawa,Mboudaye Tawa,13.97402,-16.20328,PPL,10,,0,,,1
2253629,Mboufoudj,Mboufoudj,14.5701,-16.62291,PPL,07,,0,,,1
2248503,Mboufta,Mboufta,15.03333,-16.7,PPL,07,,0,,,1
2595595,Mbouka,Mbouka,14.63211,-17.12743,PPL,07,,0,,,1
2595616,Mbouka Peul,Mbouka Peul,14.68733,-17.15392,PPL,01,,0,,,1
13504796,Mboukhoumé,Mboukhoume,14.76683,-16.53829,PPL,03,2254315,0,,,1
2248502,Mbouki,Mbouki,15.11667,-16.06667,PPL,13,,0,,,2
13505511,Mbouki,Mbouki,14.79511,-16.09876,PPL,03,2248699,0,,,2
2248501,Mboukoutour,Mboukoutour,14.43333,-16.45,PPL,09,,0,,,1
2248485,Mboul,Mboul,14.74812,-17.09607,PPL,07,,0,,,8
2248495,Mboul,Mboul,15.5041,-16.4166,PPL,13,,0,,,8
2248496,Mboul,Mboul,15.3499,-14.4611,PPL,15,,0,,,8
2248497,Mboul,Mboul,14.63333,-16.45,PPL,03,,0,,,8
2248499,Mboul,Mboul,14.05,-13.91667,PPL,05,,0,,,8
2248500,Mboul,Mboul,13.93333,-15.31667,PPL,16,,0,,,8
2595767,Mboul,Mboul,14.72215,-17.4908,PPLX,01,,0,,,8
2595888,Mboul,Mboul,14.75204,-17.09327,PPL,07,,0,,,8
13554565,Mboul Baol,MboulBaol,14.23064,-15.50998,PPL,16,2251008,0,,,1
13658041,Mboul Diamé,Mboul Diame,13.88802,-16.37742,PPL,09,2251792,0,,,1
2248498,Mboul Kaèl,MboulKael,14.58048,-15.92108,PPL,03,,0,,,1
2253552,Mboul Peul,MboulPeul,14.21554,-15.50011,PPL,16,,0,,,1
13506998,Mboul Souka,MboulSouka,14.51437,-16.3446,PPL,09,7670866,0,,,1
2248494,Mboula,Mboula,15.6724,-15.4344,PPL,13,,0,,,1
13504714,Mboulfa,Mboulfa,14.85173,-16.703,PPL,07,2244804,0,,,1
2248490,Mboulkane,Mboulkane,15.1,-16.05,PPL,13,,0,,,1
13509357,Mboulo Mbofi,MbouloMbofi,14.19502,-16.01376,PPL,10,10778869,0,,,1
2253564,Mboulougne Diavandou,MboulougneDiavandou,14.3837,-15.70564,PPL,10,,0,,,1
13554026,Mboulougne Saer,MboulougneSaer,14.4217,-15.76131,PPL,10,10778869,0,,,1
2248486,Mboulougne Sénou,MboulougneSenou,14.41389,-15.78425,PPL,10,,0,,,1
2248487,Mboulouk,Mboulouk,15.98333,-16.25,PPL,14,,0,,,1
13506726,Mbouloukhtèn,Mbouloukhten,14.63966,-16.70107,PPL,07,2248478,0,,,1
13506761,Mbouloukhtèn Mboul,MbouloukhtenMboul,14.65006,-16.65279,PPL,07,2244804,0,,,1
13506783,Mbouloukhtèn Séko,MbouloukhtenSeko,14.6244,-16.67523,PPL,07,2248478,0,,,1
13554436,Mbouloum,Mbouloum,14.15408,-15.79378,PPL,16,10778870,0,,,2
13658049,Mbouloum,Mbouloum,13.89454,-16.3639,PPL,09,2251792,0,,,2
2248491,Mboulèm,Mboulem,14.38658,-16.8943,PPL,07,,0,,,3
2248492,Mboulèm,Mboulem,14.22086,-16.0302,PPL,10,,0,,,3
13505402,Mboulèm,Mboulem,14.77479,-16.48999,PPL,03,2254315,0,,,3
2248493,Mboulé,Mboule,15.2,-16.45,PPL,07,,0,,,1
2253551,Mbouma,Mbouma,13.90436,-16.07079,PPL,10,,0,,,1
13508530,Mbouma Deux,MboumaDeux,14.36007,-16.32542,PPL,09,7670866,0,,,1
13508582,Mbouma Trois,MboumaTrois,14.38439,-16.32361,PPL,09,7670866,0,,,1
13508534,Mbouma Un,MboumaUn,14.37181,-16.32567,PPL,09,7670866,0,,,1
2248483,Mboume Niel,Mboume Niel,14.66667,-13.36667,PPL,15,,0,,,1
13505508,Mboumi,Mboumi,14.858,-16.16647,PPL,03,2252312,0,,,1
2596073,Mboundi,Mboundi,15.89528,-16.39389,PPLL,14,,0,,,1
2248482,Mboundou Mbaba,Mboundou Mbaba,14.61667,-14.61667,PPL,13,,0,Pulaar/Fulani,clan/family name root,1
2248481,Mboune,Mboune,14.7,-13.56667,PPL,15,,0,,,1
2595618,Mbounka Bambara,Mbounka Bambara,14.69463,-17.16143,PPL,01,,0,,,1
2248479,Mboup,Mboup,15.61667,-16.31667,PPL,13,,0,,,1
2248477,Mbour,Mbour,14.42196,-16.96375,PPL,07,,284189,,,1
13508554,Mbour Sine,MbourSine,14.43864,-16.29453,PPL,09,7670866,0,,,1
2248475,Mbouro,Mbouro,13.7,-14.16667,PPL,05,,0,,,1
2248473,Mbourokh,Mbourokh,14.39433,-16.87424,PPL,07,,0,,,1
2248474,Mbouromassi,Mbouromassi,13.61667,-14.31667,PPL,05,,0,,,1
2248471,Mbouroukh Bambara,Mbouroukh Bambara,14.6652,-17.11975,PPL,07,,0,,,1
2248472,Mbouroukh Sérèr,Mbouroukh Serer,14.66405,-17.12899,PPL,07,,0,,,1
2254120,Mboursine,Mboursine,14.38981,-15.90694,PPL,09,,0,,,1
2253495,Mbourwaye,Mbourwaye,14.71034,-16.72128,PPL,07,,0,,,1
2248476,Mbouré,Mboure,13.85,-14.9,PPL,16,,0,,,1
13506519,Mbousnakh Ngathie,MbousnakhNgathie,14.67675,-16.78122,PPL,07,2244804,0,,,1
13506513,Mbousnakh Ngor,MbousnakhNgor,14.6934,-16.78407,PPL,07,2244804,0,,,1
13506499,Mbousnakh Ngot,MbousnakhNgot,14.6874,-16.77563,PPL,07,2244804,0,,,1
2248470,Mbousnakh Ngourbane,MbousnakhNgourbane,14.66445,-16.77503,PPL,07,,0,,,1
2248469,Mboussali,Mboussali,14.83333,-15.63333,PPL,09,,0,,,1
2248468,Mbousso Ndir,MboussoNdir,14.80791,-16.49372,PPL,03,,0,,,1
2248466,Mboussobé,Mboussobe,15.3257,-15.5913,PPL,13,,0,,,3
2248467,Mboussobé,Mboussobe,14.84931,-15.75869,PPL,03,,0,,,3
2253490,Mboussobé,Mboussobe,15.3574,-15.5723,PPL,13,,0,,,3
13504648,Mbouye,Mbouye,14.95494,-16.59907,PPL,03,2254315,0,,,1
13658188,Mbowène,Mbowene,13.97999,-16.07145,PPL,10,2250807,0,,,1
13658051,Mbowène Ibra,Mbowene Ibra,13.89616,-16.29956,PPL,09,2251792,0,,,1
13658052,Mbowène Souley,Mbowene Souley,13.894,-16.3058,PPL,09,2251792,0,,,1
2247596,Mboye,Mboye,15.95333,-16.34056,PPL,14,,0,,,2
2596062,Mboye,Mboye,15.97222,-16.32472,PPL,14,,0,,,2
2595500,Mboyenâk,Mboyenak,14.69152,-17.09979,PPLX,07,,0,,,1
2248465,Mboynane,Mboynane,15.6536,-15.3871,PPL,13,,0,,,1
2248461,Mboyo,Mboyo,16.63642,-14.80298,PPL,14,,0,,,2
2248462,Mboyo,Mboyo,16.5255,-14.79751,PPL,14,,0,,,2
2248463,Mboyène,Mboyene,14.69275,-16.39188,PPL,03,,0,,,2
13506997,Mboyène,Mboyene,14.52253,-16.46363,PPL,09,7670866,0,,,2
2248459,Mbram,Mbram,14.96667,-15.95,PPL,03,,0,,,1
2248458,Mbrama Rat,Mbrama Rat,15.81667,-16.06667,PPL,13,,0,,,1
2248457,Mbrar,Mbrar,16.03028,-15.95917,PPL,14,,0,,,1
2248456,Mbress,Mbress,16.15778,-16.20167,PPL,14,,0,,,1
2595939,Mbâyène,Mbayene,14.97461,-17.00269,PPL,07,,0,,,1
2248598,Mbèlègne Kodiolè,Mbelegne Kodiole,15.9864,-15.6621,PPL,13,,0,,,1
2248576,Mbèndi,Mbendi,14.89198,-17.02963,PPL,07,,0,,,1
13551155,Mbène,Mbene,14.77345,-15.94297,PPL,03,2248699,0,,,1
2248573,Mbèr,Mber,15.41667,-16.08333,PPL,13,,0,,,2
13505408,Mbèr,Mber,14.90394,-16.38871,PPL,03,2254315,0,,,2
2248570,Mbèss,Mbess,15.41667,-16.68333,PPL,13,,0,,,1
2248559,Mbèye,Mbeye,15.29379,-16.43447,PPL,07,,0,,,4
2248560,Mbèye,Mbeye,14.77773,-16.36051,PPL,03,,0,,,4
2595854,Mbèye,Mbeye,14.82738,-17.21184,PPL,01,,0,,,4
13505537,Mbèye,Mbeye,14.76168,-16.1367,PPL,03,2252312,0,,,4
2248615,Mbédap,Mbedap,14.44336,-16.55965,PPL,09,,0,,,2
13507441,Mbédap,Mbedap,14.48409,-16.60125,PPL,07,2248478,0,,,2
2248614,Mbédiègne,Mbediegne,15.21667,-16.56667,PPL,13,,0,,,1
2248613,Mbédiène,Mbediene,15.5036,-16.1997,PPL,13,,0,,,1
13508560,Mbéfoutèn,Mbefouten,14.35416,-16.26272,PPL,09,7670866,0,,,1
2248610,Mbéfél,Mbefel,14.45115,-16.62546,PPL,07,,0,,,1
2248609,Mbégaye,Mbegaye,16.13306,-16.27,PPL,14,,0,,,1
2248608,Mbégué,Mbegue,14.44693,-15.49894,PPL,16,,0,,,1
13554114,Mbégué Goumé,MbegueGoume,14.45938,-15.47462,PPL,16,2251008,0,,,1
2248605,Mbéguéré,Mbeguere,15.05,-16.03333,PPL,13,,0,,,1
2248604,Mbélakadio,Mbelakadio,14.33996,-16.2952,PPL,09,,0,,,1
2248603,Mbélane,Mbelane,14.04916,-16.4437,PPL,09,,0,,,1
2248601,Mbélbouk,Mbelbouk,14.27046,-16.24066,PPL,10,,0,,,1
2248599,Mbélegne,Mbelegne,15.7433,-15.7572,PPL,13,,0,,,2
2248600,Mbélegne,Mbelegne,15.4814,-15.9959,PPL,13,,0,,,2
13507035,Mbélgor,Mbelgor,14.51911,-16.29284,PPL,09,7670866,0,,,1
2248597,Mbéli,Mbeli,15.0807,-15.5761,PPL,13,,0,,,1
13509065,Mbélobé,Mbelobe,14.26551,-16.12958,PPL,10,2250807,0,,,1
2248592,Mbélogne,Mbelogne,15.6099,-14.3886,PPL,13,,0,,,3
2248593,Mbélogne,Mbelogne,14.8,-15.76667,PPL,03,,0,,,3
2253965,Mbélogne,Mbelogne,14.14039,-15.04531,PPL,16,,0,,,3
2248589,Mbélogne Bali,Mbelogne Bali,14.66667,-14.68333,PPL,13,,0,,,1
2248588,Mbélogne Bayédi,Mbelogne Bayedi,16.10167,-15.69583,PPL,14,,0,,,1
2248584,Mbélogne Goudé,Mbelogne Goude,16.18528,-15.58194,PPL,14,,0,,,1
2248582,Mbélone,Mbelone,15.54877,-13.4508,PPL,15,,0,,,1
2248581,Mbélongout,Mbelongout,14.38368,-16.63917,PPL,09,,0,,,1
13507440,Mbélongout Garage,MbelongoutGarage,14.38432,-16.65341,PPL,09,7670866,0,,,1
2253964,Mbélonguit,Mbelonguit,14.25816,-16.29745,PPL,10,,0,,,1
2248580,Mbéma,Mbema,12.6,-12.71667,PPL,17,,0,,,1
2248579,Mbémène,Mbemene,15.2167,-15.5463,PPL,13,,0,,,1
2248606,Mbénguène Diavar,Mbenguene Diavar,15.3416,-16.4059,PPL,13,,0,,,1
2253950,Mbéné Diouma,MbeneDiouma,14.01801,-15.58742,PPL,16,,0,,,1
2253949,Mbéné Mamour,MbeneMamour,14.03624,-15.57589,PPL,16,,0,,,1
2248572,Mbéraye,Mberaye,16.14547,-16.38198,PPL,14,,0,,,1
13507434,Mbétit Diarèkh,MbetitDiarekh,14.4444,-16.5322,PPL,09,7670866,0,,,1
2248565,Mbétit Ngouye,MbetitNgouye,14.43572,-16.55109,PPL,09,,0,,,1
2248567,Mbétét,Mbetet,14.35,-14.98333,PPL,16,,0,,,1
2248561,Mbéwane,Mbewane,14.68472,-16.65687,PPL,07,,0,,,1
2248556,Mbéyène,Mbeyene,15.6821,-15.5543,PPL,13,,0,,,2
13504735,Mbéyène,Mbeyene,14.77492,-16.54826,PPL,03,2254315,0,,,2
2248558,Mbéyélogne,Mbeyelogne,15.4812,-15.4639,PPL,13,,0,,,1
2248611,Mbééda,Mbeeda,15.75,-13.78333,PPL,15,,0,,,1
2248524,Mbôlo Ali,Mbolo Ali,16.05435,-13.80079,PPL,14,,0,,,1
2248523,Mbôlo Birane,Mbolo Birane,16.06165,-13.81455,PPL,14,,0,,,1
2248455,Mdifif,Mdifif,15.03333,-16.75,PPL,07,,0,,,1
11101810,Medinatoul Salam 2,Medinatoul Salam 2,14.07664,-15.07668,PPL,10,,0,Wolof/Arabic,"Medina = ""town"" (Arabic loanword, common Senegalese toponym)",2
11101811,Medinatoul Salam 2,Medinatoul Salam 2,14.04267,-15.53218,PPL,10,,0,Wolof/Arabic,"Medina = ""town"" (Arabic loanword, common Senegalese toponym)",2
2248406,Memedou Komba,Memedou Komba,15.35,-16.36667,PPL,13,,0,Pulaar/Fulani,clan/family name root,1
2248404,Menguelé,Menguele,15.8853,-15.7049,PPL,13,,0,,,1
2595988,Menguègne Boye,Menguegne Boye,16.00917,-16.36083,PPL,14,,0,,,1
2595989,Menguègne Peul,Menguegne Peul,16.02194,-16.34583,PPL,14,,0,,,1
2248403,Menguèye,Mengueye,16.01722,-16.35694,PPL,14,,0,,,1
2248375,Merina Dia,Merina Dia,15.55,-16.35,PPL,13,,0,,,1
2248367,Merina Guèye,Merina Gueye,15.11667,-16.85,PPL,07,,0,,,1
2248363,Merina Ndiègne,Merina Ndiegne,15.38333,-16.5,PPL,13,,0,,,1
2248361,Merina Palèm,Merina Palem,15.78333,-16.26667,PPL,13,,0,,,1
2248357,Merina Sek,Merina Sek,15.45,-16.51667,PPL,13,,0,,,1
8030383,Mermoz Boabab,Mermoz Boabab,14.70649,-17.47581,PPL,01,,15000,,,1
2248354,Messeré,Messere,15.0,-16.63333,PPL,07,,0,,,1
2248353,Messére Guibel,Messere Guibel,13.96667,-14.83333,PPL,16,,0,,,1
2248352,Messéré Mbabon,Messere Mbabon,15.21667,-16.23333,PPL,13,,0,,,1
2248351,Messéré Teug,Messere Teug,15.48333,-16.45,PPL,13,,0,,,1
2248350,Messéré Tiakel,Messere Tiakel,13.86667,-14.86667,PPL,16,,0,,,1
2248348,Meumou,Meumou,14.98333,-16.66667,PPL,07,,0,,,1
13504679,Meun Wolof,MeunWolof,14.992,-16.66962,PPL,07,2244388,0,,,1
2248346,Mguène,Mguene,15.43333,-16.36667,PPL,13,,0,,,1
2248345,Miga Roto,Miga Roto,15.4504,-15.3647,PPL,13,,0,,,1
2248343,Miliou,Miliou,12.66667,-13.08333,PPL,17,,0,,,1
2248341,Mina,Mina,13.83333,-15.43333,PPL,16,,0,,,1
2248339,Minal,Minal,13.86667,-15.06667,PPL,16,,0,,,2
2248340,Minal,Minal,13.81667,-14.76667,PPL,16,,0,,,2
2595661,Minam,Minam,14.67944,-17.21767,PPL,01,,0,,,3
2595711,Minam,Minam,14.73997,-17.45033,PPLX,01,,0,,,3
13553616,Minam,Minam,14.54654,-15.02782,PPL,16,10778872,0,,,3
2248317,Missira,Missira,14.93333,-16.08333,PPL,03,,0,,,17
2248318,Missira,Missira,14.93897,-15.96194,PPL,03,,0,,,17
2248319,Missira,Missira,14.25,-14.56667,PPL,05,,0,,,17
2248321,Missira,Missira,13.99093,-15.11367,PPL,16,,0,,,17
2248322,Missira,Missira,13.8,-13.76667,PPL,05,,0,,,17
2248323,Missira,Missira,13.76639,-15.9959,PPL,10,,0,,,17
2248324,Missira,Missira,13.68315,-16.50166,PPL,09,,0,,,17
2248325,Missira,Missira,13.53333,-13.51667,PPL,05,,0,,,17
2248326,Missira,Missira,13.3,-15.75,PPL,18,,0,,,17
2248327,Missira,Missira,13.18333,-13.61667,PPL,11,,0,,,17
2248329,Missira,Missira,13.07766,-16.59371,PPL,12,,0,,,17
2248330,Missira,Missira,13.05,-15.43333,PPL,18,,0,,,17
2248331,Missira,Missira,12.85,-14.65,PPL,11,,0,,,17
2248332,Missira,Missira,12.7225,-15.80028,PPL,18,,0,,,17
2248333,Missira,Missira,12.7,-14.86667,PPL,11,,0,,,17
2248334,Missira,Missira,12.55444,-15.49083,PPL,18,,0,,,17
13553592,Missira,Missira,14.57486,-15.27986,PPL,16,10778871,0,,,17
13658016,Missira Aliou,Missira Aliou,13.79428,-16.28967,PPL,09,2251792,0,,,1
2248316,Missira Balde Kayéra,Missira Balde Kayera,13.41667,-14.91667,PPL,11,,0,,,1
2248315,Missira Bokoda,Missira Bokoda,12.81667,-14.85,PPL,11,,0,,,1
2248314,Missira Bourbon,Missira Bourbon,12.76639,-15.21778,PPL,18,,0,,,1
2248313,Missira Boyene,Missira Boyene,13.38333,-14.75,PPL,11,,0,,,1
2248312,Missira Damantan,Missira Damantan,12.96667,-13.36667,PPL,05,,0,,,1
2248311,Missira Dantilia,Missira Dantilia,12.50312,-11.6894,PPL,17,,0,,,1
2248310,Missira Diaka,Missira Diaka,13.15,-13.43333,PPL,05,,0,,,1
2248309,Missira Diné,Missira Dine,13.86622,-16.05834,PPL,10,,0,,,1
2248308,Missira Doro,Missira Doro,13.31667,-15.28333,PPL,11,,0,,,1
13554696,Missira Fas,MissiraFas,14.1294,-15.16856,PPL,16,10778871,0,,,1
13554683,Missira Hodar,MissiraHodar,14.15742,-15.24578,PPL,16,10778871,0,,,1
2248306,Missira Kouba,Missira Kouba,13.2,-13.78333,PPL,11,,0,Pulaar/Fulani,clan/family name root,1
2248305,Missira Loène,Missira Loene,14.95,-15.98333,PPL,03,,0,,,1
2248304,Missira Mamadou Baldé,Missira Mamadou Balde,12.76583,-15.01694,PPL,11,,0,,,1
13554691,Missira Ndramé,MissiraNdrame,14.10803,-15.12742,PPL,16,10778871,0,,,1
6648016,Missira Samba Yissé,Missira Samba Yisse,14.80896,-12.44814,PPL,05,,0,,,1
2248328,Missira Sirimana,Missira Sirimana,13.08717,-11.70181,PPL,17,,0,,,1
13658225,Missira Thissé,Missira Thisse,13.84283,-16.22157,PPL,10,2247158,0,,,1
2248303,Missira Tioyène,Missira Tioyene,14.41667,-14.88333,PPL,16,,0,,,1
11497860,Missirah Wadene,Missirah Wadene,14.22928,-14.85226,PPL,10,,0,,,1
2248300,Mlomp,Mlomp,12.82889,-16.5275,PPL,12,,0,,,2
2248301,Mlomp,Mlomp,12.55306,-16.59417,PPL,12,,0,,,2
2248296,Modi Boulo,Modi Boulo,15.79905,-13.48124,PPL,15,,0,,,1
2248293,Modi Koko,Modi Koko,15.0,-15.83333,PPL,13,,0,,,1
2248299,Modiane,Modiane,14.56667,-16.71667,PPL,07,,0,,,1
2248298,Modiane Ehaye,Modiane Ehaye,14.38333,-15.88333,PPL,09,,0,,,1
2248294,Modikélol,Modikelol,15.31667,-13.91667,PPL,15,,0,,,1
2248291,Modji,Modji,14.43167,-15.31288,PPL,16,,0,,,2
2248292,Modji,Modji,15.4235,-15.8805,PPL,13,,0,,,2
2248290,Modou Tal,Modou Tal,14.93333,-15.76667,PPL,13,,0,,,1
2248289,Mofoti,Mofoti,13.53333,-13.63333,PPL,05,,0,,,1
2248288,Mogo Yalalbé,Mogo Yalalbe,15.65996,-13.39852,PPL,15,,0,,,1
2248287,Mogré,Mogre,15.3184,-15.024,PPL,13,,0,,,1
2248285,Mokane Diarèkh,MokaneDiarekh,14.45859,-16.48703,PPL,09,,0,,,1
13508579,Mokane Ngouye,MokaneNgouye,14.47376,-16.49239,PPL,09,7670866,0,,,1
2248284,Moki,Moki,12.83333,-14.46667,PPL,11,,0,,,1
6645338,Mollé Wala,Molle Wala,16.13833,-13.49531,PPL,15,,0,,,1
2248282,Molor,Molor,14.71667,-16.66667,PPL,07,,0,,,1
2248281,Moltaba,Moltaba,12.81667,-14.76667,PPL,11,,0,Pulaar/Fulani,clan/family name root,1
13508588,Mone,Mone,14.40166,-16.28398,PPL,09,7670866,0,,,1
2248277,Mongona,Mongona,12.97861,-16.46389,PPL,12,,0,,,1
2248275,Moniam,Moniam,13.1,-15.9,PPL,18,,0,,,2
2248276,Moniam,Moniam,12.87861,-16.17667,PPL,12,,0,,,2
2248274,Monorop,Monorop,14.53333,-16.53333,PPL,07,,0,,,1
2248273,Mont Rolland,Mont Rolland,14.9182,-16.9823,PPL,07,,0,,,1
2248270,Mordam Guèye,Mordam Gueye,15.1216,-15.9869,PPL,13,,0,,,1
2248268,Mori,Mori,13.73333,-14.55,PPL,05,,0,,,1
13554549,Mori Bougou,MoriBougou,14.0708,-15.66839,PPL,16,10778870,0,,,1
2248265,Mori Kounda,Mori Kounda,12.71667,-14.03333,PPL,11,,0,,,1
2248267,Moribougou,Moribougou,14.837,-12.46175,PPL,05,,0,,,1
2248264,Morikounda,Morikounda,12.79333,-16.06028,PPL,12,,0,,,1
2248263,Morlo,Morlo,14.85,-15.93333,PPL,03,,0,,,1
2248261,Moro Ndiaye,Moro Ndiaye,14.91667,-16.15,PPL,03,,0,,,1
2248784,Moronèm,Moronem,14.48487,-16.28977,PPL,09,,0,,,1
2248259,Morou,Morou,16.13639,-15.43889,PPL,14,,0,,,1
2248258,Moroye,Moroye,14.05,-13.56667,PPL,05,,0,,,1
2248262,Moroïafara,Moroiafara,12.61667,-11.78333,PPL,17,,0,,,1
2248256,Mosguée,Mosguee,12.81278,-15.97417,PPL,18,,0,,,1
2248253,Mossor,Mossor,12.36667,-16.73333,PPL,12,,0,,,1
2248252,Moudéri,Mouderi,15.05673,-12.59079,PPL,15,,0,,,1
2248251,Mougnini,Mougnini,12.9,-13.73333,PPL,11,,0,,,1
2248250,Moui,Moui,13.93333,-15.48333,PPL,16,,0,,,1
2248249,Moui Ndiobone,Moui Ndiobone,15.2,-16.21667,PPL,13,,0,,,1
2248248,Mouit,Mouit,15.86697,-16.50574,PPL,14,,0,,,1
2248246,Moukh Moukh,Moukh Moukh,15.4343,-15.787,PPL,13,,0,,,1
2250112,Moula Ndiaga,MoulaNdiaga,13.99202,-15.81177,PPL,10,,0,,,1
2248242,Moulessi,Moulessi,13.58333,-13.65,PPL,11,,0,,,1
2248241,Moulounga,Moulounga,12.43595,-11.68652,PPL,17,,0,,,1
2248239,Mounavara,Mounavara,13.86667,-15.41667,PPL,16,,0,,,1
2248238,Moundaï Orgo,Moundai Orgo,16.63699,-14.70213,PPL,14,,0,,,1
2248236,Moundo Sankoulé,Moundo Sankoule,13.05,-13.83333,PPL,11,,0,,,1
2248237,Moundé,Mounde,13.95565,-16.64889,PPL,09,,0,,,1
2248232,Mountabou,Mountabou,13.66667,-13.61667,PPL,05,,0,,,1
2248231,Mounti,Mounti,12.96667,-13.91667,PPL,11,,0,,,1
2248227,Mour,Mour,14.59483,-15.63871,PPL,09,,0,,,1
2248229,Moura Mal,Moura Mal,15.83333,-16.06667,PPL,13,,0,,,1
2248230,Mouran,Mouran,13.22367,-11.6101,PPL,17,,0,,,1
2248228,Mourdioujène,Mourdioujene,15.08333,-16.98333,PPL,07,,0,,,1
13617458,Mourel,Mourel,15.78678,-16.53138,PPL,13,2249224,0,,,1
13507443,Mourid,Mourid,14.38074,-16.59494,PPL,09,7670866,0,,,1
2248225,Mouril,Mouril,15.76667,-16.48333,PPL,13,,0,,,1
2248224,Mourkadié,Mourkadie,16.52029,-14.74668,PPL,14,,0,,,1
2248223,Mouro,Mouro,15.3081,-15.9707,PPL,13,,0,,,1
2248222,Mourtéki,Mourteki,14.7,-15.96667,PPL,03,,0,,,1
2248220,Mousdalifa,Mousdalifa,13.9,-15.0,PPL,16,,0,,,1
2248254,Mousladji Deux,MousladjiDeux,14.96665,-16.30227,PPL,03,,0,,,1
2248255,Mousladji Un,MousladjiUn,14.93801,-16.31789,PPL,03,,0,,,1
2248219,Moussa Gaye,Moussa Gaye,13.71667,-16.33333,PPL,09,,0,,,1
2248216,Moussala,Moussala,13.69254,-12.05981,PPL,05,,0,,,3
2248218,Moussala,Moussala,13.1907,-11.50432,PPL,05,,0,,,3
6658544,Moussala,Moussala,12.91628,-11.40616,PPL,05,,0,,,3
13554681,Moustakhina,Moustakhina,14.07567,-15.28293,PPL,16,10778871,0,,,1
2248214,Moutina,Moutina,12.37,-16.58028,PPL,12,,0,,,1
2248213,Mouye,Mouye,15.5553,-15.5322,PPL,13,,0,,,1
13554697,Mouye Pâfa,MouyePafa,14.20829,-15.07371,PPL,16,10778871,0,,,1
2248247,Mouïtaba,Mouitaba,13.11667,-14.46667,PPL,11,,0,Pulaar/Fulani,clan/family name root,1
2248212,Moyafara,Moyafara,12.8325,-15.27083,PPL,18,,0,,,1
2248211,Mpak,Mpak,12.46194,-16.23806,PPL,12,,0,,,1
2248209,Mpal Kéli,Mpal Keli,15.43333,-16.21667,PPL,13,,0,,,1
2248206,Mpas,Mpas,14.18333,-13.96667,PPL,05,,0,,,1
2248740,Mâyél Dibi,Mayel Dibi,13.88333,-13.63333,PPL,05,,0,,,1
13508537,Mèm,Mem,14.44018,-16.39057,PPL,09,7670866,0,,,1
2248349,Mèt,Met,14.55978,-16.04572,PPL,03,,0,,,1
2248443,Médina,Medina,14.68263,-17.44908,PPLX,01,,0,Wolof/Arabic,"Medina = ""town"" (Arabic loanword, common Senegalese toponym)",7
2248447,Médina,Medina,13.98333,-15.16667,PPL,16,,0,Wolof/Arabic,"Medina = ""town"" (Arabic loanword, common Senegalese toponym)",7
2248448,Médina,Medina,13.93333,-14.81667,PPL,16,,0,Wolof/Arabic,"Medina = ""town"" (Arabic loanword, common Senegalese toponym)",7
2248449,Médina,Medina,13.88333,-15.4,PPL,16,,0,Wolof/Arabic,"Medina = ""town"" (Arabic loanword, common Senegalese toponym)",7
2248450,Médina,Medina,13.71667,-15.86667,PPL,10,,0,Wolof/Arabic,"Medina = ""town"" (Arabic loanword, common Senegalese toponym)",7
2596005,Médina,Medina,16.17778,-16.32889,PPL,14,,0,Wolof/Arabic,"Medina = ""town"" (Arabic loanword, common Senegalese toponym)",7
13658058,Médina,Medina,13.81992,-16.45016,PPL,09,2251792,0,Wolof/Arabic,"Medina = ""town"" (Arabic loanword, common Senegalese toponym)",7
2248442,Médina Abolou,Medina Abolou,13.76667,-14.76667,PPL,05,,0,Wolof/Arabic,"Medina = ""town"" (Arabic loanword, common Senegalese toponym)",1
2248441,Médina Babou,Medina Babou,13.96667,-15.78333,PPL,10,,0,Wolof/Arabic,"Medina = ""town"" (Arabic loanword, common Senegalese toponym)",1
13658734,Médina Birassou,Medina Birassou,13.04118,-16.6601,PPL,12,2253903,0,Wolof/Arabic,"Medina = ""town"" (Arabic loanword, common Senegalese toponym)",1
2248439,Médina Boéni,Medina Boeni,12.66667,-13.05,PPL,17,,0,Wolof/Arabic,"Medina = ""town"" (Arabic loanword, common Senegalese toponym)",1
13658144,Médina Bèye,Medina Beye,13.90971,-16.01694,PPL,10,2250807,0,Wolof/Arabic,"Medina = ""town"" (Arabic loanword, common Senegalese toponym)",1
2248438,Médina Chérif,Medina Cherif,12.93333,-14.21667,PPL,11,,0,Wolof/Arabic,"Medina = ""town"" (Arabic loanword, common Senegalese toponym)",1
2248437,Médina Dakhar,Medina Dakhar,15.1022,-16.547,PPL,07,,0,Wolof/Arabic,"Medina = ""town"" (Arabic loanword, common Senegalese toponym)",1
13553640,Médina Diamaguène,MedinaDiamaguene,14.51398,-15.116,PPL,16,10778871,0,Wolof/Arabic,"Medina = ""town"" (Arabic loanword, common Senegalese toponym)",1
2250552,Médina Diané,Medina Diane,13.78345,-16.18982,PPL,10,,0,Wolof/Arabic,"Medina = ""town"" (Arabic loanword, common Senegalese toponym)",1
2249034,Médina Djikoye,Medina Djikoye,13.62699,-16.28772,PPL,09,,0,Wolof/Arabic,"Medina = ""town"" (Arabic loanword, common Senegalese toponym)",1
2248433,Médina Gounas,Medina Gounas,13.13607,-13.75566,PPL,11,,36588,Wolof/Arabic,"Medina = ""town"" (Arabic loanword, common Senegalese toponym)",2
2595779,Médina Gounas,Medina Gounas,14.76844,-17.38633,PPLX,01,,0,Wolof/Arabic,"Medina = ""town"" (Arabic loanword, common Senegalese toponym)",2
2595815,Médina Kel,Medina Kel,14.77312,-17.31721,PPLX,01,,0,Wolof/Arabic,"Medina = ""town"" (Arabic loanword, common Senegalese toponym)",1
2248432,Médina Keur Babou,Medina Keur Babou,13.91667,-15.65,PPL,16,,0,Wolof/Arabic,"Medina = ""town"" (Arabic loanword, common Senegalese toponym)",1
2248430,Médina Koli,Medina Koli,13.9,-15.11667,PPL,16,,0,Wolof/Arabic,"Medina = ""town"" (Arabic loanword, common Senegalese toponym)",1
13658172,Médina Kébé,Medina Kebe,13.96133,-16.21873,PPL,09,2251792,0,Wolof/Arabic,"Medina = ""town"" (Arabic loanword, common Senegalese toponym)",1
13658218,Médina Laïti,Medina Laiti,13.94433,-16.03154,PPL,10,2250807,0,Wolof/Arabic,"Medina = ""town"" (Arabic loanword, common Senegalese toponym)",1
13658003,Médina Mafadi,Medina Mafadi,13.81311,-16.29928,PPL,09,2251792,0,Wolof/Arabic,"Medina = ""town"" (Arabic loanword, common Senegalese toponym)",1
13658131,Médina Mas,Medina Mas,13.77344,-16.06054,PPL,10,2247158,0,Wolof/Arabic,"Medina = ""town"" (Arabic loanword, common Senegalese toponym)",1
13658178,Médina Mbandji,Medina Mbandji,13.82837,-16.1436,PPL,10,2247158,0,Wolof/Arabic,"Medina = ""town"" (Arabic loanword, common Senegalese toponym)",1
2248429,Médina Mbaye Faye,Medina Mbaye Faye,13.71667,-15.88333,PPL,10,,0,Wolof/Arabic,"Medina = ""town"" (Arabic loanword, common Senegalese toponym)",1
2248428,Médina Mbayène,Medina Mbayene,14.03333,-14.83333,PPL,16,,0,Wolof/Arabic,"Medina = ""town"" (Arabic loanword, common Senegalese toponym)",3
2248557,Médina Mbayène,MedinaMbayene,14.74794,-15.50919,PPL,03,,0,Wolof/Arabic,"Medina = ""town"" (Arabic loanword, common Senegalese toponym)",3
13553471,Médina Mbayène,MedinaMbayene,14.70618,-15.55716,PPL,03,2248699,0,Wolof/Arabic,"Medina = ""town"" (Arabic loanword, common Senegalese toponym)",3
2248427,Médina Ndiayène,Medina Ndiayene,14.36667,-14.86667,PPL,16,,0,Wolof/Arabic,"Medina = ""town"" (Arabic loanword, common Senegalese toponym)",1
13658324,Médina Ngayène,Medina Ngayene,13.6567,-16.29445,PPL,09,2251792,0,Wolof/Arabic,"Medina = ""town"" (Arabic loanword, common Senegalese toponym)",1
2248425,Médina Pakane,Medina Pakane,13.03333,-13.78333,PPL,11,,0,Wolof/Arabic,"Medina = ""town"" (Arabic loanword, common Senegalese toponym)",1
2248424,Médina Sabakh,Medina Sabakh,13.6,-15.58333,PPL,10,,0,Wolof/Arabic,"Medina = ""town"" (Arabic loanword, common Senegalese toponym)",1
13554686,Médina Safa Goubi,MedinaSafaGoubi,14.23068,-15.26355,PPL,16,10778871,0,Wolof/Arabic,"Medina = ""town"" (Arabic loanword, common Senegalese toponym)",1
13658162,Médina Salam,Medina Salam,13.76339,-16.14794,PPL,10,2247158,0,Wolof/Arabic,"Medina = ""town"" (Arabic loanword, common Senegalese toponym)",1
2248423,Médina Sali,Medina Sali,13.88333,-14.9,PPL,16,,0,Wolof/Arabic,"Medina = ""town"" (Arabic loanword, common Senegalese toponym)",1
2248421,Médina Samba Gouro,Medina Samba Gouro,14.77958,-12.57263,PPL,05,,0,Wolof/Arabic,"Medina = ""town"" (Arabic loanword, common Senegalese toponym)",1
2248422,Médina Sambène,Medina Sambene,14.33333,-14.91667,PPL,16,,0,Wolof/Arabic,"Medina = ""town"" (Arabic loanword, common Senegalese toponym)",1
13658328,Médina Santhie,Medina Santhie,13.71205,-16.41046,PPL,09,2251792,0,Wolof/Arabic,"Medina = ""town"" (Arabic loanword, common Senegalese toponym)",1
2248419,Médina Sintiou Amat Maram,Medina Sintiou Amat Maram,13.81667,-15.46667,PPL,16,,0,Wolof/Arabic,"Medina = ""town"" (Arabic loanword, common Senegalese toponym)",1
13554556,Médina Taba,MedinaTaba,14.05762,-15.54452,PPL,16,2251008,0,Pulaar/Fulani,clan/family name root,1
2248417,Médina Tiarène,Medina Tiarene,14.1,-15.1,PPL,16,,0,Wolof/Arabic,"Medina = ""town"" (Arabic loanword, common Senegalese toponym)",1
2595687,Médina Tioub,Medina Tioub,14.77368,-17.26591,PPL,01,,0,Wolof/Arabic,"Medina = ""town"" (Arabic loanword, common Senegalese toponym)",1
13658707,Médina Tiâmène,Medina Tiamene,13.70911,-16.06525,PPL,10,2247158,0,Wolof/Arabic,"Medina = ""town"" (Arabic loanword, common Senegalese toponym)",1
2248416,Médina Tobène,Medina Tobene,14.23333,-14.66667,PPL,16,,0,Wolof/Arabic,"Medina = ""town"" (Arabic loanword, common Senegalese toponym)",1
2248414,Médina Yelour,Medina Yelour,16.19028,-15.6175,PPL,14,,0,Wolof/Arabic,"Medina = ""town"" (Arabic loanword, common Senegalese toponym)",1
2248413,Médina Yogué,Medina Yogue,12.93333,-14.28333,PPL,11,,0,Wolof/Arabic,"Medina = ""town"" (Arabic loanword, common Senegalese toponym)",1
2248435,Médina el Hadji,Medina el Hadji,12.75,-14.91667,PPL,11,,0,Wolof/Arabic,"Medina = ""town"" (Arabic loanword, common Senegalese toponym)",1
2248412,Médina-Yorofoula,Medina-Yorofoula,13.3,-14.71667,PPL,11,,3000,Wolof/Arabic,"Medina = ""town"" (Arabic loanword, common Senegalese toponym)",1
2248418,Médinassi,Medinassi,15.3158,-15.4883,PPL,13,,0,Wolof/Arabic,"Medina = ""town"" (Arabic loanword, common Senegalese toponym)",1
2595400,Médinatoul Mounawara,Medinatoul Mounawara,14.53089,-17.01339,PPL,07,,0,Wolof/Arabic,"Medina = ""town"" (Arabic loanword, common Senegalese toponym)",1
2248411,Médine,Medine,14.85705,-17.01853,PPL,07,,0,,,2
13506718,Médine,Medine,14.57031,-16.69017,PPL,07,2248478,0,,,2
2248410,Méguièg,Meguieg,12.94694,-16.14472,PPL,12,,0,,,1
2248409,Mékhé,Mekhe,15.1097,-16.6218,PPL,07,,27566,,,1
13504724,Mékhé Lambaye,MekheLambaye,14.77705,-16.52726,PPL,03,2254315,0,,,1
2248407,Mékhé Village,Mekhe Village,15.1174,-16.6799,PPL,07,,0,,,1
2248985,Mélakh,Melakh,15.3167,-15.567,PPL,13,,0,,,1
13505598,Mélo,Melo,14.764,-16.20415,PPL,03,2252312,0,,,1
2248405,Méné,Mene,16.54512,-14.84344,PPL,14,,0,,,1
2248401,Méo,Meo,13.86667,-15.36667,PPL,16,,0,,,1
2248399,Méo Ndiayène,Meo Ndiayene,13.88333,-15.35,PPL,16,,0,,,1
2248398,Méo Ndioubène,Meo Ndioubene,13.9,-15.35,PPL,16,,0,,,1
2248396,Méou Diobène,Meou Diobene,13.31667,-14.85,PPL,11,,0,,,1
2248397,Méouane,Meouane,15.0765,-16.7602,PPL,07,,0,,,1
2248393,Méoundou,Meoundou,15.06667,-16.45,PPL,07,,0,,,2
2248394,Méoundou,Meoundou,15.0392,-16.3403,PPL,07,,0,,,2
2248386,Méri,Meri,16.21554,-14.05578,PPL,14,,0,,,1
2248380,Mérina,Merina,15.26667,-16.23333,PPL,13,,0,,,4
2248381,Mérina,Merina,15.2649,-15.9891,PPL,13,,0,,,4
2248384,Mérina,Merina,14.71164,-17.26473,PPLX,01,,0,,,4
13506780,Mérina,Merina,14.72063,-16.58088,PPL,03,2254315,0,,,4
2248378,Mérina Asta,Merina Asta,15.0248,-16.3863,PPL,07,,0,,,1
2596075,Mérina Bara,Merina Bara,15.84167,-16.35861,PPL,14,,0,,,1
2248377,Mérina Bébé,Merina Bebe,15.61667,-16.41667,PPL,13,,0,,,1
2248376,Mérina Dakar,Merina Dakar,15.63333,-16.43333,PPL,13,,0,,,1
13505352,Mérina Dieng,MerinaDieng,14.9105,-16.34206,PPL,03,2252312,0,,,1
2248370,Mérina Diop,Merina Diop,15.71667,-16.31667,PPL,13,,0,,,7
2248371,Mérina Diop,Merina Diop,15.56667,-16.03333,PPL,13,,0,,,7
2248372,Mérina Diop,Merina Diop,15.48333,-16.5,PPL,13,,0,,,7
2248373,Mérina Diop,Merina Diop,15.33333,-16.55,PPL,13,,0,,,7
2248374,Mérina Diop,Merina Diop,15.05,-16.45,PPL,07,,0,,,7
2253212,Mérina Diop,MerinaDiop,14.8274,-15.77767,PPL,03,,0,,,7
13504685,Mérina Diop,MerinaDiop,14.85712,-16.50657,PPL,03,2254315,0,,,7
2248369,Mérina Fal,Merina Fal,15.11667,-16.81667,PPL,07,,0,,,1
13505369,Mérina Kane,MerinaKane,14.97551,-16.49488,PPL,03,2254315,0,,,1
2248364,Mérina Ndiaye,Merina Ndiaye,15.5133,-16.5115,PPL,13,,0,,,2
2248365,Mérina Ndiaye,Merina Ndiaye,15.36667,-16.58333,PPL,13,,0,,,2
2248362,Mérina Ndiol,Merina Ndiol,15.2872,-16.6805,PPL,13,,0,,,1
2248379,Mérina Sal,Merina Sal,15.84111,-16.3625,PPL,14,,0,,,2
2254455,Mérina Sal,MerinaSal,14.96975,-16.70008,PPL,07,,0,,,2
2248360,Mérina Sambé,Merina Sambe,15.2,-16.75,PPL,07,,0,,,1
2248359,Mérina Santié,Merina Santie,15.7,-16.38333,PPL,13,,0,,,1
2248358,Mérina Sar,Merina Sar,15.43333,-16.08333,PPL,13,,0,,,3
2248420,Mérina Sar,MerinaSar,14.56697,-15.92129,PPL,03,,0,,,3
13507217,Mérina Sar,MerinaSar,14.55469,-16.13342,PPL,03,2252312,0,,,3
2248382,Mérina Sill,MerinaSill,14.8964,-16.24815,PPL,03,,0,,,1
2248356,Mérina Simong,Merina Simong,15.61667,-16.41667,PPL,13,,0,,,1
2248383,Mérina Tiakho,MerinaTiakho,14.77501,-16.10652,PPL,03,,0,,,1
2248368,Mérinaguene,Merinaguene,15.9473,-15.9696,PPL,13,,0,,,1
2248391,Mérékoto,Merekoto,14.05,-13.4,PPL,05,,0,,,1
13658192,Méréla Santhie,Merela Santhie,13.78846,-16.08625,PPL,10,2247158,0,,,1
13658160,Méréla Yoro,Merela Yoro,13.78225,-16.07821,PPL,10,2247158,0,,,1
2248388,Méréto,Mereto,13.81667,-14.45,PPL,05,,0,,,1
2248387,Mérévé,Mereve,12.71667,-14.46667,PPL,11,,0,,,1
2248355,Mésséré,Messere,14.47823,-15.88012,PPL,09,,0,,,1
13509038,Mét,Met,14.4296,-16.11804,PPL,09,2251492,0,,,1
2248347,Mévél,Mevel,15.6534,-15.2639,PPL,13,,0,,,1
2248400,Méw Méw,MewMew,14.30326,-15.97716,PPL,10,,0,,,1
13554670,Méw Ndiobène,MewNdiobene,14.02342,-15.10722,PPL,16,10778872,0,,,1
2248395,Méwdou Kane,MewdouKane,14.96008,-16.55304,PPL,03,,0,,,1
2248203,Naba,Naba,14.84398,-15.71772,PPL,03,,0,Pulaar/Fulani,clan/family name root,1
2248202,Nabadji,Nabadji,15.73715,-13.38921,PPL,15,,0,,,1
2248201,Naban,Naban,14.83333,-15.73333,PPL,03,,0,,,1
2248200,Nabar,Nabar,14.8,-15.71667,PPL,03,,0,,,1
2248185,Nafadji,Nafadji,12.62013,-11.61284,PPL,17,,0,,,1
13506475,Nafar,Nafar,14.7151,-16.81729,PPL,07,2244804,0,,,1
13507463,Nakhamaye,Nakhamaye,14.36882,-16.69651,PPL,09,7670866,0,,,1
13504748,Nakhnèkh,Nakhnekh,14.75385,-16.63118,PPL,07,2244804,0,,,1
2248186,Naké,Nake,14.78727,-16.42052,PPL,03,,0,,,1
2248184,Nalal Daou,Nalal Daou,15.2165,-14.2041,PPL,15,,0,,,1
2248180,Namandéri,Namanderi,14.91312,-12.59428,PPL,05,,0,,,1
2248178,Namara,Namara,13.0,-14.08333,PPL,11,,0,,,1
13552822,Namari,Namari,14.56385,-15.81867,PPL,09,2251492,0,,,1
13553468,Namas,Namas,14.61066,-15.66461,PPL,09,2251492,0,,,1
2248166,Namo,Namo,12.9,-14.86667,PPL,11,,0,,,1
2248165,Namoun,Namoun,12.75,-16.05,PPL,12,,0,,,1
2248168,Namène,Namene,15.3,-16.23333,PPL,13,,0,,,1
2248170,Naméko,Nameko,12.68333,-14.68333,PPL,11,,0,,,1
2248169,Namél,Namel,12.5584,-12.4621,PPL,17,,0,,,1
2248162,Nandjigui,Nandjigui,13.98333,-15.53333,PPL,16,,0,,,1
2248161,Nandoumari,Nandoumari,12.3456,-12.3571,PPL,17,,0,,,1
2248157,Nangadi,Nangadi,14.86303,-15.53431,PPL,13,,0,,,1
2248156,Nanganam,Nanganam,14.16667,-13.03333,PPL,05,,0,,,1
2248155,Nangango,Nangango,16.58539,-14.80607,PPL,14,,0,,,1
2248154,Nangar,Nangar,12.605,-12.8098,PPL,17,,0,,,1
2248152,Nango,Nango,12.63333,-12.91667,PPL,17,,0,,,1
2248150,Nanine Koye,Nanine Koye,14.1,-14.51667,PPL,05,,0,,,1
2248149,Nankilan,Nankilan,13.81667,-14.18333,PPL,05,,0,,,1
2248159,Nané,Nane,12.85,-14.2,PPL,11,,0,,,1
2248158,Nanéko,Naneko,13.21667,-15.33333,PPL,11,,0,,,1
2248148,Naolérou,Naolerou,13.6,-15.93333,PPL,10,,0,,,1
2248147,Naoni,Naoni,14.41667,-15.63333,PPL,16,,0,,,1
2248146,Naoudé,Naoude,13.86667,-13.35,PPL,05,,0,,,1
2248143,Naouré,Naoure,15.0512,-14.4409,PPL,15,,0,,,1
2248138,Narga,Narga,14.8083,-15.7965,PPL,03,,0,,,3
2248139,Narga,Narga,14.49231,-15.88587,PPL,09,,0,,,3
2248140,Narga,Narga,14.35,-15.88333,PPL,09,,0,,,3
2595544,Narkokal,Narkokal,14.73182,-17.12004,PPLX,07,,0,,,1
2245165,Nasrou,Nasrou,14.65045,-15.81597,PPL,03,,0,,,1
2248137,Nass,Nass,15.11667,-16.85,PPL,07,,0,,,1
2248136,Nassiné,Nassine,13.53333,-14.26667,PPL,05,,0,,,1
2248134,Natchilati,Natchilati,12.75,-13.8,PPL,11,,0,,,1
2248133,Natia,Natia,12.46667,-12.35,PPL,17,,0,,,1
2248132,Natol,Natol,14.83333,-15.6,PPL,09,,0,,,1
2248131,Navarène,Navarene,14.20399,-15.33901,PPL,16,,0,,,1
2248129,Navel,Navel,15.63275,-13.246,PPL,15,,0,,,2
2248130,Navel,Navel,15.6129,-15.6087,PPL,13,,0,,,2
2248144,Nawdourou,Nawdourou,14.0857,-15.95551,PPL,10,,0,,,1
13554548,Nawel,Nawel,14.11745,-15.73312,PPL,16,10778870,0,,,1
2248127,Naydé,Nayde,15.7287,-15.9413,PPL,13,,0,,,2
2248128,Naydé,Nayde,15.1349,-15.2624,PPL,13,,0,,,2
2248124,Naye Boyal,Naye Boyal,14.51667,-15.71667,PPL,09,,0,,,1
2248122,Nayobé,Nayobe,15.6502,-16.0479,PPL,13,,0,,,1
2248121,Nayon Diam Poulo,Nayon Diam Poulo,14.43333,-14.55,PPL,05,,0,,,1
2248120,Nayon Keur Kadi,Nayon Keur Kadi,14.43333,-14.56667,PPL,05,,0,,,1
2248119,Nayon Madou,Nayon Madou,14.41667,-14.55,PPL,05,,0,,,1
2248126,Nayé,Naye,14.4185,-12.20801,PPL,05,,0,,,1
2248196,Naéré,Naere,16.22917,-15.88611,PPL,14,,0,,,1
2248191,Naïdé,Naide,15.9611,-14.8975,PPL,13,,0,,,2
2248192,Naïdé,Naide,14.97941,-15.85546,PPL,03,,0,,,2
2248190,Naïdé Boussa,Naide Boussa,14.96667,-15.86667,PPL,03,,0,,,1
2248189,Naïfa,Naifa,12.78333,-14.8,PPL,11,,0,,,1
2248117,Nbamba,Nbamba,15.13333,-16.53333,PPL,07,,0,Pulaar/Fulani,clan/family name root,1
2248116,Nbanar,Nbanar,15.9841,-15.8758,PPL,13,,0,,,1
2248113,Nboutembou,Nboutembou,13.6,-14.33333,PPL,05,,0,,,1
2596015,Nbéla,Nbela,16.15667,-16.30167,PPL,14,,0,,,1
2248112,Ndabe Sow,Ndabe Sow,15.87639,-16.26861,PPL,14,,0,,,1
2596055,Ndabe Tal,Ndabe Tal,15.88694,-16.26528,PPL,13,,0,,,1
13505541,Ndabo,Ndabo,14.80703,-16.18961,PPL,03,2252312,0,,,1
2248111,Ndadafakh,Ndadafakh,14.53595,-16.77004,PPL,07,,0,,,1
13504656,Ndaga Lambaye,NdagaLambaye,14.77999,-16.55297,PPL,03,2254315,0,,,1
13508984,Ndagane Keur Diouli,NdaganeKeurDiouli,14.39663,-16.23485,PPL,09,7670866,0,,,1
2248109,Ndagane Ligne,NdaganeLigne,14.37527,-16.24415,PPL,09,,0,,,1
2593150,Ndagane Touti,Ndagane Touti,13.70376,-16.51903,PPL,09,,0,,,1
13658216,Ndaissé Alfa,Ndaisse Alfa,13.92915,-16.15903,PPL,10,2250807,0,,,1
13658136,Ndaissé Babou,Ndaisse Babou,13.91796,-16.15915,PPL,10,2250807,0,,,1
13658229,Ndaissé Sadio,Ndaisse Sadio,13.92381,-16.16456,PPL,10,2250807,0,,,1
13508563,Ndak Deux,NdakDeux,14.26691,-16.27036,PPL,10,2250807,0,,,1
2253366,Ndak Ndam,NdakNdam,14.59686,-16.53765,PPL,07,,0,,,2
13506762,Ndak Ndam,NdakNdam,14.60936,-16.59603,PPL,07,2248478,0,,,2
13508589,Ndak Un,NdakUn,14.28018,-16.25157,PPL,10,2250807,0,,,1
13506962,Ndakh,Ndakh,14.7341,-16.33119,PPL,03,2254315,0,,,1
2248102,Ndakhar,Ndakhar,15.9494,-16.2204,PPL,14,,0,,,7
2248103,Ndakhar,Ndakhar,15.75,-16.1,PPL,13,,0,,,7
2248104,Ndakhar,Ndakhar,15.16667,-16.68333,PPL,07,,0,,,7
2248105,Ndakhar,Ndakhar,15.16667,-16.03333,PPL,13,,0,,,7
2248106,Ndakhar,Ndakhar,13.8,-15.51667,PPL,16,,0,,,7
2248107,Ndakhar,Ndakhar,14.72942,-15.95899,PPL,03,,0,,,7
2248108,Ndakhar,Ndakhar,14.08713,-15.05415,PPL,16,,0,,,7
2248101,Ndakhar Birima,Ndakhar Birima,15.38333,-16.38333,PPL,13,,0,,,1
2248100,Ndakhar Koba,Ndakhar Koba,15.96667,-16.06667,PPL,13,,0,Pulaar/Fulani,clan/family name root,1
2248099,Ndakhar Lamane,Ndakhar Lamane,15.4,-16.43333,PPL,13,,0,,,1
2248098,Ndakhar-Poste,Ndakhar-Poste,13.81667,-15.3,PPL,16,,0,,,1
13509020,Ndalane Bambara,NdalaneBambara,14.29667,-16.1996,PPL,10,2250807,0,,,1
2248097,Ndalarlo,Ndalarlo,15.7101,-15.9642,PPL,13,,0,,,1
2595659,Ndaldali,Ndaldali,14.68974,-17.22624,PPLX,01,,0,,,1
2248096,Ndalinguèr,Ndalinguer,15.21667,-16.46667,PPL,07,,0,,,1
2248095,Ndalla,Ndalla,15.5398,-15.9453,PPL,13,,0,,,1
2248090,Ndam,Ndam,15.58333,-16.08333,PPL,13,,0,,,5
2248093,Ndam,Ndam,14.08333,-14.58333,PPL,16,,0,,,5
2253330,Ndam,Ndam,14.43046,-15.85199,PPL,09,,0,,,5
13504535,Ndam,Ndam,14.82322,-16.80214,PPL,07,2244804,0,,,5
13506742,Ndam,Ndam,14.59878,-16.73875,PPL,07,2248478,0,,,5
2248085,Ndam Gott,Ndam Gott,15.58333,-16.28333,PPL,13,,0,,,1
2248084,Ndam Guinop,Ndam Guinop,15.33333,-16.25,PPL,13,,0,,,1
2248081,Ndam Khab,Ndam Khab,15.7,-16.13333,PPL,13,,0,,,1
2248080,Ndam Khalil,Ndam Khalil,15.63333,-16.15,PPL,13,,0,,,1
2248079,Ndam Lo,Ndam Lo,14.6,-15.63333,PPL,09,,0,,,2
2248092,Ndam Lo,Ndam Lo,14.86197,-17.09293,PPL,07,,0,,,2
2248091,Ndam Lô,NdamLo,15.00706,-16.01759,PPL,13,,0,,,2
2248094,Ndam Lô,Ndam Lo,13.69408,-16.01037,PPL,10,,0,,,2
2248077,Ndam Matakh,Ndam Matakh,15.35,-16.15,PPL,13,,0,,,1
2248088,Ndam Ndam,Ndam Ndam,15.6043,-16.3917,PPL,13,,0,,,1
13504757,Ndam Ndiaga,NdamNdiaga,14.96779,-16.64661,PPL,07,2244388,0,,,1
2246232,Ndam Sanossi,NdamSanossi,14.97316,-16.0818,PPL,13,,0,,,1
13505534,Ndam Sar,NdamSar,14.77203,-16.20859,PPL,03,2252312,0,,,1
2248089,Ndama,Ndama,13.81667,-15.7,PPL,10,,0,,,1
2248087,Ndame,Ndame,14.82003,-15.87476,PPL,03,,0,,,2
2253316,Ndame,Ndame,14.4979,-15.75305,PPL,09,,0,,,2
2248082,Ndamio,Ndamio,15.41667,-16.38333,PPL,13,,0,,,2
2248083,Ndamio,Ndamio,15.06667,-16.88333,PPL,07,,0,,,2
2248078,Ndamlo,Ndamlo,15.01667,-16.58333,PPL,07,,0,,,1
2248076,Ndandantou,Ndandantou,15.23333,-16.68333,PPL,07,,0,,,1
2248075,Ndande,Ndande,15.2722,-16.517,PPL,13,,0,,,1
13504759,Ndane,Ndane,14.78898,-16.73079,PPL,07,2244804,0,,,1
2248070,Ndang,Ndang,15.1693,-16.6373,PPL,07,,0,,,1
2248074,Ndanga,Ndanga,13.81667,-14.83333,PPL,16,,0,,,1
2253305,Ndangalma,Ndangalma,14.72429,-16.56699,PPL,03,,0,,,1
2248073,Ndangane,Ndangane,14.07464,-16.69252,PPL,09,,0,,,4
2250434,Ndangane,Ndangane,14.07638,-15.92396,PPL,10,,0,,,4
2253304,Ndangane,Ndangane,14.10094,-15.84216,PPL,16,,0,,,4
2595431,Ndangane,Ndangane,14.48995,-17.08199,PPL,07,,0,,,4
13658059,Ndangane Badoudou,Ndangane Badoudou,13.8515,-16.41327,PPL,09,2251792,0,,,1
2248071,Ndangar,Ndangar,15.23333,-16.75,PPL,07,,0,,,1
2253300,Ndangour,Ndangour,14.48128,-15.70774,PPL,10,,0,,,1
2248069,Ndangour Fal,Ndangour Fal,15.86667,-16.16667,PPL,13,,0,,,1
13508576,Ndanguèm,Ndanguem,14.3851,-16.29775,PPL,09,7670866,0,,,1
2248068,Ndanka,Ndanka,13.88333,-15.51667,PPL,16,,0,,,1
2253301,Ndankh,Ndankh,14.66583,-16.25832,PPL,03,,0,,,1
2248067,Ndankou,Ndankou,13.83333,-15.36667,PPL,16,,0,,,1
2248064,Ndaouère,Ndaouere,15.46667,-16.26667,PPL,13,,0,,,1
2253255,Ndar Gouye,NdarGouye,14.67685,-15.62237,PPL,09,,0,,,1
2248054,Ndar Sall,Ndar Sall,15.221,-16.3821,PPL,07,,0,,,1
2253096,Ndar Tout,Ndar Tout,16.03361,-16.50818,PPLX,14,,0,,,1
13551959,Ndara Fal,NdaraFal,14.98757,-15.03078,PPL,13,2249283,0,,,1
2248060,Ndarami,Ndarami,15.582,-14.781,PPL,13,,0,,,1
2248062,Ndaramé,Ndarame,13.81667,-15.03333,PPL,10,,0,,,1
2247387,Ndarap,Ndarap,14.62831,-16.29155,PPL,03,,0,,,1
2248058,Ndari,Ndari,15.05,-16.78333,PPL,07,,0,,,1
13514610,Ndari Diop,NdariDiop,14.94075,-16.45348,PPL,03,2254315,0,,,1
13505428,Ndari Gad,NdariGad,14.93867,-16.46656,PPL,03,2254315,0,,,1
2248059,Ndari Palène,NdariPalene,14.93901,-16.44759,PPL,03,,0,,,1
2248056,Ndarou Diobène,Ndarou Diobene,13.86667,-13.33333,PPL,05,,0,,,1
2248053,Ndat Diokoul,Ndat Diokoul,15.33333,-16.36667,PPL,13,,0,,,1
2248052,Ndatou,Ndatou,14.1,-14.3,PPL,05,,0,,,1
2248065,Ndavéne,Ndavene,15.6603,-16.246,PPL,13,,0,,,1
13658026,Ndaw Malik,Ndaw Malik,13.78944,-16.30198,PPL,09,2251792,0,,,1
2248051,Ndawas Diagne,Ndawas Diagne,15.85194,-16.29083,PPL,13,,0,,,1
2253085,Ndawène,Ndawene,14.32049,-15.75979,PPL,10,,0,,,3
13551557,Ndawène,Ndawene,14.90933,-15.6123,PPL,13,2249283,0,,,3
13658121,Ndawène,Ndawene,13.95401,-16.18965,PPL,10,2250807,0,,,3
2248021,Ndayane,Ndayane,14.56494,-17.12457,PPL,07,,0,,,2
2248050,Ndayane,Ndayane,14.4293,-15.80629,PPL,09,,0,,,2
2250756,Ndayiri,Ndayiri,14.31517,-16.26542,PPL,10,,0,,,2
13508555,Ndayiri,Ndayiri,14.33113,-16.26863,PPL,09,7670866,0,,,2
2596013,Ndellé Boye,Ndelle Boye,16.16778,-16.28806,PPL,14,,0,,,1
13658187,Ndem,Ndem,13.81431,-16.10291,PPL,10,2247158,0,,,1
13658749,Ndembane,Ndembane,13.00845,-16.33758,PPL,12,2253903,0,,,1
2248034,Ndemgom,Ndemgom,14.41667,-15.9,PPL,09,,0,,,1
2248027,Nder,Nder,16.255,-15.88722,PPL,14,,0,,,3
2248028,Nder,Nder,15.7,-16.21667,PPL,13,,0,,,3
2248029,Nder,Nder,15.08333,-16.56667,PPL,07,,0,,,3
2248026,Nderi,Nderi,13.95,-15.8,PPL,10,,0,,,1
13505391,Ndeuguègne,Ndeuguegne,14.79456,-16.27226,PPL,03,2252312,0,,,1
2248025,Ndeuguèt,Ndeuguet,15.85167,-16.45861,PPL,14,,0,,,1
13507250,Ndeuksi,Ndeuksi,14.74145,-16.17133,PPL,03,2252312,0,,,1
2248024,Ndeukta,Ndeukta,15.68333,-16.18333,PPL,13,,0,,,1
2248023,Ndeune,Ndeune,15.15,-16.93333,PPL,07,,0,,,1
13505510,Ndeuneukh,Ndeuneukh,14.80993,-16.06226,PPL,03,2248699,0,,,1
2248022,Ndeur,Ndeur,15.11667,-16.7,PPL,07,,0,,,1
2248020,Ndeuye,Ndeuye,14.83749,-17.04259,PPL,07,,0,,,1
2248002,Ndia,Ndia,14.98052,-16.79065,PPL,07,,0,Wolof,common Wolof toponym root,5
2248017,Ndia,Ndia,15.73333,-16.11667,PPL,13,,0,Wolof,common Wolof toponym root,5
2248018,Ndia,Ndia,14.86918,-16.11724,PPL,03,,0,Wolof,common Wolof toponym root,5
2248019,Ndia,Ndia,14.55574,-12.74976,PPL,05,,0,Wolof,common Wolof toponym root,5
13504623,Ndia,Ndia,14.91246,-16.82996,PPL,07,2244388,0,Wolof,common Wolof toponym root,5
13505412,Ndia Dakhar,NdiaDakhar,14.81995,-16.29537,PPL,03,2252312,0,Wolof,common Wolof toponym root,1
13505589,Ndia Deux,NdiaDeux,14.80329,-16.17297,PPL,03,2252312,0,Wolof,common Wolof toponym root,1
13505417,Ndia Gandiol,NdiaGandiol,14.96514,-16.26659,PPL,03,2252312,0,Wolof,common Wolof toponym root,1
2248011,Ndia Gondiol,Ndia Gondiol,15.4384,-15.1315,PPL,13,,0,Wolof,common Wolof toponym root,1
13505388,Ndia Kad,NdiaKad,14.8208,-16.28244,PPL,03,2252312,0,Wolof,common Wolof toponym root,1
13505519,Ndia Khakham,NdiaKhakham,14.86151,-16.23822,PPL,03,2252312,0,Wolof,common Wolof toponym root,1
13505374,Ndia Lakhas,NdiaLakhas,14.77888,-16.26771,PPL,03,2252312,0,Wolof,common Wolof toponym root,1
13505485,Ndia Mbouti,NdiaMbouti,14.82985,-16.27513,PPL,03,2252312,0,Wolof,common Wolof toponym root,1
2247873,Ndia Sam,Ndia Sam,14.75,-16.08333,PPL,03,,0,Wolof,common Wolof toponym root,2
13551567,Ndia Sam,NdiaSam,14.9345,-15.60679,PPL,13,2249283,0,Wolof,common Wolof toponym root,2
2247865,Ndia Tako,Ndia Tako,14.91667,-16.05,PPL,03,,0,Wolof,common Wolof toponym root,1
2248016,Ndiabak,Ndiabak,13.78333,-14.11667,PPL,05,,0,Wolof,common Wolof toponym root,1
13504773,Ndiabakhali,Ndiabakhali,14.76961,-16.61746,PPL,07,2244804,0,Wolof,common Wolof toponym root,1
2252989,Ndiabane Lamine,Ndiabane Lamine,15.4926,-15.4489,PPL,13,,0,Wolof,common Wolof toponym root,1
2253416,Ndiabani,Ndiabani,15.3263,-15.768,PPL,13,,0,Wolof,common Wolof toponym root,1
13507018,Ndiabaye,Ndiabaye,14.67799,-16.30827,PPL,03,2252312,0,Wolof,common Wolof toponym root,1
2248015,Ndiabi,Ndiabi,15.05,-16.48333,PPL,07,,0,Wolof,common Wolof toponym root,2
13504783,Ndiabi,Ndiabi,14.88607,-16.51422,PPL,03,2254315,0,Wolof,common Wolof toponym root,2
2248014,Ndiabi Fal,Ndiabi Fal,15.35,-16.43333,PPL,13,,0,Wolof,common Wolof toponym root,1
2248012,Ndiabo,Ndiabo,13.96667,-15.53333,PPL,16,,0,Wolof,common Wolof toponym root,2
2248013,Ndiabo,Ndiabo,13.65,-15.5,PPL,10,,0,Wolof,common Wolof toponym root,2
2248010,Ndiadiane,Ndiadiane,14.4941,-16.65085,PPL,07,,0,Wolof,common Wolof toponym root,2
2252954,Ndiadiane,Ndiadiane,14.68069,-16.5129,PPL,03,,0,Wolof,common Wolof toponym root,2
13506731,Ndiadiane Tiékène,NdiadianeTiekene,14.69008,-16.50581,PPL,03,2254315,0,Wolof,common Wolof toponym root,1
2248009,Ndiadieu,Ndiadieu,15.15,-16.38333,PPL,07,,0,Wolof,common Wolof toponym root,1
13507457,Ndiadj Mar,NdiadjMar,14.34646,-16.5716,PPL,09,7670866,0,Wolof,common Wolof toponym root,1
2253972,Ndiafaf Beltyindé,Ndiafaf Beltyinde,16.10108,-13.63441,PPL,15,,0,Wolof,common Wolof toponym root,1
2248005,Ndiafat,Ndiafat,14.0753,-16.16951,PPL,10,,0,Wolof,common Wolof toponym root,1
13509327,Ndiafat Peul,NdiafatPeul,14.09549,-16.15646,PPL,10,2250807,0,Wolof,common Wolof toponym root,1
6645340,Ndiafat Sorokoum,Ndiafat Sorokoum,16.10588,-13.6256,PPL,15,,0,Wolof,common Wolof toponym root,1
13509348,Ndiafat Sossé,NdiafatSosse,14.09013,-16.16482,PPL,10,2250807,0,Wolof,common Wolof toponym root,1
13509331,Ndiafat Sérèr,NdiafatSerer,14.08719,-16.16986,PPL,10,2250807,0,Wolof,common Wolof toponym root,1
13509317,Ndiafat Wolof,NdiafatWolof,14.08416,-16.17231,PPL,10,2250807,0,Wolof,common Wolof toponym root,1
11497855,Ndiaffate Escale,Ndiaffate Escale,14.07481,-16.1744,PPL,10,,0,Wolof,common Wolof toponym root,1
13658148,Ndiafori,Ndiafori,13.79466,-16.14812,PPL,10,2247158,0,Wolof,common Wolof toponym root,1
13504544,Ndiafougne,Ndiafougne,14.97176,-16.92758,PPL,07,2244388,0,Wolof,common Wolof toponym root,1
2252941,Ndiafé Ndiafé,Ndiafe Ndiafe,13.89125,-16.32776,PPL,09,,0,Wolof,common Wolof toponym root,1
2248004,Ndiaga,Ndiaga,13.93333,-15.75,PPL,10,,0,Wolof,common Wolof toponym root,1
2248003,Ndiagamba,Ndiagamba,14.31334,-16.65461,PPL,09,,0,Pulaar/Fulani,clan/family name root,1
2248001,Ndiaganiao,Ndiaganiao,14.53715,-16.7274,PPL,07,,0,Wolof,common Wolof toponym root,1
2247994,Ndiagne,Ndiagne,15.4094,-16.0707,PPL,13,,7496,Wolof,common Wolof toponym root,9
2247995,Ndiagne,Ndiagne,15.1028,-15.9642,PPL,13,,0,Wolof,common Wolof toponym root,9
2247996,Ndiagne,Ndiagne,14.92413,-16.37806,PPL,03,,0,Wolof,common Wolof toponym root,9
2247997,Ndiagne,Ndiagne,14.71667,-15.8,PPL,03,,0,Wolof,common Wolof toponym root,9
2247998,Ndiagne,Ndiagne,14.46287,-16.86726,PPL,07,,0,Wolof,common Wolof toponym root,9
2247999,Ndiagne,Ndiagne,12.84833,-16.035,PPL,12,,0,Wolof,common Wolof toponym root,9
13504564,Ndiagne,Ndiagne,14.82277,-16.79145,PPL,07,2244804,0,Wolof,common Wolof toponym root,9
13504732,Ndiagne,Ndiagne,14.79085,-16.56793,PPL,03,2254315,0,Wolof,common Wolof toponym root,9
13658142,Ndiagne,Ndiagne,13.92558,-16.10773,PPL,10,2250807,0,Wolof,common Wolof toponym root,9
13507025,Ndiagne Boumi,NdiagneBoumi,14.70453,-16.30533,PPL,03,2254315,0,Wolof,common Wolof toponym root,1
2596087,Ndiagne Fal,Ndiagne Fal,15.81222,-16.47861,PPLL,13,,0,Wolof,common Wolof toponym root,1
2252929,Ndiagne Kahone,NdiagneKahone,14.35204,-15.82126,PPL,10,,0,Wolof,common Wolof toponym root,1
13505469,Ndiagne Sitor,NdiagneSitor,14.90428,-16.48256,PPL,03,2254315,0,Wolof,common Wolof toponym root,1
2247993,Ndiagne Tali,Ndiagne Tali,15.3636,-15.786,PPL,13,,0,Wolof,common Wolof toponym root,1
2247992,Ndiagne Tiouli,Ndiagne Tiouli,15.0289,-15.982,PPL,13,,0,Wolof,common Wolof toponym root,1
13506966,Ndiagne Toufa,NdiagneToufa,14.73432,-16.37065,PPL,03,2254315,0,Wolof,common Wolof toponym root,1
2247986,Ndiagnène Issoup,Ndiagnene Issoup,13.92016,-16.25577,PPL,09,,0,Wolof,common Wolof toponym root,1
13658151,Ndiagnène Omar,Ndiagnene Omar,13.915,-16.23881,PPL,09,2251792,0,Wolof,common Wolof toponym root,1
2252927,Ndiago,Ndiago,14.31652,-15.89596,PPL,10,,0,Wolof,common Wolof toponym root,1
13658211,Ndiago Deux,Ndiago Deux,13.85742,-16.09897,PPL,10,2247158,0,Wolof,common Wolof toponym root,1
13658128,Ndiago Un,Ndiago Un,13.78878,-16.05663,PPL,10,2247158,0,Wolof,common Wolof toponym root,1
2247988,Ndiaguenbal,Ndiaguenbal,16.22056,-16.22917,PPL,14,,0,Wolof,common Wolof toponym root,1
2247987,Ndiaguène,Ndiaguene,15.21667,-16.13333,PPL,13,,0,Wolof,common Wolof toponym root,2
13658141,Ndiaguène,Ndiaguene,13.94361,-16.0503,PPL,10,2250807,0,Wolof,common Wolof toponym root,2
2248000,Ndiaguène Ouolof,Ndiaguene Ouolof,15.86083,-16.26667,PPL,13,,0,Wolof,common Wolof toponym root,1
2596053,Ndiaguène Peul,Ndiaguene Peul,15.85111,-16.26944,PPL,13,,0,Wolof,common Wolof toponym root,1
13507017,Ndiaguéné Boumak,NdiagueneBoumak,14.72326,-16.34167,PPL,03,2254315,0,Wolof,common Wolof toponym root,1
2247985,Ndiahène,Ndiahene,13.66667,-15.68333,PPL,10,,0,Wolof,common Wolof toponym root,1
2247984,Ndiainar,Ndiainar,14.43333,-16.03333,PPL,09,,0,Wolof,common Wolof toponym root,1
2247983,Ndiak,Ndiak,15.46667,-16.23333,PPL,13,,0,Wolof,common Wolof toponym root,1
2247982,Ndiakala,Ndiakala,14.76667,-16.48333,PPL,03,,0,Wolof,common Wolof toponym root,1
13504755,Ndiakalak,Ndiakalak,14.77543,-16.51443,PPL,03,2254315,0,Wolof,common Wolof toponym root,1
13506991,Ndiakane,Ndiakane,14.71078,-16.37933,PPL,03,2254315,0,Wolof,common Wolof toponym root,1
13508565,Ndiakanèm,Ndiakanem,14.45153,-16.31875,PPL,09,7670866,0,Wolof,common Wolof toponym root,1
2247979,Ndiakha Fal,Ndiakha Fal,15.43333,-16.48333,PPL,13,,0,Wolof,common Wolof toponym root,1
2247978,Ndiakhal,Ndiakhal,15.63333,-16.3,PPL,13,,0,Wolof,common Wolof toponym root,1
2247977,Ndiakhalam,Ndiakhalam,15.05,-16.61667,PPL,07,,0,Wolof,common Wolof toponym root,1
2247976,Ndiakhar,Ndiakhar,15.5236,-16.0138,PPL,13,,0,Wolof,common Wolof toponym root,1
2595902,Ndiakhat Madarou Sis,Ndiakhat Madarou Sis,14.7695,-17.04867,PPL,07,,0,Wolof,common Wolof toponym root,1
2250037,Ndiakhate,Ndiakhate,13.97269,-16.17927,PPL,10,,0,Wolof,common Wolof toponym root,1
2247886,Ndiakhaté,Ndiakhate,15.1317,-15.988,PPL,13,,0,Wolof,common Wolof toponym root,5
2247974,Ndiakhaté,Ndiakhate,15.58333,-16.08333,PPL,13,,0,Wolof,common Wolof toponym root,5
2247975,Ndiakhaté,Ndiakhate,15.503,-15.2266,PPL,13,,0,Wolof,common Wolof toponym root,5
2247989,Ndiakhaté,Ndiakhate,14.98483,-16.34331,PPL,03,,0,Wolof,common Wolof toponym root,5
13507292,Ndiakhaté,Ndiakhate,14.57711,-16.2358,PPL,03,2252312,0,Wolof,common Wolof toponym root,5
13504629,Ndiakhaté Gormone,NdiakhateGormone,14.97405,-16.87095,PPL,07,2244388,0,Wolof,common Wolof toponym root,1
2247884,Ndiakhaté Ndiassane,NdiakhateNdiassane,14.90442,-16.85059,PPL,07,,0,Wolof,common Wolof toponym root,1
2247973,Ndiakhaté Sar,Ndiakhate Sar,15.05,-16.56667,PPL,07,,0,Wolof,common Wolof toponym root,1
13504596,Ndiakhaté Sokhna,NdiakhateSokhna,14.93016,-16.83199,PPL,07,2244388,0,Wolof,common Wolof toponym root,1
2247677,Ndiakhaye,Ndiakhaye,15.292,-15.3388,PPL,13,,0,Wolof,common Wolof toponym root,3
2247899,Ndiakhaye,Ndiakhaye,14.8792,-15.89277,PPL,03,,0,Wolof,common Wolof toponym root,3
13506747,Ndiakhaye,Ndiakhaye,14.61788,-16.61348,PPL,07,2248478,0,Wolof,common Wolof toponym root,3
2247971,Ndiakher,Ndiakher,15.9288,-16.4471,PPL,14,,0,Wolof,common Wolof toponym root,2
2247972,Ndiakher,Ndiakher,15.86667,-16.41667,PPL,14,,0,Wolof,common Wolof toponym root,2
2247970,Ndiakheté,Ndiakhete,15.11667,-16.6,PPL,07,,0,Wolof,common Wolof toponym root,1
2596070,Ndiakhip I,Ndiakhip I,15.92306,-16.37361,PPL,14,,0,Wolof,common Wolof toponym root,1
2596071,Ndiakhip II,Ndiakhip II,15.92222,-16.3675,PPL,14,,0,Wolof,common Wolof toponym root,1
2247888,Ndiakho,Ndiakho,15.00038,-16.18802,PPL,07,,0,Wolof,common Wolof toponym root,1
13504726,Ndiakhou,Ndiakhou,14.7604,-16.63451,PPL,07,2244804,0,Wolof,common Wolof toponym root,1
2247968,Ndiakhoumbo,Ndiakhoumbo,15.3,-16.25,PPL,13,,0,Wolof,common Wolof toponym root,1
2247969,Ndiakhétè,Ndiakhete,15.25,-16.51667,PPL,07,,0,Wolof,common Wolof toponym root,1
2247980,Ndiakir,Ndiakir,16.0108,-13.71196,PPL,14,,0,Wolof,common Wolof toponym root,1
2247966,Ndiakone,Ndiakone,14.48367,-12.74932,PPL,05,,0,Wolof,common Wolof toponym root,1
2247965,Ndialak,Ndialak,15.38333,-16.61667,PPL,13,,0,Wolof,common Wolof toponym root,1
2247963,Ndialakhar,Ndialakhar,15.9748,-16.3735,PPL,14,,0,Wolof,common Wolof toponym root,2
2252863,Ndialakhar,Ndialakhar,14.81297,-15.741,PPL,03,,0,Wolof,common Wolof toponym root,2
13514633,Ndialal Ndoudi,NdialalNdoudi,14.37651,-16.19369,PPL,09,7670866,0,Wolof,common Wolof toponym root,1
2247962,Ndialal Safokine,NdialalSafokine,14.37163,-16.21355,PPL,09,,0,Wolof,common Wolof toponym root,1
2247961,Ndialam,Ndialam,16.12611,-16.33167,PPL,14,,0,Wolof,common Wolof toponym root,1
2252848,Ndialap,Ndialap,14.74362,-16.27831,PPL,03,,0,Wolof,common Wolof toponym root,2
13507044,Ndialap,Ndialap,14.72518,-16.28365,PPL,03,2252312,0,Wolof,common Wolof toponym root,2
2247959,Ndialber,Ndialber,15.21667,-16.35,PPL,07,,0,Wolof,common Wolof toponym root,1
2247960,Ndialbé,Ndialbe,15.06667,-16.28333,PPL,07,,0,Wolof,common Wolof toponym root,1
2247957,Ndialigué,Ndialigue,14.93738,-16.39159,PPL,03,,0,Wolof,common Wolof toponym root,2
13554028,Ndialigué,Ndialigue,14.32046,-15.9665,PPL,10,10778869,0,Wolof,common Wolof toponym root,2
2247964,Ndiallakhâr,Ndiallakhar,15.77056,-16.42306,PPL,13,,0,Wolof,common Wolof toponym root,1
2596066,Ndiallakhâr Peul,Ndiallakhar Peul,15.98778,-16.35778,PPL,14,,0,Wolof,common Wolof toponym root,1
2247956,Ndialo,Ndialo,15.38333,-16.31667,PPL,13,,0,Wolof,common Wolof toponym root,1
2247955,Ndialouye,Ndialouye,15.38333,-16.28333,PPL,13,,0,Wolof,common Wolof toponym root,1
2247958,Ndialène,Ndialene,16.49417,-15.86806,PPL,14,,0,Wolof,common Wolof toponym root,1
2247954,Ndiam,Ndiam,13.98333,-15.91667,PPL,10,,0,Wolof,common Wolof toponym root,1
2247953,Ndiama,Ndiama,12.93167,-15.5925,PPL,18,,0,Wolof,common Wolof toponym root,2
13506706,Ndiama,Ndiama,14.73238,-16.58393,PPL,03,2254315,0,Wolof,common Wolof toponym root,2
2247952,Ndiamadj,Ndiamadj,15.9,-16.2,PPL,13,,0,Wolof,common Wolof toponym root,1
2247951,Ndiamaguène,Ndiamaguene,15.1949,-15.9709,PPL,13,,0,Wolof,common Wolof toponym root,1
2247950,Ndiamakouta,Ndiamakouta,13.33333,-15.63333,PPL,18,,0,Wolof,common Wolof toponym root,2
2252804,Ndiamakouta,Ndiamakouta,13.31667,-15.63333,PPL,18,,7179,Wolof,common Wolof toponym root,2
2247948,Ndiamane,Ndiamane,15.315,-15.4828,PPL,13,,0,Wolof,common Wolof toponym root,1
13505406,Ndiamb,Ndiamb,14.78539,-16.33237,PPL,03,2252312,0,Wolof,common Wolof toponym root,1
2252734,Ndiambang,Ndiambang,13.86943,-16.40673,PPL,09,,0,Wolof,common Wolof toponym root,1
2247947,Ndiambor,Ndiambor,15.4463,-15.919,PPL,13,,0,Wolof,common Wolof toponym root,1
2247946,Ndiambou,Ndiambou,15.7,-16.41667,PPL,13,,0,Wolof,common Wolof toponym root,1
2247942,Ndiambour,Ndiambour,14.56522,-16.34001,PPL,09,,0,Wolof,common Wolof toponym root,3
13505368,Ndiambour,Ndiambour,14.97048,-16.42515,PPL,03,2254315,0,Wolof,common Wolof toponym root,3
13554020,Ndiambour,Ndiambour,14.40644,-15.91175,PPL,09,2251492,0,Wolof,common Wolof toponym root,3
2247945,Ndiamsil,Ndiamsil,14.46667,-16.26667,PPL,09,,0,Wolof,common Wolof toponym root,2
13504729,Ndiamsil,Ndiamsil,14.86838,-16.57349,PPL,03,2254315,0,Wolof,common Wolof toponym root,2
2252747,Ndiamsil Pèye,NdiamsilPeye,14.87115,-16.55469,PPL,03,,0,Wolof,common Wolof toponym root,1
2247944,Ndianaour,Ndianaour,15.53333,-16.5,PPL,13,,0,Wolof,common Wolof toponym root,1
13507353,Ndianda Wolof,NdiandaWolof,14.25004,-16.82875,PPL,07,2248478,0,Wolof,common Wolof toponym root,1
2247941,Ndianda Yougo,NdiandaYougo,14.22341,-16.81532,PPL,07,,0,Wolof,common Wolof toponym root,1
11072095,Ndiandane,Ndiandane,16.5924,-14.99152,PPL,14,,4839,Wolof,common Wolof toponym root,1
2247940,Ndiande,Ndiande,14.60578,-16.24404,PPL,03,,0,Wolof,common Wolof toponym root,1
2247934,Ndiane,Ndiane,15.0822,-15.8833,PPL,13,,0,Wolof,common Wolof toponym root,2
2247937,Ndiane,Ndiane,14.55,-16.45,PPL,09,,0,Wolof,common Wolof toponym root,2
2247931,Ndiane Ndiaye,Ndiane Ndiaye,15.41667,-16.25,PPL,13,,0,Wolof,common Wolof toponym root,1
2247930,Ndiane Sabo,Ndiane Sabo,15.6045,-15.3851,PPL,13,,0,Wolof,common Wolof toponym root,1
2247929,Ndiang,Ndiang,15.65,-16.23333,PPL,13,,0,Wolof,common Wolof toponym root,1
13504708,Ndianga,Ndianga,14.89379,-16.58283,PPL,03,2254315,0,Wolof,common Wolof toponym root,1
2247262,Ndianghal,Ndianghal,14.62172,-17.15857,PPL,01,,0,Wolof,common Wolof toponym root,1
2247928,Ndiangué,Ndiangue,16.46889,-15.71972,PPL,14,,0,Wolof,common Wolof toponym root,1
2247926,Ndianiène,Ndianiene,13.93333,-15.5,PPL,16,,0,Wolof,common Wolof toponym root,1
2247925,Ndianiène Babori,Ndianiene Babori,13.96667,-15.6,PPL,16,,0,Wolof,common Wolof toponym root,1
13658161,Ndiankha Ali,Ndiankha Ali,13.9492,-16.21246,PPL,09,2251792,0,Wolof,common Wolof toponym root,1
13507251,Ndiankhène,Ndiankhene,14.71615,-16.17289,PPL,03,2252312,0,Wolof,common Wolof toponym root,1
2247923,Ndiankot,Ndiankot,13.93333,-15.01667,PPL,16,,0,Wolof,common Wolof toponym root,1
2247924,Ndianké,Ndianke,15.26667,-16.11667,PPL,13,,0,Wolof,common Wolof toponym root,1
2247922,Ndianrhène,Ndianrhene,14.7,-16.28333,PPL,03,,0,Wolof,common Wolof toponym root,1
13507454,Ndianèm,Ndianem,14.27617,-16.71393,PPL,09,7670866,0,Wolof,common Wolof toponym root,2
13508546,Ndianèm,Ndianem,14.48727,-16.4079,PPL,09,7670866,0,Wolof,common Wolof toponym root,2
2247932,Ndiané,Ndiane,15.5414,-15.2292,PPL,13,,0,Wolof,common Wolof toponym root,6
2247933,Ndiané,Ndiane,15.1,-16.33333,PPL,07,,0,Wolof,common Wolof toponym root,6
2247935,Ndiané,Ndiane,15.01667,-16.36667,PPL,03,,0,Wolof,common Wolof toponym root,6
13504578,Ndiané,Ndiane,14.75796,-16.75944,PPL,07,2244804,0,Wolof,common Wolof toponym root,6
13504686,Ndiané,Ndiane,14.82632,-16.60715,PPL,03,2254315,0,Wolof,common Wolof toponym root,6
13505540,Ndiané,Ndiane,14.88305,-16.03879,PPL,03,2248699,0,Wolof,common Wolof toponym root,6
13505403,Ndiané Deux,NdianeDeux,14.99296,-16.37164,PPL,03,2254315,0,Wolof,common Wolof toponym root,1
13505376,Ndiané Un,NdianeUn,14.98842,-16.37585,PPL,03,2254315,0,Wolof,common Wolof toponym root,1
2247920,Ndiao,Ndiao,16.47222,-15.72972,PPL,14,,0,Wolof,common Wolof toponym root,3
2247921,Ndiao,Ndiao,15.6051,-15.8999,PPL,13,,0,Wolof,common Wolof toponym root,3
13552829,Ndiao,Ndiao,14.70368,-15.91251,PPL,03,2248699,0,Wolof,common Wolof toponym root,3
2247918,Ndiao Bambali,Ndiao Bambali,13.85,-15.55,PPL,16,,0,Wolof,common Wolof toponym root,1
2247917,Ndiao Boudi,Ndiao Boudi,15.7387,-15.9697,PPL,13,,0,Wolof,common Wolof toponym root,1
2247916,Ndiao Ndiao,Ndiao Ndiao,15.05,-16.15,PPL,13,,0,Wolof,common Wolof toponym root,1
2252691,Ndiaobé Edé,Ndiaobe Ede,15.0571,-15.7873,PPL,13,,0,Wolof,common Wolof toponym root,1
2247915,Ndiaor,Ndiaor,15.43333,-16.15,PPL,13,,0,Wolof,common Wolof toponym root,1
2247914,Ndiaossir Dièye,Ndiaossir Dieye,15.89889,-16.3775,PPL,14,,0,Wolof,common Wolof toponym root,1
2247913,Ndiaou,Ndiaou,15.21667,-16.23333,PPL,13,,0,Wolof,common Wolof toponym root,1
2247904,Ndiaou Ndiaou,Ndiaou Ndiaou,15.05,-16.38333,PPL,07,,0,Wolof,common Wolof toponym root,1
2247911,Ndiaouara,Ndiaouara,13.91667,-15.31667,PPL,16,,0,Wolof,common Wolof toponym root,2
2247912,Ndiaouara,Ndiaouara,13.6,-15.7,PPL,10,,0,Wolof,common Wolof toponym root,2
2247909,Ndiaouara-Torobé,Ndiaouara-Torobe,16.58581,-14.85425,PPL,14,,0,Wolof,common Wolof toponym root,1
2247908,Ndiaoudi,Ndiaoudi,15.4705,-15.9503,PPL,13,,0,Wolof,common Wolof toponym root,1
2247907,Ndiaoudoun,Ndiaoudoun,16.06389,-16.38361,PPL,14,,0,Wolof,common Wolof toponym root,1
2247903,Ndiaouta,Ndiaouta,16.10007,-16.29423,PPL,14,,0,Wolof,common Wolof toponym root,1
2247906,Ndiaoué,Ndiaoue,15.08333,-16.1,PPL,13,,0,Wolof,common Wolof toponym root,1
2247902,Ndiaovène,Ndiaovene,15.46667,-16.45,PPL,13,,0,Wolof,common Wolof toponym root,1
2595913,Ndiar Tidiane,Ndiar Tidiane,14.8454,-17.10283,PPL,07,,0,Wolof,common Wolof toponym root,1
2247900,Ndiarato,Ndiarato,14.58333,-15.61667,PPL,09,,0,Wolof,common Wolof toponym root,1
2252668,Ndiaraw,Ndiaraw,14.89071,-16.64987,PPL,03,,0,Wolof,common Wolof toponym root,2
2252669,Ndiaraw,Ndiaraw,14.5269,-16.79564,PPL,07,,0,Wolof,common Wolof toponym root,2
13504716,Ndiaraw Santhie,NdiarawSanthie,14.88958,-16.6636,PPL,07,2244804,0,Wolof,common Wolof toponym root,1
2247898,Ndiarde,Ndiarde,15.18333,-16.38333,PPL,07,,0,Wolof,common Wolof toponym root,1
13506736,Ndiarga,Ndiarga,14.71958,-16.64232,PPL,07,2244804,0,Wolof,common Wolof toponym root,1
13504785,Ndiarga Lambaye,NdiargaLambaye,14.80568,-16.57108,PPL,03,2254315,0,Wolof,common Wolof toponym root,1
13504658,Ndiarga Polék,NdiargaPolek,14.75453,-16.52532,PPL,03,2254315,0,Wolof,common Wolof toponym root,1
13505466,Ndiarga Tiénène,NdiargaTienene,14.84623,-16.45968,PPL,03,2254315,0,Wolof,common Wolof toponym root,1
2247889,Ndiargué,Ndiargue,15.1,-16.38333,PPL,07,,0,Wolof,common Wolof toponym root,1
2247885,Ndiarhaté,Ndiarhate,15.3,-16.51667,PPL,13,,0,Wolof,common Wolof toponym root,2
2247887,Ndiarhaté,Ndiarhate,15.1,-16.8,PPL,07,,0,Wolof,common Wolof toponym root,2
2247882,Ndiarhaye,Ndiarhaye,16.18639,-15.82472,PPL,14,,0,Wolof,common Wolof toponym root,2
2247883,Ndiarhaye,Ndiarhaye,16.14389,-15.72194,PPL,14,,0,Wolof,common Wolof toponym root,2
2247879,Ndiari Ndiofo,NdiariNdiofo,14.75455,-15.69659,PPL,03,2248699,0,Wolof,common Wolof toponym root,2
13553601,Ndiari Ndiofo,NdiariNdiofo,14.55733,-15.04184,PPL,16,10778871,0,Wolof,common Wolof toponym root,2
2247949,Ndiarmane,Ndiarmane,14.30895,-16.84887,PPL,07,,0,Wolof,common Wolof toponym root,1
13506472,Ndiarmèw,Ndiarmew,14.51177,-16.91649,PPL,07,2248478,0,Wolof,common Wolof toponym root,1
2247877,Ndiarno,Ndiarno,15.48333,-16.23333,PPL,13,,0,Wolof,common Wolof toponym root,5
2247878,Ndiarno,Ndiarno,15.4137,-15.2959,PPL,13,,0,Wolof,common Wolof toponym root,5
2252646,Ndiarno,Ndiarno,14.91694,-16.53004,PPL,03,,0,Wolof,common Wolof toponym root,5
13504809,Ndiarno,Ndiarno,14.77548,-16.58656,PPL,03,2254315,0,Wolof,common Wolof toponym root,5
13505490,Ndiarno,Ndiarno,14.77607,-16.38691,PPL,03,2254315,0,Wolof,common Wolof toponym root,5
2247876,Ndiarno Diop,Ndiarno Diop,15.51667,-16.46667,PPL,13,,0,Wolof,common Wolof toponym root,1
2247875,Ndiarno Ouadé,Ndiarno Ouade,15.45,-16.41667,PPL,13,,0,Wolof,common Wolof toponym root,1
2252647,Ndiarno Rikadji,NdiarnoRikadji,14.87632,-16.61312,PPL,03,,0,Wolof,common Wolof toponym root,1
13509082,Ndiarogne Sérèr,NdiarogneSerer,14.21907,-16.76284,PPL,07,2248478,0,Wolof,common Wolof toponym root,1
2247874,Ndiarogne Wolof,NdiarogneWolof,14.18084,-16.78264,PPL,07,,0,Wolof,common Wolof toponym root,1
2252673,Ndiarop,Ndiarop,14.43835,-16.61362,PPL,09,,0,Wolof,common Wolof toponym root,1
2247891,Ndiarème,Ndiareme,16.55,-15.43333,PPL,14,,0,Wolof,common Wolof toponym root,1
2247890,Ndiarène,Ndiarene,15.43333,-16.01667,PPL,13,,0,Wolof,common Wolof toponym root,1
2247894,Ndiaré,Ndiare,15.5264,-15.8931,PPL,13,,0,Wolof,common Wolof toponym root,5
2247895,Ndiaré,Ndiare,15.46667,-16.11667,PPL,13,,0,Wolof,common Wolof toponym root,5
2247896,Ndiaré,Ndiare,15.36667,-16.3,PPL,13,,0,Wolof,common Wolof toponym root,5
2247897,Ndiaré,Ndiare,14.01667,-14.23333,PPL,05,,0,Wolof,common Wolof toponym root,5
13551553,Ndiaré,Ndiare,14.90823,-15.55425,PPL,13,2249283,0,Wolof,common Wolof toponym root,5
2247893,Ndiaré Bayel,Ndiare Bayel,15.41667,-16.18333,PPL,13,,0,Wolof,common Wolof toponym root,1
2247892,Ndiaré Diéri,Ndiare Dieri,15.2769,-15.8484,PPL,13,,0,Wolof,common Wolof toponym root,1
2252660,Ndiaré Ndiaye,NdiareNdiaye,14.45041,-15.75668,PPL,10,,0,Wolof,common Wolof toponym root,1
2247872,Ndiass,Ndiass,15.11667,-16.53333,PPL,07,,0,Wolof,common Wolof toponym root,1
8430875,Ndiassa,Ndiassa,14.67392,-17.1045,PPL,07,,0,Wolof,common Wolof toponym root,1
2247869,Ndiassane,Ndiassane,14.91945,-16.8298,PPL,07,,0,Wolof,common Wolof toponym root,3
2247870,Ndiassane,Ndiassane,14.60698,-16.62862,PPL,07,,0,Wolof,common Wolof toponym root,3
2595876,Ndiassane,Ndiassane,14.769,-17.15571,PPL,01,,0,Wolof,common Wolof toponym root,3
13506728,Ndiassane Keur Ndiouma,NdiassaneKeurNdiouma,14.63193,-16.61922,PPL,07,2248478,0,Wolof,common Wolof toponym root,1
13509100,Ndiassane Saloum,NdiassaneSaloum,14.11463,-16.28044,PPL,09,2251792,0,Wolof,common Wolof toponym root,1
2247868,Ndiassi,Ndiassi,15.16667,-16.2,PPL,13,,0,Wolof,common Wolof toponym root,1
13506975,Ndiata Dabél,NdiataDabel,14.6712,-16.34665,PPL,03,2254315,0,Wolof,common Wolof toponym root,1
13507027,Ndiata Gaye,NdiataGaye,14.66681,-16.34585,PPL,03,2254315,0,Wolof,common Wolof toponym root,1
13505585,Ndiatak,Ndiatak,14.87036,-16.21451,PPL,03,2252312,0,Wolof,common Wolof toponym root,1
2247866,Ndiatakh,Ndiatakh,15.33333,-16.3,PPL,13,,0,Wolof,common Wolof toponym root,1
2252629,Ndiatara,Ndiatara,14.74008,-15.82344,PPL,03,,0,Wolof,common Wolof toponym root,1
2247864,Ndiatiang,Ndiatiang,14.03847,-16.22888,PPL,10,,0,Wolof,common Wolof toponym root,1
2247860,Ndiavrigne,Ndiavrigne,15.11667,-16.53333,PPL,07,,0,Wolof,common Wolof toponym root,1
6920413,Ndiavrigne Amadou,Ndiavrigne Amadou,15.3742,-16.6338,PPL,13,,0,Wolof,common Wolof toponym root,1
2247859,Ndiavrigne Fal,Ndiavrigne Fal,15.41667,-16.53333,PPL,13,,0,Wolof,common Wolof toponym root,1
2247858,Ndiavrigne Ilo,Ndiavrigne Ilo,15.43333,-16.63333,PPL,13,,0,Wolof,common Wolof toponym root,1
2247857,Ndiavrigne Ndiaye,Ndiavrigne Ndiaye,15.43333,-16.58333,PPL,13,,0,Wolof,common Wolof toponym root,1
2247856,Ndiavrigne Paté,Ndiavrigne Pate,15.4,-16.61667,PPL,13,,0,Wolof,common Wolof toponym root,1
2247855,Ndiavrigne Samoad,Ndiavrigne Samoad,15.41667,-16.65,PPL,13,,0,Wolof,common Wolof toponym root,1
2247861,Ndiavène,Ndiavene,13.83333,-14.6,PPL,05,,0,Wolof,common Wolof toponym root,3
2247862,Ndiavène,Ndiavene,13.8,-15.71667,PPL,10,,0,Wolof,common Wolof toponym root,3
2247863,Ndiavène,Ndiavene,13.4,-14.96667,PPL,11,,0,Wolof,common Wolof toponym root,3
2247905,Ndiavéne,Ndiavene,15.61,-16.0293,PPL,13,,0,Wolof,common Wolof toponym root,1
13504632,Ndiaw,Ndiaw,14.92582,-16.71694,PPL,07,2244388,0,Wolof,common Wolof toponym root,2
13505545,Ndiaw,Ndiaw,14.78282,-16.22388,PPL,03,2252312,0,Wolof,common Wolof toponym root,2
13657982,Ndiaw Diamagueun,Ndiaw Diamagueun,13.86842,-16.32115,PPL,09,2251792,0,Wolof,common Wolof toponym root,1
13504721,Ndiawagne,Ndiawagne,14.93662,-16.53112,PPL,03,2254315,0,Wolof,common Wolof toponym root,1
8617598,Ndiawar,Ndiawar,16.58701,-14.8533,PPL,14,,0,Wolof,common Wolof toponym root,1
2252605,Ndiawara Alkali,Ndiawara Alkali,13.78884,-16.01346,PPL,10,,0,Wolof,common Wolof toponym root,1
13658212,Ndiawène,Ndiawene,13.86812,-16.0286,PPL,10,2247158,0,Wolof,common Wolof toponym root,1
2247850,Ndiaye,Ndiaye,16.16361,-16.19194,PPL,14,,0,Wolof,clan/family name root,3
2247851,Ndiaye,Ndiaye,15.81667,-16.06667,PPL,13,,0,Wolof,clan/family name root,3
2247852,Ndiaye,Ndiaye,14.96667,-16.46667,PPL,03,,0,Wolof,clan/family name root,3
13505496,Ndiaye Ala Deux,NdiayeAlaDeux,14.99029,-16.42205,PPL,03,2254315,0,Wolof,clan/family name root,1
2247854,Ndiaye Ala Un,NdiayeAlaUn,14.98804,-16.41387,PPL,03,,0,Wolof,clan/family name root,1
2247849,Ndiaye Bop,Ndiaye Bop,14.90885,-17.00266,PPL,07,,0,Wolof,clan/family name root,1
2247848,Ndiaye Boumi,Ndiaye Boumi,15.2045,-16.5881,PPL,13,,0,Wolof,clan/family name root,1
13504774,Ndiaye Dankh,NdiayeDankh,14.92195,-16.56182,PPL,03,2254315,0,Wolof,clan/family name root,1
13509011,Ndiaye Guèye,NdiayeGueye,14.31399,-16.21535,PPL,10,2250807,0,Wolof,clan/family name root,1
2247845,Ndiaye Kounda,Ndiaye Kounda,13.93333,-15.45,PPL,16,,0,Wolof,clan/family name root,2
2247846,Ndiaye Kounda,Ndiaye Kounda,13.86667,-15.15,PPL,16,,0,Wolof,clan/family name root,2
2247938,Ndiaye Ndiangou,Ndiaye Ndiangou,15.5445,-15.8108,PPL,13,,0,Wolof,clan/family name root,1
6920418,Ndiaye Ndiangoul,Ndiaye Ndiangoul,15.7998,-16.0784,PPL,13,,0,Wolof,clan/family name root,1
2247841,Ndiaye Ndiaye,Ndiaye Ndiaye,14.54834,-16.73365,PPL,07,,0,Wolof,clan/family name root,2
2252599,Ndiaye Ndiaye,Ndiaye Ndiaye,13.78093,-16.2556,PPL,09,,0,Wolof,clan/family name root,2
2247842,Ndiaye Ndiaye Sérèr,Ndiaye Ndiaye Serer,13.98175,-16.35559,PPL,09,,0,Wolof,clan/family name root,1
2247843,Ndiaye Ndiaye Wolof,Ndiaye Ndiaye Wolof,13.95717,-16.35054,PPL,09,,0,Wolof,clan/family name root,1
2596010,Ndiaye Nguènt,Ndiaye Nguent,16.19833,-16.26472,PPL,14,,0,Wolof,clan/family name root,1
2247819,Ndiaye Tioro,Ndiaye Tioro,15.2,-16.58333,PPL,13,,0,Wolof,clan/family name root,1
2247847,Ndiayekounda,Ndiayekounda,13.75,-16.18333,PPL,09,,0,Wolof,clan/family name root,1
2247844,Ndiayel,Ndiayel,13.65,-14.55,PPL,05,,0,Wolof,clan/family name root,1
2247788,Ndiayène,Ndiayene,14.66556,-15.62877,PPL,09,,0,Wolof,common Wolof toponym root,21
2247826,Ndiayène,Ndiayene,16.5,-15.03333,PPL,14,,0,Wolof,common Wolof toponym root,21
2247827,Ndiayène,Ndiayene,15.81667,-16.16667,PPL,13,,0,Wolof,common Wolof toponym root,21
2247828,Ndiayène,Ndiayene,15.76139,-16.42639,PPL,13,,0,Wolof,common Wolof toponym root,21
2247829,Ndiayène,Ndiayene,15.705,-15.5994,PPL,13,,0,Wolof,common Wolof toponym root,21
2247830,Ndiayène,Ndiayene,15.61658,-14.41004,PPL,13,,0,Wolof,common Wolof toponym root,21
2247831,Ndiayène,Ndiayene,15.5562,-15.8633,PPL,13,,0,Wolof,common Wolof toponym root,21
2247832,Ndiayène,Ndiayene,15.48333,-16.01667,PPL,13,,0,Wolof,common Wolof toponym root,21
2247833,Ndiayène,Ndiayene,15.2,-16.06667,PPL,13,,0,Wolof,common Wolof toponym root,21
2247836,Ndiayène,Ndiayene,14.43333,-16.25,PPL,09,,0,Wolof,common Wolof toponym root,21
2247837,Ndiayène,Ndiayene,14.05,-14.88333,PPL,16,,0,Wolof,common Wolof toponym root,21
2247838,Ndiayène,Ndiayene,13.93333,-15.03333,PPL,16,,0,Wolof,common Wolof toponym root,21
2247839,Ndiayène,Ndiayene,13.81667,-15.11667,PPL,16,,0,Wolof,common Wolof toponym root,21
2247840,Ndiayène,Ndiayene,13.7,-14.75,PPL,05,,0,Wolof,common Wolof toponym root,21
2252595,Ndiayène,Ndiayene,14.7121,-15.94189,PPL,03,,0,Wolof,common Wolof toponym root,21
2252596,Ndiayène,Ndiayene,14.59969,-15.60902,PPL,09,,0,Wolof,common Wolof toponym root,21
2595455,Ndiayène,Ndiayene,14.59667,-17.09279,PPLX,07,,0,Wolof,common Wolof toponym root,21
13505440,Ndiayène,Ndiayene,14.99832,-16.27765,PPL,07,2244388,0,Wolof,common Wolof toponym root,21
13507272,Ndiayène,Ndiayene,14.72367,-16.06418,PPL,03,2248699,0,Wolof,common Wolof toponym root,21
13508989,Ndiayène,Ndiayene,14.43576,-16.10144,PPL,09,2251492,0,Wolof,common Wolof toponym root,21
13658033,Ndiayène,Ndiayene,13.90051,-16.3266,PPL,09,2251792,0,Wolof,common Wolof toponym root,21
2247825,Ndiayène Bagana,Ndiayene Bagana,14.08336,-15.61074,PPL,16,,0,Wolof,common Wolof toponym root,1
2247824,Ndiayène Bamba,Ndiayene Bamba,13.81667,-14.61667,PPL,05,,0,Pulaar/Fulani,clan/family name root,1
2247823,Ndiayène Diam Diam,Ndiayene Diam Diam,13.86667,-14.66667,PPL,05,,0,Wolof,common Wolof toponym root,1
2248006,Ndiayène Doulel,Ndiayene Doulel,15.1801,-15.5605,PPL,13,,0,Wolof,common Wolof toponym root,1
2247822,Ndiayène Fodé,Ndiayene Fode,13.7647,-16.26794,PPL,09,,0,Wolof,common Wolof toponym root,1
2247821,Ndiayène Guirène,Ndiayene Guirene,15.7119,-15.6238,PPL,13,,0,Wolof,common Wolof toponym root,1
13658213,Ndiayène Kad,Ndiayene Kad,13.8686,-16.21251,PPL,09,2251792,0,Wolof,common Wolof toponym root,1
13658318,Ndiayène Keur Momat Tiané,Ndiayene Keur Momat Tiane,13.72769,-16.29831,PPL,09,2251792,0,Wolof,common Wolof toponym root,1
2247820,Ndiayène Lour,Ndiayene Lour,14.28333,-14.78333,PPL,16,,0,Wolof,common Wolof toponym root,1
2252946,Ndiayène Momat,Ndiayene Momat,13.72754,-16.09699,PPL,10,,0,Wolof,common Wolof toponym root,1
13658078,Ndiayène Moussa,Ndiayene Moussa,13.82041,-16.32159,PPL,09,2251792,0,Wolof,common Wolof toponym root,1
13504538,Ndiayène None,NdiayeneNone,14.82163,-16.84211,PPL,07,2244804,0,Wolof,common Wolof toponym root,1
2247477,Ndiayène Poste,Ndiayene Poste,13.61001,-16.03586,PPL,10,,0,Wolof,common Wolof toponym root,1
13505395,Ndiayène Pèw,NdiayenePew,14.93816,-16.29106,PPL,03,2252312,0,Wolof,common Wolof toponym root,1
2252598,Ndiayène Sadiakhou,NdiayeneSadiakhou,14.1191,-15.06523,PPL,16,,0,Wolof,common Wolof toponym root,1
2252542,Ndiayène Sirakh,NdiayeneSirakh,14.70648,-16.65808,PPL,07,,0,Wolof,common Wolof toponym root,1
13507354,Ndiayène Sirif,NdiayeneSirif,14.45938,-16.84922,PPL,07,2248478,0,Wolof,common Wolof toponym root,1
13508543,Ndiayène Sémou,NdiayeneSemou,14.39518,-16.39994,PPL,09,7670866,0,Wolof,common Wolof toponym root,1
13506970,Ndiayène Tok,NdiayeneTok,14.51947,-16.32818,PPL,09,7670866,0,Wolof,common Wolof toponym root,1
2252594,Ndiayène Waly,NdiayeneWaly,14.16112,-15.83686,PPL,16,,0,Wolof,common Wolof toponym root,1
2248007,Ndiaène,Ndiaene,15.0122,-15.9422,PPL,13,,0,Wolof,common Wolof toponym root,1
2247809,Ndiba,Ndiba,14.35429,-16.14611,PPL,10,,0,Pulaar/Fulani,clan/family name root,3
2247817,Ndiba,Ndiba,13.76667,-15.55,PPL,10,,0,Pulaar/Fulani,clan/family name root,3
2247818,Ndiba,Ndiba,13.68975,-16.07407,PPL,10,,0,Pulaar/Fulani,clan/family name root,3
2247816,Ndiba Ndiayène,Ndiba Ndiayene,13.68333,-15.66667,PPL,10,,0,Wolof,common Wolof toponym root,1
2247813,Ndibène Dahra,Ndibene Dahra,15.3338,-15.4766,PPL,13,,32941,Wolof,common Wolof toponym root,1
2247815,Ndibé,Ndibe,15.08333,-16.11667,PPL,13,,0,Wolof,common Wolof toponym root,1
2247812,Ndidiène,Ndidiene,14.48333,-16.65,PPL,07,2248478,0,Wolof,common Wolof toponym root,1
2247811,Ndidor,Ndidor,14.51142,-16.32337,PPL,09,,0,Wolof,common Wolof toponym root,1
2247808,Ndiebel,Ndiebel,14.34604,-16.15656,PPL,10,,0,Wolof,common Wolof toponym root,1
2247799,Ndieguiène,Ndieguiene,13.65,-15.88333,PPL,10,,0,Wolof,common Wolof toponym root,1
2247802,Ndiegué,Ndiegue,15.03333,-16.76667,PPL,07,,0,Wolof,common Wolof toponym root,1
13554024,Ndielaw,Ndielaw,14.40985,-15.88914,PPL,09,2251492,0,Wolof,common Wolof toponym root,1
2247797,Ndielber,Ndielber,14.69888,-16.32527,PPL,03,,0,Wolof,common Wolof toponym root,1
2247793,Ndielkougne Diol,Ndielkougne Diol,15.23333,-16.73333,PPL,07,,0,Wolof,common Wolof toponym root,1
2247784,Ndieng,Ndieng,14.81486,-16.47464,PPL,03,,0,Wolof,common Wolof toponym root,2
2247785,Ndieng,Ndieng,14.18333,-15.86667,PPL,09,,0,Wolof,common Wolof toponym root,2
2247783,Ndieng Madior,Ndieng Madior,15.35,-16.48333,PPL,13,,0,Wolof,common Wolof toponym root,1
13504713,Ndiengal,Ndiengal,14.98301,-16.71337,PPL,07,2244388,0,Wolof,common Wolof toponym root,1
13657990,Ndienghène Madi,Ndienghene Madi,13.95255,-16.37851,PPL,09,2251792,0,Wolof,common Wolof toponym root,1
13658022,Ndienghène Malik,Ndienghene Malik,13.97352,-16.31107,PPL,09,2251792,0,Wolof,common Wolof toponym root,1
13553612,Ndienguène,Ndienguene,14.50228,-15.12126,PPL,16,10778871,0,Wolof,common Wolof toponym root,1
2247780,Ndierba,Ndierba,16.51667,-15.31667,PPL,14,,0,Pulaar/Fulani,clan/family name root,1
2247798,Ndieuk,Ndieuk,15.3803,-15.9863,PPL,13,,0,Wolof,common Wolof toponym root,1
13505498,Ndieulbèr Deux,NdieulberDeux,14.92648,-16.48579,PPL,03,2254315,0,Wolof,common Wolof toponym root,1
13505458,Ndieulbèr Un,NdieulberUn,14.93065,-16.49454,PPL,03,2254315,0,Wolof,common Wolof toponym root,1
2247772,Ndigal,Ndigal,14.8,-15.78333,PPL,03,,0,Wolof,common Wolof toponym root,2
2247773,Ndigal,Ndigal,14.76667,-15.8,PPL,03,,0,Wolof,common Wolof toponym root,2
13509039,Ndigalèm,Ndigalem,14.40628,-16.07933,PPL,09,2251492,0,Wolof,common Wolof toponym root,1
2247770,Ndigo Maï Al,Ndigo Mai Al,15.08333,-16.38333,PPL,07,,0,Wolof,common Wolof toponym root,1
2247769,Ndigué,Ndigue,15.26667,-16.36667,PPL,07,,0,Wolof,common Wolof toponym root,1
13551564,Ndiguél,Ndiguel,14.93473,-15.52681,PPL,13,2249283,0,Wolof,common Wolof toponym root,1
2247768,Ndikaye,Ndikaye,14.51667,-16.98333,PPL,07,,0,Wolof,common Wolof toponym root,1
2247767,Ndikion,Ndikion,15.23333,-16.08333,PPL,13,,0,Wolof,common Wolof toponym root,1
2247765,Ndilar,Ndilar,15.05,-16.4,PPL,07,,0,Wolof,common Wolof toponym root,1
2247764,Ndiliki,Ndiliki,14.79671,-15.94567,PPL,03,,0,Wolof,common Wolof toponym root,1
2247763,Ndilla,Ndilla,15.3377,-15.0524,PPL,13,,0,Wolof,common Wolof toponym root,1
2252524,Ndilé,Ndile,14.02954,-15.80328,PPL,10,,0,Wolof,common Wolof toponym root,1
13506725,Ndim,Ndim,14.70109,-16.62722,PPL,07,2244804,0,Wolof,common Wolof toponym root,1
2251458,Ndim Gouye Ndiaye,NdimGouyeNdiaye,14.6847,-16.62758,PPL,07,,0,Wolof,common Wolof toponym root,1
2247761,Ndimb,Ndimb,14.87248,-16.24894,PPL,03,,0,Wolof,common Wolof toponym root,2
13506713,Ndimb,Ndimb,14.7108,-16.57967,PPL,03,2254315,0,Wolof,common Wolof toponym root,2
13506717,Ndimb Diol,NdimbDiol,14.67126,-16.69043,PPL,07,2244804,0,Wolof,common Wolof toponym root,1
2252517,Ndimb Korki,NdimbKorki,14.06216,-15.67485,PPL,16,,0,Wolof,common Wolof toponym root,1
2247762,Ndimb Ndadène,NdimbNdadene,14.78678,-16.3801,PPL,03,,0,Wolof,common Wolof toponym root,1
13507020,Ndimb Ngoye,NdimbNgoye,14.62473,-16.47571,PPL,03,2254315,0,Wolof,common Wolof toponym root,1
13509086,Ndimbiding,Ndimbiding,14.18134,-16.68994,PPL,09,7670866,0,Wolof,common Wolof toponym root,1
2247760,Ndimbou Touba,Ndimbou Touba,13.81667,-15.58333,PPL,16,,0,Pulaar/Fulani,clan/family name root,1
2595705,Ndinat,Ndinat,14.76248,-17.47787,PPLX,01,,0,Wolof,common Wolof toponym root,1
2247758,Ndinbou,Ndinbou,16.04722,-16.00167,PPL,14,,0,Wolof,common Wolof toponym root,1
13554037,Ndindi,Ndindi,14.30175,-15.80451,PPL,10,10778869,0,Wolof,common Wolof toponym root,1
2247754,Ndindi Abdou,Ndindi Abdou,14.87484,-15.82614,PPL,03,,0,Wolof,common Wolof toponym root,1
13504576,Ndindi Bal,NdindiBal,14.95928,-16.79611,PPL,07,2244388,0,Wolof,common Wolof toponym root,1
13505532,Ndindi Gouye,NdindiGouye,14.90493,-16.20256,PPL,03,2252312,0,Wolof,common Wolof toponym root,1
2252509,Ndindi Hane,NdindiHane,14.83456,-16.80534,PPL,07,,0,Wolof,common Wolof toponym root,1
2247755,Ndindy,Ndindy,14.89451,-16.20409,PPL,03,,0,Wolof,common Wolof toponym root,1
2247757,Ndindé,Ndinde,15.95,-16.16667,PPL,13,,0,Wolof,common Wolof toponym root,2
13658094,Ndindé,Ndinde,13.98698,-16.66381,PPL,09,2251792,0,Wolof,common Wolof toponym root,2
2252492,Ndingler,Ndingler,14.37954,-15.70528,PPL,10,,0,Wolof,common Wolof toponym root,1
13554023,Ndingler Mboubène,NdinglerMboubene,14.26777,-15.98834,PPL,10,10778869,0,Wolof,common Wolof toponym root,1
2252504,Ndingler Ndiayène,NdinglerNdiayene,14.25811,-15.98859,PPL,10,,0,Wolof,common Wolof toponym root,1
13554053,Ndingler Tawfekh,NdinglerTawfekh,14.27837,-15.98829,PPL,10,10778869,0,Wolof,common Wolof toponym root,1
2252506,Ndinglèr,Ndingler,14.51241,-16.82153,PPL,07,,0,Wolof,common Wolof toponym root,1
2252505,Ndinglèr Ngogom,NdinglerNgogom,14.74138,-16.67412,PPL,07,,0,Wolof,common Wolof toponym root,1
13509012,Ndinglèr Peul,NdinglerPeul,14.26817,-16.00015,PPL,10,10778869,0,Wolof,common Wolof toponym root,1
13507304,Ndinkou,Ndinkou,14.67614,-16.15535,PPL,03,2252312,0,Wolof,common Wolof toponym root,1
2247753,Ndiné,Ndine,15.08333,-16.36667,PPL,07,2244388,0,Wolof,common Wolof toponym root,2
13506958,Ndiné,Ndine,14.66482,-16.41959,PPL,03,2254315,0,Wolof,common Wolof toponym root,2
2247706,Ndiob,Ndiob,14.54469,-16.25475,PPL,09,,0,Wolof,common Wolof toponym root,1
13508517,Ndioba,Ndioba,14.36702,-16.47429,PPL,09,7670866,0,Pulaar/Fulani,clan/family name root,1
2247737,Ndiobiène,Ndiobiene,13.98333,-15.88333,PPL,10,,0,Wolof,common Wolof toponym root,1
2247736,Ndiobo,Ndiobo,15.4,-16.18333,PPL,13,,0,Wolof,common Wolof toponym root,1
2247696,Ndiobène,Ndiobene,13.94619,-16.11932,PPL,10,,0,Wolof,common Wolof toponym root,18
2247739,Ndiobène,Ndiobene,15.96667,-16.16667,PPL,14,,0,Wolof,common Wolof toponym root,18
2247741,Ndiobène,Ndiobene,15.7207,-16.3925,PPL,13,,0,Wolof,common Wolof toponym root,18
2247742,Ndiobène,Ndiobene,15.66667,-16.15,PPL,13,,0,Wolof,common Wolof toponym root,18
2247743,Ndiobène,Ndiobene,15.56667,-16.05,PPL,13,,0,Wolof,common Wolof toponym root,18
2247744,Ndiobène,Ndiobene,15.4,-16.26667,PPL,13,,0,Wolof,common Wolof toponym root,18
2247745,Ndiobène,Ndiobene,15.15,-16.23333,PPL,13,,0,Wolof,common Wolof toponym root,18
2247746,Ndiobène,Ndiobene,15.08333,-16.18333,PPL,13,,0,Wolof,common Wolof toponym root,18
2247747,Ndiobène,Ndiobene,14.85958,-16.88583,PPL,07,,0,Wolof,common Wolof toponym root,18
2247748,Ndiobène,Ndiobene,14.86571,-15.82028,PPL,03,,0,Wolof,common Wolof toponym root,18
2247749,Ndiobène,Ndiobene,14.29562,-15.18652,PPL,16,,0,Wolof,common Wolof toponym root,18
2247750,Ndiobène,Ndiobene,14.0,-13.41667,PPL,05,,0,Wolof,common Wolof toponym root,18
2247814,Ndiobène,Ndiobene,15.1102,-15.8663,PPL,13,,0,Wolof,common Wolof toponym root,18
2252481,Ndiobène,Ndiobene,14.77085,-16.70452,PPL,07,,0,Wolof,common Wolof toponym root,18
13506714,Ndiobène,Ndiobene,14.67591,-16.65535,PPL,07,2244804,0,Wolof,common Wolof toponym root,18
13506767,Ndiobène,Ndiobene,14.66054,-16.66348,PPL,07,2244804,0,Wolof,common Wolof toponym root,18
13506775,Ndiobène,Ndiobene,14.70377,-16.56536,PPL,03,2254315,0,Wolof,common Wolof toponym root,18
13658004,Ndiobène,Ndiobene,13.90281,-16.31032,PPL,09,2251792,0,Wolof,common Wolof toponym root,18
2247694,Ndiobène Galo,Ndiobene Galo,13.90891,-16.00141,PPL,10,,0,Wolof,common Wolof toponym root,1
13658204,Ndiobène Mat,Ndiobene Mat,13.95922,-16.07978,PPL,10,2250807,0,Wolof,common Wolof toponym root,1
2247740,Ndiobène Mbatar,Ndiobene Mbatar,15.78028,-16.25778,PPL,13,,0,Wolof,common Wolof toponym root,1
2596023,Ndiobène Takhmbeut,Ndiobene Takhmbeut,16.01417,-16.27972,PPL,14,,0,Wolof,common Wolof toponym root,1
13658223,Ndiobène Talène,Ndiobene Talene,13.94267,-16.12285,PPL,10,2250807,0,Wolof,common Wolof toponym root,1
2247738,Ndiobène Taye,Ndiobene Taye,15.28333,-16.4,PPL,07,,0,Wolof,common Wolof toponym root,1
2596100,Ndiobène Toubé Peul,Ndiobene Toube Peul,15.99889,-16.4475,PPL,14,,0,Wolof,common Wolof toponym root,1
13504671,Ndiobél,Ndiobel,14.9171,-16.52451,PPL,03,2254315,0,Wolof,common Wolof toponym root,1
13507028,Ndiodiom,Ndiodiom,14.64798,-16.46713,PPL,03,2254315,0,Wolof,common Wolof toponym root,1
2247734,Ndiodori,Ndiodori,14.63333,-14.98333,PPL,10,,0,Wolof,common Wolof toponym root,1
2247735,Ndiodème,Ndiodeme,15.6,-16.5,PPL,13,,0,Wolof,common Wolof toponym root,1
2247733,Ndiognik,Ndiognik,14.03472,-15.64469,PPL,16,,0,Wolof,common Wolof toponym root,2
13553453,Ndiognik,Ndiognik,14.69147,-15.57722,PPL,03,2248699,0,Wolof,common Wolof toponym root,2
2247732,Ndiogol Dieng,Ndiogol Dieng,15.25,-16.66667,PPL,07,,0,Wolof,common Wolof toponym root,1
2247731,Ndiogop,Ndiogop,14.80943,-16.1501,PPL,03,,0,Wolof,common Wolof toponym root,2
2252466,Ndiogop,Ndiogop,14.88642,-15.72521,PPL,03,,0,Wolof,common Wolof toponym root,2
2247730,Ndioguèye,Ndiogueye,15.61667,-16.48333,PPL,13,,0,Wolof,common Wolof toponym root,1
2247728,Ndiok,Ndiok,13.88333,-15.33333,PPL,16,,0,Wolof,common Wolof toponym root,1
2247727,Ndiok Doumaléourou,Ndiok Doumaleourou,14.43333,-16.18333,PPL,09,,0,Wolof,common Wolof toponym root,1
2247726,Ndiok Gadou Pane,Ndiok Gadou Pane,15.25,-16.55,PPL,13,,0,Wolof,common Wolof toponym root,1
2247725,Ndiok Sal,Ndiok Sal,15.75278,-16.26083,PPL,13,,0,Wolof,common Wolof toponym root,1
2247724,Ndiok Thiam,Ndiok Thiam,15.21667,-16.28333,PPL,07,,0,Wolof,common Wolof toponym root,1
2247703,Ndiokhoba,Ndiokhoba,14.68095,-16.28978,PPL,03,,0,Pulaar/Fulani,clan/family name root,1
13658087,Ndiokholokho,Ndiokholokho,13.83023,-16.36218,PPL,09,2251792,0,Wolof,common Wolof toponym root,1
13508538,Ndiokél,Ndiokel,14.4046,-16.25792,PPL,09,7670866,0,Wolof,common Wolof toponym root,1
2247175,Ndiol,Ndiol,15.87878,-16.50163,PPL,14,,0,Wolof,common Wolof toponym root,3
2247722,Ndiol,Ndiol,16.14361,-16.30167,PPL,14,,0,Wolof,common Wolof toponym root,3
13507255,Ndiol,Ndiol,14.69673,-16.00694,PPL,03,2248699,0,Wolof,common Wolof toponym root,3
2247723,Ndiol Khokhane,NdiolKhokhane,14.26108,-16.68981,PPL,09,,0,Wolof,common Wolof toponym root,1
13507458,Ndiol Mangane,NdiolMangane,14.28379,-16.70027,PPL,09,7670866,0,Wolof,common Wolof toponym root,1
2596017,Ndiol Peul,Ndiol Peul,16.13944,-16.31806,PPL,14,,0,Wolof,common Wolof toponym root,1
2247718,Ndiol Sek,Ndiol Sek,15.03333,-16.31667,PPL,07,,0,Wolof,common Wolof toponym root,1
2247721,Ndiolbé,Ndiolbe,15.06667,-16.3,PPL,07,,0,Wolof,common Wolof toponym root,1
2243949,Ndiolofène,Ndiolofene,14.33539,-15.77992,PPL,10,,0,Wolof,common Wolof toponym root,6
2247720,Ndiolofène,Ndiolofene,13.18333,-15.65,PPL,18,,0,Wolof,common Wolof toponym root,6
2252422,Ndiolofène,Ndiolofene,14.4285,-15.66122,PPL,16,,0,Wolof,common Wolof toponym root,6
2252426,Ndiolofène,Ndiolofene,14.37033,-15.86537,PPL,10,,0,Wolof,common Wolof toponym root,6
2595996,Ndiolofène,Ndiolofene,16.02111,-16.48778,PPLX,14,,0,Wolof,common Wolof toponym root,6
13507275,Ndiolofène,Ndiolofene,14.72484,-16.01472,PPL,03,2248699,0,Wolof,common Wolof toponym root,6
2247719,Ndiolrhos,Ndiolrhos,14.23333,-14.91667,PPL,16,,0,Wolof,common Wolof toponym root,1
2247717,Ndiombass,Ndiombass,15.08333,-16.68333,PPL,07,,0,Wolof,common Wolof toponym root,1
2252566,Ndiombo,Ndiombo,14.81786,-16.43709,PPL,03,,0,Wolof,common Wolof toponym root,1
2252415,Ndiomborel,Ndiomborel,13.99434,-16.28269,PPL,09,,0,Wolof,common Wolof toponym root,1
2247716,Ndiomdi,Ndiomdi,14.04922,-16.36866,PPL,09,,0,Wolof,common Wolof toponym root,1
2247714,Ndiompi,Ndiompi,15.1597,-16.4231,PPL,07,,0,Wolof,common Wolof toponym root,1
13505386,Ndiompi Deux,NdiompiDeux,14.96913,-16.33154,PPL,03,2252312,0,Wolof,common Wolof toponym root,1
13505454,Ndiompi Trois,NdiompiTrois,14.97237,-16.31385,PPL,03,2252312,0,Wolof,common Wolof toponym root,1
2254768,Ndiompi Un,NdiompiUn,14.96058,-16.33085,PPL,03,,0,Wolof,common Wolof toponym root,1
13507262,Ndionaye,Ndionaye,14.72918,-16.16848,PPL,03,2252312,0,Wolof,common Wolof toponym root,1
13504636,Ndione,Ndione,14.8035,-16.64783,PPL,07,2244804,0,Wolof,common Wolof toponym root,1
2252148,Ndione Kad Deux,NdioneKadDeux,14.63783,-16.3715,PPL,03,,0,Wolof,common Wolof toponym root,1
2247711,Ndione Kad Un,NdioneKadUn,14.64583,-16.36954,PPL,03,,0,Wolof,common Wolof toponym root,1
2247712,Ndione Maténing,NdioneMatening,14.6147,-16.41245,PPL,03,,0,Wolof,common Wolof toponym root,1
2247710,Ndione Tigom,Ndione Tigom,14.56667,-16.33333,PPL,09,,0,Wolof,common Wolof toponym root,1
13507055,Ndione Tiogom,NdioneTiogom,14.58156,-16.35996,PPL,09,7670866,0,Wolof,common Wolof toponym root,1
2595698,Ndiongarane,Ndiongarane,14.7475,-17.51833,PPLL,01,,0,Wolof,common Wolof toponym root,1
2247709,Ndiongo,Ndiongo,16.21611,-16.23917,PPL,14,,0,Wolof,common Wolof toponym root,1
2252404,Ndiongolor,Ndiongolor,14.35659,-16.48917,PPL,09,,0,Wolof,common Wolof toponym root,1
13657995,Ndiongone Bouré,Ndiongone Boure,13.92264,-16.39128,PPL,09,2251792,0,Wolof,common Wolof toponym root,1
13658089,Ndiongone Ndiak,Ndiongone Ndiak,13.91262,-16.37484,PPL,09,2251792,0,Wolof,common Wolof toponym root,1
2252467,Ndiongone Sam,Ndiongone Sam,13.89398,-16.37807,PPL,09,,0,Wolof,common Wolof toponym root,1
2247708,Ndionguène,Ndionguene,14.01234,-15.9298,PPL,10,,0,Wolof,common Wolof toponym root,1
2595912,Ndionène,Ndionene,14.85347,-17.09664,PPL,07,,0,Wolof,common Wolof toponym root,1
2247705,Ndiop,Ndiop,15.95167,-16.355,PPL,14,,0,Wolof,common Wolof toponym root,4
13506483,Ndiop,Ndiop,14.50025,-16.95026,PPL,07,2248478,0,Wolof,common Wolof toponym root,4
13506727,Ndiop,Ndiop,14.65032,-16.61086,PPL,03,2254315,0,Wolof,common Wolof toponym root,4
13506759,Ndiop,Ndiop,14.71392,-16.62319,PPL,07,2244804,0,Wolof,common Wolof toponym root,4
13658074,Ndiop Keur Ibra Mbéri,Ndiop Keur Ibra Mberi,13.79227,-16.35037,PPL,09,2251792,0,Wolof,common Wolof toponym root,1
13658322,Ndiop Keur Omar Sar,Ndiop Keur Omar Sar,13.68518,-16.3841,PPL,09,2251792,0,Wolof,common Wolof toponym root,1
2247704,Ndiop Sissé,Ndiop Sisse,15.2,-16.76667,PPL,07,,0,Wolof,common Wolof toponym root,1
2252393,Ndiop Tiarène,Ndiop Tiarene,13.8059,-16.36218,PPL,09,,0,Wolof,common Wolof toponym root,1
2247702,Ndiorokh Mbot,Ndiorokh Mbot,14.47133,-17.03048,PPL,07,,0,Wolof,common Wolof toponym root,1
2595478,Ndiorokh Ndoutane,Ndiorokh Ndoutane,14.61633,-17.02348,PPL,07,,0,Wolof,common Wolof toponym root,1
13508988,Ndiorokoum,Ndiorokoum,14.38979,-16.24223,PPL,09,7670866,0,Wolof,common Wolof toponym root,1
2252379,Ndiosmone,Ndiosmone,14.4139,-16.66016,PPL,09,,0,Wolof,common Wolof toponym root,1
13507468,Ndiosmone Santhie,NdiosmoneSanthie,14.40907,-16.66623,PPL,09,7670866,0,Wolof,common Wolof toponym root,1
2247700,Ndiossi,Ndiossi,15.3703,-15.534,PPL,13,,0,Wolof,common Wolof toponym root,1
2247699,Ndiot,Ndiot,14.87756,-12.93087,PPL,15,,0,Wolof,common Wolof toponym root,1
2247698,Ndiot Khol,Ndiot Khol,15.25,-16.46667,PPL,07,,0,Wolof,common Wolof toponym root,1
13504691,Ndiothie,Ndiothie,14.77644,-16.64556,PPL,07,2244804,0,Wolof,common Wolof toponym root,2
13504787,Ndiothie,Ndiothie,14.82729,-16.53713,PPL,03,2254315,0,Wolof,common Wolof toponym root,2
2252377,Ndioté Biram,NdioteBiram,14.2892,-15.28652,PPL,16,,0,Wolof,common Wolof toponym root,1
13554088,Ndioté Djolofène,NdioteDjolofene,14.2945,-15.27762,PPL,16,10778871,0,Wolof,common Wolof toponym root,1
2248893,Ndioté Mor Coumba,NdioteMorCoumba,14.27138,-15.2962,PPL,16,,0,Pulaar/Fulani,clan/family name root,1
2252376,Ndioté Séyane,NdioteSeyane,14.30675,-15.29629,PPL,16,,0,Wolof,common Wolof toponym root,1
2247693,Ndioub Nâne Ouolof,Ndioub Nane Ouolof,15.98417,-16.30194,PPL,14,,0,Wolof,common Wolof toponym root,1
2596059,Ndioub Nâne Peul,Ndioub Nane Peul,15.97333,-16.31139,PPL,14,,0,Wolof,common Wolof toponym root,1
2247692,Ndioudiouf,Ndioudiouf,14.4046,-16.75398,PPL,07,,0,Wolof,common Wolof toponym root,7
2252365,Ndioudiouf,Ndioudiouf,14.77187,-16.53286,PPL,03,,0,Wolof,common Wolof toponym root,7
2252366,Ndioudiouf,Ndioudiouf,14.34368,-16.4588,PPL,09,,0,Wolof,common Wolof toponym root,7
13504769,Ndioudiouf,Ndioudiouf,14.8102,-16.71622,PPL,07,2244804,0,Wolof,common Wolof toponym root,7
13506501,Ndioudiouf,Ndioudiouf,14.55405,-16.79547,PPL,07,2248478,0,Wolof,common Wolof toponym root,7
13506969,Ndioudiouf,Ndioudiouf,14.52297,-16.43581,PPL,09,7670866,0,Wolof,common Wolof toponym root,7
13507295,Ndioudiouf,Ndioudiouf,14.52928,-16.23089,PPL,09,7670866,0,Wolof,common Wolof toponym root,7
2247695,Ndioudiène,Ndioudiene,13.99182,-15.47439,PPL,16,,0,Wolof,common Wolof toponym root,1
13504670,Ndioufdiouf,Ndioufdiouf,14.91506,-16.5494,PPL,03,2254315,0,Wolof,common Wolof toponym root,1
2246889,Ndioufène,Ndioufene,14.90849,-16.56415,PPL,03,,0,Wolof,common Wolof toponym root,5
2247691,Ndioufène,Ndioufene,13.68333,-16.11667,PPL,10,,0,Wolof,common Wolof toponym root,5
2252359,Ndioufène,Ndioufene,14.73605,-15.62246,PPL,03,,0,Wolof,common Wolof toponym root,5
13504542,Ndioufène,Ndioufene,14.75259,-16.768,PPL,07,2244804,0,Wolof,common Wolof toponym root,5
13507309,Ndioufène,Ndioufene,14.74258,-16.14579,PPL,03,2252312,0,Wolof,common Wolof toponym root,5
13658075,Ndioufène Mbambara,Ndioufene Mbambara,13.83994,-16.32447,PPL,09,2251792,0,Wolof,common Wolof toponym root,1
2247689,Ndiouga Dramé,Ndiouga Drame,13.83333,-15.86667,PPL,10,,0,Wolof,common Wolof toponym root,1
2247668,Ndiougoup,Ndiougoup,15.2854,-15.8079,PPL,13,,0,Wolof,common Wolof toponym root,1
2595878,Ndiougouye,Ndiougouye,14.79774,-17.19006,PPL,01,,0,Wolof,common Wolof toponym root,1
2596009,Ndiougue Bress,Ndiougue Bress,16.21194,-16.255,PPL,14,,0,Wolof,common Wolof toponym root,1
2247688,Ndiouguène,Ndiouguene,14.9471,-15.9478,PPL,03,,0,Wolof,common Wolof toponym root,1
2252346,Ndiouk,Ndiouk,14.39407,-16.78534,PPL,07,,0,Wolof,common Wolof toponym root,1
13505564,Ndioukane,Ndioukane,14.84036,-16.09491,PPL,03,2248699,0,Wolof,common Wolof toponym root,1
13507316,Ndioukh Fissél,NdioukhFissel,14.41453,-16.77773,PPL,07,2248478,0,Wolof,common Wolof toponym root,1
13507335,Ndioukh Médoun,NdioukhMedoun,14.41116,-16.80813,PPL,07,2248478,0,Wolof,common Wolof toponym root,1
2252348,Ndioukh Tirokh,NdioukhTirokh,14.42232,-16.81975,PPL,07,,0,Wolof,common Wolof toponym root,1
2247667,Ndiouki,Ndiouki,14.99718,-15.65352,PPL,13,,0,Wolof,common Wolof toponym root,1
2252446,Ndioukoul Dieng,NdioukoulDieng,14.76403,-16.67366,PPL,07,,0,Wolof,common Wolof toponym root,1
13507270,Ndioukèm,Ndioukem,14.7272,-16.2395,PPL,03,2252312,0,Wolof,common Wolof toponym root,1
13506974,Ndioulbèt,Ndioulbet,14.52729,-16.37999,PPL,09,7670866,0,Wolof,common Wolof toponym root,1
2247687,Ndiouli,Ndiouli,14.6476,-16.42625,PPL,03,,0,Wolof,common Wolof toponym root,1
2247684,Ndioum,Ndioum,16.51293,-14.64706,PPL,14,,20270,Wolof,common Wolof toponym root,3
2247685,Ndioum,Ndioum,14.01667,-14.68333,PPL,16,,0,Wolof,common Wolof toponym root,3
2247686,Ndioum,Ndioum,14.0,-14.66667,PPL,16,,0,Wolof,common Wolof toponym root,3
2247681,Ndioum Guènt,Ndioum Guent,14.36533,-15.19817,PPL,16,,0,Wolof,common Wolof toponym root,1
2252323,Ndioum Ndiao,NdioumNdiao,14.2637,-15.14843,PPL,16,,0,Wolof,common Wolof toponym root,1
2247683,Ndioumane,Ndioumane,14.63145,-15.99892,PPL,03,,0,Wolof,common Wolof toponym root,1
13507223,Ndioumane Peul,NdioumanePeul,14.65385,-16.00908,PPL,03,2248699,0,Wolof,common Wolof toponym root,1
2252322,Ndioundia,Ndioundia,14.20818,-15.72813,PPL,16,,0,Wolof,common Wolof toponym root,1
2593141,Ndioundioukh,Ndioundioukh,13.8883,-16.50021,PPL,09,,0,Wolof,common Wolof toponym root,1
13658155,Ndioungouti Malik,Ndioungouti Malik,13.85197,-16.127,PPL,10,2247158,0,Wolof,common Wolof toponym root,1
13658166,Ndioungouti Serigne,Ndioungouti Serigne,13.85479,-16.13295,PPL,10,2247158,0,Wolof,common Wolof toponym root,1
13658025,Ndiourbel,Ndiourbel,13.90132,-16.25442,PPL,09,2251792,0,Wolof,common Wolof toponym root,1
13509358,Ndiourbel Ngor,NdiourbelNgor,14.24393,-16.17902,PPL,10,2250807,0,Wolof,common Wolof toponym root,1
13509333,Ndiourbel Sabour,NdiourbelSabour,14.23269,-16.19916,PPL,10,2250807,0,Wolof,common Wolof toponym root,1
2252307,Ndiourbel Sine,NdiourbelSine,14.50457,-16.19589,PPL,09,,0,Wolof,common Wolof toponym root,1
2247679,Ndiourki,Ndiourki,15.1634,-15.9805,PPL,13,,0,Wolof,common Wolof toponym root,1
2252303,Ndiouroul,Ndiouroul,14.7819,-15.77846,PPL,03,2248699,0,Wolof,common Wolof toponym root,1
13551145,Ndiouroul Dara,NdiouroulDara,14.78064,-15.76305,PPL,03,2248699,0,Wolof,common Wolof toponym root,1
13507475,Ndiouroup Cop,NdiouroupCop,14.40209,-16.57686,PPL,09,7670866,0,Wolof,common Wolof toponym root,1
13507431,Ndiouroup Léraye,NdiouroupLeraye,14.33681,-16.56594,PPL,09,7670866,0,Wolof,common Wolof toponym root,1
13505393,Ndiourène,Ndiourene,14.85268,-16.42907,PPL,03,2254315,0,Wolof,common Wolof toponym root,1
2596074,Ndiouss Dièye,Ndiouss Dieye,15.89167,-16.35556,PPL,14,,0,Wolof,common Wolof toponym root,1
13508553,Ndiouwar,Ndiouwar,14.34641,-16.43641,PPL,09,7670866,0,Wolof,common Wolof toponym root,1
13504594,Ndiouye,Ndiouye,14.97369,-16.8926,PPL,07,2244388,0,Wolof,common Wolof toponym root,1
13509312,Ndiowane,Ndiowane,14.2137,-16.1859,PPL,10,2250807,0,Wolof,common Wolof toponym root,1
2247678,Ndioyène,Ndioyene,15.86,-15.6468,PPL,13,,0,Wolof,common Wolof toponym root,1
2247729,Ndioïli,Ndioili,13.86667,-15.56667,PPL,16,,0,Wolof,common Wolof toponym root,1
13505572,Ndip Golo,NdipGolo,14.97008,-16.17439,PPL,13,2250660,0,Wolof,common Wolof toponym root,1
2247675,Ndirène,Ndirene,14.97524,-16.34453,PPL,03,,0,Wolof,common Wolof toponym root,5
2247676,Ndirène,Ndirene,14.34283,-15.85736,PPL,10,,0,Wolof,common Wolof toponym root,5
2595953,Ndirène,Ndirene,14.7957,-17.11528,PPL,07,,0,Wolof,common Wolof toponym root,5
13504569,Ndirène,Ndirene,14.75009,-16.83942,PPL,07,2244804,0,Wolof,common Wolof toponym root,5
13504744,Ndirène,Ndirene,14.81043,-16.64549,PPL,03,2254315,0,Wolof,common Wolof toponym root,5
2247674,Nditakh,Nditakh,14.63099,-17.16684,PPL,01,,0,Wolof,common Wolof toponym root,1
2247673,Nditi,Nditi,16.21993,-16.20356,PPL,14,,0,Wolof,common Wolof toponym root,1
2247672,Ndiyène,Ndiyene,16.08583,-15.69583,PPL,14,,0,Wolof,common Wolof toponym root,1
2251256,Ndièk Pènthie,NdiekPenthie,14.93899,-16.21124,PPL,03,,0,Wolof,common Wolof toponym root,1
2247794,Ndièlèye,Ndieleye,16.13694,-16.23778,PPL,14,,0,Wolof,common Wolof toponym root,1
2247792,Ndièm Bakol,Ndiem Bakol,15.05,-16.38333,PPL,07,,0,Wolof,common Wolof toponym root,1
2247786,Ndiène,Ndiene,15.33333,-16.23333,PPL,13,,0,Wolof,common Wolof toponym root,2
2247787,Ndiène,Ndiene,15.2031,-15.5515,PPL,13,,0,Wolof,common Wolof toponym root,2
2247927,Ndiènghène Modi,Ndienghene Modi,13.7575,-16.15984,PPL,10,,0,Wolof,common Wolof toponym root,1
2247781,Ndièr,Ndier,15.08333,-16.38333,PPL,07,,0,Wolof,common Wolof toponym root,1
2247779,Ndièrè,Ndiere,15.5356,-15.9303,PPL,13,,0,Wolof,common Wolof toponym root,1
13505463,Ndièt,Ndiet,14.79931,-16.32074,PPL,03,2252312,0,Wolof,common Wolof toponym root,1
2596077,Ndièye,Ndieye,15.83722,-16.33528,PPL,13,,0,Wolof,common Wolof toponym root,1
2247774,Ndièye Séfour,Ndieye Sefour,15.4482,-16.4235,PPL,13,,0,Wolof,common Wolof toponym root,1
13504752,Ndié Ngom,NdieNgom,14.75303,-16.64598,PPL,07,2244804,0,Wolof,common Wolof toponym root,1
2247810,Ndiéba,Ndieba,12.84083,-16.02,PPL,12,,0,Pulaar/Fulani,clan/family name root,1
2247807,Ndiébène Gandiol,Ndiebene Gandiol,15.89147,-16.50235,PPL,14,,0,Wolof,common Wolof toponym root,1
2247806,Ndiébène Toubé,Ndiebene Toube,15.9818,-16.4376,PPL,14,,0,Wolof,common Wolof toponym root,1
2252982,Ndiébél,Ndiebel,14.53118,-16.14159,PPL,09,,0,Wolof,common Wolof toponym root,1
2247804,Ndiédieng,Ndiedieng,13.95,-16.16667,PPL,10,,0,Wolof,common Wolof toponym root,3
2252581,Ndiédieng,Ndiedieng,13.94905,-16.15315,PPL,10,,0,Wolof,common Wolof toponym root,3
2252583,Ndiédieng,Ndiedieng,14.63535,-16.58878,PPL,03,,0,Wolof,common Wolof toponym root,3
13509091,Ndiédieng Niambo,NdiediengNiambo,14.14984,-16.70608,PPL,09,7670866,0,Wolof,common Wolof toponym root,1
13509092,Ndiédieng Sémou,NdiediengSemou,14.17152,-16.70615,PPL,09,7670866,0,Wolof,common Wolof toponym root,1
2247805,Ndiédène,Ndiedene,15.88333,-16.48333,PPL,14,,0,Wolof,common Wolof toponym root,1
2247803,Ndiéfer,Ndiefer,14.46194,-16.61458,PPL,07,,0,Wolof,common Wolof toponym root,1
2252358,Ndiéfougne Pal,NdiefougnePal,14.78165,-16.67074,PPL,07,,0,Wolof,common Wolof toponym root,1
13658338,Ndiéganène,Ndieganene,13.66938,-16.30756,PPL,09,2251792,0,Wolof,common Wolof toponym root,1
2247801,Ndiéguedj,Ndieguedj,15.06667,-16.75,PPL,07,,0,Wolof,common Wolof toponym root,1
2247800,Ndiéguène,Ndieguene,14.8484,-17.07841,PPL,07,,0,Wolof,common Wolof toponym root,1
13505464,Ndiégué,Ndiegue,14.98158,-16.40386,PPL,03,2254315,0,Wolof,common Wolof toponym root,1
2252892,Ndiékhirat Digue,Ndiekhirat Digue,14.76791,-17.22657,PPL,01,,0,Wolof,common Wolof toponym root,1
2595842,Ndiékhirat Ndlobène,Ndiekhirat Ndlobene,14.78654,-17.2159,PPL,01,,0,Wolof,common Wolof toponym root,1
2595849,Ndiékhirat Peul,Ndiekhirat Peul,14.76963,-17.20359,PPL,01,,0,Wolof,common Wolof toponym root,1
2247967,Ndiékinane,Ndiekinane,15.5273,-16.167,PPL,13,,0,Wolof,common Wolof toponym root,1
2247795,Ndiélèm Farba,NdielemFarba,14.40738,-16.30657,PPL,09,,0,Pulaar/Fulani,clan/family name root,1
2252858,Ndiélèm Soup,NdielemSoup,14.41997,-16.3219,PPL,09,,0,Wolof,common Wolof toponym root,1
2252799,Ndiémane,Ndiemane,14.6441,-16.55412,PPL,03,,0,Wolof,common Wolof toponym root,1
2247791,Ndiéme,Ndieme,13.91667,-15.45,PPL,16,,0,Wolof,common Wolof toponym root,1
2247790,Ndiémoutane,Ndiemoutane,14.39127,-16.37351,PPL,09,,0,Wolof,common Wolof toponym root,1
13504727,Ndiénène,Ndienene,14.77644,-16.631,PPL,07,2244804,0,Wolof,common Wolof toponym root,1
13504800,Ndiéné,Ndiene,14.9562,-16.50227,PPL,03,2254315,0,Wolof,common Wolof toponym root,1
2252556,Ndiéné Lagane,NdieneLagane,14.51237,-15.92349,PPL,09,,0,Wolof,common Wolof toponym root,1
2247776,Ndiéri,Ndieri,15.55,-16.3,PPL,13,,0,Wolof,common Wolof toponym root,3
2247777,Ndiéri,Ndieri,14.15,-15.53333,PPL,16,,0,Wolof,common Wolof toponym root,3
2252651,Ndiéri,Ndieri,14.81982,-16.71988,PPL,07,,0,Wolof,common Wolof toponym root,3
2254579,Ndiéri Mbengue,NdieriMbengue,14.801,-16.74344,PPL,07,,0,Wolof,common Wolof toponym root,1
2247880,Ndiéré,Ndiere,14.95051,-16.75348,PPL,07,,0,Wolof,common Wolof toponym root,1
2247775,Ndiévène,Ndievene,14.61667,-15.75,PPL,09,,0,Wolof,common Wolof toponym root,1
13506716,Ndiéyène Mbako,NdieyeneMbako,14.69625,-16.67851,PPL,07,2244804,0,Wolof,common Wolof toponym root,1
2247834,Ndiéyène Tialaw,NdieyeneTialaw,14.82935,-16.44061,PPL,03,,0,Wolof,common Wolof toponym root,1
2247671,Ndjarno,Ndjarno,15.41667,-15.3,PPL,13,,0,,,1
2595565,Ndjibokh,Ndjibokh,14.72044,-17.14436,PPLX,01,,0,,,1
2252257,Ndjigane Sérèr,Ndjigane Serer,13.87914,-16.12137,PPL,10,,0,,,1
13505561,Ndjigueul Deux,NdjigueulDeux,14.90765,-16.24093,PPL,03,2252312,0,,,1
2252537,Ndjigueul Un,NdjigueulUn,14.91625,-16.2313,PPL,03,,0,,,1
2252252,Ndjigui,Ndjigui,14.09151,-15.5612,PPL,16,,0,,,1
2247766,Ndjikdakhine,Ndjikdakhine,14.59775,-16.64232,PPL,07,,0,,,1
2247670,Ndjiling,Ndjiling,15.8,-16.48333,PPL,13,,0,,,1
2247669,Ndjima,Ndjima,15.3067,-15.9773,PPL,13,,0,,,1
13506964,Ndjis,Ndjis,14.61322,-16.33258,PPL,03,2252312,0,,,1
13505499,Ndjitiar,Ndjitiar,14.81045,-16.33409,PPL,03,2252312,0,,,1
13504621,Ndjité,Ndjite,14.99609,-16.76216,PPL,07,2244388,0,,,2
13504669,Ndjité,Ndjite,14.91003,-16.65358,PPL,03,2254315,0,,,2
2595434,Ndjiw,Ndjiw,14.5569,-17.06661,PPL,07,,0,,,1
2247663,Ndodj,Ndodj,15.4633,-15.3511,PPL,13,,0,,,3
2247664,Ndodj,Ndodj,14.56007,-16.18886,PPL,09,,0,,,3
2247665,Ndodj,Ndodj,14.18665,-15.43611,PPL,16,,0,,,3
2247662,Ndof,Ndof,14.25231,-16.58762,PPL,09,,0,,,1
2247652,Ndofane,Ndofane,14.3895,-16.56918,PPL,09,,0,,,7
2247653,Ndofane,Ndofane,14.35208,-16.30127,PPL,09,,0,,,7
2247654,Ndofane,Ndofane,14.51354,-16.60781,PPL,07,,0,,,7
2247657,Ndofane,Ndofane,14.24792,-16.77914,PPL,07,,0,,,7
2247660,Ndofane,Ndofane,13.91667,-15.93333,PPL,10,,12898,,,7
2247661,Ndofane,Ndofane,13.85809,-16.37811,PPL,09,,0,,,7
13506961,Ndofane,Ndofane,14.53285,-16.42675,PPL,09,7670866,0,,,7
2247656,Ndofane Bikol,NdofaneBikol,14.41988,-16.461,PPL,09,,0,,,1
13507012,Ndofane Bouré,NdofaneBoure,14.51521,-16.38469,PPL,09,7670866,0,,,1
2247655,Ndofane Dèm,NdofaneDem,14.4483,-16.30479,PPL,09,,0,,,1
13509329,Ndofane Koli,NdofaneKoli,14.21967,-16.12064,PPL,10,10778869,0,,,1
2249368,Ndofane Latir,NdofaneLatir,14.35167,-16.31539,PPL,09,,0,,,1
13508522,Ndofane Mad,NdofaneMad,14.44529,-16.33848,PPL,09,7670866,0,,,1
2252189,Ndofane Masserigne,NdofaneMasserigne,14.12536,-15.94108,PPL,10,,0,,,1
13514628,Ndofane Mourid,NdofaneMourid,14.45833,-16.31741,PPL,09,7670866,0,,,1
2247659,Ndofane Ndari,NdofaneNdari,14.05095,-16.26115,PPL,09,,0,,,1
2247658,Ndofane Tanewar,NdofaneTanewar,14.22696,-16.09989,PPL,10,,0,,,1
2247649,Ndofongon,Ndofongon,14.35,-16.63333,PPL,09,,0,,,1
2247651,Ndofène,Ndofene,14.48397,-16.27256,PPL,09,,0,,,1
2247648,Ndoga,Ndoga,13.75,-14.1,PPL,05,,0,,,1
2252176,Ndoga Un,NdogaUn,14.55037,-15.97651,PPL,03,,0,,,1
2247644,Ndogadou,Ndogadou,15.3797,-15.4821,PPL,13,,0,,,2
2247647,Ndogadou,Ndogadou,15.39105,-15.46444,PPL,13,,0,,,2
13505387,Ndogal Santhie,NdogalSanthie,14.95299,-16.29921,PPL,03,2252312,0,,,1
2247646,Ndogka,Ndogka,14.53333,-16.06667,PPL,09,,0,,,1
2247643,Ndogor,Ndogor,15.08333,-16.08333,PPL,13,,0,,,1
2247642,Ndoguène,Ndoguene,14.88333,-17.1,PPL,07,,0,,,1
2252177,Ndok,Ndok,14.78554,-15.8391,PPL,03,,0,,,1
2252178,Ndok Diouma Lewrou,NdokDioumaLewrou,14.40796,-16.16774,PPL,09,,0,,,1
2252170,Ndok Saré,Ndok Sare,14.43529,-16.14771,PPL,09,,0,,,1
2253059,Ndoka,Ndoka,14.90456,-15.78741,PPL,03,,0,,,1
13507265,Ndoka Wolof,NdokaWolof,14.55616,-16.00922,PPL,03,2248699,0,,,1
2247628,Ndokh,Ndokh,14.55965,-16.50364,PPL,09,,0,,,1
2247638,Ndolor,Ndolor,14.38333,-16.76667,PPL,07,,0,,,1
2247637,Ndom,Ndom,15.05,-16.73333,PPL,07,,0,,,1
2252417,Ndomb,Ndomb,14.68534,-16.34237,PPL,03,,0,,,1
2247636,Ndombil,Ndombil,15.18333,-16.71667,PPL,07,,0,,,1
2247634,Ndombolokh,Ndombolokh,15.08333,-16.6,PPL,07,,0,,,1
2247633,Ndomor,Ndomor,15.0549,-16.8595,PPL,07,,0,,,1
2247635,Ndonbo,Ndonbo,16.43472,-15.69917,PPL,14,,0,,,1
2251530,Ndondiaye Peul,Ndondiaye Peul,13.91068,-16.13462,PPL,10,,0,,,1
13658159,Ndondiaye Sérèr,Ndondiaye Serer,13.91204,-16.15272,PPL,10,2250807,0,,,1
2247632,Ndondol,Ndondol,14.76667,-16.63333,PPL,07,,0,,,3
2252158,Ndondol,Ndondol,14.64603,-16.58634,PPL,03,,0,,,3
13505385,Ndondol,Ndondol,14.79017,-16.49961,PPL,03,2254315,0,,,3
2247631,Ndong,Ndong,14.58333,-16.55,PPL,07,,0,,,2
2248454,Ndong,Ndong,14.77459,-16.56368,PPL,03,,0,,,2
13505590,Ndongo,Ndongo,14.81948,-16.1358,PPL,03,2252312,0,,,1
13551556,Ndoni Peul,NdoniPeul,14.87274,-15.60564,PPL,13,2249283,0,,,1
2252150,Ndoni Saloum,NdoniSaloum,14.86248,-15.63021,PPL,03,,0,,,1
13551549,Ndoni Sérèr,NdoniSerer,14.88285,-15.5813,PPL,13,2249283,0,,,1
2252151,Ndoni Wolof,NdoniWolof,14.88076,-15.61098,PPL,13,,0,,,1
13505488,Ndop,Ndop,14.95078,-16.42484,PPL,03,2254315,0,,,1
2247630,Ndop Gadiaga,Ndop Gadiaga,15.28333,-16.36667,PPL,07,,0,,,1
2247629,Ndorbos,Ndorbos,16.5971,-14.33382,PPL,14,,0,,,1
2247627,Ndorna,Ndorna,13.16667,-15.03333,PPL,11,,0,,,1
2247626,Ndorobé,Ndorobe,15.4032,-15.0233,PPL,13,,0,,,1
2247624,Ndorong,Ndorong,14.54142,-16.79712,PPL,07,,0,,,2
13506960,Ndorong,Ndorong,14.68697,-16.27765,PPL,03,2252312,0,,,2
2247623,Ndorong Log,Ndorong Log,14.08118,-16.47451,PPL,09,,0,,,1
13504743,Ndorong Malik,NdorongMalik,14.81975,-16.64208,PPL,03,2254315,0,,,1
13672675,Ndorong Sérèr,Ndorong Serer,13.99417,-16.34121,PPL,09,2251792,0,,,1
2247625,Ndorong Wolof,Ndorong Wolof,13.98453,-16.32981,PPL,09,,0,,,1
13507042,Ndos,Ndos,14.72548,-16.42423,PPL,03,2254315,0,,,1
13508533,Ndos Diaraf,NdosDiaraf,14.45474,-16.3594,PPL,09,7670866,0,,,1
2247622,Ndos Mbadiok,NdosMbadiok,14.46454,-16.36897,PPL,09,,0,,,1
13507269,Ndothie,Ndothie,14.54344,-16.18534,PPL,09,7670866,0,,,1
13509335,Ndoubor,Ndoubor,14.21385,-16.08324,PPL,10,10778869,0,,,1
2247621,Ndouf,Ndouf,14.72948,-16.66852,PPL,07,,0,,,2
13507461,Ndouf,Ndouf,14.43179,-16.53359,PPL,09,7670866,0,,,2
2247690,Ndoufène,Ndoufene,15.046,-15.9837,PPL,13,,0,,,1
2247617,Ndougossine,Ndougossine,13.7,-14.33333,PPL,05,,0,,,1
13505430,Ndougoubène,Ndougoubene,14.92856,-16.33622,PPL,03,2252312,0,,,1
2247616,Ndougour,Ndougour,15.2,-16.48333,PPL,07,,0,,,1
2595619,Ndoukhoura Peul,Ndoukhoura Peul,14.68539,-17.16549,PPL,01,,0,,,1
2595620,Ndoukhoura Wolof,Ndoukhoura Wolof,14.68113,-17.16726,PPL,01,,0,,,1
2247615,Ndoukoumane,Ndoukoumane,14.87648,-16.69665,PPL,07,,0,,,2
13505450,Ndoukoumane,Ndoukoumane,14.98977,-16.30122,PPL,03,2252312,0,,,2
2247614,Ndoukoura,Ndoukoura,15.1,-16.66667,PPL,07,,0,,,2
2249191,Ndoukoura,Ndoukoura,14.76239,-16.14227,PPL,03,,0,,,2
13506959,Ndoukouwane,Ndoukouwane,14.69539,-16.30602,PPL,03,2254315,0,,,1
2247613,Ndouli,Ndouli,15.266,-15.4556,PPL,13,,0,,,1
2247612,Ndoulo,Ndoulo,14.73885,-16.11105,PPL,03,,0,,,1
2247611,Ndoulo Malka,Ndoulo Malka,14.50362,-15.97833,PPL,09,,0,,,1
2247610,Ndouloum,Ndouloum,14.46667,-16.23333,PPL,09,,0,,,1
2247608,Ndouloumadji Dembé,Ndouloumadji Dembe,15.8103,-13.40609,PPL,15,,0,,,1
2247609,Ndouloumadji Founébé,Ndouloumadji Founebe,15.82034,-13.42471,PPL,15,,0,,,1
13553458,Ndouma,Ndouma,14.6155,-15.74708,PPL,09,2251492,0,,,1
2247606,Ndoumbil,Ndoumbil,15.05,-16.48333,PPL,07,,0,,,1
2247605,Ndoumboudj,Ndoumboudj,13.74389,-16.43092,PPL,09,,0,,,1
2252117,Ndoumbé,Ndoumbe,14.74209,-16.22157,PPL,03,,0,,,1
2247604,Ndoun,Ndoun,13.98333,-14.71667,PPL,16,,0,,,1
13508541,Ndoundokh,Ndoundokh,14.40912,-16.47049,PPL,09,7670866,0,,,1
13507300,Ndoundoye,Ndoundoye,14.64067,-16.10035,PPL,03,2252312,0,,,1
2247603,Ndoune,Ndoune,15.7,-16.43333,PPL,13,,0,,,1
13506772,Ndoung,Ndoung,14.58935,-16.57926,PPL,07,2248478,0,,,1
13504710,Ndoungane,Ndoungane,14.84806,-16.54764,PPL,03,2254315,0,,,1
2247599,Ndour Ndour,Ndour Ndour,14.20388,-16.03775,PPL,10,,0,Serer/Wolof,clan/family name root,2
2247600,Ndour Ndour,Ndour Ndour,14.10934,-16.30281,PPL,09,,0,Serer/Wolof,clan/family name root,2
2247602,Ndourène,Ndourene,15.0854,-15.8809,PPL,13,,0,Serer/Wolof,clan/family name root,5
2595578,Ndourène,Ndourene,14.69992,-17.12586,PPLX,07,,0,Serer/Wolof,clan/family name root,5
13504803,Ndourène,Ndourene,14.93248,-16.59255,PPL,03,2254315,0,Serer/Wolof,clan/family name root,5
13552828,Ndourène,Ndourene,14.65457,-15.82496,PPL,03,2248699,0,Serer/Wolof,clan/family name root,5
13658050,Ndourène,Ndourene,13.83072,-16.31914,PPL,09,2251792,0,Serer/Wolof,clan/family name root,5
2247601,Ndourène Batal,Ndourene Batal,15.08333,-16.53333,PPL,07,,0,Serer/Wolof,clan/family name root,1
2247598,Ndoussoua,Ndoussoua,13.61667,-14.4,PPL,05,,0,,,1
2247597,Ndoye,Ndoye,15.85722,-16.44,PPL,14,,0,,,1
2247595,Ndoye Dione,Ndoye Dione,14.43333,-15.95,PPL,09,,0,,,1
2596090,Ndoye Ouolof,Ndoye Ouolof,15.86833,-16.43806,PPL,14,,0,,,1
2596091,Ndoye Peul,Ndoye Peul,15.865,-16.45167,PPL,14,,0,,,1
2252086,Ndoyombout,Ndoyombout,14.50913,-16.58328,PPL,07,,0,,,1
2247592,Ndoyène,Ndoyene,14.84835,-15.62805,PPL,09,,0,,,4
2247594,Ndoyène,Ndoyene,14.54684,-16.01907,PPL,03,,0,,,4
13506487,Ndoyène,Ndoyene,14.64345,-16.8478,PPL,07,2244804,0,,,4
13508995,Ndoyène,Ndoyene,14.47331,-16.23367,PPL,09,7670866,0,,,4
2247591,Ndoyène Dakhar,Ndoyene Dakhar,15.2275,-16.0812,PPL,13,,0,,,1
2595879,Ndoyène Deux,Ndoyene Deux,14.75611,-17.1303,PPL,01,,0,,,1
2595224,Ndoyène Peul,Ndoyene Peul,14.78319,-17.13045,PPL,07,,0,,,1
2247593,Ndoyène Un,Ndoyene Un,14.76696,-17.15037,PPL,01,,0,,,1
2247641,Ndoïtsé,Ndoitse,15.85,-16.06667,PPL,13,,0,,,1
2247590,Ndramé,Ndrame,15.1786,-15.5586,PPL,13,,0,,,3
2248061,Ndramé,Ndrame,14.98462,-15.07605,PPL,13,,0,,,3
13554544,Ndramé,Ndrame,14.01846,-15.68889,PPL,16,10778870,0,,,3
2247589,Ndramé Escale,Ndrame Escale,13.79537,-16.16566,PPL,10,,0,,,1
13658194,Ndramé Mapaté,Ndrame Mapate,13.9875,-16.24215,PPL,09,2251792,0,,,1
2252084,Ndramé Matar,Ndrame Matar,13.83719,-16.25813,PPL,09,,0,,,1
13658017,Ndramé Nguédiane,Ndrame Nguediane,13.93338,-16.31365,PPL,09,2251792,0,,,1
2595798,Ndunkou,Ndunkou,14.71696,-17.28217,PPLX,01,,0,,,1
2247588,Ndurki,Ndurki,15.26667,-16.3,PPL,07,,0,,,1
2248086,Ndâme,Ndame,15.8941,-15.9018,PPL,13,,0,,,1
2248048,Ndèftili,Ndeftili,15.6635,-14.2556,PPL,14,,0,,,1
2248046,Ndèk,Ndek,14.76667,-15.63333,PPL,09,,0,,,2
13506739,Ndèk,Ndek,14.64069,-16.55912,PPL,03,2254315,0,,,2
2247715,Ndèm,Ndem,14.7982,-16.46857,PPL,03,,0,,,4
2248039,Ndèm,Ndem,15.48333,-16.06667,PPL,13,,0,,,4
2248040,Ndèm,Ndem,15.06667,-16.23333,PPL,07,,0,,,4
13505551,Ndèm,Ndem,14.79203,-16.18461,PPL,03,2252312,0,,,4
13505546,Ndèm Ndiaye,NdemNdiaye,14.77896,-16.19827,PPL,03,2252312,0,,,1
2248049,Ndébou,Ndebou,12.5195,-12.4336,PPL,17,,0,,,1
2248047,Ndéguène Fal,Ndeguene Fal,15.4,-16.38333,PPL,13,,0,,,1
2248044,Ndékou,Ndekou,15.0767,-16.6728,PPL,07,,0,,,1
2248045,Ndékène,Ndekene,15.03333,-16.45,PPL,07,,0,,,1
2248041,Ndéllère,Ndellere,15.26667,-16.05,PPL,13,,0,,,1
2248038,Ndématou,Ndematou,15.5,-16.05,PPL,13,,0,,,1
2247759,Ndémène,Ndemene,15.2235,-15.4995,PPL,13,,0,,,5
2248035,Ndémène,Ndemene,15.08333,-16.31667,PPL,07,,0,,,5
2248036,Ndémène,Ndemene,13.83333,-15.76667,PPL,10,,0,,,5
2595904,Ndémène,Ndemene,14.82912,-17.05018,PPL,07,,0,,,5
13509059,Ndémène,Ndemene,14.47787,-16.21307,PPL,09,7670866,0,,,5
13658035,Ndémène Niombato,Ndemene Niombato,13.79563,-16.37655,PPL,09,2251792,0,,,1
2248037,Ndémébélègne,Ndemebelegne,15.15,-16.13333,PPL,13,,0,,,1
2248033,Ndénak,Ndenak,15.2599,-15.7083,PPL,13,,0,,,1
2247789,Ndéndoury,Ndendoury,15.34685,-13.05109,PPL,15,,0,,,1
2595469,Ndéng,Ndeng,14.63741,-17.08849,PPL,07,,0,,,1
2595494,Ndénglé,Ndengle,14.67922,-17.12109,PPLX,07,,0,,,2
2595596,Ndénglé,Ndengle,14.63088,-17.12993,PPL,07,,0,,,2
13504655,Ndérèp Deux,NderepDeux,14.7503,-16.57683,PPL,03,2254315,0,,,1
2253014,Ndérèp Un,NderepUn,14.76039,-16.57806,PPL,03,,0,,,1
2247580,Nelbi,Nelbi,15.28333,-13.98333,PPL,15,,0,,,2
2247581,Nelbi,Nelbi,15.478,-15.5802,PPL,13,,0,,,2
2247553,Nesséona,Nesseona,14.53333,-15.65,PPL,09,,0,,,1
2247552,Neteboulou,Neteboulou,13.57883,-13.78527,PPL,05,,0,,,1
2247549,Ngabitol,Ngabitol,14.51667,-14.6,PPL,05,,0,,,1
2247547,Ngabou,Ngabou,14.79311,-12.67009,PPL,15,,0,,,3
2247548,Ngabou,Ngabou,14.77326,-15.97695,PPL,03,,0,,,3
13505460,Ngabou,Ngabou,14.83621,-16.32436,PPL,03,2252312,0,,,3
2247544,Ngabou Mourid,Ngabou Mourid,14.76667,-15.96667,PPL,03,,0,,,1
2595982,Ngad Ngourane,Ngad Ngourane,16.18472,-16.43472,PPL,14,,0,,,1
2251773,Ngadada,Ngadada,14.41884,-15.92631,PPL,09,,0,,,1
2247543,Ngadiaga,Ngadiaga,15.08333,-16.53333,PPL,07,,0,,,3
2251761,Ngadiaga,Ngadiaga,14.95692,-17.05005,PPL,07,,0,,,3
13505599,Ngadiaga,Ngadiaga,14.79059,-16.13354,PPL,03,2252312,0,,,3
2247542,Ngadialam,Ngadialam,15.73333,-16.0,PPL,13,,0,,,1
2247541,Ngadialam Sellé,Ngadialam Selle,15.7,-16.01667,PPL,13,,0,,,1
13553611,Ngadialogne,Ngadialogne,14.51303,-15.09457,PPL,16,10778871,0,,,1
2247540,Ngadidé,Ngadide,14.85,-16.23333,PPL,03,,0,,,1
2247539,Ngadieu,Ngadieu,15.73333,-16.11667,PPL,13,,0,,,1
2247536,Ngadj Sar,Ngadj Sar,15.8797,-16.2249,PPL,13,,0,,,1
13509318,Ngadé,Ngade,14.14196,-16.11667,PPL,10,2250807,0,,,1
2247535,Ngakham I,Ngakham I,15.137,-16.6854,PPL,07,,0,,,1
2247501,Ngakham II,Ngakham II,15.0539,-16.8026,PPL,07,,0,,,1
13505443,Ngala,Ngala,14.86183,-16.40995,PPL,03,2254315,0,,,1
2251736,Ngalagne,Ngalagne,14.52001,-16.26866,PPL,09,,0,,,4
13507239,Ngalagne,Ngalagne,14.71152,-16.2402,PPL,03,2252312,0,,,4
13509029,Ngalagne,Ngalagne,14.2723,-16.10997,PPL,10,10778869,0,,,4
13554413,Ngalagne,Ngalagne,14.19194,-15.881,PPL,10,10778869,0,,,4
2247534,Ngalagne Diaraf,NgalagneDiaraf,14.52406,-16.39707,PPL,09,,0,,,1
2247533,Ngalagne Kop,NgalagneKop,14.56596,-16.43373,PPL,09,,0,,,1
2247526,Ngalap,Ngalap,14.75861,-17.26528,PPL,01,,0,,,1
2247529,Ngalel,Ngalel,16.0383,-16.43935,PPL,14,,0,,,1
2247528,Ngalik,Ngalik,15.16667,-16.35,PPL,07,,0,,,1
13507040,Ngalo,Ngalo,14.63256,-16.44035,PPL,03,2254315,0,,,1
2247527,Ngalop,Ngalop,15.16667,-16.33333,PPL,07,,0,,,1
2247524,Ngalou Sessène,Ngalou Sessene,14.03834,-16.7699,PPL,09,,0,,,1
2247523,Ngam,Ngam,14.13333,-15.55,PPL,16,,0,,,2
2595468,Ngam,Ngam,14.63478,-17.0911,PPL,07,,0,,,2
2247522,Ngambi,Ngambi,13.91667,-15.81667,PPL,10,,0,,,1
2251698,Ngambou,Ngambou,14.18258,-15.80806,PPL,16,,0,,,1
2247521,Nganado Boguel,Nganado Boguel,15.3439,-15.8696,PPL,13,,0,,,1
2247520,Nganda,Nganda,13.83333,-15.41667,PPL,16,,14369,,,1
13504812,Ngandiol,Ngandiol,14.82007,-16.56052,PPL,03,2254315,0,,,1
2247517,Ngandiouf,Ngandiouf,15.2624,-16.4024,PPL,07,,0,,,1
2247518,Ngandèk,Ngandek,14.68127,-16.42908,PPL,03,,0,,,2
2247519,Ngandèk,Ngandek,15.01667,-16.55,PPL,07,,0,,,2
2251683,Ngane,Ngane,14.21599,-16.20663,PPL,10,,0,,,3
2595432,Ngane,Ngane,14.5582,-17.06581,PPL,07,,0,,,3
13504657,Ngane,Ngane,14.79726,-16.54748,PPL,03,2254315,0,,,3
2247516,Ngane Alassane,Ngane Alassane,14.18333,-16.08333,PPL,10,,0,,,1
2247515,Ngane Fissél,NganeFissel,14.5097,-16.43478,PPL,09,,0,,,1
2247514,Ngane Saer,Ngane Saer,14.2,-16.05,PPL,09,,0,,,1
2247513,Ngangarlam,Ngangarlam,14.57275,-16.49239,PPL,09,,0,,,1
2251680,Ngangouné,Ngangoune,14.83897,-16.5971,PPL,03,,0,,,1
2247512,Ngankal,Ngankal,15.06667,-16.56667,PPL,07,,0,,,2
13505370,Ngankal,Ngankal,14.82869,-16.34743,PPL,03,2252312,0,,,2
2247511,Ngano,Ngano,15.47274,-13.04717,PPL,15,,0,,,1
13509057,Nganèm,Nganem,14.42985,-16.20342,PPL,09,2251492,0,,,1
2247510,Ngaou,Ngaou,15.215,-14.8023,PPL,13,,0,,,1
2246561,Ngap,Ngap,14.2575,-16.1744,PPL,10,,0,,,2
2247509,Ngap,Ngap,15.33,-15.5158,PPL,13,,0,,,2
2247508,Ngapar,Ngapar,13.86667,-15.88333,PPL,10,,0,,,1
2247507,Ngaparou,Ngaparou,14.46419,-17.05619,PPL,07,,9525,,,3
2595707,Ngaparou,Ngaparou,14.75677,-17.46868,PPLX,01,,0,,,3
2595884,Ngaparou,Ngaparou,14.76042,-17.11534,PPLX,07,,0,,,3
2247456,Ngar,Ngar,15.1711,-15.9222,PPL,13,,0,,,2
2247506,Ngar,Ngar,15.43333,-16.1,PPL,13,,0,,,2
2247499,Ngar Amadou Yassine,NgarAmadouYassine,14.25839,-15.87236,PPL,10,,0,,,1
13554057,Ngar Dia,NgarDia,14.26343,-15.88868,PPL,10,10778869,0,,,1
2247500,Ngar Diagne,Ngar Diagne,15.18333,-16.2,PPL,13,,0,,,1
2247503,Ngaraf,Ngaraf,15.56667,-16.36667,PPL,13,,0,,,4
2247504,Ngaraf,Ngaraf,15.45,-16.61667,PPL,13,,0,,,4
2251340,Ngaraf,Ngaraf,14.72821,-15.60193,PPL,03,,0,,,4
13507240,Ngaraf,Ngaraf,14.71174,-16.18786,PPL,03,2252312,0,,,4
2247505,Ngaraf Polék,NgarafPolek,14.74959,-16.53314,PPL,03,,0,,,1
2247502,Ngarafé,Ngarafe,15.3623,-15.2911,PPL,13,,0,,,1
6645004,Ngarane,Ngarane,16.17583,-13.94002,PPL,14,,0,,,1
13508573,Ngardiam,Ngardiam,14.49058,-16.4653,PPL,09,7670866,0,,,1
6917793,Ngari,Ngari,12.6349,-12.2479,PPL,17,,0,,,1
2247497,Ngari Ali,Ngari Ali,14.41089,-12.9064,PPL,05,,0,,,1
13509090,Ngarigne,Ngarigne,14.21965,-16.67926,PPL,09,7670866,0,,,1
2595543,Ngaring,Ngaring,14.73138,-17.11185,PPL,07,,0,,,1
2247496,Ngaring Bambara,Ngaring Bambara,14.47665,-17.03596,PPL,07,,0,,,1
2595392,Ngaring Sérèr,Ngaring Serer,14.48398,-17.03153,PPL,07,,0,,,1
13504646,Ngas,Ngas,14.79692,-16.70814,PPL,07,2244804,0,,,1
13504758,Ngas Sérèr,NgasSerer,14.80741,-16.7044,PPL,07,2244804,0,,,1
13507000,Ngaskop,Ngaskop,14.62009,-16.46075,PPL,03,2254315,0,,,1
2247494,Ngassama,Ngassama,15.18333,-16.48333,PPL,07,,0,,,1
2247495,Ngassane,Ngassane,15.1779,-15.5609,PPL,13,,0,,,1
2247491,Ngassiak,Ngassiak,14.53333,-16.55,PPL,07,,0,,,1
2247490,Ngassinirou,Ngassinirou,14.55,-15.91667,PPL,03,,0,,,1
2247492,Ngassémane,Ngassemane,15.1355,-15.5686,PPL,13,,0,,,1
2247489,Ngat,Ngat,15.35,-16.63333,PPL,13,,0,,,1
2247488,Ngat Peul,Ngat Peul,15.36667,-16.71667,PPL,13,,0,,,1
2247537,Ngathie,Ngathie,14.4793,-16.63044,PPL,07,2248478,0,,,2
2251614,Ngathie,Ngathie,14.38981,-16.00971,PPL,09,,0,,,2
2254509,Ngathie Bofel,NgathieBofel,14.18358,-15.90686,PPL,10,,0,,,1
2251620,Ngathie Fal,NgathieFal,14.74303,-16.40556,PPL,03,,0,,,1
2247487,Ngathie Naoudé,NgathieNaoude,14.13105,-15.88112,PPL,10,,0,,,1
2247538,Ngathie Narga,NgathieNarga,14.20984,-15.91365,PPL,10,,0,,,1
13554445,Ngathie Ndiassane,NgathieNdiassane,14.17358,-15.86212,PPL,10,10778869,0,,,1
13507037,Ngathie Ngogom,NgathieNgogom,14.74194,-16.38373,PPL,03,2254315,0,,,1
2251613,Ngathie Peul,NgathiePeul,14.16947,-15.90055,PPL,10,,0,,,1
2247485,Ngawal,Ngawal,13.23333,-13.81667,PPL,11,,0,,,1
13505500,Ngawaw,Ngawaw,14.86286,-16.2815,PPL,03,2252312,0,,,1
13505431,Ngawaye,Ngawaye,14.82138,-16.4198,PPL,03,2254315,0,,,1
2247484,Ngayaf,Ngayaf,14.53333,-16.73333,PPL,07,,0,,,1
2247482,Ngaye,Ngaye,15.88333,-16.2,PPL,13,,0,,,3
2247483,Ngaye,Ngaye,15.13333,-16.2,PPL,13,,0,,,3
13551150,Ngaye,Ngaye,14.98595,-15.98519,PPL,13,2250660,0,,,3
2247481,Ngaye Diagne,Ngaye Diagne,15.08333,-16.83333,PPL,07,,0,,,1
2247479,Ngaye Diavar,Ngaye Diavar,15.4477,-16.3461,PPL,13,,0,,,1
2247478,Ngaye Gaye,Ngaye Gaye,15.11667,-16.45,PPL,07,,0,,,1
2248123,Ngaye Guédé,NgayeGuede,14.92937,-15.8653,PPL,03,,0,,,1
2247188,Ngaye Mame,NgayeMame,14.71488,-15.6952,PPL,03,,0,,,1
2247480,Ngaye Ndiaye,Ngaye Ndiaye,15.4033,-16.0265,PPL,13,,0,,,1
2247461,Ngaye Ngaye,Ngaye Ngaye,15.9473,-16.4468,PPL,14,,0,,,6
2247462,Ngaye Ngaye,Ngaye Ngaye,15.26667,-16.35,PPL,13,,0,,,6
2247463,Ngaye Ngaye,Ngaye Ngaye,15.03333,-16.55,PPL,07,,0,,,6
2247464,Ngaye Ngaye,Ngaye Ngaye,15.0121,-16.6833,PPL,07,,0,,,6
2247465,Ngaye Ngaye,Ngaye Ngaye,14.94776,-16.71441,PPL,07,,0,,,6
13506470,Ngaye Ngaye,NgayeNgaye,14.63363,-16.81279,PPL,07,2244804,0,,,6
2247460,Ngayokhèm,Ngayokhem,14.53488,-16.43491,PPL,09,,0,,,2
13507007,Ngayokhèm,Ngayokhem,14.7048,-16.39009,PPL,03,2254315,0,,,2
2247470,Ngayène,Ngayene,15.4324,-15.1484,PPL,13,,0,,,8
2247471,Ngayène,Ngayene,14.96667,-15.98333,PPL,03,,0,,,8
2247472,Ngayène,Ngayene,14.80664,-17.13869,PPL,07,,0,,,8
2247474,Ngayène,Ngayene,14.72658,-16.1516,PPL,03,,0,,,8
2247475,Ngayène,Ngayene,13.68333,-15.5,PPL,10,,0,,,8
2247476,Ngayène,Ngayene,13.63333,-15.95,PPL,10,,0,,,8
2251590,Ngayène,Ngayene,14.15183,-15.00855,PPL,16,,0,,,8
13504761,Ngayène,Ngayene,14.93563,-16.60869,PPL,03,2254315,0,,,8
13658069,Ngayène Daour,Ngayene Daour,13.88,-16.29904,PPL,09,2251792,0,,,1
13658031,Ngayène Gounda,Ngayene Gounda,13.76006,-16.3297,PPL,09,2251792,0,,,1
2247468,Ngayène Hamdalaye,Ngayene Hamdalaye,14.11667,-14.5,PPL,05,,0,,,1
13658034,Ngayène Momat,Ngayene Momat,13.98564,-16.28537,PPL,09,2251792,0,,,1
2247467,Ngayène Sar,Ngayene Sar,15.86667,-16.08333,PPL,13,,0,,,1
2247466,Ngayéne Tiébo,Ngayene Tiebo,13.72396,-16.33454,PPL,09,,0,,,1
2247459,Ngazobil,Ngazobil,14.20162,-16.86613,PPL,07,,0,,,1
13504806,Ngaïdeul,Ngaideul,14.81496,-16.53919,PPL,03,2254315,0,,,1
2596116,Ngaïna,Ngaina,15.91417,-16.40056,PPL,14,,0,,,1
2596096,Ngaïna Lébou,Ngaina Lebou,15.94389,-16.475,PPL,14,,0,,,1
2247376,Ngembé,Ngembe,15.1101,-16.3139,PPL,07,,0,,,1
2593138,Nghadior,Nghadior,13.95891,-16.59213,PPL,09,,0,,,1
2253084,Nghadior Dayam,Nghadior Dayam,13.65035,-16.39974,PPL,09,,0,,,1
2247289,Nghamaré,Nghamare,13.86725,-16.62763,PPL,09,,0,,,1
2247455,Nghass,Nghass,15.13333,-16.61667,PPL,07,,0,,,1
2248125,Nghaye,Nghaye,14.81923,-16.04683,PPL,03,,0,,,3
13504760,Nghaye,Nghaye,14.75564,-16.68031,PPL,07,2244804,0,,,3
13505479,Nghaye,Nghaye,14.83014,-16.25716,PPL,03,2252312,0,,,3
2246554,Ngheul,Ngheul,14.76449,-16.31802,PPL,03,,0,,,1
13617456,Ngiling Mbaw,Ngiling Mbaw,15.79074,-16.53005,PPL,13,2249224,0,,,1
2247454,Ngnitigaye,Ngnitigaye,15.0321,-15.9103,PPL,13,,0,,,1
2247452,Ngobé,Ngobe,15.5903,-15.0555,PPL,13,,0,,,1
13504717,Ngodiane,Ngodiane,14.75545,-16.67004,PPL,07,2244804,0,,,1
2251562,Ngodiba,Ngodiba,14.0649,-15.50633,PPL,16,,0,Pulaar/Fulani,clan/family name root,1
2247450,Ngodilèm,Ngodilem,14.42186,-16.55114,PPL,09,,0,,,1
2247451,Ngodilé,Ngodile,14.56667,-16.6,PPL,07,,0,,,1
2251558,Ngodiél,Ngodiel,14.6616,-16.19875,PPL,03,,0,,,1
13506984,Ngodjilèm,Ngodjilem,14.62739,-16.46214,PPL,03,2254315,0,,,2
13507053,Ngodjilèm,Ngodjilem,14.6399,-16.2969,PPL,03,2252312,0,,,2
2247449,Ngodom,Ngodom,15.4219,-15.9826,PPL,13,,0,,,1
13507283,Ngognik,Ngognik,14.60281,-16.20844,PPL,03,2252312,0,,,1
13504712,Ngogom,Ngogom,14.75022,-16.52492,PPL,03,2254315,0,,,1
2247446,Ngohé,Ngohe,14.56667,-16.05,PPL,03,,0,,,2
2247650,Ngohé,Ngohe,14.63406,-16.28336,PPL,03,,0,,,2
2248724,Ngohé Mbadat,NgoheMbadat,14.36257,-16.6145,PPL,09,,0,,,1
2252940,Ngohé Ndofongor,NgoheNdofongor,14.35631,-16.63028,PPL,09,,0,,,1
13507446,Ngohé Séko,NgoheSeko,14.37244,-16.61975,PPL,09,7670866,0,,,1
2247445,Ngokaré,Ngokare,14.18094,-16.03907,PPL,10,,0,,,1
2251551,Ngokaré Sow,NgokareSow,14.80467,-16.45743,PPL,03,,0,,,1
13506723,Ngokhothie,Ngokhothie,14.73491,-16.60741,PPL,07,2244804,0,,,1
2247444,Ngoki,Ngoki,12.81667,-14.46667,PPL,11,,0,,,1
2247443,Ngokine,Ngokine,14.98333,-16.48333,PPL,03,,0,,,1
2247442,Ngoko,Ngoko,14.68333,-16.23333,PPL,03,,0,,,1
2247441,Ngol,Ngol,15.3,-16.06667,PPL,13,,0,,,1
2247440,Ngolar Sérèr,NgolarSerer,14.68045,-16.84022,PPL,07,,0,,,1
13506498,Ngolar Toucouleur,NgolarToucouleur,14.68406,-16.82295,PPL,07,2244804,0,,,1
2247439,Ngold,Ngold,14.83333,-15.51667,PPL,13,,0,,,1
13507427,Ngoleye,Ngoleye,14.46408,-16.58318,PPL,09,7670866,0,,,1
2251542,Ngolfagniél,Ngolfagniel,14.63714,-16.96508,PPL,07,,0,,,1
13507332,Ngolna,Ngolna,14.31598,-16.79788,PPL,07,2248478,0,,,1
2247438,Ngolo,Ngolo,15.5249,-15.4778,PPL,13,,0,,,2
6917506,Ngolo,Ngolo,15.5088,-15.4759,PPL,13,,0,,,2
2247437,Ngolomone,Ngolomone,14.61921,-16.16435,PPL,03,,0,,,1
2247436,Ngolothie,Ngolothie,14.20708,-16.15717,PPL,10,,0,,,1
2247435,Ngoloum,Ngoloum,14.21758,-15.88423,PPL,10,,0,,,1
2247434,Ngom,Ngom,14.56667,-15.68333,PPL,09,,0,,,2
2251536,Ngom,Ngom,15.2413,-15.4963,PPL,13,,0,,,2
2247428,Ngom Latri,Ngom Latri,14.51667,-15.65,PPL,10,,0,,,1
2595433,Ngombol,Ngombol,14.55145,-17.06229,PPL,07,,0,,,1
13506476,Ngombél,Ngombel,14.7105,-16.82664,PPL,07,2244804,0,,,1
2247429,Ngomène,Ngomene,15.81361,-16.32722,PPL,13,,0,,,6
2247430,Ngomène,Ngomene,15.03333,-16.11667,PPL,13,,0,,,6
2247431,Ngomène,Ngomene,14.82833,-17.03083,PPL,07,,0,,,6
2251534,Ngomène,Ngomene,14.80714,-16.77451,PPL,07,,0,,,6
13506497,Ngomène,Ngomene,14.73012,-16.7956,PPL,07,2244804,0,,,6
13658711,Ngomène,Ngomene,13.68397,-16.06169,PPL,10,2247158,0,,,6
13504649,Ngomène Dakhar,NgomeneDakhar,14.89861,-16.63894,PPL,03,2254315,0,,,1
2247432,Ngomène Louli,NgomeneLouli,14.47311,-16.82875,PPL,07,,0,,,1
2247433,Ngonane,Ngonane,14.8521,-15.94389,PPL,03,,0,,,1
2595577,Ngonda,Ngonda,14.70196,-17.12112,PPLX,07,,0,,,1
2251526,Ngongane,Ngongane,14.14909,-15.84465,PPL,16,,0,,,1
13505525,Ngongo,Ngongo,14.87143,-16.03107,PPL,03,2248699,0,,,1
2247427,Ngonine,Ngonine,14.57301,-16.51806,PPL,09,,0,,,1
2248518,Ngonine Mbadane,NgonineMbadane,14.5799,-16.52698,PPL,07,,0,,,1
2247426,Ngonor,Ngonor,14.68333,-14.51667,PPL,13,,0,,,1
13509008,Ngonsy,Ngonsy,14.25341,-16.16565,PPL,10,2250807,0,,,1
2247423,Ngop,Ngop,15.15,-16.35,PPL,07,,0,,,1
2247424,Ngoppou,Ngoppou,12.5986,-12.8318,PPL,17,,0,,,1
2247421,Ngor,Ngor,14.74935,-17.51515,PPL,01,,0,,,2
2595889,Ngor,Ngor,14.76822,-17.08748,PPL,07,,0,,,2
13508539,Ngoral,Ngoral,14.32106,-16.29615,PPL,09,7670866,0,,,1
2247419,Ngoré Yop,Ngore Yop,14.86667,-16.85,PPL,07,,0,,,1
13505527,Ngos,Ngos,14.81586,-16.18726,PPL,03,2252312,0,,,1
2595472,Ngossèkh,Ngossekh,14.61107,-17.07772,PPLX,07,,0,,,1
13509074,Ngot,Ngot,14.27858,-16.0613,PPL,10,10778869,0,,,1
2247418,Ngothie,Ngothie,14.23591,-16.21174,PPL,10,,0,,,1
13506710,Ngothie Deux,NgothieDeux,14.72667,-16.51335,PPL,03,2254315,0,,,1
13506744,Ngothie Un,NgothieUn,14.73313,-16.51324,PPL,03,2254315,0,,,1
13554669,Ngotou Farba,NgotouFarba,14.04069,-15.49713,PPL,16,2251008,0,Pulaar/Fulani,clan/family name root,1
2251488,Ngotou Malik,NgotouMalik,14.01969,-15.47854,PPL,16,,0,,,1
13506740,Ngoudiane Samèn,NgoudianeSamen,14.71331,-16.73834,PPL,07,2244804,0,,,1
2247417,Ngoudouro,Ngoudouro,13.41667,-14.85,PPL,11,,0,,,1
13505504,Ngoudépié,Ngoudepie,14.99734,-16.03199,PPL,13,2250660,0,,,1
2247416,Ngoufat,Ngoufat,15.73333,-16.41667,PPL,13,,0,,,1
13504731,Ngougous,Ngougous,14.75335,-16.60309,PPL,03,2254315,0,,,1
2247414,Ngoui,Ngoui,16.14195,-13.93442,PPL,14,,0,,,1
2247412,Ngouké Diama,Ngouke Diama,13.8,-15.25,PPL,16,,0,,,1
2247411,Ngouké Kouké,Ngouke Kouke,13.8,-15.26667,PPL,16,,0,,,1
2247408,Ngouloul Peul,NgouloulPeul,14.27319,-16.32196,PPL,09,,0,,,1
13508520,Ngouloul Sérèr,NgouloulSerer,14.27406,-16.33883,PPL,09,7670866,0,,,1
2247407,Ngouloum,Ngouloum,15.93333,-13.73333,PPL,15,,0,,,1
2247405,Ngouloum Teugue,Ngouloum Teugue,15.5033,-15.2637,PPL,13,,0,,,1
2247404,Ngouloum Thiarène,Ngouloum Thiarene,15.5082,-15.2673,PPL,13,,0,,,1
2247403,Ngoult,Ngoult,14.6,-16.21667,PPL,03,,0,,,1
2247402,Ngoultoune,Ngoultoune,14.48333,-16.75,PPL,07,,0,,,1
2247409,Ngoulé,Ngoule,14.6,-16.16667,PPL,03,,0,,,3
2247410,Ngoulé,Ngoule,13.66667,-16.05,PPL,10,,0,,,3
13504751,Ngoulé,Ngoule,14.84177,-16.70961,PPL,07,2244804,0,,,3
13504661,Ngoumb,Ngoumb,14.99468,-16.56338,PPL,07,2244388,0,,,1
2247401,Ngoumba Nguéoul,Ngoumba Ngueoul,15.4716,-16.3383,PPL,13,,0,,,1
2247400,Ngoumbal,Ngoumbal,15.38333,-16.35,PPL,13,,0,,,1
13504601,Ngoumsane,Ngoumsane,14.76678,-16.90269,PPL,07,2244804,0,,,1
2251477,Ngoundiane,Ngoundiane,14.72145,-16.73574,PPL,07,,0,,,1
2244574,Ngoundiane Dior,NgoundianeDior,14.71654,-16.7496,PPL,07,,0,,,1
13506521,Ngoundiane Niakh,NgoundianeNiakh,14.70008,-16.76098,PPL,07,2244804,0,,,1
13506512,Ngoundiane Tiangaye,NgoundianeTiangaye,14.71915,-16.75694,PPL,07,2244804,0,,,1
13507209,Ngoundiodj Deux,NgoundiodjDeux,14.66979,-16.09062,PPL,03,2252312,0,,,1
2251421,Ngoundiodj Un,NgoundiodjUn,14.6729,-16.07484,PPL,03,,0,,,1
13658079,Ngoungoul,Ngoungoul,13.82556,-16.30317,PPL,09,2251792,0,,,1
2247395,Ngour Soaré,Ngour Soare,14.58333,-15.8,PPL,09,,0,,,1
2247398,Ngourane,Ngourane,15.4397,-16.2907,PPL,13,,0,,,1
2247397,Ngouré,Ngoure,15.28333,-16.13333,PPL,13,,0,,,1
13506980,Ngousé,Ngouse,14.70554,-16.42536,PPL,03,2254315,0,,,1
13506715,Ngouthie,Ngouthie,14.74158,-16.59906,PPL,03,2254315,0,,,1
2247394,Ngouye,Ngouye,14.37061,-16.4442,PPL,09,,0,,,2
13506988,Ngouye,Ngouye,14.71378,-16.33728,PPL,03,2254315,0,,,2
2247393,Ngouye Bé,Ngouye Be,15.26667,-16.73333,PPL,07,,0,,,1
13507289,Ngouye Diabo,NgouyeDiabo,14.68865,-16.23076,PPL,03,2252312,0,,,1
2247392,Ngouye Diaraf,Ngouye Diaraf,14.13333,-14.81667,PPL,16,,0,,,1
2247391,Ngouye Diéri,Ngouye Dieri,14.2,-14.9,PPL,16,,0,,,2
2251355,Ngouye Diéri,Ngouye Dieri,15.5546,-15.2609,PPL,13,,0,,,2
2247390,Ngouye Lamane,Ngouye Lamane,15.28333,-16.73333,PPL,07,,0,,,1
13658057,Ngouye Mari,Ngouye Mari,13.84462,-16.35198,PPL,09,2251792,0,,,1
13506703,Ngouye Ngoye,NgouyeNgoye,14.62501,-16.59744,PPL,03,2254315,0,,,1
2247389,Ngouye Ouadé,Ngouye Ouade,15.25,-16.71667,PPL,07,,0,,,1
2247388,Ngouye Siouarh,Ngouye Siouarh,14.08333,-14.9,PPL,16,,0,,,1
13504723,Ngouye Tiandigué,NgouyeTiandigue,14.81293,-16.59963,PPL,03,2254315,0,,,1
2247415,Ngouye Tidiane,NgouyeTidiane,13.99516,-15.59728,PPL,16,,0,,,1
2247413,Ngouïssi,Ngouissi,15.1542,-15.8336,PPL,13,,0,,,1
2247386,Ngoye,Ngoye,14.64005,-16.43306,PPL,03,,0,,,1
13507432,Ngoyokop,Ngoyokop,14.35959,-16.71982,PPL,07,2248478,0,,,1
13507450,Ngoyé Mbouguél,NgoyeMbouguel,14.36269,-16.64294,PPL,09,7670866,0,,,1
2246651,Ngoyé Pofine,NgoyePofine,14.34369,-16.6319,PPL,09,,0,,,1
2247385,Ngraf,Ngraf,15.5546,-15.3379,PPL,13,,0,,,1
2247377,Nguembé,Nguembe,15.4082,-15.9822,PPL,13,,0,,,2
13504768,Nguembé,Nguembe,14.81734,-16.71606,PPL,07,2244804,0,,,2
2247373,Nguemmbé,Nguemmbe,15.38333,-16.18333,PPL,13,,0,,,3
2247374,Nguemmbé,Nguemmbe,15.26667,-16.11667,PPL,13,,0,,,3
2247375,Nguemmbé,Nguemmbe,15.25,-16.36667,PPL,07,,0,,,3
2247367,Nguent,Nguent,16.10944,-16.21056,PPL,14,,0,,,1
2247362,Nguer,Nguer,15.21667,-16.55,PPL,07,,0,,,2
2247363,Nguer,Nguer,15.03333,-16.66667,PPL,07,,0,,,2
13658215,Nguer Ali,Nguer Ali,13.81594,-16.05724,PPL,10,2247158,0,,,1
2247365,Nguer Babou,Nguer Babou,13.80037,-16.08203,PPL,10,,0,,,1
2247364,Nguer Coumba Daya,NguerCoumbaDaya,14.13888,-15.80422,PPL,16,,0,,,1
2247342,Nguer Mandakh,Nguer Mandakh,13.91667,-15.25,PPL,16,,0,,,1
2247358,Nguermalal,Nguermalal,15.7341,-16.0087,PPL,13,,0,,,1
2247357,Nguessé,Nguesse,15.2,-15.9936,PPL,13,,0,,,1
2247355,Nguet,Nguet,15.3433,-15.498,PPL,13,,0,,,1
13504611,Ngueumbé,Ngueumbe,14.84934,-16.81512,PPL,07,2244804,0,,,1
2595844,Ngueundouf,Ngueundouf,14.80607,-17.21356,PPL,01,,0,,,1
2247354,Ngueune Sar,Ngueune Sar,15.7122,-16.2796,PPL,13,,0,,,1
2251273,Ngueut,Ngueut,14.93907,-16.34789,PPL,03,,0,,,1
13505578,Ngueut Diagne,NgueutDiagne,14.8965,-16.14067,PPL,03,2252312,0,,,1
13658195,Ngueyène Ndari,Ngueyene Ndari,13.76032,-16.13041,PPL,10,2247158,0,,,1
2247344,Nguidiane,Nguidiane,14.60113,-16.05332,PPL,03,,0,,,1
13508577,Nguidine Peul,NguidinePeul,14.31989,-16.32452,PPL,09,7670866,0,,,1
2251259,Nguidine Sérèr,NguidineSerer,14.33561,-16.3246,PPL,09,,0,,,1
2596067,Nguidiolakh,Nguidiolakh,15.96722,-16.37861,PPLL,14,,0,,,1
2247341,Nguidjlone,Nguidjlone,15.94052,-13.35138,PPL,15,,10444,,,1
2251262,Nguidye,Nguidye,15.4127,-15.1474,PPL,13,,0,,,1
2247345,Nguidé Mbalo,Nguide Mbalo,13.1,-14.26667,PPL,11,,0,,,1
2247339,Nguiguis,Nguiguis,15.1535,-16.5581,PPL,07,,0,,,2
2247340,Nguiguis,Nguiguis,14.85771,-15.94422,PPL,03,,0,,,2
2251252,Nguiguélakh,Nguiguelakh,15.93833,-16.37778,PPL,14,,0,,,1
2247338,Nguik Fal,Nguik Fal,14.92967,-17.02132,PPL,07,,0,,,1
2247337,Nguik Fall,Nguik Fall,15.8181,-16.1817,PPL,13,,0,,,1
13504782,Nguiliwène,Nguiliwene,14.98028,-16.50243,PPL,03,2254315,0,,,1
2251245,Nguilo Peul,NguiloPeul,14.99402,-15.79417,PPL,13,,0,,,1
2247336,Nguimbou,Nguimbou,15.5,-16.26667,PPL,13,,0,,,1
2247335,Nguimmbou,Nguimmbou,15.18333,-16.33333,PPL,07,,0,,,1
13658170,Nguindor,Nguindor,13.92975,-16.03727,PPL,10,2250807,0,,,1
2247333,Nguiniène,Nguiniene,15.13333,-16.35,PPL,07,,0,,,1
2247331,Nguiobène,Nguiobene,15.65,-16.16667,PPL,13,,0,,,1
13507307,Nguithie,Nguithie,14.51981,-16.18649,PPL,09,7670866,0,,,1
13506787,Nguithie Tiandigué,NguithieTiandigue,14.73437,-16.53242,PPL,03,2254315,0,,,1
2247330,Nguité,Nguite,14.51667,-16.9,PPL,07,,0,,,1
13506763,Nguèdj,Nguedj,14.52494,-16.70351,PPL,07,2248478,0,,,1
13507291,Nguèdj Mone,NguedjMone,14.63054,-16.17581,PPL,03,2252312,0,,,1
13506722,Nguèmé Issa,NguemeIssa,14.68049,-16.64738,PPL,07,2244804,0,,,1
13506699,Nguèmé Yadiana,NguemeYadiana,14.6898,-16.613,PPL,07,2244804,0,,,1
2247371,Nguène,Nguene,15.56667,-16.33333,PPL,13,,0,,,3
2247372,Nguène,Nguene,15.48333,-16.08333,PPL,13,,0,,,3
2595553,Nguène,Nguene,14.7409,-17.13841,PPLX,01,,0,,,3
2247368,Nguène Sèye,Nguene Seye,15.3587,-16.2283,PPL,13,,0,,,1
2596012,Nguènt Nawar,Nguent Nawar,16.16083,-16.27222,PPL,14,,0,,,1
13508519,Nguès,Ngues,14.38291,-16.39736,PPL,09,7670866,0,,,1
2247356,Nguèssine,Nguessine,14.27974,-16.58784,PPL,09,,0,,,1
2247346,Nguèyène,Ngueyene,15.6979,-15.9398,PPL,13,,0,,,3
2247347,Nguèyène,Ngueyene,15.58333,-16.31667,PPL,13,,0,,,3
2247348,Nguèyène,Ngueyene,15.4412,-15.9906,PPL,13,,0,,,3
2247384,Nguébal,Nguebal,15.35,-16.58333,PPL,13,,0,,,1
2247382,Nguébel,Nguebel,15.08333,-16.2,PPL,13,,0,,,1
2247383,Nguébé,Nguebe,14.73333,-15.68333,PPL,09,,0,,,1
2251323,Nguédiane,Nguediane,14.44857,-16.71396,PPL,07,,0,,,1
2247343,Nguédj,Nguedj,14.00252,-15.22882,PPL,16,,0,,,1
2247381,Nguékhokh,Nguekhokh,14.51255,-17.00447,PPL,07,,47964,,,1
2247359,Nguékokh,Nguekokh,14.05429,-16.3124,PPL,09,,0,,,3
2247380,Nguékokh,Nguekokh,14.2521,-16.06283,PPL,10,,0,,,3
2247458,Nguékokh,Nguekokh,14.45957,-16.27239,PPL,09,,0,,,3
2595396,Nguékokh Ouolof,Nguekokh Ouolof,14.50791,-17.00507,PPLX,07,,0,,,1
2595397,Nguékokh Sérère,Nguekokh Serere,14.51892,-17.01011,PPLX,07,,0,,,1
2251316,Nguéloba,Ngueloba,14.8584,-15.24071,PPL,13,,0,Pulaar/Fulani,clan/family name root,1
13554019,Nguélodé,Nguelode,14.41028,-15.83281,PPL,09,2251492,0,,,1
13507438,Nguélokh,Nguelokh,14.46914,-16.53696,PPL,09,7670866,0,,,1
2247378,Nguélou,Nguelou,14.37345,-15.95434,PPL,10,,0,,,1
13554025,Nguélou Dissé,NguelouDisse,14.39362,-15.94143,PPL,10,10778869,0,,,1
2251312,Nguélouar,Nguelouar,15.0605,-15.2187,PPL,13,,0,,,1
13554443,Nguémé,Ngueme,14.21852,-15.99657,PPL,10,10778869,0,,,1
2247369,Nguéniène,Ngueniene,14.27323,-16.75134,PPL,07,,0,,,1
13507351,Nguéniène Peul,NguenienePeul,14.3019,-16.82252,PPL,07,2248478,0,,,1
2247370,Nguénèna,Nguenena,15.375,-15.1204,PPL,13,,0,,,1
2247366,Nguéoul Louto,Ngueoul Louto,15.15,-16.55,PPL,07,,0,,,1
2247360,Nguéralo,Ngueralo,15.15,-16.16667,PPL,13,,0,,,1
2247212,Nguérane,Nguerane,14.68543,-16.05452,PPL,03,,0,,,1
13507437,Nguérane Deux,NgueraneDeux,14.48841,-16.56836,PPL,07,2248478,0,,,1
13507430,Nguérane Un,NgueraneUn,14.49447,-16.57141,PPL,07,2248478,0,,,1
2247353,Nguévik,Nguevik,13.9,-15.85,PPL,10,,0,,,1
13504695,Nguéwar,Nguewar,14.98864,-16.73992,PPL,07,2244388,0,,,2
13505455,Nguéwar,Nguewar,14.76113,-16.47007,PPL,03,2254315,0,,,2
2247352,Nguéye Dili,Ngueye Dili,15.6,-16.21667,PPL,13,,0,,,1
2251270,Nguéye Nguéye,Ngueye Ngueye,15.2767,-16.4507,PPL,07,,0,,,1
2247349,Nguéyène,Ngueyene,15.4,-16.28333,PPL,13,,0,,,5
2247350,Nguéyène,Ngueyene,13.9,-14.56667,PPL,05,,0,,,5
2247351,Nguéyène,Ngueyene,13.81667,-14.63333,PPL,05,,0,,,5
2247473,Nguéyène,Ngueyene,14.76155,-16.08722,PPL,03,,0,,,5
2251320,Nguéyène,Ngueyene,13.60008,-15.99071,PPL,10,,0,,,5
13658694,Nguéyène Djim,Ngueyene Djim,13.7269,-16.06676,PPL,10,2247158,0,,,1
13504756,Nguéyène Momar,NgueyeneMomar,14.9656,-16.71547,PPL,07,2244388,0,,,1
2251578,Ngâba,Ngaba,14.18864,-15.29859,PPL,16,,0,Pulaar/Fulani,clan/family name root,1
2247457,Ngéoul,Ngeoul,15.45,-16.3,PPL,13,,0,,,1
13504676,Ngôgom,Ngogom,14.77489,-16.60786,PPL,03,2254315,0,,,1
2247329,Nhar,Nhar,14.48333,-13.53333,PPL,15,,0,,,1
2247328,Niabardo,Niabardo,14.26667,-14.7,PPL,16,,0,,,1
2248198,Niadioto,Niadioto,13.03263,-16.16084,PPL,12,,0,,,1
2247326,Niadiou,Niadiou,12.51667,-16.0,PPL,12,,0,,,1
2247327,Niadième,Niadieme,12.84333,-15.86917,PPL,18,,0,,,1
2595948,Niaf Nangou,Niaf Nangou,14.9435,-17.11241,PPL,07,,0,,,1
2247319,Niafarang,Niafarang,13.04442,-16.72942,PPL,12,2253903,0,,,1
2247321,Niafor,Niafor,12.51972,-15.64778,PPL,18,,0,,,1
2247320,Niafougne,Niafougne,13.25,-15.61667,PPL,18,,0,,,1
2247322,Niaféna,Niafena,12.46361,-16.14028,PPL,12,,0,,,1
2247318,Niaga,Niaga,14.81219,-17.25072,PPL,01,,0,,,1
2595835,Niaga Peul,Niaga Peul,14.82639,-17.24252,PPL,01,,0,,,1
2247317,Niagalankomé,Niagalankome,12.41289,-11.98908,PPL,17,,0,,,1
2247316,Niaganar,Niaganar,12.76639,-16.50417,PPL,12,,0,,,1
2247315,Niagane,Niagane,15.23333,-16.38333,PPL,07,,0,,,1
2247314,Niagne,Niagne,14.33333,-16.56667,PPL,09,,0,,,1
2247313,Niagniène,Niagniene,13.78333,-15.93333,PPL,10,,0,,,1
2247311,Niaguis,Niaguis,12.56917,-16.17361,PPL,12,,0,,,1
2247310,Niahène,Niahene,14.0254,-15.18721,PPL,16,,0,,,1
2247309,Niaka,Niaka,15.29512,-14.90729,PPL,13,,0,,,1
2247308,Niakabana,Niakabana,13.38438,-11.67522,PPL,05,,0,,,1
2247306,Niakaré,Niakare,12.73333,-14.13333,PPL,11,,0,,,1
13504590,Niakha,Niakha,14.91849,-16.79141,PPL,07,2244388,0,,,1
13505586,Niakhal Libas,NiakhalLibas,14.99135,-16.22752,PPL,07,2244388,0,,,1
13505531,Niakhal Matar,NiakhalMatar,14.9923,-16.24355,PPL,07,2244388,0,,,1
13504734,Niakhap,Niakhap,14.7892,-16.51505,PPL,03,2254315,0,,,1
2247304,Niakhar,Niakhar,14.4817,-16.39887,PPL,09,,0,,,1
2247224,Niakhib,Niakhib,14.82317,-17.04414,PPL,07,,0,,,1
2595906,Niakhib Wolof,Niakhib Wolof,14.82514,-17.05089,PPL,07,,0,,,1
2247303,Niakhène,Niakhene,15.0735,-16.3453,PPL,07,,0,,,1
2247302,Niakhène Darou,Niakhene Darou,15.06667,-16.31667,PPL,07,,0,,,1
2247301,Niakhène Diama,Niakhene Diama,15.06667,-16.33333,PPL,07,,0,,,1
2247300,Niakobédé,Niakobede,12.7,-14.08333,PPL,11,,0,,,1
2247298,Niakoul Rab,Niakoul Rab,14.78421,-17.27361,PPL,01,,41570,,,1
2247297,Niakounda,Niakounda,12.53333,-15.61667,PPL,18,,0,,,1
2247296,Niala Baoudé,Niala Baoude,14.31667,-13.73333,PPL,05,,0,,,1
2247294,Nialokan,Nialokan,13.06667,-15.91667,PPL,12,,0,,,1
2247293,Nialon,Nialon,12.365,-16.70833,PPL,12,,0,,,1
2247291,Nialor,Nialor,12.85,-16.2,PPL,12,,0,,,1
2247290,Nialoumbel Tiaské,Nialoumbel Tiaske,15.03457,-14.76109,PPL,13,,0,,,1
2247295,Nialé,Niale,13.07045,-16.17476,PPL,12,,0,,,1
13506779,Niama,Niama,14.70336,-16.68749,PPL,07,2244804,0,,,1
2247286,Niamaya,Niamaya,13.16394,-11.95187,PPL,17,,0,,,1
2247231,Niambouguel,Niambouguel,14.46797,-15.98046,PPL,09,,0,,,1
13509096,Niamdiarokh,Niamdiarokh,14.1979,-16.44362,PPL,09,7670866,0,,,1
2247284,Niamina,Niamina,15.4701,-15.4946,PPL,13,,0,,,2
2247285,Niamina,Niamina,15.01667,-16.66667,PPL,07,,0,,,2
2247283,Niaming,Niaming,13.31667,-14.75,PPL,11,,0,,,1
2247282,Niamnioro,Niamnioro,14.18406,-16.45237,PPL,09,,0,,,1
2247281,Niamone,Niamone,12.7425,-16.33444,PPL,12,,0,,,1
2247279,Nianakounda,Nianakounda,13.66667,-13.65,PPL,05,,0,,,1
2247277,Nianao,Nianao,12.71667,-14.16667,PPL,11,,0,,,1
2247276,Nianbalan,Nianbalan,12.45278,-16.51778,PPL,12,,0,,,1
2247274,Niandane,Niandane,16.58887,-14.9953,PPL,14,,0,,,2
2247275,Niandane,Niandane,12.66389,-16.14361,PPL,12,,0,,,2
2247273,Niandassara,Niandassara,12.88333,-12.01667,PPL,17,,0,,,1
2247272,Niandianki,Niandianki,12.96278,-15.64611,PPL,18,,0,,,1
2247271,Niandiem,Niandiem,15.5018,-15.6607,PPL,13,,0,,,1
2247270,Niandinndia Dimbel,Niandinndia Dimbel,12.71667,-14.48333,PPL,11,,0,,,1
2247269,Niandouba,Niandouba,12.9,-13.96667,PPL,11,,0,Pulaar/Fulani,clan/family name root,1
2247140,Niandoul,Niandoul,15.3595,-15.5389,PPL,13,,0,,,2
2247268,Niandoul,Niandoul,15.7,-16.36667,PPL,13,,0,,,2
2247266,Niang,Niang,16.51246,-14.91714,PPL,14,,0,,,1
2247260,Niang Ouade,Niang Ouade,15.15,-16.78333,PPL,07,,0,,,1
2247258,Niang Tass,Niang Tass,15.16667,-16.78333,PPL,07,,0,,,1
2247265,Nianga,Nianga,12.70806,-15.2675,PPL,18,,0,,,1
2247264,Niangana Kolel,Niangana Kolel,14.73809,-12.67829,PPL,15,,0,,,1
2247263,Niangana Tiédel,Niangana Tiedel,14.729,-12.68948,PPL,15,,0,,,1
2247261,Niangola,Niangola,12.73333,-16.15,PPL,12,,0,,,1
2247259,Niangouré,Niangoure,12.68333,-14.11667,PPL,11,,0,,,1
2247249,Nianguimoni,Nianguimoni,12.41667,-11.98333,PPL,17,,0,,,1
13658748,Nianguit,Nianguit,13.00758,-16.30195,PPL,12,2253903,0,,,1
2247253,Nianguène,Nianguene,15.4,-16.05,PPL,13,,0,,,6
2247254,Nianguène,Nianguene,15.28333,-16.06667,PPL,13,,0,,,6
2247255,Nianguène,Nianguene,14.06007,-15.64925,PPL,16,,0,,,6
2247312,Nianguène,Nianguene,14.79626,-15.77741,PPL,03,,0,,,6
13507231,Nianguène,Nianguene,14.6891,-16.0646,PPL,03,2248699,0,,,6
13507261,Nianguène,Nianguene,14.74928,-16.18477,PPL,03,2252312,0,,,6
2247250,Nianguène Bambara,NiangueneBambara,14.13216,-15.4555,PPL,16,,0,,,1
2247252,Nianguène Peul,Nianguene Peul,15.825,-16.31722,PPL,13,,0,,,1
2247251,Nianguène Wolof,NiangueneWolof,14.12299,-15.43238,PPL,16,,0,,,1
2247257,Niangué,Niangue,14.42964,-16.0422,PPL,09,,0,,,1
2247256,Niangué Dakhar,NiangueDakhar,14.90521,-16.67192,PPL,07,,0,,,1
2247278,Nianiane,Nianiane,14.42645,-16.42253,PPL,09,,0,,,1
13504795,Nianiar,Nianiar,14.78915,-16.59731,PPL,03,2254315,0,,,2
13507340,Nianiar,Nianiar,14.40387,-16.86063,PPL,07,2248478,0,,,2
2247246,Nianing,Nianing,14.34485,-16.92676,PPL,07,,0,,,1
2247244,Nianing Boro,Nianing Boro,14.33333,-16.91667,PPL,07,,0,,,1
2247243,Nianka,Nianka,14.84165,-15.90719,PPL,03,,0,,,1
2247242,Niankite,Niankite,12.97194,-16.22694,PPL,12,,0,,,1
2247241,Nianta,Nianta,13.82903,-16.04014,PPL,10,,0,,,1
13658158,Nianène,Nianene,13.89783,-16.21831,PPL,09,2251792,0,,,1
2247239,Niaoulé,Niaoule,16.66358,-14.99931,PPL,14,,0,,,2
2247240,Niaoulé,Niaoule,13.48333,-13.65,PPL,05,,0,,,2
2247236,Niaoulé Bayéko,Niaoule Bayeko,13.63333,-13.53333,PPL,05,,0,,,1
2247235,Niaoump,Niaoump,12.97694,-15.86472,PPL,18,,0,,,1
2247234,Niapa Balla,Niapa Balla,13.86667,-15.98333,PPL,10,,0,,,1
2247233,Niapa Ndiagne,Niapa Ndiagne,13.88153,-16.00319,PPL,10,,0,,,1
2247232,Niapa Santhie,Niapa Santhie,13.89087,-16.01001,PPL,10,,0,,,1
2247230,Niapo,Niapo,12.85,-14.03333,PPL,11,,0,,,1
2247229,Niarabourou,Niarabourou,12.88333,-12.45,PPL,17,,0,,,1
13551565,Niaraniou,Niaraniou,14.99702,-15.7219,PPL,13,2249283,0,,,1
2247228,Niaret,Niaret,15.91667,-16.35,PPL,14,,0,,,1
13554094,Niarguél,Niarguel,14.42217,-15.27793,PPL,16,10778871,0,,,1
2247225,Niarhène,Niarhene,14.81667,-16.06667,PPL,03,,0,,,1
2595731,Niari Tali,Niari Tali,14.71139,-17.45306,PPLX,01,,0,,,1
2247221,Niassanté,Niassante,16.16444,-15.55639,PPL,14,,0,,,1
2247220,Niassarang,Niassarang,12.89306,-16.25861,PPL,12,,0,,,1
2247216,Niassène,Niassene,13.95188,-16.23135,PPL,09,,0,,,4
2247217,Niassène,Niassene,16.00833,-16.16417,PPL,14,,0,,,4
2247218,Niassène,Niassene,15.26667,-16.06667,PPL,13,,0,,,4
2247219,Niassène,Niassene,12.74778,-15.895,PPL,18,,0,,,4
2247214,Niaye,Niaye,14.86667,-15.68333,PPL,13,,0,,,1
2247305,Niaye Khaye,Niaye Khaye,14.64485,-17.14072,PPL,01,,0,,,1
2595223,Niaye Ndiorane,Niaye Ndiorane,14.78553,-17.31285,PPLX,01,,0,,,1
2595755,Niaye Tioker,Niaye Tioker,14.6725,-17.44361,PPLX,01,,0,,,1
2247213,Niayène,Niayene,13.6,-15.95,PPL,10,,0,,,1
2247323,Niaéré,Niaere,13.13312,-16.29446,PPL,12,,0,,,1
2247209,Nibane,Nibane,14.96102,-15.65702,PPL,13,,0,,,1
2247208,Nibré Ba,Nibre Ba,14.95,-15.78333,PPL,03,,0,Pulaar/Fulani,clan/family name root,1
13658696,Nidji,Nidji,13.67262,-16.14637,PPL,10,2247158,0,,,1
2247205,Niedine,Niedine,12.73333,-13.01667,PPL,17,,0,,,1
2247202,Nieng,Nieng,15.18333,-16.4,PPL,07,,0,,,1
13658197,Nienghène Ibra,Nienghene Ibra,13.8128,-16.12187,PPL,10,2247158,0,,,1
2247194,Niet,Niet,14.75,-16.63333,PPL,07,,0,,,1
2247189,Nimzat,Nimzat,15.261,-15.9818,PPL,13,,0,,,3
2595799,Nimzat,Nimzat,14.72291,-17.27918,PPLX,01,,0,,,3
2595823,Nimzat,Nimzat,14.776,-17.36934,PPLX,01,,0,,,3
11002868,Ninefecha,Ninefecha,12.53872,-12.3106,PPL,05,,0,,,1
2247185,Ninnkidi,Ninnkidi,13.0,-14.23333,PPL,11,,0,,,1
2247184,Niobel,Niobel,14.8,-16.25,PPL,03,,0,,,1
2247183,Niodior,Niodior,13.85827,-16.72332,PPL,09,,0,,,1
13645312,Niokhop,Niokhop,14.89756,-17.14195,PPL,07,2244804,0,,,1
2247299,Niokhoul,Niokhoul,15.297,-16.528,PPL,13,,0,,,1
2247181,Niokolo-Koba,Niokolo-Koba,13.07712,-12.72712,PPL,05,,0,Pulaar/Fulani,clan/family name root,1
2247176,Niokoul Ndiaba,Niokoul Ndiaba,15.3,-16.55,PPL,13,,0,Pulaar/Fulani,clan/family name root,1
13507038,Niokèt,Nioket,14.71635,-16.44732,PPL,03,2254315,0,,,1
2247170,Niom Dadè,Niom Dade,15.3891,-15.9366,PPL,13,,0,,,1
2247173,Niomar,Niomar,14.46797,-16.72165,PPL,07,,0,,,2
2247174,Niomar,Niomar,14.43333,-16.7,PPL,07,,0,,,2
2247171,Niombré,Niombre,15.1173,-15.9085,PPL,13,,0,,,1
2247169,Niomoune,Niomoune,12.63944,-16.65667,PPL,12,,0,,,1
2247172,Niomré,Niomre,14.45478,-16.00242,PPL,09,,0,,,1
2247168,Niomré Lo,Niomre Lo,15.6732,-16.1175,PPL,13,,0,,,1
2247167,Nionaga,Nionaga,12.41604,-11.71868,PPL,17,,0,,,1
2247165,Nionbré,Nionbre,14.4,-15.98333,PPL,09,,0,,,1
13508586,Niondoun,Niondoun,14.42828,-16.43605,PPL,09,7670866,0,,,1
2247164,Niorki,Niorki,12.91778,-15.97972,PPL,18,,0,,,1
2247161,Nioro,Nioro,13.5,-15.05,PPL,11,,0,,,3
2247162,Nioro,Nioro,13.28333,-14.11667,PPL,11,,0,,,3
2247163,Nioro,Nioro,12.64389,-15.3825,PPL,18,,0,,,3
2247159,Nioro Alassane Tal,Nioro Alassane Tal,13.77687,-16.33693,PPL,09,,0,,,1
2247157,Nioro du Rip,Nioro du Rip,13.75,-15.8,PPL,10,,20784,,,1
2247147,Niou Nayerou,Niou Nayerou,14.61667,-14.86667,PPL,16,,0,,,1
2247144,Niou Sogui,Niou Sogui,15.41667,-16.65,PPL,13,,0,,,1
2247153,Nioufaye,Nioufaye,13.26667,-13.2,PPL,05,,0,,,1
2247152,Nioufène,Nioufene,15.31667,-16.16667,PPL,13,,0,,,1
2247150,Niouki,Niouki,15.11667,-16.43333,PPL,07,,0,,,2
2247151,Niouki,Niouki,15.0119,-15.5834,PPL,13,,0,,,2
2247149,Nioukou,Nioukou,15.477,-15.1345,PPL,13,,0,,,1
2247146,Niounhani,Niounhani,13.16667,-13.2,PPL,05,,0,,,1
13552819,Nis,Nis,14.54128,-15.82584,PPL,09,2251492,0,,,1
2247143,Nissi,Nissi,12.66167,-16.74528,PPL,12,,0,,,1
2247204,Nièm,Niem,15.61667,-16.26667,PPL,13,,0,,,1
2247195,Nièr Ouolof,Nier Ouolof,15.35,-16.16667,PPL,13,,0,,,1
2247206,Niédiné,Niedine,12.7,-13.03333,PPL,17,,0,,,1
2247207,Niédébel,Niedebel,14.53219,-12.28274,PPL,05,,0,,,1
2247203,Niéméniké,Niemenike,13.00923,-12.54989,PPL,17,,0,,,1
2247201,Niéniéné,Nieniene,12.75,-14.51667,PPL,11,,0,,,1
2247200,Niénoko,Nienoko,13.54733,-11.98019,PPL,05,,0,,,1
2247199,Niépi Samba,Niepi Samba,13.48333,-15.13333,PPL,11,,0,Pulaar/Fulani,clan/family name root,1
2247198,Niéri,Nieri,15.1464,-15.0823,PPL,13,,0,,,1
2247197,Niéri Diofé,Nieri Diofe,14.78333,-15.7,PPL,09,,0,,,1
2247193,Niéti-Yone,Nieti-Yone,16.34028,-15.86972,PPL,14,,0,,,1
7576098,Njagabaar,Njagabaar,16.35229,-16.27681,PPLF,14,,0,,,1
2247139,Noamlo,Noamlo,15.4,-16.38333,PPL,13,,0,,,1
2247137,Nobandane,Nobandane,14.31862,-16.69715,PPL,09,,0,,,1
2247135,Nobi,Nobi,15.7873,-15.6387,PPL,13,,0,,,1
2247134,Noflaye,Noflaye,14.75,-17.2,PPL,01,,0,,,2
2595843,Noflaye,Noflaye,14.78609,-17.20923,PPL,01,,0,,,2
2247132,Nolk Diabé,Nolk Diabe,15.9696,-15.2899,PPL,13,,0,,,1
2247131,Nopi Birama,Nopi Birama,15.36665,-15.58772,PPL,13,,0,,,1
2596000,Nord,Nord,16.03542,-16.50435,PPLX,14,,0,,,1
2247128,Noto,Noto,14.69799,-16.87874,PPL,07,,0,,,1
2247127,Noto Gouye Diama,Noto Gouye Diama,14.99224,-17.00837,PPL,07,,0,,,1
2247126,Noualko,Noualko,15.9991,-15.0037,PPL,14,,0,,,1
2248151,Noubou,Noubou,12.4801,-12.8147,PPL,05,,0,,,1
2247124,Nougouwel,Nougouwel,14.58358,-15.96196,PPL,03,,0,,,1
2247123,Noumoufoukha,Noumoufoukha,12.47131,-11.48237,PPL,17,,600,,,1
2247122,Noumouyél,Noumouyel,13.7,-13.36667,PPL,05,,0,,,1
2595505,Noung Ndout,Noung Ndout,14.68116,-17.09866,PPL,07,,0,,,1
2247120,Ntiagar,Ntiagar,16.4825,-15.85889,PPL,14,,0,,,1
2247991,Ntiago,Ntiago,16.39333,-15.72639,PPL,14,,0,,,1
2247116,Nyassia,Nyassia,12.47056,-16.38278,PPL,12,,0,,,1
2247115,Nyikine,Nyikine,12.53444,-16.75444,PPL,12,,0,,,1
2247584,Nèguè,Negue,15.7,-15.5798,PPL,13,,0,,,1
2247586,Nébodji,Nebodji,14.92927,-15.73944,PPL,13,,0,,,1
13514618,Nébé Sérèr,NebeSerer,14.61252,-16.1934,PPL,03,2252312,0,,,1
2247587,Nébé Teug,NebeTeug,14.6096,-16.19071,PPL,03,,0,,,1
13554547,Néf,Nef,14.16671,-15.73414,PPL,16,10778870,0,,,1
2247585,Négodié,Negodie,12.48333,-12.58333,PPL,17,,0,,,1
6917743,Néguébakho,Neguebakho,12.824,-12.4398,PPL,17,,0,,,1
2247583,Nékhé,Nekhe,15.05,-16.43333,PPL,07,,0,,,1
2247582,Nékoum,Nekoum,15.2157,-14.7192,PPL,13,,0,,,1
2247573,Néma,Nema,13.86667,-15.61667,PPL,16,,0,,,4
2247575,Néma,Nema,13.46667,-13.68333,PPL,05,,0,,,4
2247577,Néma,Nema,12.89417,-15.52861,PPL,18,,0,,,4
2247578,Néma,Nema,12.66667,-12.05,PPL,17,,0,,,4
2247574,Néma Bâ,Nema Ba,13.73811,-16.47853,PPL,09,,0,Pulaar/Fulani,clan/family name root,1
2247571,Néma Diassor,Nema Diassor,13.01667,-15.58333,PPL,18,,0,,,1
2247570,Néma Dimbel,Nema Dimbel,12.73333,-14.33333,PPL,11,,0,,,1
2247576,Néma Djinaré,Nema Djinare,13.08352,-16.29527,PPL,12,,0,,,1
2247569,Néma Nding,Nema Nding,13.7136,-16.42642,PPL,09,,0,,,1
2247564,Némataba,Nemataba,13.58333,-13.91667,PPL,05,,0,Pulaar/Fulani,clan/family name root,4
2247565,Némataba,Nemataba,13.56667,-13.88333,PPL,05,,0,Pulaar/Fulani,clan/family name root,4
2247566,Némataba,Nemataba,13.21667,-14.08333,PPL,11,,0,Pulaar/Fulani,clan/family name root,4
2247567,Némataba,Nemataba,12.76667,-15.01667,PPL,11,,0,Pulaar/Fulani,clan/family name root,4
2247563,Némataba Mandingue,Nemataba Mandingue,12.78111,-15.01889,PPL,11,,0,,,1
2247562,Némourato,Nemourato,12.88083,-15.00667,PPL,11,,0,,,1
2247561,Nénèt,Nenet,16.43563,-14.80434,PPL,14,,0,,,1
13509063,Néné,Nene,14.27268,-16.22009,PPL,10,2250807,0,,,1
2247560,Néouatar,Neouatar,15.18333,-16.43333,PPL,07,,0,,,1
2247558,Népen Diakha,Nepen Diakha,12.3948,-12.5567,PPL,17,,0,,,1
2247557,Népen Peul,Nepen Peul,12.3869,-12.5472,PPL,17,,0,,,1
2247556,Nérane,Nerane,14.3154,-16.4444,PPL,09,,0,,,2
13508568,Nérane,Nerane,14.42667,-16.48884,PPL,09,7670866,0,,,2
2247554,Néssennguèye,Nessenngueye,15.31667,-16.3,PPL,13,,0,,,1
2247551,Néti Daga Peul,NetiDagaPeul,14.12685,-15.6259,PPL,16,,0,,,1
2247550,Néto,Neto,13.1,-14.2,PPL,11,,0,,,1
13504665,Néwrane,Newrane,14.79281,-16.63971,PPL,07,2244804,0,,,1
2247141,N’Jalal,N'Jalal,13.61667,-14.46667,PPL,05,,0,,,1
11101616,N’diareme limamoulaye,N'diareme limamoulaye,14.78148,-17.3841,PPL,01,,35171,,,1
2247111,Odioldou,Odioldou,15.31667,-13.86667,PPL,15,,0,,,1
2247110,Odiolé,Odiole,15.01507,-14.97021,PPL,13,,0,,,1
2247108,Odobéré,Odobere,15.56142,-13.09862,PPL,15,,6029,,,1
2247105,Ogo,Ogo,15.55163,-13.29683,PPL,15,,0,,,2
2247106,Ogo,Ogo,14.58333,-15.83333,PPL,03,,0,,,2
2247096,Olol,Olol,16.32384,-14.19572,PPL,14,,0,,,1
2247095,Ololdou,Ololdou,14.83198,-12.52344,PPL,05,,0,,,1
2247093,Omoul Kouré,Omoul Koure,12.80083,-15.06722,PPL,12,,0,,,1
13507347,Oncad,Oncad,14.42034,-16.94564,PPL,07,2248478,0,,,1
2247092,Ontorbé,Ontorbe,15.70275,-13.41997,PPL,15,,0,,,1
2247085,Orkadiéré,Orkadiere,15.28211,-12.96114,PPL,15,,0,,,1
2247084,Orndoldé,Orndolde,15.48333,-13.1,PPL,15,,0,,,1
6611633,Ornoldé,Ornolde,15.48587,-12.96966,PPL,15,,0,,,1
2247090,Oré,Ore,14.26667,-14.88333,PPL,16,,0,,,1
2247087,Orétiendi,Oretiendi,12.95,-14.01667,PPL,11,,0,,,1
2247046,Oua Oua,Oua Oua,16.60923,-14.5028,PPL,14,,0,,,1
2247083,Ouada,Ouada,14.6616,-16.03842,PPL,03,,0,,,1
2247081,Ouadane,Ouadane,15.78333,-16.16667,PPL,13,,0,,,2
2247082,Ouadane,Ouadane,15.3,-16.23333,PPL,13,,0,,,2
2247078,Ouadia,Ouadia,14.98333,-16.3,PPL,03,,0,,,1
2247076,Ouadiour,Ouadiour,14.43625,-16.0543,PPL,09,,0,,,1
2247075,Ouadjourou,Ouadjourou,14.81667,-15.71667,PPL,03,,0,,,1
2247073,Ouafé Engo,Ouafe Engo,15.0194,-15.8659,PPL,13,,0,,,1
2247071,Ouagbache,Ouagbache,14.51667,-16.46667,PPL,09,,0,,,1
2595730,Ouagou Niaye,Ouagou Niaye,14.70917,-17.44917,PPLX,01,,0,,,1
8133376,Ouakam,Ouakam,14.72389,-17.48917,PPL,01,,0,,,1
2247067,Ouakha Lèye,Ouakha Leye,15.6,-16.46667,PPL,13,,0,,,1
2247068,Ouakhal,Ouakhal,15.73333,-16.36667,PPL,13,,0,,,1
2247066,Ouaki,Ouaki,15.51667,-16.06667,PPL,13,,0,,,1
2247062,Oualaldé,Oualalde,16.50625,-14.20368,PPL,14,,3224,,,1
2247057,Ouali-Diala,Ouali-Diala,16.59737,-14.94237,PPL,14,,0,,,1
2247059,Oualia,Oualia,13.53333,-14.38333,PPL,05,,0,,,1
2247065,Ouallah,Ouallah,16.2178,-13.97329,PPL,14,,0,,,1
2247051,Ouandé,Ouande,16.37409,-14.20189,PPL,14,,0,,,1
2247045,Ouaoulou Sal,Ouaoulou Sal,15.51667,-16.35,PPL,13,,0,,,1
2247043,Ouapa,Ouapa,15.0123,-14.3975,PPL,15,,0,,,1
2247040,Ouarak,Ouarak,15.51173,-16.05817,PPL,13,,0,,,3
2247041,Ouarak,Ouarak,15.46667,-16.18333,PPL,13,,0,,,3
2247042,Ouarak,Ouarak,15.31667,-16.15,PPL,13,,0,,,3
2247037,Ouarga,Ouarga,15.4,-16.33333,PPL,13,,0,,,1
2247035,Ouarkhokh,Ouarkhokh,15.3812,-15.2352,PPL,13,,0,,,1
2247034,Ouarti,Ouarti,14.71667,-15.96667,PPL,03,,0,,,1
2247038,Ouarène,Ouarene,15.8,-16.1,PPL,13,,0,,,1
2247031,Ouassa-Ouassa,Ouassa-Ouassa,13.65336,-12.04179,PPL,05,,0,,,1
2247033,Ouassadou,Ouassadou,13.23333,-13.81667,PPL,11,,0,,,1
2247029,Ouassoul,Ouassoul,16.48111,-16.0175,PPL,14,,0,,,1
2247028,Ouassoumassal,Ouassoumassal,15.68333,-16.58333,PPL,13,,0,,,1
2247027,Ouatef,Ouatef,15.25,-16.56667,PPL,13,,0,,,1
2247025,Oubadji,Oubadji,12.66667,-13.06667,PPL,17,,0,,,1
2247022,Oubol,Oubol,14.48574,-12.30133,PPL,05,,0,,,1
2247023,Oubème,Oubeme,12.84917,-16.1925,PPL,12,,0,,,1
2593151,Oudiéring,Oudiering,13.67384,-16.56543,PPL,09,,0,,,1
2247016,Oudoukar,Oudoukar,12.875,-15.33028,PPL,18,,0,,,1
2247015,Oudourou,Oudourou,15.84237,-13.30479,PPL,15,,0,,,1
2247013,Ouer Kerra,Ouer Kerra,14.4,-14.86667,PPL,16,,0,,,1
2247011,Ougonor,Ougonor,13.02268,-16.13758,PPL,12,,0,,,1
2247010,Ouinndiou,Ouinndiou,12.66667,-13.1,PPL,17,,0,,,1
2247009,Oukout,Oukout,12.47694,-16.55806,PPL,12,,0,,,1
2247006,Oulampane,Oulampane,12.95611,-15.99278,PPL,12,,0,,,1
2247005,Ouldé,Oulde,15.22209,-12.89843,PPL,15,,0,,,1
2247002,Ouli Boye,Ouli Boye,15.681,-15.174,PPL,13,,0,,,1
2247000,Oulogoré,Oulogore,12.98333,-11.88333,PPL,17,,0,,,1
2246997,Ouloum,Ouloum,12.57194,-16.73861,PPL,12,,0,,,1
2246996,Ouloum Baba,Ouloum Baba,15.00214,-12.62002,PPL,15,,0,Pulaar/Fulani,clan/family name root,1
13658778,Ouloumba,Ouloumba,13.14811,-16.06292,PPL,12,2253903,0,Pulaar/Fulani,clan/family name root,1
2247004,Oulélo,Oulelo,12.93333,-16.46667,PPL,12,,0,,,1
2246995,Ouman,Ouman,12.75,-13.83333,PPL,11,,0,,,1
2246994,Oumana,Oumana,13.13333,-15.51667,PPL,18,,0,,,1
2246993,Oumbaré,Oumbare,13.71946,-12.41026,PPL,05,,0,,,1
2246992,Oumpountou,Oumpountou,12.53333,-16.25,PPL,12,,0,,,1
2246990,Oundiou,Oundiou,12.55667,-15.89306,PPL,18,,0,,,1
2246988,Oundou Baba,Oundou Baba,14.96537,-12.61181,PPL,05,,0,Pulaar/Fulani,clan/family name root,1
2246985,Oundou Doupoul,Oundou Doupoul,15.1927,-15.3076,PPL,13,,0,,,1
2246987,Oundoudou,Oundoudou,13.7,-13.51667,PPL,05,,0,,,1
2246986,Oundoudou Niakandiata,Oundoudou Niakandiata,13.68333,-13.53333,PPL,05,,0,,,1
2246984,Oundouféré,Oundoufere,12.71667,-13.05,PPL,17,,0,,,1
2246982,Oundoumané,Oundoumane,12.88333,-14.56667,PPL,11,,0,,,1
2246981,Oundoundou Amadou Baba,Oundoundou Amadou Baba,13.66667,-13.55,PPL,05,,0,Pulaar/Fulani,clan/family name root,1
2246980,Oundoundou Amirou,Oundoundou Amirou,13.65,-13.55,PPL,05,,0,,,1
2246978,Ouniok,Ouniok,12.98139,-16.15556,PPL,12,,0,,,1
2246976,Ouok Ouok,Ouok Ouok,14.08333,-13.86667,PPL,05,,0,,,1
2246974,Ouonk,Ouonk,12.71,-16.05556,PPL,12,,0,,,1
2571786,Oupeut,Oupeut,13.16034,-16.25778,PPL,12,,0,,,1
2246971,Oupouèle,Oupouele,12.98944,-16.38444,PPL,12,,0,,,1
2246911,Oura Soulé,Oura Soule,14.49879,-12.39185,PPL,05,,0,,,1
2246968,Ouri Moudiri,Ouri Moudiri,14.2,-13.76667,PPL,05,,0,,,1
2246964,Ouro Aldiouma,Ouro Aldiouma,15.53311,-13.39199,PPL,15,,0,,,1
2246963,Ouro Alfa,Ouro Alfa,14.28333,-13.76667,PPL,05,,0,,,1
2246960,Ouro Ali,Ouro Ali,14.46667,-13.63333,PPL,15,,0,,,2
2246961,Ouro Ali,Ouro Ali,14.08333,-13.85,PPL,05,,0,,,2
2246959,Ouro Amat,Ouro Amat,14.85,-13.03333,PPL,15,,0,,,2
6647961,Ouro Amat,Ouro Amat,14.84442,-12.97325,PPL,05,,0,,,2
2246955,Ouro Baïdi,Ouro Baidi,14.31667,-16.31667,PPL,09,,0,,,2
2254417,Ouro Baïdi,Ouro Baidi,16.49552,-14.93763,PPL,14,,0,,,2
2246957,Ouro Baïdi Diénaba,Ouro Baidi Dienaba,14.14359,-12.73436,PPL,05,,0,Pulaar/Fulani,clan/family name root,1
2246954,Ouro Birom,Ouro Birom,16.15912,-14.1843,PPL,14,,0,,,1
2246953,Ouro Boubou,Ouro Boubou,16.58737,-14.78463,PPL,14,,0,,,1
6644064,Ouro Boyba Diallo,Ouro Boyba Diallo,15.07666,-13.29818,PPL,15,,0,Pulaar/Fulani,clan/family name root,1
2246952,Ouro Dabal,Ouro Dabal,14.9,-15.75,PPL,03,,0,,,1
2253313,Ouro Dambal,Ouro Dambal,15.78939,-13.49295,PPL,15,,0,,,1
2246951,Ouro Daouda,Ouro Daouda,14.16941,-12.62513,PPL,05,,0,,,1
2246950,Ouro Demba Binnta,Ouro Demba Binnta,14.01667,-13.7,PPL,05,,0,,,1
2246949,Ouro Demba Niama,Ouro Demba Niama,14.25,-13.75,PPL,05,,0,,,1
2246947,Ouro Dialoubé,Ouro Dialoube,14.18333,-13.8,PPL,05,,0,,,1
6645331,Ouro Diawdi,Ouro Diawdi,16.00799,-13.38059,PPL,15,,0,,,1
2247086,Ouro Diofo,OuroDiofo,14.82738,-15.72585,PPL,03,,0,,,1
2246945,Ouro Idi,Ouro Idi,14.15762,-12.61846,PPL,05,,0,,,1
2246944,Ouro Kaba,Ouro Kaba,14.29998,-12.82327,PPL,05,,0,Pulaar/Fulani,clan/family name root,1
2246942,Ouro Madiou,Ouro Madiou,16.60011,-14.90423,PPL,14,,0,,,1
6644070,Ouro Mamadou,Ouro Mamadou,15.2392,-13.39058,PPL,15,,0,,,1
2246940,Ouro Mamadou Dinba,Ouro Mamadou Dinba,14.09216,-12.63302,PPL,05,,0,Pulaar/Fulani,clan/family name root,1
2246939,Ouro Mamoud,Ouro Mamoud,14.63333,-13.83333,PPL,15,,0,,,1
2246935,Ouro Molo,Ouro Molo,14.15,-13.8,PPL,05,,0,,,1
2246937,Ouro Médoul,Ouro Medoul,14.88333,-15.73333,PPL,03,,0,,,1
2246936,Ouro Môlo,Ouro Molo,16.00638,-13.70311,PPL,14,,0,,,1
2246926,Ouro Sidi,Ouro Sidi,15.42522,-13.17524,PPL,15,,0,,,1
2246925,Ouro Sily,Ouro Sily,13.97403,-12.64789,PPL,05,,0,,,1
2246924,Ouro Singa,Ouro Singa,14.38075,-12.98701,PPL,05,,0,,,1
2246923,Ouro Siré,Ouro Sire,14.4,-13.05,PPL,05,,0,,,1
2246922,Ouro Sogui,Ouro Sogui,15.60588,-13.3223,PPL,15,,27222,,,1
2246920,Ouro Sori,Ouro Sori,14.43333,-15.71667,PPL,16,,0,,,1
2246919,Ouro Sori Dala,Ouro Sori Dala,14.2,-13.8,PPL,05,,0,,,1
2246921,Ouro Soré,Ouro Sore,16.0,-13.66667,PPL,15,,0,,,1
2246929,Ouro Séano,Ouro Seano,14.26667,-13.75,PPL,05,,0,,,1
2246967,Ouro Sébo,Ouro Sebo,15.27452,-13.43505,PPL,15,,0,,,1
2246928,Ouro Sékouro,Ouro Sekouro,14.15,-13.81667,PPL,05,,0,,,1
2246927,Ouro Séno,Ouro Seno,15.4422,-14.9943,PPL,13,,0,,,1
2246918,Ouro Tiédel,Ouro Tiedel,14.33333,-13.83333,PPL,05,,0,,,1
2246913,Ouro Vèndou,Ouro Vendou,15.3204,-15.012,PPL,13,,0,,,1
2246912,Ouro Wali,Ouro Wali,14.25,-13.68333,PPL,05,,0,,,1
2246934,Ourong,Ourong,12.46278,-16.66944,PPL,12,,0,,,1
2246916,Ourou Mboulel,Ourou Mboulel,15.00264,-12.67154,PPL,15,,0,,,1
2246915,Ourour,Ourour,14.32674,-16.03187,PPL,10,,0,,,1
2246910,Ousmane,Ousmane,12.85,-14.66667,PPL,11,,0,,,1
2246909,Ousmane Abdoulaye,Ousmane Abdoulaye,12.88333,-14.95,PPL,11,,0,,,1
2246908,Ousmane Koumba,Ousmane Koumba,13.7,-15.98333,PPL,10,,0,Pulaar/Fulani,clan/family name root,1
2246907,Oussak,Oussak,12.84861,-16.17361,PPL,12,,0,,,1
2246905,Oussinguène,Oussinguene,12.62111,-16.69917,PPL,12,,0,,,1
2246903,Oussounkala,Oussounkala,12.7038,-12.4639,PPL,17,,0,,,1
2246901,Oussouye,Oussouye,12.485,-16.54694,PPL,12,,4828,Jola,Casamance/Jola toponym,1
2246899,Outioumbél,Outioumbel,12.4355,-12.617,PPL,17,,0,,,1
2251807,Ouyal Sandé Peul,OuyalSandePeul,14.3142,-16.33651,PPL,09,,0,,,1
13508570,Ouyal Sandé Wolof,OuyalSandeWolof,14.31359,-16.32644,PPL,09,7670866,0,,,1
6645007,Ouâssétâké,Ouassetake,16.186,-13.89911,PPL,14,,0,,,1
2246897,Pabel,Pabel,15.3587,-15.7379,PPL,13,,0,,,1
13504738,Pabène,Pabene,14.76234,-16.62068,PPL,07,2244804,0,,,1
2246896,Pada,Pada,13.81667,-13.85,PPL,05,,0,,,1
2246895,Padaf,Padaf,13.8,-15.58333,PPL,10,,0,,,1
2246894,Padalal,Padalal,15.34446,-12.93689,PPL,15,,0,,,1
2246891,Padiara,Padiara,13.91667,-13.48333,PPL,05,,0,,,1
2246893,Padé,Pade,15.8242,-13.48677,PPL,15,,0,,,2
13507288,Padé,Pade,14.73014,-16.01349,PPL,03,2248699,0,,,2
2246892,Padélo,Padelo,15.0651,-15.9456,PPL,13,,0,,,1
13507015,Pagui,Pagui,14.6522,-16.34519,PPL,03,2254315,0,,,1
2246879,Pakala,Pakala,13.86667,-15.91667,PPL,10,,0,,,4
2246880,Pakala,Pakala,13.83333,-14.93333,PPL,16,,0,,,4
2246881,Pakala,Pakala,13.74651,-16.35927,PPL,09,,0,,,4
2246882,Pakala,Pakala,13.61667,-15.51667,PPL,10,,0,,,4
2246877,Pakali,Pakali,13.61667,-13.63333,PPL,05,,0,,,1
2246876,Pakane,Pakane,13.7,-15.65,PPL,10,,0,,,1
2246875,Pakao,Pakao,12.79444,-16.38944,PPL,12,,0,,,1
2246873,Pakatiar Ndavène,Pakatiar Ndavene,13.93333,-15.81667,PPL,10,,0,,,1
2246870,Pakha,Pakha,13.76667,-15.71667,PPL,10,,0,,,1
13504610,Pakhamkouye Deux,PakhamkouyeDeux,14.92862,-16.99789,PPL,07,2244388,0,,,1
13504575,Pakhamkouye Un,PakhamkouyeUn,14.92978,-16.98462,PPL,07,2244388,0,,,1
2246869,Pakhaso,Pakhaso,15.7,-16.11667,PPL,13,,0,,,1
2246867,Pakinia,Pakinia,13.01667,-13.86667,PPL,11,,0,,,1
2246866,Pakinia Yerba,Pakinia Yerba,13.0,-13.88333,PPL,11,,0,Pulaar/Fulani,clan/family name root,1
2246865,Pakirane,Pakirane,13.9,-14.13333,PPL,05,,0,,,1
2246864,Pakour,Pakour,12.75,-13.96667,PPL,11,,0,,,1
2246863,Pakri Kébé,Pakri Kebe,15.46667,-16.31667,PPL,13,,0,,,1
2246872,Pakéba,Pakeba,13.55,-14.36667,PPL,05,,0,Pulaar/Fulani,clan/family name root,1
2246871,Pakéba Maka Sissé,Pakeba Maka Sisse,13.55,-14.3,PPL,05,,0,,,1
2246861,Pal,Pal,15.9139,-16.2599,PPL,14,,8133,,,2
2246862,Pal,Pal,15.03333,-16.73333,PPL,07,,0,,,2
2246840,Pal Mbaouar,Pal Mbaouar,15.5507,-16.4376,PPL,13,,0,,,1
2246835,Pal Sek,Pal Sek,14.77658,-16.17568,PPL,03,,0,,,1
2595542,Palabine,Palabine,14.73068,-17.11499,PPLX,07,,0,,,1
2246860,Palado,Palado,14.1329,-15.99978,PPL,10,,0,,,1
2246859,Palagué,Palague,14.2,-14.38333,PPL,05,,0,,,1
2246857,Palal,Palal,15.2122,-15.4941,PPL,13,,0,,,2
2246858,Palal,Palal,14.75592,-17.04019,PPL,07,,0,,,2
2595526,Palal Bayouf,Palal Bayouf,14.7484,-17.04221,PPL,07,,0,,,1
2595524,Palal Pouye,Palal Pouye,14.74662,-17.04034,PPL,07,,0,,,1
2246645,Palam Rôk,PalamRok,14.6414,-16.91203,PPL,07,,0,,,1
13506454,Palam Tioyane,PalamTioyane,14.64795,-16.92531,PPL,07,2244804,0,,,1
2246856,Palatou,Palatou,15.55,-16.45,PPL,13,,0,,,1
2246844,Paliarigouye,Paliarigouye,15.83333,-16.26667,PPL,13,,0,,,1
2252900,Palmarin Diakhanor,Palmarin Diakhanor,13.97799,-16.7625,PPL,09,,0,,,1
2246842,Palmarin Facao,PalmarinFacao,14.01272,-16.76552,PPL,09,,0,,,1
2247525,Palmarin Ngalou,PalmarinNgalou,14.04728,-16.77145,PPL,09,,0,,,1
2246841,Palmarin Nguèthie,PalmarinNguethie,14.01955,-16.76103,PPL,09,,0,,,1
2246839,Palméo,Palmeo,15.2674,-16.546,PPL,13,,0,,,1
2246837,Palo Dial,Palo Dial,14.92762,-16.94484,PPL,07,,0,,,1
13514609,Palo Yougo,PaloYougo,14.91983,-16.94779,PPL,07,2244388,0,,,1
2246855,Palèle,Palele,14.71667,-16.41667,PPL,03,,0,,,1
2246848,Palène,Palene,15.7136,-15.9487,PPL,13,,0,,,7
2246849,Palène,Palene,15.16667,-16.65,PPL,07,,0,,,7
2246850,Palène,Palene,15.1109,-15.8533,PPL,13,,0,,,7
2246851,Palène,Palene,15.06667,-16.36667,PPL,07,,0,,,7
2246852,Palène,Palene,14.99854,-15.83822,PPL,03,,0,,,7
2246853,Palène,Palene,14.85034,-16.26329,PPL,03,,0,,,7
2246854,Palène,Palene,14.73333,-16.35,PPL,03,,0,,,7
2246847,Palène Ded,Palene Ded,15.2222,-16.6312,PPL,13,,0,,,1
2246846,Palène Fal,Palene Fal,15.7,-16.23333,PPL,13,,0,,,1
2246845,Palène Sélédiane,Palene Selediane,15.53333,-16.33333,PPL,13,,0,,,1
13505400,Palènesar,Palenesar,14.76307,-16.43603,PPL,03,2254315,0,,,1
2246833,Pam,Pam,15.26667,-16.61667,PPL,13,,0,,,2
2246834,Pam,Pam,15.2,-16.4,PPL,07,,0,,,2
2246831,Pambi,Pambi,15.71518,-13.40778,PPL,15,,0,,,1
2246832,Pampal,Pampal,14.97068,-16.90214,PPL,07,,0,,,1
2246829,Pampi,Pampi,15.3174,-15.5177,PPL,13,,0,,,1
13506514,Pamèn Deux,PamenDeux,14.60779,-16.82838,PPL,07,2244804,0,,,1
2246830,Pamèn Un,PamenUn,14.60826,-16.81358,PPL,07,,0,,,1
2246828,Panal,Panal,14.31667,-14.43333,PPL,05,,0,,,1
2246825,Panal Mbayar,PanalMbayar,14.45239,-15.67972,PPL,16,,0,,,1
2246827,Panal Wolof,PanalWolof,14.44379,-15.7096,PPL,10,,0,,,1
2246824,Panangar,Panangar,12.7,-13.96667,PPL,11,,0,,,1
2246822,Panda Yayaké,Panda Yayake,16.035,-15.61333,PPL,14,,0,,,1
2246818,Panetiang Français,Panetiang Francais,13.8,-15.16667,PPL,16,,0,,,1
2246817,Panetiang Séring Si,Panetiang Sering Si,13.8,-15.15,PPL,16,,0,,,1
2246816,Paniat,Paniat,14.01667,-14.18333,PPL,05,,0,,,1
2246815,Paniat Bouré,Paniat Boure,13.96667,-14.06667,PPL,05,,0,,,1
2246814,Paniat Diaobé,Paniat Diaobe,13.96667,-14.06667,PPL,05,,0,,,1
2246812,Pankèt Sar,Panket Sar,15.85139,-16.40417,PPL,14,,0,,,1
2246811,Pantiagniédié,Pantiagniedie,14.51667,-13.35,PPL,05,,0,,,1
2246810,Pantodosse Diola,Pantodosse Diola,12.57083,-15.8775,PPL,18,,0,,,1
2246809,Panui,Panui,14.48333,-15.75,PPL,09,,0,,,1
2246821,Pané,Pane,13.66667,-15.95,PPL,10,,0,,,1
2246820,Pané Mat,Pane Mat,13.75245,-16.01439,PPL,10,,0,,,1
2246807,Paoskoto,Paoskoto,13.78333,-15.81667,PPL,10,,0,,,1
2246805,Paou Paou,Paou Paou,14.2,-16.05,PPL,09,,0,,,1
2246806,Paoumka,Paoumka,12.73333,-13.75,PPL,11,,0,,,1
2246804,Papamane,Papamane,14.25,-16.73333,PPL,09,,0,,,1
2246803,Papao,Papao,12.68972,-16.37889,PPL,12,,0,,,1
2246802,Par,Par,15.51667,-16.25,PPL,13,,0,,,1
2246799,Paraouol,Paraouol,14.36667,-13.81667,PPL,05,,0,,,1
13506758,Parar,Parar,14.70952,-16.63009,PPL,07,2244804,0,,,2
13508516,Parar,Parar,14.37951,-16.49211,PPL,09,7670866,0,,,2
2246797,Parassèl,Parassel,14.13224,-15.97255,PPL,10,,0,,,1
2246794,Parawol,Parawol,14.84337,-12.91549,PPL,15,,0,,,1
13504772,Parba,Parba,14.79237,-16.65525,PPL,07,2244804,0,Pulaar/Fulani,clan/family name root,3
13504786,Parba,Parba,14.80252,-16.55292,PPL,03,2254315,0,Pulaar/Fulani,clan/family name root,3
13505476,Parba,Parba,14.94706,-16.429,PPL,03,2254315,0,Pulaar/Fulani,clan/family name root,3
2246791,Parba Dieng,Parba Dieng,15.496,-16.471,PPL,13,,0,,,1
8521732,Parcelles Assainies,Parcelles Assainies,14.757,-17.435,PPLX,01,7732977,0,,,1
2246790,Parempémpé,Parempempe,13.86667,-14.48333,PPL,05,,0,,,1
13504678,Parguine,Parguine,14.82197,-16.59513,PPL,03,2254315,0,,,1
2246789,Parguine Wolof,ParguineWolof,14.39765,-16.14399,PPL,09,,0,,,1
2246787,Pari,Pari,15.16667,-16.3,PPL,07,,0,,,2
13506707,Pari,Pari,14.62091,-16.53955,PPL,03,2254315,0,,,2
2246786,Pari Demba Dombel,Pari Demba Dombel,12.78333,-13.86667,PPL,11,,0,,,1
2246788,Pari Dièye,PariDieye,14.58164,-16.89072,PPL,07,,0,,,1
13508542,Paring,Paring,14.43401,-16.4308,PPL,09,7670866,0,,,1
2246785,Paroumba,Paroumba,12.8,-13.83333,PPL,11,,0,Pulaar/Fulani,clan/family name root,1
2246784,Paroumba Mandé,Paroumba Mande,12.78333,-13.83333,PPL,11,,0,,,1
13504739,Pas Fal,PasFal,14.98275,-16.53467,PPL,03,2254315,0,,,1
2246782,Pass,Pass,15.53333,-16.11667,PPL,13,,0,,,1
2246783,Pass Bakane,Pass Bakane,15.375,-15.4736,PPL,13,,0,,,1
2246775,Pass Ndongo,Pass Ndongo,13.71667,-14.11667,PPL,05,,0,,,1
2246781,Passa,Passa,13.06667,-14.05,PPL,11,,0,,,1
13658023,Passi Ali Dié,Passi Ali Die,13.90415,-16.2938,PPL,09,2251792,0,,,1
13658717,Passi Babou,Passi Babou,13.74364,-16.10548,PPL,10,2247158,0,,,1
13658082,Passi Diémoul,Passi Diemoul,13.8741,-16.29438,PPL,09,2251792,0,,,1
13554680,Passi Mbelbouk,PassiMbelbouk,14.08616,-15.42009,PPL,16,2251008,0,,,1
13658005,Passi Mbitéyène,Passi Mbiteyene,13.94463,-16.29465,PPL,09,2251792,0,,,1
2246779,Passi Ndialla,Passi Ndialla,13.85,-15.48333,PPL,16,,0,,,1
2246778,Passi Ndénderling,Passi Ndenderling,13.69811,-16.39512,PPL,09,,0,,,1
2246777,Passi Ngayène,Passi Ngayene,13.7,-15.46667,PPL,10,,0,,,1
2246776,Passi Rip,Passi Rip,13.6,-15.63333,PPL,10,,0,,,1
2246211,Passi Santhie,PassiSanthie,14.00152,-16.26637,PPL,10,,0,,,1
2246773,Passoune,Passoune,14.51667,-16.86667,PPL,07,,0,,,1
2246780,Passy,Passy,13.98587,-16.26179,PPL,09,,12571,,,1
2246772,Pata,Pata,13.43333,-14.95,PPL,11,,3118,,,1
2246765,Patakour,Patakour,14.71667,-14.86667,PPL,13,,0,,,1
2246763,Patar,Patar,14.70739,-16.15701,PPL,03,,0,,,2
2246764,Patar,Patar,14.56482,-16.38152,PPL,09,,0,,,2
13507267,Patar Fissél,PatarFissel,14.50282,-16.16424,PPL,09,2251492,0,,,1
2246761,Patar Lia,Patar Lia,14.49043,-16.15698,PPL,09,,0,,,1
2246762,Patar Mar,Patar Mar,15.3977,-15.9595,PPL,13,,0,,,1
13507249,Patar Soumbél,PatarSoumbel,14.51108,-16.14171,PPL,09,2251492,0,,,1
2245137,Patar Walo,PatarWalo,14.5143,-16.16375,PPL,09,,0,,,1
2246760,Patassi,Patassi,12.5301,-12.3626,PPL,17,,0,,,1
2246755,Patelane,Patelane,14.1,-14.21667,PPL,05,,0,,,1
2246751,Patiab,Patiab,13.73333,-14.11667,PPL,05,,0,,,1
2246746,Patim Kouta,Patim Kouta,12.75,-13.76667,PPL,11,,0,,,1
2246749,Patièm,Patiem,14.53333,-15.88333,PPL,03,,0,,,1
2246747,Patièm Deux,PatiemDeux,14.56226,-15.91237,PPL,03,,0,,,1
2246748,Patièm Peul,PatiemPeul,14.54416,-15.89115,PPL,03,,0,,,1
13552837,Patièm Sérèr,PatiemSerer,14.54857,-15.86918,PPL,03,2248699,0,,,1
13504745,Pato,Pato,14.84403,-16.53982,PPL,03,2254315,0,,,1
2246744,Patouki,Patouki,14.69689,-12.82773,PPL,15,,0,,,1
2246742,Patoulane Ouolof,Patoulane Ouolof,13.85,-14.23333,PPL,05,,0,,,1
2246741,Patoulane Peul,Patoulane Peul,13.86667,-14.23333,PPL,05,,0,,,1
2595714,Patte d’Oie,Patte d'Oie,14.74363,-17.43347,PPLX,01,,0,,,1
2246739,Pattouki,Pattouki,15.36667,-13.65,PPL,15,,0,,,1
2246757,Paté Galo,Pate Galo,16.61854,-14.4545,PPL,14,,0,,,1
2246754,Paté Sek,Pate Sek,14.85,-16.4,PPL,03,,0,,,1
2246753,Paté Tiangaye,Pate Tiangaye,13.88333,-15.15,PPL,16,,0,,,1
2246756,Patékounda,Patekounda,12.7625,-15.27,PPL,18,,0,,,1
2246738,Payama,Payama,13.68333,-15.58333,PPL,10,,0,,,1
2246737,Payar,Payar,14.45,-14.5,PPL,05,,0,,,1
2254573,Paydom,Paydom,14.65061,-16.70141,PPL,07,,0,,,1
2248205,Paye,Paye,15.92139,-16.30278,PPL,14,,0,,,1
2253938,Paye Bari Diamm,PayeBariDiamm,14.99041,-16.43708,PPL,03,,0,,,1
2246884,Paye Paye,PayePaye,14.8027,-16.22906,PPL,03,,0,,,2
13505354,Paye Paye,PayePaye,14.7637,-16.36734,PPL,03,2254315,0,,,2
2246735,Paymar Wolof,Paymar Wolof,13.86422,-16.14203,PPL,10,,0,,,1
2246731,Payoungou,Payoungou,12.71667,-14.06667,PPL,11,,0,,,1
2246733,Payène,Payene,15.06667,-16.6,PPL,07,,0,,,3
2246734,Payène,Payene,14.9,-15.81667,PPL,03,,0,,,3
13507208,Payène,Payene,14.74752,-16.23484,PPL,03,2252312,0,,,3
2246886,Païdé,Paide,15.35,-16.21667,PPL,13,,0,,,1
2246885,Païlar,Pailar,14.53499,-15.07768,PPL,16,,0,,,1
2246727,Pekh Tal,Pekh Tal,15.46667,-16.4,PPL,13,,0,,,1
2246725,Pelour I,Pelour I,15.84667,-16.44056,PPL,14,,0,,,1
2596084,Pelour II,Pelour II,15.83806,-16.44972,PPLL,14,,0,,,1
2246724,Pendakaré,Pendakare,13.7,-13.75,PPL,05,,0,,,1
2246723,Pendao,Pendao,16.61667,-15.08333,PPL,14,,0,,,1
6645015,Perlèle,Perlele,16.06591,-13.98492,PPL,14,,0,,,1
2246685,Pet Ouolof,Pet Ouolof,15.1443,-15.8426,PPL,13,,0,,,1
2246708,Petel Bodi,Petel Bodi,13.65,-14.51667,PPL,05,,0,,,1
2246694,Petikan,Petikan,12.52639,-16.28806,PPL,12,,0,,,1
2246693,Petion,Petion,15.51667,-16.68333,PPL,13,,0,,,1
2246692,Petit Balandine,Petit Balandine,13.09745,-16.27223,PPL,12,,0,,,1
2246690,Petit Koulaye,Petit Koulaye,12.85,-16.16667,PPL,12,,0,,,1
2246684,Petpal,Petpal,14.6,-16.63333,PPL,07,,0,,,1
2246710,Petél,Petel,14.46667,-14.71667,PPL,16,,0,,,1
13507004,Peul Lamassas,PeulLamassas,14.72037,-16.30673,PPL,03,2254315,0,,,1
13505421,Peul Ndiaye,PeulNdiaye,14.85433,-16.45794,PPL,03,2254315,0,,,1
13509328,Peul Ndiouga,PeulNdiouga,14.20137,-16.06804,PPL,10,10778869,0,,,1
2245901,Peul Ngadiari,PeulNgadiari,14.20082,-16.08642,PPL,10,,0,,,1
2246683,Peuldognon,Peuldognon,13.88333,-15.13333,PPL,16,,0,,,1
13658222,Peulga,Peulga,13.78628,-16.16837,PPL,10,2247158,0,,,1
2246682,Peunène,Peunene,15.13333,-16.83333,PPL,07,,0,,,1
2246679,Pidiro,Pidiro,12.83333,-14.31667,PPL,11,,0,,,1
2246678,Pikine,Pikine,14.76457,-17.39071,PPL,01,,1170791,,,3
2595992,Pikine,Pikine,16.00833,-16.49778,PPLX,14,,0,,,3
13507253,Pikine,Pikine,14.67758,-16.24487,PPL,03,2252312,0,,,3
11101620,Pikine Est,Pikine Est,14.75791,-17.38715,PPL,01,,0,,,1
11101621,Pikine Ouest,Pikine Ouest,14.75227,-17.40496,PPL,01,,0,,,1
11101622,Pikine Sud,Pikine Sud,14.74866,-17.39779,PPL,01,,0,,,1
2246677,Pikini-Bougou,Pikini-Bougou,14.76222,-17.37694,PPL,01,,0,,,1
2246676,Pindite,Pindite,12.98056,-16.10111,PPL,12,,0,,,1
13509106,Pinlaw,Pinlaw,14.24661,-16.3282,PPL,10,2250807,0,,,1
2246673,Pinpal,Pinpal,15.1953,-15.9415,PPL,13,,0,,,1
13508558,Pintok,Pintok,14.25338,-16.29541,PPL,10,2250807,0,,,1
2246672,Piouti,Piouti,15.38333,-16.01667,PPL,13,,0,,,1
2246670,Pir,Pir,14.05,-14.15,PPL,05,,0,,,2
2246671,Pir,Pir,14.01667,-14.15,PPL,05,,0,,,2
2246664,Pir Gourèye,Pir Goureye,15.0046,-16.722,PPL,07,,0,,,1
2246662,Pir Nango,Pir Nango,14.08333,-14.65,PPL,16,,0,,,1
2246661,Pir Ndavène,Pir Ndavene,14.1,-14.61667,PPL,16,,0,,,1
2246669,Pira,Pira,12.78333,-14.25,PPL,11,,0,,,1
2246667,Piran,Piran,12.85,-16.23333,PPL,12,,0,,,1
2246665,Pirgi,Pirgi,12.43333,-15.73333,PPL,18,,0,,,1
2246663,Pirine Maoundé,Pirine Maounde,12.68333,-14.2,PPL,11,,0,,,1
2246660,Pirom,Pirom,13.91667,-14.73333,PPL,16,,0,,,1
2246659,Pirou Ndari,PirouNdari,14.8689,-16.68438,PPL,07,,0,,,1
2246657,Pitiana,Pitiana,13.03333,-14.21667,PPL,11,,0,,,1
13507302,Pobé,Pobe,14.61719,-16.08877,PPL,03,2252312,0,,,1
13507439,Podom,Podom,14.41333,-16.61523,PPL,09,7670866,0,,,2
13508581,Podom,Podom,14.49648,-16.33676,PPL,09,7670866,0,,,2
13507455,Podom Tiamène,PodomTiamene,14.4111,-16.62761,PPL,09,7670866,0,,,1
6650652,Podor,Podor,16.64892,-14.96073,PPL,14,,11608,,,1
2246652,Pofdi,Pofdi,14.78134,-15.80889,PPL,03,,0,,,1
2246653,Pofdi I,Pofdi I,14.8,-15.8,PPL,03,,0,,,1
13504617,Pognène Peul,PognenePeul,14.82937,-16.91016,PPL,07,2244804,0,,,1
13504584,Pognène Sérèr,PogneneSerer,14.82386,-16.91289,PPL,07,2244804,0,,,1
2246650,Point E,Point E,14.70064,-17.46244,PPLX,01,,0,,,1
13507323,Pointe Peul,PointePeul,14.28784,-16.88996,PPL,07,2248478,0,,,1
2246648,Pointe Sarène,PointeSarene,14.28817,-16.91863,PPL,07,,0,,,1
2246649,Pointe-Saint-Georges,Pointe-Saint-Georges,12.62833,-16.55861,PPL,12,,0,,,1
2246643,Polel,Polel,15.26742,-13.00299,PPL,15,,0,,,1
2246641,Polel Diaoubé,Polel Diaoube,15.26667,-13.0,PPLL,14,,3000,,,1
2246640,Polongne,Polongne,15.0561,-15.6548,PPL,13,,0,,,1
2246646,Polé,Pole,14.94591,-15.83383,PPL,03,,0,,,1
2246644,Polék,Polek,14.44411,-16.42206,PPL,09,,0,,,1
2246642,Polél Aouloubé,Polel Aouloube,15.2744,-13.03101,PPL,15,,0,,,1
13507436,Pombane,Pombane,14.35746,-16.66335,PPL,09,7670866,0,,,1
2246639,Pompone,Pompone,13.9,-15.91667,PPL,10,,0,,,1
2246638,Ponto,Ponto,14.28333,-16.91667,PPL,07,,0,,,1
2246637,Poponguine,Poponguine,14.55735,-17.11396,PPL,07,,8651,,,1
2595443,Poponguine Sérèr,Poponguine Serer,14.5672,-17.09985,PPL,07,,0,,,1
2246634,Por Dramé,PorDrame,14.04513,-15.11153,PPL,16,,0,,,1
2246633,Por Tialène,Por Tialene,14.02298,-15.12601,PPL,16,,0,,,1
2246635,Poram,Poram,15.5717,-14.8027,PPL,13,,0,,,1
2246801,Poram Sérèr,PoramSerer,14.52735,-16.01149,PPL,09,,0,,,1
2246632,Potio,Potio,15.5618,-15.9349,PPL,13,,0,,,1
2246631,Potio Peul,Potio Peul,15.579,-15.9175,PPL,13,,0,,,1
2246630,Potou,Potou,15.71667,-16.5,PPL,13,,0,,,2
2595630,Potou,Potou,14.71065,-17.15181,PPL,01,,0,,,2
2246629,Poua Diamo,Poua Diamo,16.23472,-15.02333,PPL,14,,0,,,1
2246628,Poubar,Poubar,14.3,-14.63333,PPL,10,,0,,,1
2246627,Poubasse,Poubasse,12.47,-16.10694,PPL,12,,0,,,1
2246626,Pouboul,Pouboul,12.51528,-16.13833,PPL,12,,0,,,1
2246625,Pouboul Kanpanhe,Pouboul Kanpanhe,12.51667,-16.15,PPL,12,,0,,,1
2246623,Poudaye,Poudaye,14.81667,-16.61667,PPL,03,,0,,,2
2246624,Poudaye,Poudaye,14.54798,-16.46665,PPL,09,,0,,,2
13506709,Poufoun,Poufoun,14.7479,-16.63645,PPL,07,2244804,0,,,1
2246611,Pougnar,Pougnar,14.83136,-16.54881,PPL,03,,0,,,1
2246622,Pouil Soump,Pouil Soump,15.16667,-16.25,PPL,13,,0,,,1
13509047,Poukham,Poukham,14.3167,-16.15352,PPL,10,2250807,0,,,1
13508532,Poukham Deux,PoukhamDeux,14.36699,-16.38419,PPL,09,7670866,0,,,1
2246607,Poukham Tok,PoukhamTok,14.34966,-16.35212,PPL,09,,0,,,1
2246608,Poukham Un,PoukhamUn,14.35751,-16.41235,PPL,09,,24146,,,1
2246621,Poukène,Poukene,13.10064,-16.48669,PPL,12,,0,,,1
2246620,Poula Pissan,Poula Pissan,13.1,-14.16667,PPL,11,,0,,,1
2246617,Poulmak,Poulmak,14.33303,-16.00764,PPL,10,,0,,,1
2246615,Poultok,Poultok,14.41869,-16.69037,PPL,07,,0,,,1
2246614,Poultok Diohine,PoultokDiohine,14.52642,-16.48521,PPL,09,,0,,,1
2246618,Poulèm,Poulem,15.56302,-13.42477,PPL,15,,0,,,2
2246619,Poulèm,Poulem,14.76667,-15.51667,PPL,09,,0,,,2
2246613,Poundioum,Poundioum,15.93611,-16.40194,PPL,14,,0,,,1
2246610,Pourdi,Pourdi,15.3045,-15.3106,PPL,13,,0,,,1
6645317,Pourèle,Pourele,16.10549,-13.88767,PPL,14,,0,,,1
6644089,Pouré,Poure,15.42485,-13.02115,PPL,15,,0,,,1
2246609,Pouréga,Pourega,12.93333,-13.93333,PPL,11,,0,,,1
2246606,Pout,Pout,14.77099,-17.06107,PPL,07,,23728,,,1
2246602,Pout Diak,PoutDiak,14.66609,-16.85623,PPL,07,,0,,,1
13506473,Pout Ndof,PoutNdof,14.63989,-16.87318,PPL,07,2244804,0,,,1
2246601,Poutou,Poutou,14.7,-17.43333,PPLX,01,,0,,,1
2246603,Pouté,Poute,15.6507,-14.2279,PPL,14,,0,,,1
2246732,Poyoma,Poyoma,13.86054,-16.26006,PPL,09,,0,,,1
2246596,Prokhane,Prokhane,13.7,-15.83333,PPL,10,,0,,,1
2246890,Pâfa,Pafa,14.23977,-15.08514,PPL,16,,0,,,1
2246887,Pâfa Deux,PafaDeux,14.20928,-15.98296,PPL,10,,0,,,1
2246888,Pâfa Un,PafaUn,14.20757,-15.99164,PPL,10,,0,,,1
2246868,Pâki,Paki,14.68588,-17.10478,PPL,07,,0,,,1
13508580,Pèdjiré,Pedjire,14.45617,-16.4685,PPL,09,7670866,0,,,1
13505367,Pèw Fal,PewFal,14.92631,-16.29579,PPL,03,2252312,0,,,1
2253530,Pèye Bounkhoye,PeyeBounkhoye,14.78322,-16.39637,PPL,03,,0,,,1
2246681,Pèykouk,Peykouk,14.77342,-16.88635,PPL,07,,0,,,1
2246730,Pégné,Pegne,13.08838,-16.32225,PPL,12,,0,,,1
2246728,Pékès,Pekes,15.1074,-16.4161,PPL,07,,0,,,1
13506507,Pélèw,Pelew,14.67731,-16.92288,PPL,07,2244804,0,,,1
6917801,Pélél Kindéssa,Pelel Kindessa,12.3758,-12.3742,PPL,17,,0,,,1
2246722,Pénédji,Penedji,15.75,-16.08333,PPL,13,,0,,,1
2246711,Pétel,Petel,14.45,-14.63333,PPL,16,,0,,,1
2246720,Péthie,Pethie,14.06241,-16.36349,PPL,09,,0,,,1
2246695,Pétiadji,Petiadji,15.7094,-15.9396,PPL,13,,0,,,1
13508978,Pétiaka,Petiaka,14.38558,-16.22843,PPL,09,7670866,0,,,1
2246688,Pétogne,Petogne,15.1,-16.06667,PPL,13,,0,,,1
2246714,Pétègne,Petegne,14.32769,-15.80851,PPL,10,,0,,,1
2246713,Pétègne Kahone,Petegne Kahone,14.31667,-15.8,PPL,10,,0,,,1
2246717,Pété,Pete,16.10798,-13.94973,PPL,14,,4211,,,3
2246718,Pété,Pete,15.4982,-14.4202,PPL,13,,0,,,3
2246719,Pété,Pete,14.09316,-15.44427,PPL,16,,0,,,3
2246700,Pété Nianguène,Pete Nianguene,15.6173,-15.9874,PPL,13,,0,,,1
2246698,Pété Ouarak,Pete Ouarak,15.6458,-15.9912,PPL,13,,0,,,1
2246697,Pété Peul,Pete Peul,15.6372,-15.9664,PPL,13,,0,,,1
13658791,Quanté,Quante,13.07664,-16.15453,PPL,12,2253903,0,,,1
11237887,Quarter Angel Mouss,Quarter Angel Mouss,14.77887,-17.37093,PPLX,01,,0,,,1
2595718,Quartier Usine,Quartier Usine,14.70986,-17.44813,PPLX,01,,0,,,1
2246592,Rabou Nafé,Rabou Nafe,14.98333,-15.76667,PPL,13,,0,,,1
2246589,Rahel Torodé,Rahel Torode,14.0,-13.06667,PPL,05,,0,,,1
2596081,Rakhmane,Rakhmane,15.84417,-16.39222,PPL,14,,0,,,1
2596082,Rakhmane Sal,Rakhmane Sal,15.84389,-16.40639,PPLL,14,,0,,,1
2246587,Ramnane,Ramnane,14.96667,-15.93333,PPL,03,,0,,,1
2246588,Raméda,Rameda,15.0938,-15.9826,PPL,13,,0,,,1
13551963,Ranch de Doli,RanchdeDoli,14.75421,-15.14488,PPL,13,2249283,0,,,1
2246586,Randone,Randone,12.74028,-16.29806,PPL,12,,0,,,1
2246583,Ranoua,Ranoua,15.91359,-13.47362,PPL,15,,0,,,1
2246585,Ranérou,Ranerou,15.3,-13.96667,PPL,15,,3027,,,1
2246584,Ranéwi,Ranewi,14.48222,-15.74179,PPL,09,,0,,,1
2246582,Rao,Rao,15.9096,-16.3954,PPL,14,,0,,,1
2596115,Rao Peul,Rao Peul,15.91333,-16.41306,PPL,14,,0,,,1
2246580,Raouna Djidéré,Raouna Djidere,13.03333,-15.01667,PPL,11,,0,,,1
2246533,Rassa,Rassa,14.69009,-15.84001,PPL,03,2248699,0,,,1
2246579,Rat Peul,Rat Peul,15.38333,-16.13333,PPL,13,,0,,,1
2246578,Rayane Mourit,Rayane Mourit,14.46667,-16.05,PPL,09,,0,,,1
2246577,Rayèt,Rayet,15.68333,-16.46667,PPL,13,,0,,,1
2595753,Rebeus,Rebeus,14.67583,-17.44611,PPLX,01,,0,,,1
2246574,Rehahi,Rehahi,14.41667,-14.4,PPL,05,,0,,,1
2246565,Rhabalou,Rhabalou,14.46667,-16.6,PPL,07,,0,,,1
2246560,Rhari,Rhari,14.73333,-17.11667,PPL,07,,0,,,1
2246557,Rhazabé,Rhazabe,14.55,-17.06667,PPL,07,,0,,,1
2246551,Rhor,Rhor,16.49667,-15.91889,PPL,14,,0,,,1
2246550,Rhouma,Rhouma,16.46222,-15.68194,PPL,14,,0,,,1
2246548,Ribo Escale,Ribo Escale,14.36667,-14.68333,PPL,16,,0,,,1
2246547,Ribo Kodiolé,Ribo Kodiole,14.41667,-14.75,PPL,16,,0,,,1
2246546,Ribo Moussa,Ribo Moussa,14.38333,-14.71667,PPL,16,,0,,,1
2246544,Richard-Toll,Richard-Toll,16.4625,-15.70083,PPL,14,,73147,,,1
2596085,Rikot,Rikot,15.84639,-16.46611,PPL,14,,0,,,1
2246536,Rimbakh,Rimbakh,14.6612,-16.45302,PPL,03,,0,,,3
2246537,Rimbakh,Rimbakh,15.9384,-16.1253,PPL,13,,0,,,3
13505517,Rimbakh,Rimbakh,14.84921,-16.2308,PPL,03,2252312,0,,,3
2246535,Ringaye,Ringaye,15.96667,-16.01667,PPL,13,,0,,,1
6647983,Rinkori,Rinkori,14.47336,-12.83673,PPL,05,,0,,,1
13505396,Rintabé,Rintabe,14.83665,-16.3753,PPL,03,2254315,0,,,1
13505384,Rip,Rip,14.94249,-16.43691,PPL,03,2254315,0,,,1
2246534,Risso,Risso,15.08333,-16.63333,PPL,07,,0,,,1
2246531,Rodiel,Rodiel,14.65,-16.2,PPL,03,,0,,,1
2246529,Rof,Rof,14.4,-16.71667,PPL,07,,0,,,2
2246530,Rof,Rof,14.29698,-16.87005,PPL,07,,0,,,2
2246532,Roh,Roh,14.191,-16.62705,PPL,09,,0,,,1
2246527,Rolore,Rolore,13.98333,-13.41667,PPL,05,,0,,,1
2246526,Romane,Romane,15.25,-16.61667,PPL,13,,0,,,1
2246525,Rong,Rong,16.48778,-15.98806,PPL,14,,0,,,1
2246524,Rorane,Rorane,13.91667,-15.51667,PPL,16,,0,,,1
2246523,Ross-Bétio,Ross-Betio,16.27333,-16.13778,PPL,14,,11588,,,1
2246522,Rosso,Rosso,16.42028,-15.79834,PPL,14,,9923,,,1
2246521,Rote Eri,Rote Eri,15.4709,-15.4151,PPL,13,,0,,,1
2246520,Roto,Roto,15.4639,-15.377,PPL,13,,0,,,1
2246516,Roumdé Boyénadji,Roumde Boyenadji,15.653,-13.34484,PPL,15,,0,,,1
2246517,Roundé,Rounde,16.20204,-14.04171,PPL,14,,0,,,1
2246513,Roye Dièye,Roye Dieye,15.7736,-16.1487,PPL,13,,0,,,1
2246512,Rufisque,Rufisque,14.71542,-17.27334,PPL,01,,295459,,,1
11101625,Rufisque est,Rufisque est,14.7162,-17.27283,PPLX,01,,221066,,,1
11101624,Rufisque nord,Rufisque nord,14.73836,-17.25652,PPL,01,,0,,,1
11101626,Rufisque ouest,Rufisque ouest,14.7167,-17.2869,PPLX,01,,0,,,1
2246590,Râfo,Rafo,14.5961,-17.09325,PPL,07,,0,,,1
2246571,Rènda,Renda,15.8359,-15.1963,PPL,13,,0,,,1
2246572,Rèndo,Rendo,15.9173,-14.5229,PPL,14,,0,,,1
2246575,Réfane,Refane,14.78909,-16.61422,PPL,03,,0,,,1
2246568,Révane,Revane,15.6181,-14.3968,PPL,13,,0,,,1
2246567,Révouane,Revouane,14.93333,-14.56667,PPL,13,,0,,,1
13504674,Réw Mawa,RewMawa,14.81459,-16.6192,PPL,03,2254315,0,,,1
2595749,S.I.C.A.P. Amitié Deux,S.I.C.A.P. Amitie Deux,14.70191,-17.45818,PPLX,01,,0,,,1
2595746,S.I.C.A.P. Amitié Un,S.I.C.A.P. Amitie Un,14.70611,-17.46167,PPLX,01,,0,,,1
2595742,S.I.C.A.P. Baobabs,S.I.C.A.P. Baobabs,14.70783,-17.46335,PPLX,01,,0,,,1
2595734,S.I.C.A.P. Dieupeul,S.I.C.A.P. Dieupeul,14.71962,-17.4536,PPLX,01,,0,,,1
2595743,S.I.C.A.P. Karak,S.I.C.A.P. Karak,14.70536,-17.46746,PPLX,01,,0,,,1
2595737,S.I.C.A.P. Liberté Deux,S.I.C.A.P. Liberte Deux,14.71528,-17.45889,PPLX,01,,0,,,1
2595739,S.I.C.A.P. Liberté Quatre,S.I.C.A.P. Liberte Quatre,14.72083,-17.45972,PPLX,01,,0,,,1
2595748,S.I.C.A.P. Liberté Six,S.I.C.A.P. Liberte Six,14.72833,-17.46194,PPLX,01,,0,,,1
2595733,S.I.C.A.P. Liberté Trois,S.I.C.A.P. Liberte Trois,14.71806,-17.455,PPLX,01,,0,,,1
2595738,S.I.C.A.P. Liberté Un,S.I.C.A.P. Liberte Un,14.71167,-17.46111,PPLX,01,,0,,,1
2595740,S.I.C.A.P. Liberté Çinq,S.I.C.A.P. Liberte Cinq,14.72361,-17.46139,PPLX,01,,0,,,1
2595744,S.I.C.A.P. Mermoz,S.I.C.A.P. Mermoz,14.70564,-17.47369,PPLX,01,,0,,,1
2595735,S.I.C.A.P. Route des PUITS,S.I.C.A.P. Route des PUITS,14.70917,-17.45972,PPLX,01,,0,,,1
2595747,S.I.C.A.P. Rue Dix,S.I.C.A.P. Rue Dix,14.70528,-17.45944,PPLX,01,,0,,,1
2595741,S.I.C.A.P. Sacré-Cœur,S.I.C.A.P. Sacre-Coeur,14.71833,-17.46278,PPLX,01,,0,,,1
2246251,Sa Niébé,Sa Niebe,15.1,-16.11667,PPL,13,,0,,,1
2246492,Sab Sabré,Sab Sabre,14.48333,-14.98333,PPL,16,,0,,,1
13508513,Saba,Saba,14.48187,-16.3223,PPL,09,7670866,0,Pulaar/Fulani,clan/family name root,1
2246506,Sabaké,Sabake,13.81667,-13.96667,PPL,05,,0,,,1
2246504,Sabali Kounda,Sabali Kounda,12.71667,-14.01667,PPL,11,,0,,,1
2246503,Sabalor,Sabalor,13.66667,-13.36667,PPL,05,,0,,,1
2246502,Sabar Deux,SabarDeux,14.37948,-16.13073,PPL,09,,0,,,1
13508981,Sabar Un,SabarUn,14.36626,-16.13265,PPL,10,2250807,0,,,1
2246500,Sabikassé,Sabikasse,13.76667,-13.21667,PPL,05,,0,,,1
2246499,Sabka,Sabka,15.25,-16.61667,PPL,13,,0,,,1
2246498,Sabodala,Sabodala,13.16119,-12.11268,PPL,17,,0,,,1
6658926,Saboussiré,Saboussire,12.75748,-11.9225,PPL,17,,0,,,1
2246496,Saboussiré Foulbé,Saboussire Foulbe,14.92349,-12.59876,PPL,05,,0,,,1
6647995,Saboussiré Gatiari,Saboussire Gatiari,14.33265,-12.10927,PPL,05,,0,,,1
2246494,Saboya,Saboya,13.61911,-16.083,PPL,10,,0,,,2
13658310,Saboya,Saboya,13.73128,-16.42247,PPL,09,2251792,0,,,2
2246482,Sad Kovo,Sad Kovo,15.63333,-16.5,PPL,13,,0,,,1
2250059,Sadarou Fam,SadarouFam,14.72424,-16.88842,PPL,07,,0,,,1
2246487,Sadi Ara,Sadi Ara,15.3218,-15.8312,PPL,13,,0,,,1
2246489,Sadiala Aba,Sadiala Aba,12.85417,-15.10306,PPL,11,,0,Pulaar/Fulani,clan/family name root,1
2246488,Sadialé,Sadiale,16.19861,-15.99694,PPL,14,,0,,,1
2246485,Sadio,Sadio,14.79853,-15.54572,PPL,03,,0,Serer/Wolof,clan/family name root,1
13658064,Sadio Kounda,Sadio Kounda,13.84258,-16.40974,PPL,09,2251792,0,Serer/Wolof,clan/family name root,1
13658036,Sadio Sala,Sadio Sala,13.80976,-16.3896,PPL,09,2251792,0,Serer/Wolof,clan/family name root,1
2246484,Sadioga,Sadioga,14.04593,-16.38409,PPL,09,,0,Serer/Wolof,clan/family name root,1
2246483,Sadiou Boulou,Sadiou Boulou,13.8,-13.95,PPL,05,,0,Serer/Wolof,clan/family name root,1
2246481,Sadok,Sadok,15.6708,-14.6064,PPL,13,,0,,,1
13504763,Sadou Fal,SadouFal,14.93859,-16.59938,PPL,03,2254315,0,,,1
13504775,Sadou Tidiane,SadouTidiane,14.94561,-16.59626,PPL,03,2254315,0,,,1
2246490,Sadél,Sadel,15.9,-13.33333,PPL,15,,0,,,1
2246477,Safalou,Safalou,13.46667,-13.08333,PPL,05,,0,,,1
2246476,Safalou I,Safalou I,13.5,-13.63333,PPL,05,,0,,,1
2246475,Safalou II,Safalou II,13.5,-13.58333,PPL,05,,0,,,1
2246474,Safane,Safane,12.49778,-15.72056,PPL,18,,0,,,1
2246473,Sag,Sag,15.6876,-16.57,PPL,13,,0,,,1
2246472,Sagalèm,Sagalem,14.69298,-16.48713,PPL,03,,0,,,2
13506773,Sagalèm,Sagalem,14.72431,-16.61608,PPL,07,2244804,0,,,2
2246471,Sagaridji,Sagaridji,12.3611,-12.285,PPL,17,,0,,,1
2246469,Sagata,Sagata,15.2758,-16.1739,PPL,13,,0,,,2
2246470,Sagata,Sagata,15.2194,-15.5568,PPL,13,,0,,,2
2595892,Sagnafil,Sagnafil,14.76706,-17.07563,PPL,07,,0,,,1
2246252,Sagnanèm,Sagnanem,14.02855,-16.07419,PPL,10,,0,,,1
13509002,Sagnar,Sagnar,14.27109,-16.10016,PPL,10,10778869,0,,,1
2246468,Sagne,Sagne,14.40899,-16.40829,PPL,09,,0,,,1
2246467,Sagne Bambara,Sagne Bambara,14.20256,-16.19138,PPL,10,,0,,,1
2245696,Sagne Folo,SagneFolo,14.49129,-16.37241,PPL,09,,0,,,1
2246460,Sahadatou,Sahadatou,14.78908,-15.5936,PPL,03,2248699,0,,,2
6611632,Sahadatou,Sahadatou,15.19028,-12.87083,PPL,15,,0,,,2
2246458,Saham Diébel,Saham Diebel,13.91667,-14.8,PPL,16,,0,,,1
2246452,Saint-Louis,Saint-Louis,16.01793,-16.48962,PPLA,14,,254171,,,1
2246449,Sak,Sak,15.08333,-16.6,PPL,07,,0,,,1
2246445,Sakal,Sakal,15.8219,-16.2155,PPL,13,,0,,,2
2246446,Sakal,Sakal,15.6,-16.06667,PPL,13,,0,,,2
2246443,Sakalé,Sakale,15.4366,-15.9722,PPL,13,,0,,,1
2246441,Sakar,Sakar,12.84139,-15.44083,PPL,18,,0,,,1
13554016,Sakhagne Deux,SakhagneDeux,14.29078,-15.88982,PPL,10,10778869,0,,,1
2246447,Sakhagne Un,SakhagneUn,14.2959,-15.89549,PPL,10,,0,,,1
2246442,Sakhaw,Sakhaw,14.3046,-16.31855,PPL,09,,0,,,1
2245752,Sakhmak,Sakhmak,14.44924,-16.1909,PPL,09,,0,,,1
6657637,Sakhodofi,Sakhodofi,12.95265,-11.93277,PPL,17,,0,,,1
6657638,Sakhofara,Sakhofara,12.88191,-11.90108,PPL,17,,0,,,1
2245751,Sakhor Tokane,SakhorTokane,14.23175,-16.51971,PPL,09,,0,,,1
2246435,Sakhouya,Sakhouya,12.50704,-11.59709,PPL,17,,0,,,2
2246440,Sakhouya,Sakhouya,12.47801,-11.88334,PPL,17,,0,,,2
2595470,Sakirak,Sakirak,14.6459,-17.0821,PPL,07,,0,,,1
2246437,Sako,Sako,14.36667,-14.61667,PPL,05,,0,,,3
2246438,Sako,Sako,12.80472,-15.19306,PPL,18,,0,,,3
6648004,Sako,Sako,14.33846,-12.3745,PPL,05,,0,,,3
2246434,Salao,Salao,14.88333,-16.15,PPL,03,,0,,,1
2246433,Salaya,Salaya,12.4648,-12.4812,PPL,17,,0,,,1
2246432,Saldé,Salde,16.16217,-13.88537,PPL,14,,0,,,1
2246430,Salemboulou,Salemboulou,13.78333,-13.53333,PPL,05,,0,,,1
2246428,Salguer,Salguer,15.0818,-15.2324,PPL,13,,0,,,1
2246427,Sali,Sali,13.86667,-14.91667,PPL,16,,0,,,2
2595222,Sali,Sali,14.44111,-17.01944,PPL,07,,41811,,,2
13507315,Sali Douté,SaliDoute,14.42559,-16.93177,PPL,07,2248478,0,,,1
2595385,Sali Joseph,Sali Joseph,14.45701,-17.00857,PPL,07,,0,,,1
2246421,Sali Niakhniakhal,Sali Niakhniakhal,14.43498,-17.00063,PPL,07,,0,,,1
2246419,Sali Portudal,Sali Portudal,14.44444,-17.01679,PPL,07,,0,,,1
2246417,Sali Tapé,Sali Tape,14.45403,-17.00168,PPL,07,,0,,,1
2246426,Salikégné,Salikegne,13.25,-15.78333,PPL,18,,0,,,1
2246424,Salikénié,Salikenie,12.85194,-15.55667,PPL,18,,0,,,2
2246425,Salikénié,Salikenie,12.66667,-14.75,PPL,11,,0,,,2
2246423,Salim,Salim,15.61667,-16.35,PPL,13,,0,,,1
2246422,Salindiaye,Salindiaye,12.69278,-16.76639,PPL,12,,0,,,1
2246420,Saliote,Saliote,12.50083,-15.82222,PPL,18,,0,,,1
2246415,Salndou,Salndou,15.71644,-13.3448,PPL,15,,0,,,1
2595549,Salndéwas,Salndewas,14.74011,-17.12653,PPL,07,,0,,,1
2246414,Salo,Salo,13.02913,-16.23827,PPL,12,,0,,,1
2246410,Salou Ndiagne,Salou Ndiagne,14.55,-15.63333,PPL,09,,0,,,1
2246413,Saloulou,Saloulou,12.76139,-16.76278,PPL,12,,0,,,1
2246431,Salémata,Salemata,12.6285,-12.8166,PPL,17,,4752,,,1
2246429,Salénia,Salenia,14.21667,-15.9,PPL,09,,0,,,1
2246401,Sam,Sam,15.8,-16.03333,PPL,13,,0,,,8
2246402,Sam,Sam,15.71667,-16.48333,PPL,13,,0,,,8
2246404,Sam,Sam,14.81667,-15.51667,PPL,09,,0,,,8
2246405,Sam,Sam,14.78333,-15.9,PPL,03,,0,,,8
2246406,Sam,Sam,14.71667,-16.05,PPL,03,,0,,,8
2246407,Sam,Sam,13.9,-15.21667,PPL,16,,0,,,8
2246408,Sam,Sam,13.7,-15.83333,PPL,10,,0,,,8
2253127,Sam,Sam,14.26979,-16.07483,PPL,10,,0,,,8
2246343,Sam Boudou,Sam Boudou,15.9028,-15.4129,PPL,13,,0,,,1
13505459,Sam Dieng,SamDieng,14.93066,-16.31678,PPL,03,2252312,0,,,1
13551551,Sam Fal,SamFal,14.90328,-15.57208,PPL,13,2249283,0,,,1
13504651,Sam Golbi,SamGolbi,14.93846,-16.56482,PPL,03,2254315,0,,,1
2246326,Sam Gueye,Sam Gueye,15.45,-16.58333,PPL,13,,0,,,2
2246327,Sam Gueye,Sam Gueye,15.35,-16.6,PPL,13,,0,,,2
2246325,Sam Guéyène,Sam Gueyene,13.33333,-14.75,PPL,11,,0,,,1
13507242,Sam Kontor,SamKontor,14.73156,-16.06772,PPL,03,2248699,0,,,1
2246403,Sam Lâ,SamLa,14.86558,-15.92458,PPL,03,,0,,,1
2245597,Sam Moussa,SamMoussa,14.14991,-16.10798,PPL,10,,0,,,1
13504581,Sam Ndiaye,SamNdiaye,14.85184,-16.86804,PPL,07,2244804,0,,,1
2246318,Sam Ngom,Sam Ngom,15.28333,-16.6,PPL,13,,0,,,1
2246317,Sam Niang,Sam Niang,14.11667,-14.63333,PPL,16,,0,,,1
2246311,Sam Sek,Sam Sek,15.58333,-16.33333,PPL,13,,0,,,1
2246310,Sam Sissé,Sam Sisse,13.3,-14.68333,PPL,11,,0,,,1
11101615,Sam notaire,Sam notaire,14.77534,-17.38887,PPL,01,,0,,,1
2246312,Sam-Sam,Sam-Sam,16.30417,-15.66889,PPL,14,,0,,,1
2246398,Sama Ndiayène,Sama Ndiayene,13.99366,-16.09285,PPL,10,,0,,,1
2246400,Sama Toucouleur,SamaToucouleur,14.00699,-16.07342,PPL,10,,0,,,1
2246399,Samadala,Samadala,13.60206,-12.07796,PPL,05,,0,,,1
13658139,Samako,Samako,13.78206,-16.10497,PPL,10,2247158,0,,,1
2246394,Samakou Dara,Samakou Dara,14.1998,-12.12308,PPL,05,,0,,,1
2246393,Samakoung,Samakoung,12.75167,-15.81583,PPL,18,,0,,,1
13507334,Samane,Samane,14.41906,-16.83873,PPL,07,2248478,0,,,1
2246391,Samatit,Samatit,12.53472,-16.64,PPL,12,,0,,,1
2246388,Samaye,Samaye,12.79289,-13.61815,PPL,11,,0,,,1
2246397,Samayél,Samayel,14.96996,-16.72619,PPL,07,,0,,,1
2246387,Samba,Samba,14.4,-15.76667,PPL,16,,0,Pulaar/Fulani,clan/family name root,1
2246386,Samba Adiouma,Samba Adiouma,15.4411,-15.8389,PPL,13,,0,,,1
2246385,Samba Bilè,Samba Bile,15.5559,-15.7338,PPL,13,,0,,,1
2246384,Samba Dia,Samba Dia,14.13083,-16.72782,PPL,09,,0,,,1
2246382,Samba Diagne,Samba Diagne,14.43333,-15.9,PPL,09,,0,,,1
7118124,Samba Diallo,Samba Diallo,14.13938,-16.696,PPL,09,,500,Pulaar/Fulani,clan/family name root,1
2246380,Samba Diari,Samba Diari,13.91667,-14.28333,PPL,05,,0,,,1
2246379,Samba Dieye,Samba Dieye,15.6827,-15.6297,PPL,13,,0,,,1
2246377,Samba Diop,Samba Diop,14.53333,-15.9,PPL,03,,0,,,1
2246376,Samba Doguel,Samba Doguel,15.2686,-14.0537,PPL,15,,0,,,1
2246374,Samba Gasso,Samba Gasso,14.55707,-15.93427,PPL,03,,0,,,1
2246373,Samba Gourma,Samba Gourma,15.3972,-15.1671,PPL,13,,0,,,1
2246371,Samba Kolo,Samba Kolo,14.01667,-13.56667,PPL,05,,0,,,1
2246303,Samba Kontaye,Samba Kontaye,14.67293,-12.44491,PPL,05,,0,,,1
6648015,Samba Niamé,Samba Niame,14.76739,-12.44167,PPL,05,,0,,,1
2246361,Samba Sadio,Samba Sadio,15.6,-16.03333,PPL,13,,0,,,1
2246357,Samba Siré,Samba Sire,13.8,-15.66667,PPL,10,,0,,,1
2246358,Samba Sérèr,Samba Serer,14.05,-13.55,PPL,05,,0,,,1
13505414,Samba Tal,SambaTal,14.89036,-16.43743,PPL,03,2254315,0,,,1
13506978,Samba Toud,SambaToud,14.59157,-16.38344,PPL,09,7670866,0,,,1
2246353,Samba Yabé,Samba Yabe,14.25,-13.9,PPL,05,,0,,,1
2246359,Samba-Sembé,Samba-Sembe,15.8493,-15.501,PPL,13,,0,,,1
2246381,Sambadian,Sambadian,13.81667,-13.63333,PPL,05,,0,,,1
2246301,Sambagal,Sambagal,12.3888,-12.153,PPL,17,,0,,,1
2246370,Sambakolo,Sambakolo,14.2228,-12.3811,PPL,05,,0,,,1
2246369,Sambakounda,Sambakounda,13.25,-14.05,PPL,11,,0,,,1
13554017,Samban Peul,SambanPeul,14.34222,-15.93501,PPL,10,10778869,0,,,1
13658209,Sambandé,Sambande,13.98017,-16.04479,PPL,10,2250807,0,,,1
13509033,Sambane,Sambane,14.3803,-16.1462,PPL,09,7670866,0,,,1
2246368,Sambangaye,Sambangaye,13.58333,-14.33333,PPL,05,,0,,,1
2246366,Sambar,Sambar,15.73333,-16.06667,PPL,13,,0,,,1
2246365,Sambaraboubou,Sambaraboubou,13.11667,-11.85,PPL,17,,0,,,1
2246364,Sambardé,Sambarde,13.2,-14.38333,PPL,11,,0,,,1
2246354,Sambaya,Sambaya,12.81667,-13.61667,PPL,11,,0,,,1
2246295,Sambayayé,Sambayaye,14.00481,-12.19506,PPL,05,,0,,,1
2246352,Sambaye Karang,SambayeKarang,14.93518,-16.97729,PPL,07,,0,,,1
2246346,Sambobo,Sambobo,14.9,-15.7,PPL,13,,0,,,1
2246345,Samboko,Samboko,13.41294,-12.05968,PPL,05,,0,,,1
2246344,Sambokounda,Sambokounda,12.63972,-15.49861,PPL,18,,0,,,1
2246342,Sambouladian,Sambouladian,13.07418,-16.4887,PPL,12,,0,,,1
2246341,Sambouloum,Sambouloum,13.06667,-14.76667,PPL,11,,0,,,1
2246340,Samboumba,Samboumba,13.63128,-16.04264,PPL,10,,0,Pulaar/Fulani,clan/family name root,1
6645315,Sambowté,Sambowte,16.11593,-13.85953,PPL,14,,0,,,1
2246348,Sambène,Sambene,14.73333,-16.31667,PPL,03,,0,,,2
2252435,Sambène,Sambene,14.71963,-16.27633,PPL,03,,0,,,2
2246350,Sambé Guént,SambeGuent,14.70184,-16.18684,PPL,03,,0,,,1
2246351,Sambé Peul,SambePeul,14.69715,-16.15021,PPL,03,,0,,,1
2244356,Sambé Tokossone,SambeTokossone,14.69211,-16.1759,PPL,03,,0,,,1
2246347,Sambéri,Samberi,13.73333,-13.98333,PPL,05,,0,,,1
2246328,Same Ndiaye,Same Ndiaye,15.68333,-16.38333,PPL,13,,0,,,1
2246324,Samik Diola,Samik Diola,12.49861,-16.04417,PPL,12,,0,,,1
2246323,Samik Mandjak,Samik Mandjak,12.48417,-16.04444,PPL,12,,0,,,1
2246322,Samine Escale,Samine Escale,12.49417,-15.63139,PPL,18,,4848,,,1
2245665,Samkhèthie,Samkhethie,14.6156,-17.08399,PPL,07,,0,,,1
2246319,Sammali,Sammali,15.4887,-15.6582,PPL,13,,0,,,1
6917780,Samou,Samou,12.6391,-12.8305,PPL,17,,0,,,1
2246316,Samouna,Samouna,12.81694,-16.42944,PPL,12,,0,,,1
2246313,Samsam,Samsam,14.95282,-16.47931,PPL,03,,0,,,2
2246314,Samsam,Samsam,14.88742,-16.06931,PPL,03,,0,,,2
2246309,Samtoulou,Samtoulou,12.86972,-15.18611,PPL,18,,0,,,1
2246336,Samé,Same,13.66812,-12.47052,PPL,05,,0,,,4
2246337,Samé,Same,13.62924,-16.42907,PPL,09,,0,,,4
2246338,Samé,Same,13.56958,-12.82975,PPL,05,,0,,,4
2246339,Samé,Same,13.31121,-11.59429,PPL,05,,0,,,4
2246334,Samé Foulayel,Same Foulayel,12.90944,-15.24861,PPL,18,,0,,,1
2246330,Samé Kouta,Same Kouta,12.89639,-15.23611,PPL,18,,0,,,1
2246333,Samékhoto,Samekhoto,12.63911,-11.70712,PPL,17,,0,,,1
2246329,Samékouta,Samekouta,13.75,-13.78333,PPL,05,,0,,,3
2246331,Samékouta,Samekouta,12.6085,-12.1279,PPL,17,,0,,,3
2246332,Samékouta,Samekouta,12.5926,-11.66156,PPL,17,,0,,,3
13507327,San,San,14.49801,-16.75412,PPL,07,2248478,0,,,1
2246308,Sanar,Sanar,16.06639,-16.42694,PPL,14,,0,,,1
2246299,Sanbangaye,Sanbangaye,13.56667,-14.33333,PPL,05,,0,,,1
2246297,Sanbanoura,Sanbanoura,14.14608,-12.21676,PPL,05,,0,,,1
2246296,Sanbaranbougou,Sanbaranbougou,13.10535,-11.85368,PPL,17,,0,,,1
2246294,Sanboulatounboun,Sanboulatounboun,12.7,-11.86667,PPL,17,,0,,,1
2246293,Sanboum,Sanboum,12.78278,-15.39056,PPL,18,,0,,,1
2246290,Sandiara,Sandiara,15.4105,-15.8565,PPL,13,,0,,,3
2246291,Sandiara,Sandiara,14.7,-16.43333,PPL,03,,0,,,3
2246292,Sandiara,Sandiara,14.43574,-16.79114,PPL,07,,0,,,3
2246288,Sandiko Téman,Sandiko Teman,12.93333,-13.78333,PPL,11,,0,,,1
13658081,Sandikoli,Sandikoli,13.82551,-16.40844,PPL,09,2251792,0,,,1
2246287,Sandikouba,Sandikouba,13.55937,-12.09547,PPL,05,,0,Pulaar/Fulani,clan/family name root,1
2246289,Sandikéring,Sandikering,13.55,-14.13333,PPL,05,,0,,,1
2246286,Sandinièr,Sandinier,12.73167,-15.52972,PPL,18,,0,,,1
2595886,Sandok,Sandok,14.76156,-17.10702,PPLX,07,,0,,,2
13508518,Sandok,Sandok,14.45196,-16.28218,PPL,09,7670866,0,,,2
2246284,Sandoumana,Sandoumana,13.61667,-14.3,PPL,05,,0,,,1
2246280,Sangabari,Sangabari,13.58333,-14.18333,PPL,05,,0,,,1
2246279,Sangage,Sangage,14.41667,-16.35,PPL,09,,0,,,1
2246278,Sangako,Sangako,13.81443,-16.45282,PPL,09,,0,,,1
13506737,Sangal,Sangal,14.69597,-16.6089,PPL,07,2244804,0,,,1
2246274,Sangalkam,Sangalkam,14.78023,-17.22761,PPL,01,,11915,,,1
2246272,Sangane Bambara,Sangane Bambara,14.7,-16.8,PPL,07,,0,,,1
2246270,Sangap,Sangap,13.63333,-15.53333,PPL,10,,0,,,1
2246306,Sangari Bèye,SangariBeye,14.62954,-15.73747,PPL,09,,0,,,1
2246268,Sangari Samba,SangariSamba,14.64342,-15.73816,PPL,09,,0,Pulaar/Fulani,clan/family name root,1
2246269,Sangaré,Sangare,14.38755,-16.46506,PPL,09,,0,,,1
2246267,Sangati,Sangati,12.46833,-15.70583,PPL,18,,0,,,1
2246265,Sangaye,Sangaye,14.43495,-16.37054,PPL,09,,0,,,2
2246266,Sangaye,Sangaye,14.72407,-16.60779,PPL,07,,0,,,2
13509061,Sangaye Bélé,SangayeBele,14.28352,-16.10464,PPL,10,10778869,0,,,1
13506469,Sanghane Sérèr,SanghaneSerer,14.71132,-16.77559,PPL,07,2244804,0,,,1
2246271,Sanghane Wolof,SanghaneWolof,14.71119,-16.78637,PPL,07,,0,,,1
2246259,Sanghé,Sanghe,14.69254,-16.94301,PPL,07,,0,,,1
13509072,Sango,Sango,14.48734,-16.18303,PPL,09,2251492,0,,,1
13554568,Sangol Peul,SangolPeul,14.15795,-15.5156,PPL,16,2251008,0,,,1
2246263,Sangol Wolof,SangolWolof,14.15247,-15.50396,PPL,16,,0,,,1
2246262,Sangola,Sangola,12.66667,-12.45,PPL,17,,0,,,1
2246260,Sangomé,Sangome,16.38105,-14.94583,PPL,14,,0,,,1
2246256,Sanguil Sérèr,SanguilSerer,14.03857,-16.03651,PPL,10,,0,,,1
2246258,Sangué,Sangue,15.0933,-15.3845,PPL,13,,0,,,2
2595440,Sangué,Sangue,14.56543,-17.05994,PPL,07,,0,,,2
2246255,Saniakor,Saniakor,14.85,-16.4,PPL,03,,0,,,1
2246250,Sanifil,Sanifil,12.65694,-15.50333,PPL,18,,0,,,1
2246249,Sanigourou,Sanigourou,12.41667,-12.48333,PPL,17,,0,,,1
2246247,Saninte,Saninte,16.23556,-15.80472,PPL,14,,0,,,2
2246248,Saninte,Saninte,16.2025,-15.70417,PPL,14,,0,,,2
2246246,Sanka,Sanka,12.68333,-14.93333,PPL,11,,0,,,1
2246245,Sankadji,Sankadji,12.63333,-15.76667,PPL,18,,0,,,1
2246244,Sankandi,Sankandi,13.2,-15.78333,PPL,18,,0,,,1
2246243,Sankandi Faraba,Sankandi Faraba,13.2,-15.78333,PPL,18,,0,Pulaar/Fulani,clan/family name root,1
13506502,Sankhaye,Sankhaye,14.56269,-16.75694,PPL,07,2248478,0,,,1
2246241,Sankouya,Sankouya,12.89028,-15.54806,PPL,18,,0,,,1
2246237,Sanniaré,Sanniare,13.08333,-14.03333,PPL,11,,0,,,1
2246234,Sanossi,Sanossi,15.36667,-16.25,PPL,13,,0,,,1
2246233,Sanou,Sanou,12.43333,-15.65,PPL,11,,0,,,1
6647998,Sanoukholé,Sanoukhole,14.39765,-12.20021,PPL,05,,0,,,1
2246231,Sansakoro,Sansakoro,12.9,-13.8,PPL,11,,0,,,1
2246230,Sansakoto,Sansakoto,13.68333,-14.28333,PPL,05,,0,,,1
2246227,Sansamba,Sansamba,12.80056,-15.79972,PPL,18,,0,Pulaar/Fulani,clan/family name root,1
2246228,Sansamko,Sansamko,15.3188,-15.081,PPL,13,,0,,,1
2246226,Sansanbale Kanwali,Sansanbale Kanwali,12.75,-14.93333,PPL,11,,0,,,1
2246225,Sansandé,Sansande,13.92818,-12.21484,PPL,05,,0,,,1
2246223,Sansankoto,Sansankoto,13.06667,-15.88333,PPL,18,,0,,,2
2246224,Sansankoto,Sansankoto,12.8,-14.53333,PPL,11,,0,,,2
2246222,Sansanto,Sansanto,12.9,-11.73333,PPL,17,,0,,,1
6659071,Sanséla,Sansela,12.70559,-11.43843,PPL,17,10779432,0,,,1
11237886,Sant Yalla Djiddah Thiaroye Kao,Sant Yalla Djiddah Thiaroye Kao,14.76534,-17.38041,PPLX,01,,0,,,1
2246221,Santadian,Santadian,12.6675,-15.36444,PPL,18,,0,,,1
2246220,Santak,Santak,12.76778,-16.04389,PPL,12,,0,,,1
13658326,Santamba,Santamba,13.73954,-16.42633,PPL,09,2251792,0,Pulaar/Fulani,clan/family name root,1
2246219,Santandian,Santandian,12.79333,-15.17083,PPL,18,,0,,,1
2246218,Santankoye,Santankoye,12.96667,-14.86667,PPL,11,,0,,,1
2246214,Santhiaba Manjacque,Santhiaba Manjacque,12.37306,-16.55861,PPL,12,,0,Wolof,Santhie/Sante toponym root,1
13554103,Santhie Abas,SanthieAbas,14.31254,-15.13109,PPL,16,10778871,0,Wolof,Santhie/Sante toponym root,1
13554431,Santhie Aliou Mbaye,SanthieAliouMbaye,14.0562,-15.98134,PPL,10,2250807,0,Wolof,Santhie/Sante toponym root,1
2245441,Santhie Alé Ndaw,SanthieAleNdaw,14.06216,-15.3407,PPL,16,,0,Wolof,Santhie/Sante toponym root,1
13658176,Santhie Bandoulou,Santhie Bandoulou,13.99326,-16.20655,PPL,10,2250807,0,Wolof,Santhie/Sante toponym root,1
13554562,Santhie Cheikh Séye,SanthieCheikhSeye,14.18078,-15.61066,PPL,16,2251008,0,Wolof,Santhie/Sante toponym root,1
13658690,Santhie Diankou Bodian,Santhie Diankou Bodian,13.71426,-16.19202,PPL,09,2251792,0,Wolof,Santhie/Sante toponym root,1
13658313,Santhie El Hadji,Santhie El Hadji,13.70234,-16.43009,PPL,09,2251792,0,Wolof,Santhie/Sante toponym root,1
2246210,Santhie Galangone,SanthieGalangone,14.01396,-15.51791,PPL,16,,0,Wolof,Santhie/Sante toponym root,1
13509323,Santhie Kongoli,SanthieKongoli,14.17818,-16.00334,PPL,10,10778869,0,Wolof,Santhie/Sante toponym root,1
13658722,Santhie Makha,Santhie Makha,13.67226,-16.02436,PPL,10,2247158,0,Wolof,Santhie/Sante toponym root,1
2595225,Santhie Mam Gor,Santhie Mam Gor,14.87621,-17.10211,PPL,07,,0,Wolof,Santhie/Sante toponym root,1
13658014,Santhie Mbaye Si,Santhie Mbaye Si,13.80535,-16.37131,PPL,09,2251792,0,Wolof,Santhie/Sante toponym root,1
2245440,Santhie Mbelbouk,SanthieMbelbouk,14.05901,-15.37024,PPL,16,,0,Wolof,Santhie/Sante toponym root,1
13658340,Santhie Momat Dramé,Santhie Momat Drame,13.67324,-16.29873,PPL,09,2251792,0,Wolof,Santhie/Sante toponym root,1
13554694,Santhie Mor Ndaw,SanthieMorNdaw,14.18299,-15.192,PPL,16,10778871,0,Wolof,Santhie/Sante toponym root,1
13658154,Santhie Ndiayène,Santhie Ndiayene,13.87267,-16.19123,PPL,10,2250807,0,Wolof,Santhie/Sante toponym root,1
13658688,Santhie Ram,Santhie Ram,13.62977,-16.24676,PPL,09,2251792,0,Wolof,Santhie/Sante toponym root,1
2571739,Santhie Sadi Guèye,Santhie Sadi Gueye,13.5958,-16.42133,PPL,09,,0,Wolof,Santhie/Sante toponym root,1
2595890,Santhie Sérèr,Santhie Serer,14.76254,-17.07868,PPL,07,,0,Wolof,Santhie/Sante toponym root,1
13658721,Santhie Touré,Santhie Toure,13.65321,-16.06819,PPL,10,2247158,0,Wolof,Santhie/Sante toponym root,1
2595768,Santia,Santia,14.71924,-17.49473,PPLX,01,,0,,,1
2595633,Santia Fal,Santia Fal,14.7166,-17.15141,PPLX,01,,0,,,1
2595627,Santia Mas,Santia Mas,14.70555,-17.1612,PPLX,01,,0,,,1
2246215,Santiaba,Santiaba,12.55583,-16.53528,PPL,12,,0,Pulaar/Fulani,clan/family name root,7
2246216,Santiaba,Santiaba,12.53333,-16.18333,PPL,12,,0,Pulaar/Fulani,clan/family name root,7
2246217,Santiaba,Santiaba,12.46667,-16.16667,PPL,12,,0,Pulaar/Fulani,clan/family name root,7
2595420,Santiaba,Santiaba,14.52846,-17.09307,PPLX,07,,0,Pulaar/Fulani,clan/family name root,7
2595427,Santiaba,Santiaba,14.56639,-17.12279,PPLX,07,,0,Pulaar/Fulani,clan/family name root,7
2595802,Santiaba,Santiaba,14.72282,-17.26451,PPLX,01,,0,Pulaar/Fulani,clan/family name root,7
13658736,Santiaba,Santiaba,13.04607,-16.62522,PPL,12,2253903,0,Pulaar/Fulani,clan/family name root,7
2246212,Santiaba Ouolof,Santiaba Ouolof,12.51917,-16.64028,PPL,12,,0,,,1
2595533,Santiabia,Santiabia,14.74377,-17.06704,PPL,07,,0,,,1
2253278,Santiou Dara,Santiou Dara,14.81402,-17.12562,PPL,07,,0,,,1
2246209,Santiou Diadia,Santiou Diadia,14.13333,-14.5,PPL,05,,0,,,1
2245388,Santiou Georges,Santiou Georges,13.84975,-15.99419,PPL,10,,0,,,1
13507326,Santiou Keïta,SantiouKeita,14.34424,-16.91061,PPL,07,2248478,0,,,1
13658698,Santiou Mamour Saniane,Santiou Mamour Saniane,13.63457,-16.14367,PPL,09,2251792,0,,,1
13658203,Santiou Marone,Santiou Marone,13.86286,-16.00922,PPL,10,2247158,0,,,1
2246208,Santiou Mérina,Santiou Merina,15.82361,-16.28694,PPL,13,,0,,,1
13658715,Santiou Omar Diagne,Santiou Omar Diagne,13.59911,-16.02012,PPL,10,2247158,0,,,1
2245319,Santiou Pir,SantiouPir,14.93439,-16.791,PPL,07,,0,,,1
2246207,Santiou Saléou Gaye,Santiou Saleou Gaye,14.13333,-14.5,PPL,05,,0,,,1
13658191,Santiou Sambou,Santiou Sambou,13.89444,-16.15204,PPL,10,2250807,0,,,1
2245439,Santiou Sine,SantiouSine,14.98461,-16.58912,PPL,07,,0,,,1
13658685,Santiou Tourka,Santiou Tourka,13.66592,-16.2164,PPL,09,2251792,0,,,1
13553598,Santye Abât,SantyeAbat,14.65024,-15.35744,PPL,16,10778871,0,,,1
2246282,Sanéla,Sanela,12.74893,-11.7379,PPL,17,10779432,0,,,1
2246203,Sao,Sao,15.0129,-16.9856,PPL,07,,0,,,2
2246206,Sao,Sao,13.58333,-14.36667,PPL,05,,0,,,2
2246204,Saot,Saot,14.93333,-15.51667,PPL,13,,0,,,1
2246202,Sap,Sap,14.10982,-16.45462,PPL,09,,0,,,1
2246201,Sapi,Sapi,13.13333,-13.98333,PPL,11,,0,,,1
2246200,Sar,Sar,14.779,-16.426,PPL,03,,0,,,1
2245746,Sar Maoundé,Sar Maounde,15.98333,-13.91667,PPL,14,,0,,,1
2246199,Sara Amadi Demba,Sara Amadi Demba,14.26667,-13.75,PPL,05,,0,Pulaar/Fulani,clan/family name root,1
2246196,Sara Dadi,Sara Dadi,13.7,-14.2,PPL,05,,0,,,1
2246195,Sara Dari,Sara Dari,13.01667,-14.25,PPL,11,,0,,,1
2246191,Sara Koli,Sara Koli,13.75,-14.01667,PPL,05,,0,,,1
2246190,Sara Moudé,Sara Moude,13.66667,-14.2,PPL,05,,0,,,1
2246198,Sarabakounda,Sarabakounda,13.58333,-14.2,PPL,05,,0,,,1
2246197,Saraboudé,Saraboude,13.56667,-13.61667,PPL,05,,0,,,1
2246194,Saradiémi,Saradiemi,13.85,-13.28333,PPL,05,,0,,,1
2246193,Saradou,Saradou,13.33333,-14.58333,PPL,11,,0,,,1
2246192,Sarakolé,Sarakole,13.5,-14.28333,PPL,05,,0,,,1
2593149,Saral,Saral,13.72508,-16.57557,PPL,09,,0,,,1
2246189,Sarangaba,Sarangaba,13.66667,-14.2,PPL,05,,0,Pulaar/Fulani,clan/family name root,1
2246188,Saraya,Saraya,12.83167,-11.75381,PPL,17,,2726,,,1
2245970,Sare Koutawél,Sare Koutawel,12.91667,-14.86667,PPL,11,,0,,,1
2245748,Sari Boki Ivé,Sari Boki Ive,16.21817,-14.06025,PPL,14,,0,,,1
2245747,Sarinièr,Sarinier,12.5325,-16.55,PPL,12,,0,,,1
2245743,Saroudia,Saroudia,13.5,-13.55,PPL,05,,0,,,4
2245744,Saroudia,Saroudia,13.48079,-12.91286,PPL,05,,0,,,4
2245745,Saroudia,Saroudia,12.52413,-11.57806,PPL,17,,0,,,4
13658333,Saroudia,Saroudia,13.65288,-16.42834,PPL,09,2251792,0,,,4
2245742,Sarré,Sarre,14.67216,-12.37562,PPL,05,,0,Wolof,clan/family name root,1
13507343,Sarène,Sarene,14.37586,-16.90206,PPL,07,2248478,0,,,1
13506989,Sarène Sérèr,SareneSerer,14.69842,-16.25327,PPL,03,2252312,0,,,1
13507296,Sarène Wolof,SareneWolof,14.71808,-16.24882,PPL,03,2252312,0,,,1
2246186,Saré,Sare,14.12035,-12.73302,PPL,05,,0,,,1
2246185,Saré Aba,Sare Aba,12.93333,-15.25,PPL,18,,0,Pulaar/Fulani,clan/family name root,1
2246184,Saré Abdoulaye,Sare Abdoulaye,12.78333,-14.48333,PPL,11,,0,,,1
2246182,Saré Alal,Sare Alal,12.77944,-15.14417,PPL,18,,0,,,1
2246181,Saré Aldina,Sare Aldina,12.88333,-14.13333,PPL,11,,0,,,1
2246180,Saré Alfa,Sare Alfa,12.78333,-14.86667,PPL,11,,0,,,1
2246178,Saré Ali,Sare Ali,13.96667,-15.93333,PPL,10,,0,,,2
2246179,Saré Ali,Sare Ali,13.71667,-14.21667,PPL,05,,0,,,2
13658132,Saré Ali Diallo,Sare Ali Diallo,13.85802,-16.07901,PPL,10,2250807,0,Pulaar/Fulani,clan/family name root,1
2246169,Saré Ama Samba,Sare Ama Samba,13.26667,-15.36667,PPL,18,,0,Pulaar/Fulani,clan/family name root,1
2246172,Saré Amadi,Sare Amadi,13.13333,-14.18333,PPL,11,,0,,,4
2246173,Saré Amadi,Sare Amadi,12.86667,-14.31667,PPL,11,,0,,,4
2246174,Saré Amadi,Sare Amadi,12.83333,-14.96667,PPL,11,,0,,,4
2246175,Saré Amadi,Sare Amadi,12.76667,-15.08333,PPL,11,,0,,,4
2246171,Saré Amadou,Sare Amadou,13.03333,-15.06667,PPL,11,,0,,,1
2246170,Saré Amadou Sano,Sare Amadou Sano,13.06667,-14.86667,PPL,11,,0,,,1
2246167,Saré Amirou,Sare Amirou,12.95,-14.85,PPL,11,,0,,,1
2246166,Saré Ansou,Sare Ansou,12.96667,-14.45,PPL,11,,0,,,1
2246165,Saré Ansoumane,Sare Ansoumane,13.21667,-13.48333,PPL,05,,0,,,1
2246164,Saré Arfan,Sare Arfan,12.93333,-14.36667,PPL,11,,0,,,1
2246163,Saré Assète,Sare Assete,13.33333,-14.78333,PPL,11,,0,,,1
2246183,Saré Aédara,Sare Aedara,12.88333,-14.11667,PPL,11,,0,,,1
2246162,Saré Baba Vélïa,Sare Baba Velia,13.26667,-14.06667,PPL,11,,0,,,1
2246161,Saré Babou,Sare Babou,13.2,-15.65,PPL,18,,0,,,1
2246159,Saré Badio,Sare Badio,13.11667,-14.01667,PPL,11,,0,,,2
2246160,Saré Badio,Sare Badio,12.73333,-14.25,PPL,11,,0,,,2
2246158,Saré Bafé,Sare Bafe,12.88333,-14.23333,PPL,11,,0,,,1
2246154,Saré Bakari,Sare Bakari,13.28333,-15.68333,PPL,18,,0,,,3
2246155,Saré Bakari,Sare Bakari,12.93333,-14.06667,PPL,11,,0,,,3
2246156,Saré Bakari,Sare Bakari,12.8325,-15.05944,PPL,11,,0,,,3
2246153,Saré Bakoré,Sare Bakore,13.3,-13.9,PPL,11,,0,,,1
2246152,Saré Bakou,Sare Bakou,12.75889,-15.08889,PPL,11,,0,,,1
2246151,Saré Bala,Sare Bala,12.8,-14.85,PPL,11,,0,,,1
2246150,Saré Bala Tabadian,Sare Bala Tabadian,13.13333,-15.26667,PPL,18,,0,,,1
2246149,Saré Bambé,Sare Bambe,12.71667,-14.73333,PPL,11,,0,,,1
2246148,Saré Bamoul,Sare Bamoul,13.76667,-13.95,PPL,05,,0,,,1
2246147,Saré Bandi,Sare Bandi,12.86667,-15.0,PPL,11,,0,,,1
2246146,Saré Bankouléma,Sare Bankoulema,13.3,-13.88333,PPL,11,,0,,,1
2246145,Saré Bantanto Dikori,Sare Bantanto Dikori,13.13333,-14.21667,PPL,11,,0,,,1
2246144,Saré Baradji,Sare Baradji,13.16667,-15.3,PPL,18,,0,,,1
2246142,Saré Barka,Sare Barka,13.91667,-13.61667,PPL,05,,0,,,2
2246143,Saré Barka,Sare Barka,13.28333,-13.88333,PPL,11,,0,,,2
2246140,Saré Bassi,Sare Bassi,13.15,-14.06667,PPL,11,,0,,,2
2246141,Saré Bassi,Sare Bassi,12.88333,-14.08333,PPL,11,,0,,,2
2246139,Saré Baya,Sare Baya,12.81667,-14.95,PPL,11,,0,,,1
2246138,Saré Baye Diari,Sare Baye Diari,12.83333,-14.28333,PPL,11,,0,,,1
2246157,Saré Baïli,Sare Baili,13.15,-15.45,PPL,18,,0,,,1
2246134,Saré Birane,Sare Birane,13.26667,-15.78333,PPL,18,,0,,,2
2246135,Saré Birane,Sare Birane,13.16667,-15.41667,PPL,18,,0,,,2
2246133,Saré Birou,Sare Birou,13.2,-14.08333,PPL,11,,0,,,1
2246131,Saré Bodio,Sare Bodio,13.06667,-14.76667,PPL,11,,0,,,1
2246127,Saré Bokari,Sare Bokari,13.26667,-15.43333,PPL,18,,0,,,1
2246125,Saré Boki,Sare Boki,13.41667,-13.78333,PPL,11,,0,,,1
2246124,Saré Bondié,Sare Bondie,13.61667,-13.86667,PPL,05,,0,,,1
2246123,Saré Bori,Sare Bori,12.69389,-15.16111,PPL,18,,0,,,1
2246121,Saré Boti Ngalo,Sare Boti Ngalo,12.91667,-15.01667,PPL,11,,0,,,1
2246120,Saré Boto,Sare Boto,12.96667,-14.18333,PPL,11,,0,,,1
2246119,Saré Boubou,Sare Boubou,12.71861,-15.185,PPL,18,,0,,,1
2246118,Saré Bouka,Sare Bouka,13.08333,-14.06667,PPL,11,,0,,,1
2246117,Saré Bouna,Sare Bouna,12.95,-14.08333,PPL,11,,0,,,1
2246116,Saré Bouné,Sare Boune,13.56667,-13.86667,PPL,05,,0,,,1
2246115,Saré Bouran,Sare Bouran,12.68333,-14.06667,PPL,11,,0,,,1
2246114,Saré Bouré,Sare Boure,13.05,-14.5,PPL,11,,0,,,1
2246130,Saré Boédo,Sare Boedo,14.41667,-14.58333,PPL,05,,0,,,1
2246129,Saré Boïdo Mali,Sare Boido Mali,13.15,-14.33333,PPL,11,,0,,,1
2246128,Saré Boïdo Pitiamé,Sare Boido Pitiame,13.03333,-14.4,PPL,11,,0,,,1
2246113,Saré Brahima Diamanka,Sare Brahima Diamanka,12.76667,-14.03333,PPL,11,,0,,,1
2246137,Saré Bébou,Sare Bebou,12.95,-14.93333,PPL,11,,0,,,1
2246136,Saré Béla,Sare Bela,12.86667,-14.1,PPL,11,,0,,,1
2246112,Saré Daba Forea,Sare Daba Forea,12.96667,-14.48333,PPL,11,,0,,,1
2246111,Saré Damou,Sare Damou,13.13333,-15.45,PPL,18,,0,,,1
2246109,Saré Dansa,Sare Dansa,12.83472,-15.18083,PPL,18,,0,,,2
2246110,Saré Dansa,Sare Dansa,12.76667,-13.76667,PPL,11,,0,,,2
2246108,Saré Dayefa,Sare Dayefa,13.23333,-13.7,PPL,11,,0,,,1
2246106,Saré Dello,Sare Dello,13.4,-14.88333,PPL,11,,0,,,1
2246104,Saré Demba,Sare Demba,13.88333,-14.1,PPL,05,,0,Pulaar/Fulani,clan/family name root,1
2246103,Saré Demba Kolé,Sare Demba Kole,12.8,-14.78333,PPL,11,,0,,,1
2246102,Saré Demba Koumba,Sare Demba Koumba,13.11667,-14.38333,PPL,11,,0,Pulaar/Fulani,clan/family name root,1
2246101,Saré Demba Mali,Sare Demba Mali,13.1,-14.23333,PPL,11,,0,,,1
2246100,Saré Demba So,Sare Demba So,13.16667,-14.36667,PPL,11,,0,,,1
2246099,Saré Demba Sy,Sare Demba Sy,12.9,-15.01667,PPL,11,,0,,,1
2246097,Saré Dembélè,Sare Dembele,13.03333,-14.28333,PPL,11,,0,,,1
2246096,Saré Diabé,Sare Diabe,13.01667,-14.0,PPL,11,,0,,,1
2246092,Saré Diallo,Sare Diallo,12.71667,-15.06667,PPL,11,,0,Pulaar/Fulani,clan/family name root,1
2246091,Saré Diam,Sare Diam,12.68333,-14.53333,PPL,11,,0,,,1
2246090,Saré Diamé,Sare Diame,13.51667,-14.31667,PPL,05,,0,,,1
2246088,Saré Diaméré,Sare Diamere,13.68333,-13.75,PPL,05,,0,,,2
2246089,Saré Diaméré,Sare Diamere,13.63333,-13.8,PPL,05,,0,,,2
2246087,Saré Dianfou,Sare Dianfou,12.91667,-14.93333,PPL,11,,0,,,1
2246084,Saré Dianko,Sare Dianko,13.23333,-14.43333,PPL,11,,0,,,2
2246085,Saré Dianko,Sare Dianko,12.93333,-15.01667,PPL,11,,0,,,2
2246083,Saré Diankounda,Sare Diankounda,13.15,-14.2,PPL,11,,0,,,1
2246086,Saré Dianké,Sare Dianke,13.2,-15.31667,PPL,11,,0,,,1
2246081,Saré Diao,Sare Diao,12.68333,-15.15,PPL,11,,0,,,2
2246082,Saré Diao,Sare Diao,12.67722,-15.30444,PPL,18,,0,,,2
2246080,Saré Diaobé,Sare Diaobe,12.7,-14.4,PPL,11,,0,,,1
2246077,Saré Diaoubé,Sare Diaoube,13.18333,-13.95,PPL,11,,0,,,3
2246078,Saré Diaoubé,Sare Diaoube,13.15,-15.05,PPL,11,,0,,,3
2246079,Saré Diaoubé,Sare Diaoube,12.91667,-13.95,PPL,11,,0,,,3
2246076,Saré Diaouli,Sare Diaouli,13.93333,-13.85,PPL,11,,0,,,1
2246075,Saré Diata,Sare Diata,13.03333,-14.23333,PPL,11,,0,,,1
2246094,Saré Diaèl,Sare Diael,12.91667,-13.93333,PPL,11,,0,,,1
2246095,Saré Diaé,Sare Diae,12.7,-15.25,PPL,18,,0,,,1
2246093,Saré Diaïla,Sare Diaila,12.81667,-14.36667,PPL,11,,0,,,1
2246074,Saré Digori Katoumé,Sare Digori Katoume,13.25,-14.68333,PPL,11,,0,,,1
2246073,Saré Dikel,Sare Dikel,13.03333,-14.65,PPL,11,,0,,,1
2246072,Saré Dikori,Sare Dikori,12.75806,-15.14889,PPL,18,,0,,,1
2246071,Saré Dikori Nenndo,Sare Dikori Nenndo,13.11667,-14.23333,PPL,11,,0,,,1
2246070,Saré Dimba,Sare Dimba,13.21667,-15.35,PPL,18,,0,Pulaar/Fulani,clan/family name root,1
2246069,Saré Dimba Banéba,Sare Dimba Baneba,13.11667,-15.56667,PPL,18,,0,Pulaar/Fulani,clan/family name root,1
2246067,Saré Dimba Kouba,Sare Dimba Kouba,13.21667,-15.55,PPL,18,,0,Pulaar/Fulani,clan/family name root,1
2246066,Saré Dimba Koumba,Sare Dimba Koumba,13.06667,-13.73333,PPL,11,,0,Pulaar/Fulani,clan/family name root,1
2246064,Saré Dimba Sounkarou,Sare Dimba Sounkarou,12.71667,-15.03333,PPL,11,,0,,,1
2246068,Saré Dimbado,Sare Dimbado,12.80028,-15.10028,PPL,11,,0,,,1
2246065,Saré Dimbaldé,Sare Dimbalde,12.98167,-15.13333,PPL,11,,0,,,1
2246063,Saré Dimbayel,Sare Dimbayel,12.8,-14.35,PPL,11,,0,,,1
2246061,Saré Dimbotiê,Sare Dimbotie,12.83083,-15.04444,PPL,11,,0,,,1
2246060,Saré Dinbadié,Sare Dinbadie,12.7,-15.18333,PPL,18,,0,,,1
2246059,Saré Diniabou,Sare Diniabou,12.8,-14.86667,PPL,11,,0,,,1
2246058,Saré Diobo,Sare Diobo,12.78333,-14.35,PPL,11,,0,,,1
2246057,Saré Dioubel,Sare Dioubel,12.95,-14.93333,PPL,11,,0,,,1
13554564,Saré Diougary,SareDiougary,14.15002,-15.66755,PPL,16,10778870,0,,,1
2246056,Saré Dioulaye,Sare Dioulaye,12.71667,-14.18333,PPL,11,,0,,,1
2246055,Saré Diouldé,Sare Dioulde,14.11667,-13.81667,PPL,05,,0,,,1
2246054,Saré Dioura Sintiân,Sare Dioura Sintian,12.74889,-15.14472,PPL,18,,0,,,1
2246053,Saré Djigui,Sare Djigui,12.96667,-14.06667,PPL,11,,0,,,1
2246052,Saré Djimbi,Sare Djimbi,12.86778,-15.19889,PPL,18,,0,,,1
2246051,Saré Djimini,Sare Djimini,13.11667,-14.1,PPL,11,,0,,,1
2246050,Saré Dobo,Sare Dobo,13.55,-14.41667,PPL,05,,0,,,1
2246049,Saré Doga,Sare Doga,13.06667,-15.25,PPL,18,,0,,,1
2246048,Saré Doma,Sare Doma,12.83333,-14.96667,PPL,11,,0,,,1
2246046,Saré Doulo,Sare Doulo,12.96722,-15.16972,PPL,11,,0,,,2
2246047,Saré Doulo,Sare Doulo,12.95,-14.4,PPL,11,,0,,,2
2246107,Saré Dédi,Sare Dedi,13.7,-13.98333,PPL,05,,0,,,1
2246105,Saré Démabo,Sare Demabo,12.7,-14.85,PPL,11,,0,,,1
2246045,Saré Eli,Sare Eli,13.53333,-14.16667,PPL,05,,0,,,1
2246044,Saré Eli Sandi,Sare Eli Sandi,13.61667,-14.11667,PPL,05,,0,,,1
2246043,Saré Fadi,Sare Fadi,12.86806,-15.0475,PPL,11,,0,,,1
2246042,Saré Fara,Sare Fara,12.75,-14.78333,PPL,11,,0,,,1
2246040,Saré Farim,Sare Farim,12.93444,-15.21389,PPL,18,,0,,,1
2246041,Saré Faré,Sare Fare,13.86667,-13.86667,PPL,05,,0,,,1
2246038,Saré Fili,Sare Fili,13.1,-14.23333,PPL,11,,0,,,2
2246039,Saré Fili,Sare Fili,13.01667,-15.13333,PPL,11,,0,,,2
2246037,Saré Fodé,Sare Fode,13.18333,-14.33333,PPL,11,,0,,,1
2246035,Saré Foulandi Dowel,Sare Foulandi Dowel,13.0,-14.93333,PPL,11,,0,,,1
2246034,Saré Foulandi Maoundé,Sare Foulandi Maounde,13.01667,-14.95,PPL,11,,0,,,1
2246033,Saré Founto,Sare Founto,13.0,-14.25,PPL,11,,0,,,1
2246032,Saré Fouta,Sare Fouta,12.98333,-13.75,PPL,11,,0,,,1
2246031,Saré Gaba,Sare Gaba,12.9,-14.13333,PPL,11,,0,Pulaar/Fulani,clan/family name root,1
2246030,Saré Gania,Sare Gania,12.76667,-14.75,PPL,11,,0,,,1
2246029,Saré Gardi,Sare Gardi,12.76667,-14.91667,PPL,11,,0,,,1
2246028,Saré Gati,Sare Gati,13.98958,-15.95744,PPL,10,,0,,,1
2246027,Saré Gaye,Sare Gaye,13.96667,-13.98333,PPL,05,,0,,,1
2246026,Saré Goli,Sare Goli,12.70528,-15.13778,PPL,11,,0,,,1
2246025,Saré Goubou,Sare Goubou,13.88333,-14.05,PPL,05,,0,,,1
2246023,Saré Goundo,Sare Goundo,12.96667,-14.93333,PPL,11,,0,,,1
2246022,Saré Gourdo,Sare Gourdo,12.8,-14.36667,PPL,11,,0,,,1
2246018,Saré Guido,Sare Guido,12.76667,-14.66667,PPL,11,,0,,,1
2246017,Saré Guiro,Sare Guiro,12.71667,-14.68333,PPL,11,,0,,,1
2246016,Saré Guiroba,Sare Guiroba,13.06667,-14.23333,PPL,11,,0,Pulaar/Fulani,clan/family name root,1
2246020,Saré Guéda,Sare Gueda,13.93333,-14.08333,PPL,05,,0,,,2
2246021,Saré Guéda,Sare Gueda,13.73333,-13.78333,PPL,05,,0,,,2
2246019,Saré Guéladio,Sare Gueladio,12.96667,-14.93333,PPL,11,,0,,,1
2246015,Saré Hamet,Sare Hamet,13.2,-15.51667,PPL,18,,0,,,1
2246013,Saré Ifra,Sare Ifra,13.86667,-13.73333,PPL,05,,0,,,1
2246012,Saré Ioba,Sare Ioba,12.98333,-14.83333,PPL,11,,0,Pulaar/Fulani,clan/family name root,1
2246011,Saré Ira,Sare Ira,13.26667,-14.08333,PPL,11,,0,,,1
2246010,Saré Irasset,Sare Irasset,12.85,-14.08333,PPL,11,,0,,,1
2246009,Saré Iro,Sare Iro,12.68333,-14.9,PPL,11,,0,,,1
2246008,Saré Iro Sabaly,Sare Iro Sabaly,12.76667,-14.93333,PPL,11,,0,,,1
2246007,Saré Iroukoumoto,Sare Iroukoumoto,12.75,-15.15,PPL,18,,0,,,1
2246006,Saré Iroumaoundé,Sare Iroumaounde,12.88333,-14.16667,PPL,11,,0,,,1
2246014,Saré Iérikoye,Sare Ierikoye,13.1,-14.9,PPL,11,,0,,,1
2246005,Saré Kaba,Sare Kaba,13.2,-14.06667,PPL,11,,0,Pulaar/Fulani,clan/family name root,1
2246003,Saré Kali,Sare Kali,13.7,-13.6,PPL,05,,0,,,2
2246004,Saré Kali,Sare Kali,13.61667,-13.86667,PPL,05,,0,,,2
2246002,Saré Kandé,Sare Kande,13.03333,-14.78333,PPL,11,,0,,,1
2245999,Saré Kanta,Sare Kanta,13.05,-15.05,PPL,11,,0,,,3
2246000,Saré Kanta,Sare Kanta,12.78333,-14.33333,PPL,11,,0,,,3
2246001,Saré Kanta,Sare Kanta,12.71667,-14.28333,PPL,11,,0,,,3
2245997,Saré Karfa,Sare Karfa,12.76667,-14.48333,PPL,11,,0,,,1
2245998,Saré Karéa,Sare Karea,12.75,-13.9,PPL,11,,0,,,1
2245991,Saré Kendo,Sare Kendo,12.91667,-13.95,PPL,11,,0,,,1
2245990,Saré Kerno Kémadi,Sare Kerno Kemadi,12.71667,-14.71667,PPL,11,,0,,,1
2245987,Saré Kidi,Sare Kidi,13.7,-14.06667,PPL,05,,0,,,1
2245985,Saré Kilika,Sare Kilika,13.55,-14.2,PPL,05,,0,,,1
2245986,Saré Kiédian,Sare Kiedian,12.68333,-14.86667,PPL,11,,0,,,1
2245984,Saré Koba,Sare Koba,13.03333,-15.06667,PPL,11,,0,Pulaar/Fulani,clan/family name root,1
2245983,Saré Koki,Sare Koki,13.25,-14.46667,PPL,11,,0,,,1
2245982,Saré Kokolé Diarga,Sare Kokole Diarga,13.03333,-14.81667,PPL,11,,0,,,1
2245980,Saré Koli,Sare Koli,13.21667,-13.98333,PPL,11,,0,,,2
2245981,Saré Koli,Sare Koli,12.91667,-14.18333,PPL,11,,0,,,2
2245979,Saré Koli Kassa,Sare Koli Kassa,13.53333,-14.26667,PPL,05,,0,,,1
2245978,Saré Kolinnka,Sare Kolinnka,13.55,-14.1,PPL,05,,0,,,1
2245977,Saré Kolissalé,Sare Kolissale,13.06667,-14.06667,PPL,11,,0,,,1
2245976,Saré Kolobri,Sare Kolobri,12.97917,-15.17361,PPL,18,,0,,,1
2245975,Saré Kontaye,Sare Kontaye,12.7,-14.68333,PPL,11,,0,,,1
2245974,Saré Koubé,Sare Koube,12.68333,-14.86667,PPL,11,,0,,,1
2245973,Saré Kounda,Sare Kounda,12.86667,-14.56667,PPL,11,,0,,,1
2245971,Saré Kourtidiané,Sare Kourtidiane,12.93333,-14.4,PPL,11,,0,,,1
2245969,Saré Koutawel,Sare Koutawel,12.96667,-14.81667,PPL,11,,0,,,1
2245996,Saré Kéda,Sare Keda,12.75,-14.78333,PPL,11,,0,,,1
2245995,Saré Kédian,Sare Kedian,13.03333,-14.95,PPL,11,,0,,,1
2245992,Saré Kémadi,Sare Kemadi,12.76667,-14.48333,PPL,11,,0,,,1
2245989,Saré Kéta Mbalo,Sare Keta Mbalo,13.08333,-14.88333,PPL,11,,0,,,1
2245988,Saré Kéval,Sare Keval,12.7825,-15.17917,PPL,18,,0,,,1
2245993,Saré Kéïta,Sare Keita,13.51667,-15.06667,PPL,11,,0,,,2
2245994,Saré Kéïta,Sare Keita,12.83333,-14.91667,PPL,11,,0,,,2
2245968,Saré Lagni,Sare Lagni,14.4,-14.35,PPL,05,,0,,,1
2245964,Saré Lali,Sare Lali,12.94139,-15.04806,PPL,11,,0,,,3
2245965,Saré Lali,Sare Lali,12.93333,-14.01667,PPL,11,,0,,,3
2245966,Saré Lali,Sare Lali,12.71667,-14.33333,PPL,11,,0,,,3
2245967,Saré Lalé,Sare Lale,13.1,-14.21667,PPL,11,,0,,,1
2245963,Saré Lamine Fal,Sare Lamine Fal,13.08333,-15.36667,PPL,18,,0,,,1
2245962,Saré Lamini,Sare Lamini,12.96667,-14.93333,PPL,11,,0,,,1
2245960,Saré Landia,Sare Landia,12.82333,-15.18556,PPL,18,,0,,,1
2245958,Saré Liou,Sare Liou,15.76667,-13.66667,PPL,15,,0,,,1
2245959,Saré Léyène,Sare Leyene,13.71667,-15.73333,PPL,10,,0,,,1
2245956,Saré Madi,Sare Madi,13.7,-13.63333,PPL,05,,0,,,2
2245957,Saré Madi,Sare Madi,13.03333,-15.23333,PPL,18,,0,,,2
2245955,Saré Madia,Sare Madia,13.01667,-15.23333,PPL,18,,0,,,1
2245954,Saré Madla,Sare Madla,12.98333,-13.96667,PPL,11,,0,,,1
2245953,Saré Magnon,Sare Magnon,12.98333,-15.16667,PPL,11,,0,,,1
2245951,Saré Mala,Sare Mala,13.53333,-14.21667,PPL,05,,0,,,1
2245950,Saré Malal,Sare Malal,13.68333,-13.73333,PPL,05,,0,,,1
2245949,Saré Malayana,Sare Malayana,12.75,-14.16667,PPL,11,,0,,,1
2245946,Saré Mali,Sare Mali,13.11667,-14.23333,PPL,11,,0,,,2
2245947,Saré Mali,Sare Mali,13.11667,-14.08333,PPL,11,,0,,,2
2245945,Saré Malikandé,Sare Malikande,12.70861,-15.25333,PPL,18,,0,,,1
2245948,Saré Malé,Sare Male,12.78333,-14.7,PPL,11,,0,,,1
2245942,Saré Mama Koli,Sare Mama Koli,12.91222,-15.01861,PPL,11,,0,,,1
2245944,Saré Mamadou,Sare Mamadou,12.99611,-15.16417,PPL,11,,0,,,1
2245943,Saré Mamadou Si,Sare Mamadou Si,13.35,-14.8,PPL,11,,0,,,1
2245941,Saré Mandi,Sare Mandi,12.88944,-15.32056,PPL,18,,0,,,1
2245940,Saré Manfinn,Sare Manfinn,13.68333,-13.66667,PPL,05,,0,,,1
2245939,Saré Mankankounda,Sare Mankankounda,13.2,-14.05,PPL,11,,0,,,1
2245938,Saré Mankoto,Sare Mankoto,13.05,-14.16667,PPL,11,,0,,,1
2245937,Saré Mansa,Sare Mansa,13.43333,-14.93333,PPL,11,,0,,,1
2245936,Saré Manson,Sare Manson,12.69222,-15.00917,PPL,11,,0,,,1
2245935,Saré Manssali,Sare Manssali,12.71667,-14.43333,PPL,11,,0,,,1
2245934,Saré Maoudé,Sare Maoude,12.91667,-15.25,PPL,18,,0,,,1
2245933,Saré Maounda Niéma,Sare Maounda Niema,13.3,-14.55,PPL,11,,0,,,1
2245932,Saré Maoundé,Sare Maounde,13.26667,-14.7,PPL,11,,0,,,1
2245931,Saré Maoundé Koumbaèl,Sare Maounde Koumbael,12.93333,-14.03333,PPL,11,,0,,,1
2245930,Saré Maoundé Yafa,Sare Maounde Yafa,13.26667,-14.71667,PPL,11,,0,,,1
2245952,Saré Maïdou Mbalo,Sare Maidou Mbalo,13.0,-14.08333,PPL,11,,0,,,1
2245929,Saré Mbalté,Sare Mbalte,13.96667,-14.08333,PPL,05,,0,,,1
2245928,Saré Mbassou,Sare Mbassou,14.41667,-14.31667,PPL,05,,0,,,1
2245927,Saré Mboïdo Malli,Sare Mboido Malli,13.13333,-14.33333,PPL,11,,0,,,1
2245926,Saré Mboïdo Maroum,Sare Mboido Maroum,13.11667,-14.36667,PPL,11,,0,,,1
2245925,Saré Mfali,Sare Mfali,13.71667,-14.45,PPL,05,,0,,,1
2245924,Saré Mina,Sare Mina,12.8,-14.98333,PPL,11,,0,,,1
2245923,Saré Modi,Sare Modi,13.88333,-13.7,PPL,05,,0,,,1
2245922,Saré Mola,Sare Mola,13.68333,-14.05,PPL,05,,0,,,1
2245921,Saré Moodié,Sare Moodie,13.65,-14.71667,PPL,05,,0,,,1
2245920,Saré Mori,Sare Mori,13.15,-15.18333,PPL,11,,0,,,1
2245919,Saré Mori Youri,Sare Mori Youri,13.45,-15.13333,PPL,11,,0,,,1
2245917,Saré Moudou,Sare Moudou,13.7,-13.61667,PPL,05,,0,,,2
2245918,Saré Moudou,Sare Moudou,13.18333,-14.96667,PPL,11,,0,,,2
2245916,Saré Moundourou,Sare Moundourou,13.05,-14.86667,PPL,11,,0,,,1
2245915,Saré Mounia,Sare Mounia,13.06667,-14.25,PPL,11,,0,,,1
2245914,Saré Moussa,Sare Moussa,13.85,-13.75,PPL,05,,0,,,1
2245912,Saré Moussa So,Sare Moussa So,13.03333,-14.95,PPL,11,,0,,,1
2245911,Saré Moustafa,Sare Moustafa,13.01667,-14.86667,PPL,11,,0,,,1
2245909,Saré Ndiaba Djidé,Sare Ndiaba Djide,12.83333,-14.48333,PPL,11,,0,,,1
2245908,Saré Ndiaga,Sare Ndiaga,13.28333,-15.58333,PPL,18,,0,,,1
2245907,Saré Ndiaye,Sare Ndiaye,12.68333,-14.95,PPL,11,,0,,,1
13551961,Saré Ndioba,SareNdioba,14.96615,-15.04172,PPL,13,2249283,0,Pulaar/Fulani,clan/family name root,1
2245905,Saré Ndiobo,Sare Ndiobo,13.26667,-14.45,PPL,11,,0,,,2
2245906,Saré Ndiobo,Sare Ndiobo,13.06667,-14.35,PPL,11,,0,,,2
2245904,Saré Ndiobo Mamakounda,Sare Ndiobo Mamakounda,13.05,-14.35,PPL,11,,0,,,1
2245903,Saré Ndoumbe,Sare Ndoumbe,13.21667,-14.4,PPL,11,,0,,,1
2245910,Saré Ndéri,Sare Nderi,13.51667,-15.03333,PPL,11,,0,,,1
2245900,Saré Ngaye,Sare Ngaye,13.93333,-14.03333,PPL,05,,0,,,1
2245899,Saré Ngueye,Sare Ngueye,13.88333,-13.65,PPL,05,,0,,,1
2245898,Saré Niako Ganon,Sare Niako Ganon,12.95,-14.21667,PPL,11,,0,,,1
2245897,Saré Niama,Sare Niama,13.93333,-14.83333,PPL,16,,0,,,1
2245895,Saré Niana,Sare Niana,13.9,-13.63333,PPL,05,,0,,,2
2245896,Saré Niana,Sare Niana,13.73333,-13.73333,PPL,05,,0,,,2
2245894,Saré Niani,Sare Niani,13.1,-14.13333,PPL,11,,0,,,1
2245893,Saré Nianto,Sare Nianto,12.9,-14.06667,PPL,11,,0,,,1
2245892,Saré Niara,Sare Niara,13.61667,-13.85,PPL,05,,0,,,1
2245891,Saré Noumodi,Sare Noumodi,12.98333,-13.75,PPL,11,,0,,,1
2245888,Saré Ogo,Sare Ogo,13.0,-14.05,PPL,11,,0,,,3
2245889,Saré Ogo,Sare Ogo,12.93333,-14.23333,PPL,11,,0,,,3
2245890,Saré Ogo,Sare Ogo,12.86667,-14.53333,PPL,11,,0,,,3
2245887,Saré Okéré,Sare Okere,13.7,-14.21667,PPL,05,,0,,,1
2245886,Saré Olomkounda,Sare Olomkounda,12.76694,-15.13639,PPL,18,,0,,,1
2245885,Saré Omar,Sare Omar,12.78333,-14.85,PPL,11,,0,,,1
2245884,Saré Omar Boudous,Sare Omar Boudous,13.03333,-14.86667,PPL,11,,0,,,1
2245883,Saré Ouali,Sare Ouali,13.66667,-14.61667,PPL,05,,0,,,1
2245882,Saré Ouinor,Sare Ouinor,13.06667,-14.13333,PPL,11,,0,,,1
2245880,Saré Oumar,Sare Oumar,13.18333,-14.25,PPL,11,,0,,,2
2245881,Saré Oumar,Sare Oumar,12.7,-15.08333,PPL,11,,0,,,2
2245879,Saré Oura,Sare Oura,12.9,-13.75,PPL,11,,0,,,1
2245878,Saré Ouri,Sare Ouri,13.85,-13.86667,PPL,05,,0,,,1
2245877,Saré Ouro,Sare Ouro,13.58333,-13.96667,PPL,05,,0,,,1
2245876,Saré Ousmane,Sare Ousmane,13.9,-14.11667,PPL,05,,0,,,1
2245870,Saré Paté,Sare Pate,13.53333,-15.1,PPL,11,,0,,,6
2245871,Saré Paté,Sare Pate,13.01667,-14.63333,PPL,11,,0,,,6
2245872,Saré Paté,Sare Pate,12.93333,-13.78333,PPL,11,,0,,,6
2245873,Saré Paté,Sare Pate,12.85,-14.48333,PPL,11,,0,,,6
2245874,Saré Paté,Sare Pate,12.78333,-14.93333,PPL,11,,0,,,6
2245875,Saré Paté,Sare Pate,12.76667,-14.76667,PPL,11,,0,,,6
2245869,Saré Paté Bayélo,Sare Pate Bayelo,13.13333,-15.4,PPL,18,,0,,,1
2245868,Saré Paté Bouya,Sare Pate Bouya,12.95,-14.36667,PPL,11,,0,,,1
2245866,Saré Paté Dialo,Sare Pate Dialo,13.21667,-15.55,PPL,18,,0,,,2
2245867,Saré Paté Dialo,Sare Pate Dialo,13.1,-15.36667,PPL,18,,0,,,2
2245865,Saré Pendia,Sare Pendia,12.92333,-15.30139,PPL,18,,0,,,1
2245864,Saré Sada,Sare Sada,13.03333,-14.96667,PPL,11,,0,,,1
2245863,Saré Sadian,Sare Sadian,13.35,-15.4,PPL,18,,0,,,1
2245860,Saré Sadio,Sare Sadio,14.0,-14.6,PPL,16,,0,,,3
2245861,Saré Sadio,Sare Sadio,12.88333,-14.25,PPL,11,,0,,,3
2245862,Saré Sadio,Sare Sadio,12.8,-13.81667,PPL,11,,0,,,3
2245859,Saré Sadiom,Sare Sadiom,12.85,-14.61667,PPL,11,,0,,,1
2245858,Saré Sadiou,Sare Sadiou,12.76667,-15.15,PPL,18,,0,,,1
2245856,Saré Saloum,Sare Saloum,13.66667,-13.66667,PPL,05,,0,,,1
2245855,Saré Sama,Sare Sama,13.28333,-15.3,PPL,11,,0,,,1
2245854,Saré Samaoudé,Sare Samaoude,12.75,-14.0,PPL,11,,0,,,1
2245853,Saré Samba Adama,Sare Samba Adama,13.3,-15.28333,PPL,11,,0,,,1
2245852,Saré Samba Asset,Sare Samba Asset,12.88333,-14.03333,PPL,11,,0,,,1
2245851,Saré Samba Cissé,Sare Samba Cisse,13.33333,-15.28333,PPL,11,,0,,,1
2245850,Saré Samba Dabo,Sare Samba Dabo,13.05,-15.21667,PPL,11,,0,,,1
2245848,Saré Samba Diaba,Sare Samba Diaba,12.93472,-15.03139,PPL,11,,0,Pulaar/Fulani,clan/family name root,1
2245847,Saré Samba Diaboukoye,Sare Samba Diaboukoye,12.98333,-14.91667,PPL,11,,0,,,1
2245846,Saré Samba Diamaka,Sare Samba Diamaka,12.70361,-15.05694,PPL,11,,0,,,1
2245845,Saré Samba Dibel,Sare Samba Dibel,12.75,-14.71667,PPL,11,,0,,,1
2245844,Saré Samba Dioka,Sare Samba Dioka,12.93333,-14.21667,PPL,11,,0,,,1
2245842,Saré Samba Iopé,Sare Samba Iope,12.81667,-14.58333,PPL,11,,0,,,1
2245841,Saré Samba Kandé,Sare Samba Kande,12.71722,-15.15333,PPL,18,,0,,,1
2245840,Saré Samba Kayogo,Sare Samba Kayogo,12.95,-14.86667,PPL,11,,0,,,1
2245839,Saré Samba Kountéré,Sare Samba Kountere,13.28333,-15.46667,PPL,18,,0,,,1
2245838,Saré Samba Koutoumba,Sare Samba Koutoumba,12.96667,-14.93333,PPL,11,,0,Pulaar/Fulani,clan/family name root,1
2245836,Saré Samba Sabali,Sare Samba Sabali,12.98333,-15.15,PPL,11,,0,,,1
2245843,Saré Sambadiouka,Sare Sambadiouka,13.71667,-14.06667,PPL,05,,0,,,1
2245849,Saré Sambadété,Sare Sambadete,12.95,-14.55,PPL,11,,0,,,1
2245837,Saré Sambana,Sare Sambana,13.05,-14.38333,PPL,11,,0,,,1
2245835,Saré Sambatako,Sare Sambatako,12.75,-15.1,PPL,11,,0,,,1
2245833,Saré Sambel,Sare Sambel,13.53333,-15.06667,PPL,11,,0,,,1
2245832,Saré Samboudian,Sare Samboudian,12.8,-14.93333,PPL,11,,0,,,1
2245830,Saré Sambourou,Sare Sambourou,13.91667,-14.05,PPL,05,,0,,,2
2245831,Saré Sambourou,Sare Sambourou,13.2,-15.3,PPL,11,,0,,,2
2245834,Saré Sambé,Sare Sambe,12.81667,-14.76667,PPL,11,,0,,,1
2245828,Saré Samita,Sare Samita,13.48333,-15.01667,PPL,11,,0,,,1
2245829,Saré Samédou Bati,Sare Samedou Bati,13.11667,-14.05,PPL,11,,0,,,1
2245827,Saré Sana,Sare Sana,12.93694,-15.30417,PPL,18,,0,,,1
2245825,Saré Sanba Niaro,Sare Sanba Niaro,13.13333,-14.23333,PPL,11,,0,,,1
2245826,Saré Sanbanété,Sare Sanbanete,13.1,-14.15,PPL,11,,0,,,1
2245824,Saré Sanbou,Sare Sanbou,13.13333,-14.01667,PPL,11,,0,,,1
2245823,Saré Sanbtala,Sare Sanbtala,13.13333,-14.08333,PPL,11,,0,,,1
2245822,Saré Sandi,Sare Sandi,12.73333,-14.8,PPL,11,,0,,,1
2245821,Saré Sandié,Sare Sandie,12.7,-14.71667,PPL,11,,0,,,1
2245820,Saré Sapenda,Sare Sapenda,13.73333,-14.01667,PPL,05,,0,,,1
2245817,Saré Sara,Sare Sara,12.92611,-15.01444,PPL,11,,0,,,3
2245818,Saré Sara,Sare Sara,12.83333,-14.75,PPL,11,,0,,,3
2245819,Saré Sara,Sare Sara,12.73417,-15.09972,PPL,11,,0,,,3
2245815,Saré Sara Niama,Sare Sara Niama,12.68333,-14.76667,PPL,11,,0,,,1
2245816,Saré Saradou,Sare Saradou,13.6,-14.18333,PPL,05,,0,,,1
2245857,Saré Saédou,Sare Saedou,13.66667,-14.4,PPL,05,,0,,,1
2245813,Saré Sekou,Sare Sekou,12.93333,-14.16667,PPL,11,,0,,,1
2245811,Saré Sembel,Sare Sembel,12.68333,-14.5,PPL,11,,0,,,1
2245810,Saré Seni,Sare Seni,12.68333,-15.08333,PPL,11,,0,,,1
2245814,Saré Seïdi Sal,Sare Seidi Sal,13.35,-15.38333,PPL,11,,0,,,1
2245806,Saré Sidi,Sare Sidi,13.56667,-14.03333,PPL,05,,0,,,1
2245804,Saré Sikouna,Sare Sikouna,14.2,-14.11667,PPL,05,,0,,,1
2245803,Saré Simali,Sare Simali,13.05,-15.06667,PPL,11,,0,,,1
2245802,Saré Sirilo,Sare Sirilo,12.91667,-14.9,PPL,11,,0,,,1
2245801,Saré Sitafa,Sare Sitafa,12.7,-15.73333,PPL,18,,0,,,1
2245800,Saré Sorba,Sare Sorba,12.93333,-14.93333,PPL,11,,0,Pulaar/Fulani,clan/family name root,1
2245797,Saré Sori,Sare Sori,12.96667,-14.93333,PPL,11,,0,,,3
2245798,Saré Sori,Sare Sori,12.7,-14.23333,PPL,11,,0,,,3
2245799,Saré Sori,Sare Sori,12.68333,-14.83333,PPL,11,,0,,,3
2245796,Saré Sossé,Sare Sosse,14.18333,-14.15,PPL,05,,0,,,1
2245795,Saré Souban,Sare Souban,12.7,-15.08333,PPL,11,,0,,,1
2245794,Saré Souka,Sare Souka,13.66667,-13.76667,PPL,05,,0,,,1
2245792,Saré Souna,Sare Souna,12.91694,-15.22611,PPL,18,,0,,,2
2245793,Saré Souna,Sare Souna,12.73333,-14.7,PPL,11,,0,,,2
2245791,Saré Sounkarou,Sare Sounkarou,12.89583,-15.005,PPL,11,,0,,,1
2245812,Saré Sékou,Sare Sekou,13.08333,-14.06667,PPL,11,,0,,,1
2245809,Saré Séni,Sare Seni,13.05,-15.16667,PPL,11,,0,,,1
2245808,Saré Séni Dialo,Sare Seni Dialo,13.23333,-15.68333,PPL,18,,0,,,1
2245807,Saré Séri,Sare Seri,13.71667,-14.75,PPL,05,,0,,,1
2245790,Saré Také,Sare Take,15.2763,-14.0756,PPL,15,,0,,,1
2245789,Saré Talata,Sare Talata,12.88333,-14.16667,PPL,11,,0,,,1
2245788,Saré Talel,Sare Talel,12.72778,-15.14444,PPL,11,,0,,,1
2245787,Saré Tamou,Sare Tamou,14.05,-13.88333,PPL,05,,0,,,1
2245786,Saré Tening,Sare Tening,12.72778,-15.19111,PPL,18,,0,,,1
2245784,Saré Tianfara,Sare Tianfara,12.91667,-14.05,PPL,11,,0,,,1
2245782,Saré Tierno,Sare Tierno,13.91667,-13.6,PPL,05,,0,,,2
2245783,Saré Tierno,Sare Tierno,13.05,-14.23333,PPL,11,,0,,,2
2245781,Saré Tiernon,Sare Tiernon,13.8,-14.66667,PPL,05,,0,,,1
2245780,Saré Tileul,Sare Tileul,13.75,-14.03333,PPL,05,,0,,,1
2245779,Saré Togo,Sare Togo,12.98333,-14.83333,PPL,11,,0,,,1
2245778,Saré Toumané,Sare Toumane,12.88111,-15.24639,PPL,18,,0,,,1
2245776,Saré Tounkoye,Sare Tounkoye,13.03333,-14.98333,PPL,11,,0,,,1
2245777,Saré Tounké,Sare Tounke,13.6,-13.73333,PPL,05,,0,,,1
2245785,Saré Téning Mbalo,Sare Tening Mbalo,13.13333,-14.35,PPL,11,,0,,,1
2245774,Saré Wali,Sare Wali,13.58333,-13.96667,PPL,05,,0,,,1
2245773,Saré Yaya,Sare Yaya,12.93278,-15.25111,PPL,18,,0,,,1
2245772,Saré Yerba,Sare Yerba,12.8,-14.03333,PPL,11,,0,Pulaar/Fulani,clan/family name root,1
2245771,Saré Yerbel,Sare Yerbel,12.78333,-14.33333,PPL,11,,0,,,1
2245763,Saré Yoba,Sare Yoba,12.93333,-14.13333,PPL,11,,0,Pulaar/Fulani,clan/family name root,1
2245762,Saré Yoba Diéga,Sare Yoba Diega,12.76583,-15.1075,PPL,11,,3551,,,1
2245761,Saré Yoba Mbalo,Sare Yoba Mbalo,13.01667,-14.48333,PPL,11,,0,,,1
2245760,Saré Yoba Soukouta,Sare Yoba Soukouta,12.96667,-14.41667,PPL,11,,0,,,1
2245758,Saré Yoro,Sare Yoro,13.41667,-15.05,PPL,11,,0,,,2
2245759,Saré Yoro,Sare Yoro,13.03333,-15.11667,PPL,11,,0,,,2
2245757,Saré Yoro Baldé,Sare Yoro Balde,12.74083,-15.07583,PPL,11,,0,,,1
2245754,Saré Yoro Diao,Sare Yoro Diao,12.91667,-15.21667,PPL,18,,0,,,2
2245755,Saré Yoro Diao,Sare Yoro Diao,12.69611,-15.13389,PPL,11,,0,,,2
2245756,Saré Yorobouya,Sare Yorobouya,13.53333,-15.08333,PPL,11,,0,,,1
2245753,Saré Youssouf,Sare Youssouf,12.68333,-14.95,PPL,11,,0,,,1
2245770,Saré Yéro,Sare Yero,13.05,-13.81667,PPL,11,,0,,,1
2245769,Saré Yéro Bambi,Sare Yero Bambi,13.06667,-14.4,PPL,11,,0,,,1
2245768,Saré Yéro Dialo,Sare Yero Dialo,13.23333,-14.43333,PPL,11,,0,,,1
2245767,Saré Yéro Maran,Sare Yero Maran,13.25,-14.68333,PPL,11,,0,,,1
2245766,Saré Yéromori,Sare Yeromori,13.93333,-14.01667,PPL,05,,0,,,1
2245765,Saré Yérossodi,Sare Yerossodi,12.98333,-14.08333,PPL,11,,0,,,1
2245764,Saré Yérowel,Sare Yerowel,13.1,-14.08333,PPL,11,,0,,,1
2245961,Saré-Lamou,Sare-Lamou,16.07222,-15.60083,PPL,14,,0,,,1
2245972,Sarékoura,Sarekoura,15.85692,-13.49367,PPL,15,,0,,,1
13509056,Sas Linguère,SasLinguere,14.43544,-16.23496,PPL,09,7670866,0,,,1
2245736,Sas Mak,SasMak,14.49881,-16.42926,PPL,09,,0,,,1
2245734,Sas Ndiafadji,SasNdiafadji,14.51562,-16.4186,PPL,09,,0,,,1
13507212,Sass,Sass,14.63828,-16.13024,PPL,03,2252312,0,,,1
2245741,Sassakh,Sassakh,14.55003,-16.63724,PPL,07,,0,,,1
2245740,Sassal,Sassal,14.6232,-16.65482,PPL,07,,0,,,1
13506782,Sassal Peul,SassalPeul,14.6385,-16.66801,PPL,07,2248478,0,,,1
2245738,Sassar,Sassar,14.65,-16.5,PPL,03,,0,,,1
2245737,Sassara,Sassara,14.20076,-16.2754,PPL,10,,0,,,1
2245735,Sassel Talbé,Sassel Talbe,16.54233,-14.34989,PPL,14,,0,,,1
2245732,Sassita,Sassita,13.35,-15.41667,PPL,18,,0,,,1
2245733,Sassène,Sassene,14.68333,-16.91667,PPL,07,,0,,,2
13508566,Sassène,Sassene,14.35366,-16.4954,PPL,09,7670866,0,,,2
2245731,Satadougou Bafé,Satadougou Bafe,12.64341,-11.41856,PPL,05,,0,,,1
2245728,Satioum,Satioum,12.47972,-15.64722,PPL,18,,0,,,1
2245727,Satong Ania,Satong Ania,12.71667,-12.4,PPL,17,,0,,,1
2245726,Satté,Satte,15.21667,-16.53333,PPL,07,,0,,,1
2245730,Saté,Sate,14.7809,-15.96621,PPL,03,,0,,,2
13504776,Saté,Sate,14.9002,-16.52478,PPL,03,2254315,0,,,2
2245729,Saté Wali,SateWali,14.21687,-16.10036,PPL,10,,0,,,1
2245725,Sava Gandé,Sava Gande,16.22264,-14.03438,PPL,14,,0,,,1
2245723,Savoigne,Savoigne,16.19972,-16.27861,PPL,14,,0,,,1
2596014,Savoigne-Pionnier,Savoigne-Pionnier,16.17167,-16.31028,PPL,14,,0,,,1
2246205,Saw,Saw,14.48405,-16.66609,PPL,07,,0,,,1
13507472,Sawkom Deux,SawkomDeux,14.45458,-16.68073,PPL,07,2248478,0,,,1
2246436,Sawkom Un,SawkomUn,14.46155,-16.68317,PPL,07,,0,,,1
13554448,Sawéla Keur Réname,SawelaKeurRename,14.19804,-15.97273,PPL,10,10778869,0,,,1
2245724,Sawéla Keur Wourwa,SawelaKeurWourwa,14.19148,-15.96502,PPL,10,,0,,,1
13554423,Sawéla Modou Bara,SawelaModouBara,14.18688,-15.95265,PPL,10,10778869,0,,,1
2246457,Sayansoutou,Sayansoutou,13.39143,-11.64424,PPL,05,,0,,,1
2245720,Sayet Ndiaye,Sayet Ndiaye,14.28333,-15.98333,PPL,09,,0,,,1
2245718,Sayindi Daouda,Sayindi Daouda,13.26667,-15.28333,PPL,11,,0,,,1
2245717,Sayindi Maoundé,Sayindi Maounde,13.26667,-15.28333,PPL,11,,0,,,1
2246444,Sekhlé Amat,SekhleAmat,14.00694,-16.13141,PPL,10,,0,,,1
2245686,Sekélé Samane,Sekele Samane,14.0,-16.16667,PPL,10,,0,,,1
2245676,Selguir,Selguir,16.05611,-16.30417,PPL,14,,0,,,1
2245671,Selko,Selko,14.98839,-16.81588,PPL,07,,0,,,1
13505429,Sembèm,Sembem,14.97723,-16.41403,PPL,03,2254315,0,,,1
2596072,Semel,Semel,15.93028,-16.34778,PPL,14,,0,,,1
6941951,Senegambia,Senegambia,13.80608,-15.29297,PPL,10,,0,,,1
2245657,Senghor,Senghor,14.40211,-16.50833,PPL,09,,0,,,2
2246264,Senghor,Senghor,13.82242,-16.37075,PPL,09,,0,,,2
2245625,Ser,Ser,15.66667,-16.45,PPL,13,,0,,,1
2245622,Serigne Abo,Serigne Abo,14.68333,-15.96667,PPL,03,,0,,,1
2245621,Serigne Aogamou,Serigne Aogamou,14.9,-15.75,PPL,03,,0,,,1
2245618,Serpoli,Serpoli,16.61305,-14.56415,PPL,14,,0,,,1
13506743,Sessou,Sessou,14.71074,-16.60104,PPL,03,2254315,0,,,1
2245613,Sessoum,Sessoum,14.93333,-14.63333,PPL,13,,0,,,1
13506478,Sessène,Sessene,14.69384,-16.90489,PPL,07,2244804,0,,,1
2245659,Seun Sérèr,Seun Serer,14.79507,-17.05089,PPL,07,,0,,,1
2245658,Seun Wolof,Seun Wolof,14.80095,-17.05396,PPL,07,,0,,,1
2595943,Seydou Dia,Seydou Dia,14.96098,-17.04443,PPL,07,,0,,,1
13553617,Sianda Ndioum,SiandaNdioum,14.50329,-15.19902,PPL,16,10778871,0,,,1
13553629,Sianda Touba Ndioum,SiandaToubaNdioum,14.53178,-15.17321,PPL,16,10778871,0,,,1
2245610,Sibana,Sibana,12.49778,-15.68361,PPL,18,,0,,,1
2245609,Sibanga,Sibanga,12.98333,-16.25,PPL,12,,0,,,1
2245608,Sibassor,Sibassor,14.18645,-16.15947,PPL,10,,8141,,,1
2245600,Sibi Nokho,Sibi Nokho,14.06667,-14.71667,PPL,16,,0,,,1
2245606,Sibidianto,Sibidianto,12.69972,-15.29528,PPL,18,,0,,,1
2245605,Sibikaranto,Sibikaranto,12.71194,-15.06861,PPL,11,,0,,,1
2245604,Sibikiling,Sibikiling,12.9737,-12.4858,PPL,17,,0,,,1
2245603,Sibikouroto,Sibikouroto,12.67139,-15.94,PPL,18,,0,,,1
2245601,Sibink,Sibink,12.6,-16.03333,PPL,12,,0,,,1
13658810,Sibogola,Sibogola,13.03091,-16.19189,PPL,12,2253903,0,,,1
2245599,Sibokoto,Sibokoto,13.17359,-11.55507,PPL,17,,0,,,1
13551958,Siboli,Siboli,14.84826,-15.16139,PPL,13,2249283,0,,,1
13551962,Siboli Touré,SiboliToure,14.87724,-15.16591,PPL,13,2249283,0,,,1
2245607,Sibéré,Sibere,12.91667,-14.91667,PPL,11,,0,,,1
2245596,Sidak,Sidak,14.61667,-14.88333,PPL,16,,0,,,1
2245595,Sidate,Sidate,15.744,-15.8913,PPL,13,,0,,,1
2245594,Sidi Bougou,SidiBougou,14.37743,-16.92091,PPL,07,,0,,,1
2245593,Sidi Nagué,Sidi Nague,14.93333,-15.78333,PPL,03,,0,,,1
13504689,Sidiane Un,SidianeUn,14.82421,-16.66476,PPL,07,2244804,0,,,1
2245592,Sidiounfour,Sidiounfour,12.58639,-16.73583,PPL,12,,0,,,1
2245589,Sientankine,Sientankine,12.7,-15.2,PPL,18,,0,,,1
2245585,Sifassou,Sifassou,12.51667,-15.88333,PPL,18,,0,,,1
2245584,Sifoka,Sifoka,12.49222,-16.68528,PPL,12,,0,,,1
2245582,Siganar,Siganar,12.45028,-16.52889,PPL,12,,0,,,1
13505436,Siguidiadji,Siguidiadji,14.79617,-16.2591,PPL,03,2252312,0,,,1
2245688,Siguilaye,Siguilaye,13.0355,-16.08825,PPL,12,,0,,,1
13507023,Sikane,Sikane,14.68919,-16.36771,PPL,03,2254315,0,,,1
2245581,Sikatoroum,Sikatoroum,13.98333,-15.98333,PPL,10,,0,,,1
2245284,Sikhane,Sikhane,14.22748,-16.19322,PPL,10,,0,,,1
2245580,Sikilo,Sikilo,12.9,-14.95,PPL,11,,0,,,2
2249884,Sikilo,Sikilo,14.10326,-15.49031,PPL,16,,0,,,2
13506455,Sikitia,Sikitia,14.70538,-16.94086,PPL,07,2244804,0,,,1
2245579,Sikmat,Sikmat,14.76667,-15.53333,PPL,09,,0,,,1
2245578,Sikoum,Sikoum,12.47611,-15.88694,PPL,18,,0,,,1
2245577,Sikounda,Sikounda,13.13333,-13.86667,PPL,11,,0,,,1
2245576,Sil,Sil,14.2,-14.55,PPL,05,,0,,,1
2245574,Sila Kounda,Sila Kounda,12.43333,-12.56667,PPL,17,,0,,,1
2245575,Silabé,Silabe,13.83333,-13.41667,PPL,05,,0,,,1
2245569,Silamé,Silame,13.65,-14.46667,PPL,05,,0,,,1
2245568,Silane Mbaylar,SilaneMbaylar,14.73017,-16.47077,PPL,03,,0,,,1
13514616,Silane Ndiaw,SilaneNdiaw,14.73861,-16.46457,PPL,03,2254315,0,,,1
2245567,Silat,Silat,14.96667,-14.96667,PPL,13,,0,,,1
2245564,Silif,Silif,14.29385,-16.54779,PPL,09,,0,,,1
2245562,Silik,Silik,12.96306,-16.11861,PPL,12,,0,,,1
2245561,Silinkine,Silinkine,12.95583,-16.01139,PPL,12,,0,,,1
2245560,Silla,Silla,16.08704,-13.51412,PPL,15,,0,,,1
2376656,Silla Ouorgo,Silla Ouorgo,16.12258,-13.59198,PPL,15,,0,,,1
2245573,Sillakounda,Sillakounda,12.5988,-12.3835,PPL,17,,0,,,1
2245571,Sillakounda Diakha,Sillakounda Diakha,12.6441,-12.1235,PPL,17,,0,,,1
2245558,Silmane,Silmane,14.76667,-16.91667,PPL,07,,0,,,1
2245557,Silorou,Silorou,14.60077,-12.83215,PPL,15,,0,,,1
2245555,Simakounda,Simakounda,12.58417,-15.50028,PPL,18,,0,,,1
2245554,Simal,Simal,14.14958,-16.63577,PPL,09,,0,,,1
2245552,Simbandi Balant,Simbandi Balant,12.55417,-15.78139,PPL,18,,0,,,1
2245551,Simbandi Brassou,Simbandi Brassou,12.62333,-15.51889,PPL,18,,0,,,1
2245550,Simbani,Simbani,13.56667,-13.35,PPL,05,,0,,,1
2245549,Simbar,Simbar,13.31667,-14.76667,PPL,11,,0,,,1
2245548,Simbara,Simbara,13.96667,-15.63333,PPL,16,,0,,,1
2245547,Simbi,Simbi,13.16667,-14.3,PPL,11,,0,,,1
2245546,Simenti,Simenti,13.03333,-13.3,PPL,05,,0,,,1
13658018,Simong Bambara,Simong Bambara,13.82336,-16.29259,PPL,09,2251792,0,,,1
2245542,Simong Diène,Simong Diene,13.75994,-16.39012,PPL,09,,0,,,1
2245541,Simong Hamdallaye,Simong Hamdallaye,13.65068,-16.38098,PPL,09,,0,,,1
2245540,Sina,Sina,12.53778,-15.60333,PPL,18,,0,,,1
2245539,Sinalla,Sinalla,13.95,-15.71667,PPL,16,,0,,,1
13658752,Sindamak,Sindamak,13.01222,-16.29802,PPL,12,2253903,0,,,1
2245537,Sindia,Sindia,14.58294,-17.0347,PPL,07,,0,,,1
2595405,Sindia Kafngoun,Sindia Kafngoun,14.56559,-17.03113,PPL,07,,0,,,1
2595404,Sindia Lorom,Sindia Lorom,14.57426,-17.02993,PPL,07,,0,,,1
2245536,Sindialong,Sindialong,12.82917,-16.02194,PPL,12,,0,,,1
2245535,Sindian,Sindian,12.96306,-16.18194,PPL,12,,0,,,1
13507010,Sindiane,Sindiane,14.68819,-16.49601,PPL,03,2254315,0,,,2
13507268,Sindiane,Sindiane,14.54859,-16.1925,PPL,09,7670866,0,,,2
2245534,Sindina,Sindina,12.61667,-15.83333,PPL,18,,0,,,1
13508987,Sindiègne Sérèr,SindiegneSerer,14.29816,-16.01469,PPL,10,10778869,0,,,1
13509026,Sindiègne Walo,SindiegneWalo,14.29107,-16.01708,PPL,10,10778869,0,,,1
2245533,Sindou,Sindou,14.74842,-12.84533,PPL,15,,0,,,1
2245527,Sine,Sine,15.25,-16.0,PPL,13,,0,,,4
2245528,Sine,Sine,14.66667,-16.81667,PPL,07,,0,,,4
2245529,Sine,Sine,13.86667,-15.63333,PPL,16,,0,,,4
2245530,Sine,Sine,13.68333,-15.53333,PPL,10,,0,,,4
2245524,Sine Altéré,Sine Altere,15.45,-16.48333,PPL,13,,0,,,1
2595932,Sine Bakar Diop,Sine Bakar Diop,14.93669,-17.05182,PPLX,07,,0,,,1
2245522,Sine Bilali,Sine Bilali,12.85361,-15.00972,PPL,11,,0,,,1
2245519,Sine Gueye,Sine Gueye,15.46667,-16.56667,PPL,13,,0,,,1
2245517,Sine Kane,Sine Kane,15.177,-16.7424,PPL,07,,0,,,1
2245516,Sine Lèye Kane,Sine Leye Kane,15.0087,-16.5202,PPL,07,,0,,,1
2245515,Sine Makoumba,Sine Makoumba,15.0057,-16.4883,PPL,07,,0,Pulaar/Fulani,clan/family name root,1
2245513,Sine Moktar,Sine Moktar,13.85,-14.98333,PPL,16,,0,,,1
2245512,Sine Ouad,Sine Ouad,15.7,-16.31667,PPL,13,,0,,,1
2245523,Sinebakeur,Sinebakeur,14.93333,-17.03333,PPL,07,,0,,,1
2245520,Sinedone,Sinedone,12.60222,-16.07722,PPL,12,,0,,,1
2245583,Sing,Sing,14.26797,-16.5846,PPL,09,,0,,,1
2245497,Sing Boyar,SingBoyar,14.27648,-16.65367,PPL,09,,0,,,1
2245508,Sing Sing,Sing Sing,14.16533,-16.12272,PPL,10,,0,,,1
2245510,Singalène,Singalene,12.49833,-16.53806,PPL,12,,0,,,1
2245509,Singop Tilidji,Singop Tilidji,12.46389,-15.73389,PPL,18,,0,,,1
2245507,Singuèr,Singuer,12.67139,-15.91,PPL,18,,0,,,1
2245505,Singuère,Singuere,12.53639,-15.94556,PPL,18,,0,,,2
2245506,Singuère,Singuere,12.5225,-15.92361,PPL,18,,0,,,2
2245504,Sinndabou,Sinndabou,12.7,-14.93333,PPL,11,,0,,,1
2245503,Sinndiane,Sinndiane,13.96667,-15.91667,PPL,10,,0,,,1
2245502,Sinndiane Kibik,Sinndiane Kibik,14.48333,-16.85,PPL,07,,0,,,1
2245500,Sinne,Sinne,15.2,-16.36667,PPL,07,,0,,,1
2245499,Sinngoumbo Sal,Sinngoumbo Sal,14.78333,-15.86667,PPL,03,,0,,,1
2245496,Sinnki Sambadao,Sinnki Sambadao,13.71667,-14.21667,PPL,05,,0,,,1
2245495,Sinnki Souméta,Sinnki Soumeta,13.6,-14.46667,PPL,05,,0,,,1
2245492,Sinnsan Sambakourou,Sinnsan Sambakourou,13.36667,-13.6,PPL,05,,0,,,1
2245491,Sinntia Demba,Sinntia Demba,12.75,-13.85,PPL,11,,0,Pulaar/Fulani,clan/family name root,1
2245490,Sinntia Diaye,Sinntia Diaye,12.88333,-13.96667,PPL,11,,0,,,1
2245489,Sinntial Maboubé,Sinntial Maboube,14.23333,-13.35,PPL,05,,0,,,1
2245429,Sinntiou Bakari,Sinntiou Bakari,13.98047,-12.82296,PPL,05,,0,,,1
2245424,Sinntiou Bankou,Sinntiou Bankou,13.4634,-12.8345,PPL,05,,0,,,1
2245391,Sinntiou Diohé,Sinntiou Diohe,14.12205,-12.44691,PPL,05,,0,,,1
2245382,Sinntiou Faoura,Sinntiou Faoura,13.33836,-12.92977,PPL,05,,0,,,1
2245377,Sinntiou Foulbé,Sinntiou Foulbe,13.98356,-12.74256,PPL,05,,0,,,1
2245375,Sinntiou Galo,Sinntiou Galo,13.39645,-12.45101,PPL,05,,0,,,1
2245372,Sinntiou Gaya,Sinntiou Gaya,13.9105,-12.86464,PPL,05,,0,,,1
2245365,Sinntiou Hara,Sinntiou Hara,13.96626,-12.81568,PPL,05,,0,,,1
2245364,Sinntiou Hiérikounda Kinndéméri,Sinntiou Hierikounda Kinndemeri,13.47122,-12.52945,PPL,05,,0,,,1
2245354,Sinntiou Kotié,Sinntiou Kotie,13.40419,-12.86592,PPL,05,,0,,,1
2245352,Sinntiou Maka,Sinntiou Maka,13.55155,-12.28426,PPL,05,,0,,,1
2245488,Sinntiou Nguérane,Sinntiou Nguerane,14.1,-14.93333,PPL,16,,0,,,1
2245325,Sinntiou Omar Lilé,Sinntiou Omar Lile,14.20545,-12.77358,PPL,05,,0,,,1
2245315,Sinntiou Saga,Sinntiou Saga,13.62852,-12.82666,PPL,05,,0,,,1
2245313,Sinntiou Salo,Sinntiou Salo,13.40332,-12.49736,PPL,05,,0,,,1
2245298,Sinntiou Toura,Sinntiou Toura,13.98677,-12.809,PPL,05,,0,,,1
2245296,Sinntiou Vélinngara,Sinntiou Velinngara,13.55454,-12.12151,PPL,05,,0,,,1
2245397,Sinntiou-Dianké-Makam,Sinntiou-Dianke-Makam,13.42845,-12.86546,PPL,05,,0,,,1
2245347,Sinntiou-Mamadou,Sinntiou-Mamadou,13.51166,-12.53393,PPL,05,,0,,,1
13504555,Sinou Khali,SinouKhali,14.95743,-16.78453,PPL,07,2244388,0,,,1
2245485,Sinou Madiaga,Sinou Madiaga,15.18333,-16.63333,PPL,07,,0,,,1
2245484,Sinou Pek,Sinou Pek,15.43333,-16.36667,PPL,13,,0,,,1
2245483,Sinou Yoro,Sinou Yoro,15.16667,-16.46667,PPL,07,,0,,,1
2245486,Sinoubar,Sinoubar,15.76667,-16.11667,PPL,13,,0,,,1
13554678,Sinthie Mor Aminta,SinthieMorAminta,14.13702,-15.07627,PPL,16,10778872,0,,,1
2245482,Sinthié Faraba,Sinthie Faraba,14.23333,-15.06667,PPL,16,,0,Pulaar/Fulani,clan/family name root,1
6611634,Sintian Dioudé,Sintian Dioude,15.40111,-12.93583,PPL,15,,0,,,1
2245481,Sintiane,Sintiane,14.4795,-17.02089,PPL,07,,0,,,1
2595390,Sintiane Sérère,Sintiane Serere,14.47817,-17.01567,PPL,07,,0,,,1
2245437,Sintiou Adar,Sintiou Adar,14.05,-15.05,PPL,16,,0,,,1
2245436,Sintiou Alassané,Sintiou Alassane,14.14901,-12.64832,PPL,05,,0,,,1
2245435,Sintiou Amadou Mariama,Sintiou Amadou Mariama,16.14582,-13.72659,PPL,14,,0,,,1
2245434,Sintiou Amal Ali,Sintiou Amal Ali,14.13333,-13.63333,PPL,05,,0,,,1
2245433,Sintiou Amat Modi,Sintiou Amat Modi,14.38333,-13.03333,PPL,05,,0,,,1
2245432,Sintiou Baba,Sintiou Baba,13.93333,-14.55,PPL,05,,0,Pulaar/Fulani,clan/family name root,2
6647990,Sintiou Baba,Sintiou Baba,14.24702,-12.79143,PPL,05,,0,Pulaar/Fulani,clan/family name root,2
6647945,Sintiou Bacary,Sintiou Bacary,14.00755,-12.95472,PPL,05,,0,,,1
2245418,Sintiou Bakar Ali,Sintiou Bakar Ali,14.07327,-12.92671,PPL,05,,0,,,1
2245427,Sintiou Bamambé,Sintiou Bamambe,15.36736,-13.13471,PPL,15,,13823,,,1
2245425,Sintiou Bamba,Sintiou Bamba,13.81667,-15.25,PPL,16,,0,Pulaar/Fulani,clan/family name root,2
2245426,Sintiou Bamba,Sintiou Bamba,13.11667,-15.15,PPL,11,,0,Pulaar/Fulani,clan/family name root,2
2245423,Sintiou Bara,Sintiou Bara,15.70621,-13.38074,PPL,15,,0,,,1
2245422,Sintiou Barinabé,Sintiou Barinabe,14.18333,-13.6,PPL,05,,0,,,1
2245421,Sintiou Bay Ladji,Sintiou Bay Ladji,14.14851,-12.73436,PPL,05,,0,,,1
2245430,Sintiou Baïti,Sintiou Baiti,15.7,-16.35,PPL,13,,0,,,1
2245420,Sintiou Bilali,Sintiou Bilali,14.3,-13.51667,PPL,05,,0,,,1
6647948,Sintiou Bocar Samb,Sintiou Bocar Samb,14.04905,-12.94073,PPL,05,,0,,,1
6647991,Sintiou Bodel,Sintiou Bodel,14.22802,-12.77655,PPL,05,,0,,,1
2245419,Sintiou Bogguel,Sintiou Bogguel,16.0199,-13.84135,PPL,14,,0,,,1
2245416,Sintiou Bokar Ali,Sintiou Bokar Ali,14.23333,-13.56667,PPL,05,,0,,,1
2245414,Sintiou Bokar Kobor,Sintiou Bokar Kobor,14.08333,-13.18333,PPL,05,,0,,,1
2245413,Sintiou Boto,Sintiou Boto,12.95,-14.18333,PPL,11,,0,,,1
2245411,Sintiou Boubou,Sintiou Boubou,14.15351,-12.65512,PPL,05,,0,,,1
2245412,Sintiou Bouma,Sintiou Bouma,15.18333,-16.61667,PPL,07,,0,,,1
2376651,Sintiou Boummaka,Sintiou Boummaka,16.11231,-13.61194,PPL,15,,0,,,1
2245410,Sintiou Boyénadji,Sintiou Boyenadji,15.64714,-13.34305,PPL,15,,0,,,1
2245409,Sintiou Damba,Sintiou Damba,13.91667,-13.9,PPL,05,,0,Pulaar/Fulani,clan/family name root,1
2245408,Sintiou Dangdé,Sintiou Dangde,16.57215,-14.34206,PPL,14,,0,,,1
2245392,Sintiou Demba,Sintiou Demba,14.20286,-12.76392,PPL,05,,0,Pulaar/Fulani,clan/family name root,3
2245393,Sintiou Demba,Sintiou Demba,14.15652,-12.75199,PPL,05,,0,Pulaar/Fulani,clan/family name root,3
2245406,Sintiou Demba,Sintiou Demba,14.4,-13.05,PPL,05,,0,Pulaar/Fulani,clan/family name root,3
2245405,Sintiou Demba Saïdou,Sintiou Demba Saidou,14.03333,-13.4,PPL,05,,0,,,1
2245404,Sintiou Dembaya,Sintiou Dembaya,13.68333,-14.51667,PPL,05,,0,,,1
2245403,Sintiou Dené Ndao,Sintiou Dene Ndao,14.1,-14.21667,PPL,05,,0,,,1
2252836,Sintiou Dialiguel,Sintiou Dialiguel,14.56047,-12.20303,PPL,05,,0,,,1
2245401,Sintiou Dialo,Sintiou Dialo,13.75,-13.78333,PPL,05,,0,,,1
2245402,Sintiou Dialégué,Sintiou Dialegue,13.85,-13.86667,PPL,05,,0,,,1
2245400,Sintiou Diamal,Sintiou Diamal,13.81667,-15.66667,PPL,16,,0,,,1
2245399,Sintiou Diamdioro,Sintiou Diamdioro,16.08086,-13.50762,PPL,15,,0,,,1
2245398,Sintiou Diamé,Sintiou Diame,13.51667,-14.26667,PPL,05,,0,,,1
2245396,Sintiou Diara,Sintiou Diara,13.9,-13.48333,PPL,05,,0,,,1
2245394,Sintiou Dimbé,Sintiou Dimbe,13.83333,-15.41667,PPL,16,,0,,,1
2245390,Sintiou Diokou,Sintiou Diokou,15.55,-16.4,PPL,13,,0,,,1
2245389,Sintiou Diolo,Sintiou Diolo,13.85,-14.11667,PPL,05,,0,,,1
2245438,Sintiou Diongui,Sintiou Diongui,16.16883,-13.99128,PPL,14,,0,,,1
2245387,Sintiou Dioye,Sintiou Dioye,14.4688,-12.24296,PPL,05,,0,,,1
2245395,Sintiou Diéli,Sintiou Dieli,14.41667,-13.16667,PPL,05,,0,,,1
2245385,Sintiou Doubel,Sintiou Doubel,14.31667,-13.41667,PPL,05,,0,,,1
2245386,Sintiou Doubé,Sintiou Doube,14.18203,-12.76232,PPL,05,,0,,,1
2245384,Sintiou Dourinabé,Sintiou Dourinabe,14.26667,-13.53333,PPL,05,,0,,,1
2245407,Sintiou Déboukoulé,Sintiou Deboukoule,14.63497,-12.15084,PPL,05,,0,,,1
2245383,Sintiou Eré Siré,Sintiou Ere Sire,14.10427,-12.64591,PPL,05,,0,,,1
2245381,Sintiou Faragbé,Sintiou Faragbe,16.03282,-14.01262,PPL,14,,0,,,1
2245380,Sintiou Fas,Sintiou Fas,14.06667,-14.51667,PPL,05,,0,,,1
2245379,Sintiou Fass,Sintiou Fass,13.9,-14.16667,PPL,05,,0,,,1
2245378,Sintiou Fissa,Sintiou Fissa,14.38823,-12.37104,PPL,05,,0,,,1
2245376,Sintiou Gadéri,Sintiou Gaderi,13.63333,-13.06667,PPL,05,,0,,,1
2245374,Sintiou Ganiado,Sintiou Ganiado,14.21667,-13.73333,PPL,05,,0,,,1
6644103,Sintiou Garba,Sintiou Garba,15.51116,-13.26542,PPL,15,,0,Pulaar/Fulani,clan/family name root,1
2245371,Sintiou Gnani,Sintiou Gnani,15.55,-16.51667,PPL,13,,0,,,1
2245368,Sintiou Godaguèn,SintiouGodaguen,14.45915,-16.79215,PPL,07,,0,,,1
2245370,Sintiou Godiouol,Sintiou Godiouol,13.9,-13.51667,PPL,05,,0,,,1
2245369,Sintiou Godor Sow,Sintiou Godor Sow,14.1,-14.2,PPL,05,,0,,,1
2245367,Sintiou Gourou,Sintiou Gourou,13.83333,-13.56667,PPL,05,,0,,,1
2245366,Sintiou Guèye,Sintiou Gueye,15.31667,-16.6,PPL,13,,0,,,1
2245363,Sintiou Idi,Sintiou Idi,14.25489,-12.80553,PPL,05,,0,,,1
2245362,Sintiou Kafate,Sintiou Kafate,14.11667,-14.9,PPL,16,,0,,,1
2245361,Sintiou Kagnoubé,Sintiou Kagnoube,13.16667,-13.08333,PPL,05,,0,,,1
2245360,Sintiou Kanène,Sintiou Kanene,15.36667,-16.16667,PPL,13,,0,,,1
2245359,Sintiou Kilimane,Sintiou Kilimane,13.81667,-15.4,PPL,16,,0,,,1
2245357,Sintiou Kolinka,Sintiou Kolinka,13.65,-13.91667,PPL,05,,0,,,1
2245356,Sintiou Kolonto,Sintiou Kolonto,13.78333,-14.71667,PPL,05,,0,,,1
2245355,Sintiou Kotiari,Sintiou Kotiari,13.7,-13.55,PPL,05,,0,,,1
2245358,Sintiou Koèl,Sintiou Koel,13.73333,-15.63333,PPL,10,,0,,,1
13554113,Sintiou Kéba,SintiouKeba,14.35225,-15.1322,PPL,16,10778871,0,Pulaar/Fulani,clan/family name root,1
2245353,Sintiou Lotoké,Sintiou Lotoke,15.46667,-13.28333,PPL,15,,0,,,1
2245349,Sintiou Maka,Sintiou Maka,14.17774,-12.61112,PPL,05,,0,,,3
2245350,Sintiou Maka,Sintiou Maka,14.13325,-12.71096,PPL,05,,0,,,3
2245351,Sintiou Maka,Sintiou Maka,13.83333,-13.13333,PPL,05,,0,,,3
2245348,Sintiou Malèm,Sintiou Malem,13.81667,-13.91667,PPL,05,,0,,,1
2245346,Sintiou Mamadou Boubou,Sintiou Mamadou Boubou,14.27744,-12.80942,PPL,05,,0,,,1
2245345,Sintiou Mamadou Siré,Sintiou Mamadou Sire,14.01194,-12.78996,PPL,05,,0,,,1
2245344,Sintiou Mamar Mbaye,Sintiou Mamar Mbaye,13.7,-15.81667,PPL,10,,0,,,1
2245343,Sintiou Mamout,Sintiou Mamout,13.85,-15.98333,PPL,10,,0,,,1
2245342,Sintiou Mandar,Sintiou Mandar,13.9,-15.48333,PPL,16,,0,,,1
2245341,Sintiou Maniki,Sintiou Maniki,13.51667,-14.21667,PPL,05,,0,,,1
2245340,Sintiou Marsé,Sintiou Marse,15.45953,-13.27151,PPL,15,,0,,,1
2245337,Sintiou Mbadane,Sintiou Mbadane,14.4021,-16.91164,PPL,07,,0,,,1
13507329,Sintiou Mbadane Peul,SintiouMbadanePeul,14.41187,-16.93246,PPL,07,2248478,0,,,1
2245335,Sintiou Meïssa,Sintiou Meissa,15.5942,-16.4497,PPL,13,,0,,,1
2245333,Sintiou Missira,Sintiou Missira,13.75,-15.96667,PPL,10,,0,,,1
2245332,Sintiou Modi,Sintiou Modi,13.61667,-13.75,PPL,05,,0,,,1
2245331,Sintiou Mogo,Sintiou Mogo,15.68609,-13.3742,PPL,15,,0,,,1
13554699,Sintiou Mor Sokhna,SintiouMorSokhna,14.00023,-15.36021,PPL,16,2251008,0,,,1
2245329,Sintiou Mour,Sintiou Mour,15.31667,-16.48333,PPL,13,,0,,,2
2245330,Sintiou Mour,Sintiou Mour,13.93333,-15.96667,PPL,10,,0,,,2
2245339,Sintiou Mâyél,Sintiou Mayel,13.88333,-13.86667,PPL,05,,0,,,1
2245336,Sintiou Médina,Sintiou Medina,13.48333,-14.3,PPL,05,,0,,,1
2245334,Sintiou Mérina,Sintiou Merina,15.63333,-16.43333,PPL,13,,0,,,1
2245328,Sintiou Naba,Sintiou Naba,13.75,-13.61667,PPL,05,,0,Pulaar/Fulani,clan/family name root,1
2245327,Sintiou Ndiobène,Sintiou Ndiobene,15.73333,-16.36667,PPL,13,,0,,,1
2245326,Sintiou Ndiol,Sintiou Ndiol,15.58333,-16.48333,PPL,13,,0,,,1
2245324,Sintiou Ouakha,Sintiou Ouakha,15.1,-16.86667,PPL,07,,0,,,1
2245323,Sintiou Oumar Diara,Sintiou Oumar Diara,13.98333,-13.58333,PPL,05,,0,,,1
2245322,Sintiou Oumarou,Sintiou Oumarou,13.71667,-13.6,PPL,05,,0,,,1
2245321,Sintiou Paté,Sintiou Pate,13.85,-15.13333,PPL,16,,0,,,1
2245320,Sintiou Pénaga,Sintiou Penaga,16.43393,-14.38685,PPL,14,,0,,,1
2245316,Sintiou Sadiali,Sintiou Sadiali,13.81667,-14.08333,PPL,05,,0,,,1
2245314,Sintiou Sali,Sintiou Sali,13.88333,-14.9,PPL,16,,0,,,1
2245312,Sintiou Samba Diallo,Sintiou Samba Diallo,13.53333,-14.35,PPL,05,,0,Pulaar/Fulani,clan/family name root,1
2245307,Sintiou Samba Ndiardé,Sintiou Samba Ndiarde,14.34573,-12.3576,PPL,05,,0,,,1
2245311,Sintiou Samba Toulou,Sintiou Samba Toulou,14.1,-13.83333,PPL,05,,0,,,1
2245310,Sintiou Sanbassira,Sintiou Sanbassira,13.51667,-14.2,PPL,05,,0,,,1
2245309,Sintiou Sapane,Sintiou Sapane,14.16667,-14.41667,PPL,05,,0,,,1
6648006,Sintiou Seydou Ndoula,Sintiou Seydou Ndoula,14.30444,-12.45631,PPL,05,,0,,,1
2245308,Sintiou Sileye,Sintiou Sileye,14.76054,-12.9933,PPL,15,,0,,,1
2245306,Sintiou Soufa,Sintiou Soufa,13.66667,-13.96667,PPL,05,,0,,,1
2245305,Sintiou Tapsirou,Sintiou Tapsirou,14.3767,-12.82594,PPL,05,,0,,,1
2596064,Sintiou Thirmoye,Sintiou Thirmoye,15.98361,-16.31556,PPL,14,,0,,,1
2245304,Sintiou Tiako,Sintiou Tiako,13.95,-15.7,PPL,16,,0,,,1
2245303,Sintiou Tiambala,Sintiou Tiambala,15.11667,-16.3,PPL,07,,0,,,1
2245302,Sintiou Tiamène,Sintiou Tiamene,13.8,-15.93333,PPL,10,,0,,,1
2245301,Sintiou Tiapato,Sintiou Tiapato,13.9,-13.68333,PPL,05,,0,,,1
2245300,Sintiou Tiarigne,Sintiou Tiarigne,15.58333,-16.41667,PPL,13,,0,,,1
2245299,Sintiou Tierno,Sintiou Tierno,13.6,-13.45,PPL,05,,0,,,1
2245297,Sintiou Vanar,Sintiou Vanar,13.88333,-15.63333,PPL,16,,0,,,1
2245295,Sintiou Yalabé,Sintiou Yalabe,14.33333,-13.71667,PPL,05,,0,,,1
2245293,Sintiou Yoro Mbaye,Sintiou Yoro Mbaye,14.19573,-12.34482,PPL,05,,0,,,1
2245294,Sintiou Yérédé,Sintiou Yerede,13.7,-13.43333,PPL,05,,0,,,1
2245317,Sintiouroudissi,Sintiouroudissi,12.46667,-12.46667,PPL,17,,0,,,1
2245480,Sintiân,Sintian,15.49724,-13.21206,PPL,15,,0,,,2
8463944,Sintiân,Sintian,15.82159,-13.46213,PPL,15,,0,,,2
2245479,Sintiân Abdoulaye,Sintian Abdoulaye,12.8,-14.73333,PPL,11,,0,,,1
2245478,Sintiân Abib,Sintian Abib,12.86667,-14.21667,PPL,11,,0,,,1
2245477,Sintiân Alanzo,Sintian Alanzo,13.13333,-13.98333,PPL,11,,0,,,1
2245476,Sintiân Daouadi,Sintian Daouadi,14.2,-13.93333,PPL,05,,0,,,1
2245475,Sintiân Diaè,Sintian Diae,13.03333,-14.45,PPL,11,,0,,,1
2245474,Sintiân Diobo,Sintian Diobo,12.8,-14.33333,PPL,11,,0,,,1
2245472,Sintiân Douldé,Sintian Doulde,13.31667,-13.85,PPL,11,,0,,,1
2245473,Sintiân Doué,Sintian Doue,12.75,-13.28333,PPL,05,,0,,,1
2245471,Sintiân Fodé,Sintian Fode,13.21667,-13.86667,PPL,11,,0,,,1
2245470,Sintiân Gana Boiro,Sintian Gana Boiro,12.75,-14.7,PPL,11,,0,,,1
2245469,Sintiân Goundo,Sintian Goundo,13.05,-14.53333,PPL,11,,0,,,1
2245468,Sintiân Irodi,Sintian Irodi,12.71667,-13.76667,PPL,11,,0,,,1
2245465,Sintiân Koba,Sintian Koba,12.95,-14.23333,PPL,11,,0,Pulaar/Fulani,clan/family name root,1
2245464,Sintiân Koli,Sintian Koli,12.78333,-14.25,PPL,11,,0,,,1
2245462,Sintiân Koumba Diouma,Sintian Koumba Diouma,13.15,-13.95,PPL,11,,0,,,1
2245467,Sintiân Kéléfa,Sintian Kelefa,12.81667,-14.25,PPL,11,,0,,,1
2245466,Sintiân Kénadi,Sintian Kenadi,12.91667,-13.8,PPL,11,,0,,,1
2245461,Sintiân Labé,Sintian Labe,13.15,-13.48333,PPL,05,,0,,,1
6644085,Sintiân Lambé,Sintian Lambe,15.49743,-13.2694,PPL,15,,0,,,1
2245460,Sintiân Lountan,Sintian Lountan,12.98333,-14.28333,PPL,11,,0,,,1
2245459,Sintiân Madou,Sintian Madou,12.75,-13.75,PPL,11,,0,,,1
2245458,Sintiân Mandi,Sintian Mandi,12.85,-14.21667,PPL,11,,0,,,1
2245457,Sintiân Maoundé,Sintian Maounde,12.85,-14.13333,PPL,11,,0,,,1
2245455,Sintiân Nafa,Sintian Nafa,12.78333,-13.83333,PPL,11,,0,,,1
2245454,Sintiân Paté,Sintian Pate,13.0,-13.91667,PPL,11,,0,,,1
2245453,Sintiân Samba,Sintian Samba,12.73333,-13.88333,PPL,11,,0,Pulaar/Fulani,clan/family name root,1
2245452,Sintiân Samba Foula,Sintian Samba Foula,13.23333,-13.81667,PPL,11,,0,,,1
2245451,Sintiân Sambaoulé,Sintian Sambaoule,12.8,-14.03333,PPL,11,,0,,,1
2245450,Sintiân Sana,Sintian Sana,12.7,-13.88333,PPL,11,,0,,,1
2245449,Sintiân Sara,Sintian Sara,12.81667,-14.76667,PPL,11,,0,,,1
2245448,Sintiân Sili,Sintian Sili,12.95,-13.35,PPL,05,,0,,,1
2245447,Sintiân Sora,Sintian Sora,13.23333,-13.86667,PPL,11,,0,,,1
2245446,Sintiân Sori,Sintian Sori,12.88333,-13.68333,PPL,11,,0,,,1
2245445,Sintiân Tamalel,Sintian Tamalel,13.1,-13.96667,PPL,11,,0,,,1
2245444,Sintiân Tamba,Sintian Tamba,13.36667,-14.86667,PPL,11,,0,Pulaar/Fulani,clan/family name root,1
2245443,Sintiân Woumbé,Sintian Woumbe,12.93333,-14.93333,PPL,11,,0,,,1
2245442,Sintiân Yéro,Sintian Yero,13.11667,-13.93333,PPL,11,,0,,,1
6917792,Sintye Roudji,Sintye Roudji,12.5411,-12.2179,PPL,17,,0,,,1
2245531,Siné,Sine,13.58333,-13.91667,PPL,05,,0,,,1
13504780,Siné Cissé,SineCisse,14.75639,-16.73414,PPL,07,2244804,0,,,1
2245518,Siné Kane,Sine Kane,15.11667,-16.66667,PPL,07,,0,,,1
2245514,Siné Mbarik,Sine Mbarik,15.13333,-16.63333,PPL,07,,0,,,1
2571790,Sioual,Sioual,13.16402,-16.16004,PPL,12,,0,,,1
2245291,Siouel,Siouel,15.98333,-13.65,PPL,15,,0,,,1
2245289,Siouré,Sioure,16.45136,-14.14336,PPL,14,,0,,,1
2245287,Sipane,Sipane,14.621,-16.93705,PPL,07,,0,,,2
2245288,Sipane,Sipane,14.61667,-15.93333,PPL,03,,0,,,2
13508556,Sipder,Sipder,14.32934,-16.30332,PPL,09,7670866,0,,,1
2245286,Sipo,Sipo,13.75118,-16.50962,PPL,09,,0,,,1
2245285,Sira,Sira,14.73177,-12.51831,PPL,05,,0,,,1
6647977,Sira Doundou Barka,Sira Doundou Barka,14.70997,-12.53316,PPL,05,,0,,,1
13658760,Sirantore,Sirantore,13.14784,-16.07877,PPL,12,2253903,0,,,1
2245281,Sirman Diala,Sirman Diala,13.85,-13.91667,PPL,05,,0,,,1
2245282,Sirmang,Sirmang,13.62229,-16.40101,PPL,09,,0,,,1
2245283,Sirou Ouro,Sirou Ouro,15.69849,-13.39815,PPL,15,,0,,,1
2245280,Sisal,Sisal,12.85,-14.93333,PPL,11,,0,,,1
2245279,Sissao,Sissao,13.68333,-14.03333,PPL,05,,0,,,1
13506753,Sissis,Sissis,14.537,-16.59854,PPL,07,2248478,0,,,1
2245278,Sissékounda,Sissekounda,13.56667,-14.43333,PPL,05,,0,,,1
2245277,Sita,Sita,13.08333,-15.9,PPL,18,,0,,,2
13658787,Sita,Sita,13.06828,-16.22468,PPL,12,2253903,0,,,2
2245276,Sitaba,Sitaba,12.83278,-15.52194,PPL,18,,0,Pulaar/Fulani,clan/family name root,1
2245275,Sitabanta,Sitabanta,14.10818,-12.20461,PPL,05,,0,,,1
2245273,Sitadian,Sitadian,13.85,-13.86667,PPL,05,,0,,,1
2245272,Sitakourou,Sitakourou,13.63333,-14.33333,PPL,05,,0,,,1
2245270,Sitaoulé,Sitaoule,13.4,-13.48333,PPL,05,,0,,,1
2245269,Sitaoulé Bouré Kamara,Sitaoule Boure Kamara,13.63333,-13.71667,PPL,05,,0,,,1
2245268,Sitaoulé Yéradiala,Sitaoule Yeradiala,13.65,-13.7,PPL,05,,0,,,1
2245265,Sitikène,Sitikene,13.03474,-16.20596,PPL,12,,0,,,1
2245267,Sitokoto,Sitokoto,13.76667,-13.73333,PPL,05,,0,,,1
13505375,Sitor,Sitor,14.89332,-16.4688,PPL,03,2254315,0,,,1
2245266,Sitouama,Sitouama,13.36667,-13.0,PPL,05,,0,,,1
2245263,Sival,Sival,15.48333,-16.36667,PPL,13,,0,,,2
2245264,Sival,Sival,14.92854,-15.51289,PPL,13,,0,,,2
2245261,Sivi Abé,Sivi Abe,14.71667,-13.7,PPL,15,,0,,,1
2245260,Siviabé,Siviabe,15.26667,-13.9,PPL,15,,0,,,1
2245259,Sivol,Sivol,15.2225,-15.5397,PPL,13,,0,,,1
2245292,Siwal,Siwal,14.1611,-15.30606,PPL,16,,0,,,1
2245258,Siwiabé,Siwiabe,14.44059,-12.79341,PPL,05,,0,,,1
2593139,Siwo,Siwo,13.90778,-16.65358,PPL,09,,0,,,1
2245257,Siwol,Siwol,13.6,-15.66667,PPL,10,,0,,,1
2245587,Sièr,Sier,16.06778,-15.89833,PPL,14,,0,,,2
2245588,Sièr,Sier,16.06917,-15.68611,PPL,14,,0,,,2
2245590,Siéno,Sieno,15.18333,-16.35,PPL,07,,0,,,1
2245586,Siét Aoua,Siet Aoua,13.98333,-15.75,PPL,16,,0,,,1
2245211,Sob,Sob,14.48876,-16.44156,PPL,09,,0,,,3
13509010,Sob,Sob,14.39978,-16.21662,PPL,09,7670866,0,,,3
13509332,Sob,Sob,14.1206,-16.22453,PPL,10,2250807,0,,,3
13509006,Sob Yédim,SobYedim,14.29298,-16.16077,PPL,10,2250807,0,,,1
2245254,Sobel,Sobel,14.25,-14.63333,PPL,16,,0,,,1
2245251,Sobo,Sobo,12.66667,-12.31667,PPL,17,,0,,,1
2245250,Sobouldé,Soboulde,13.16667,-15.1,PPL,11,,0,,,1
2245253,Sobèm,Sobem,14.40144,-16.45658,PPL,09,,0,,,1
2245252,Sobène,Sobene,14.65,-16.35,PPL,03,,0,,,1
2245248,Sodiankounda,Sodiankounda,13.11667,-15.93333,PPL,11,,0,,,1
6586390,Sodjoré,Sodjore,12.42147,-11.97866,PPL,17,,0,,,1
6647984,Sohol,Sohol,14.46356,-12.78424,PPL,05,,0,,,1
2245244,Sokano,Sokano,14.77471,-16.36809,PPL,03,,0,,,1
2245242,Sokodou,Sokodou,12.56667,-12.75,PPL,17,,0,,,1
2245241,Sokone,Sokone,13.87821,-16.3682,PPL,09,,14745,,,1
2245238,Sokori,Sokori,15.4244,-15.943,PPL,13,,0,,,1
2245236,Solbok,Solbok,14.8,-15.86667,PPL,03,,0,,,1
2245235,Solibané,Solibane,13.26667,-13.88333,PPL,11,,0,,,1
2245234,Soliko,Soliko,12.65417,-15.35611,PPL,18,,0,,,1
2245233,Solmèo,Solmeo,15.3456,-15.5884,PPL,13,,0,,,1
2245232,Solobène,Solobene,13.13149,-16.02725,PPL,12,,0,,,1
2245228,Som,Som,15.344,-15.4625,PPL,13,,0,,,4
2245229,Som,Som,15.341,-15.3383,PPL,13,,0,,,4
2245230,Som,Som,15.3581,-15.3313,PPL,13,,0,,,4
2245231,Som,Som,13.9,-15.83333,PPL,10,,0,,,4
2245227,Soma,Soma,12.76667,-13.9,PPL,11,,0,,,1
2245225,Soma Mandé,Soma Mande,12.76667,-13.88333,PPL,11,,0,,,1
2245224,Somb,Somb,14.4242,-16.21293,PPL,09,,0,,,1
13554015,Somb Diaké,SombDiake,14.28464,-15.75608,PPL,16,10778870,0,,,1
13509000,Somb Nomade,SombNomade,14.41744,-16.22708,PPL,09,7670866,0,,,1
2245223,Sombadé,Sombade,15.4568,-15.1339,PPL,13,,0,,,1
13509075,Sombokhé,Sombokhe,14.41654,-16.07219,PPL,09,2251492,0,,,1
13505538,Sombéldou,Sombeldou,14.99877,-16.15343,PPL,13,2250660,0,,,1
2245222,Somone,Somone,14.48649,-17.07524,PPL,07,,5448,,,1
2245220,Somono,Somono,15.92958,-13.33512,PPL,15,,0,,,1
2245219,Sonako,Sonako,12.46417,-15.74944,PPL,18,,0,,,1
2245217,Sonfara,Sonfara,13.65328,-12.18207,PPL,05,,0,,,1
2245216,Songane,Songane,15.1,-16.1,PPL,13,,0,,,1
13508528,Songorma,Songorma,14.43706,-16.45868,PPL,09,7670866,0,,,1
13645344,Sonkheya,Sonkheya,12.46818,-11.4661,PPL,17,10779432,0,,,1
2245214,Sonkokounda,Sonkokounda,12.91667,-16.4,PPL,12,,0,,,1
2245213,Sonkoron,Sonkoron,13.78333,-15.55,PPL,10,,0,,,1
2245212,Sonkounkou,Sonkounkou,13.38499,-11.89314,PPL,05,,0,,,1
2245210,Sop,Sop,14.57457,-16.60676,PPL,07,,0,,,1
13645388,Sopade,Sopade,14.76548,-15.83976,PPL,03,2248699,0,,,1
2245209,Sor,Sor,16.02944,-16.47167,PPLX,14,,0,,,2
9781179,Sor,Sor,16.02894,-16.50483,PPL,14,,0,,,2
2596109,Sor-Marméal,Sor-Marmeal,16.02889,-16.48917,PPLX,14,,0,,,1
2596111,Sor-Nord,Sor-Nord,16.03668,-16.50413,PPLX,14,,0,,,1
2596110,Sor-Ouest Diowling,Sor-Ouest Diowling,16.02722,-16.49306,PPLX,14,,0,,,1
2245207,Sorange,Sorange,12.65806,-15.65361,PPL,18,,0,,,1
2245204,Soringo,Soringo,15.24111,-14.513,PPL,15,,0,,,1
2245203,Soringo Poular,Soringo Poular,15.44471,-13.12919,PPL,15,,0,,,1
2245202,Soringo Sébé,Soringo Sebe,15.44298,-13.13494,PPL,15,,0,,,1
2245201,Sorinngo Toucouleur,Sorinngo Toucouleur,15.43333,-13.11667,PPL,15,,0,,,1
2245194,Sorobougou,Sorobougou,14.21033,-16.70122,PPL,09,,0,,,1
2245200,Sorok,Sorok,14.6,-16.8,PPL,07,,0,,,1
2245195,Sorokh,Sorokh,14.47759,-16.34277,PPL,09,,0,,,3
2595409,Sorokh,Sorokh,14.54488,-17.05761,PPL,07,,0,,,3
2595551,Sorokh,Sorokh,14.74906,-17.1268,PPL,07,,0,,,3
2595410,Sorokh Khassab,Sorokh Khassab,14.53817,-17.06093,PPL,07,,0,,,1
2245199,Sorokogne,Sorokogne,14.17402,-15.49833,PPL,16,,0,,,1
2245197,Sorom,Sorom,13.96827,-16.31631,PPL,09,,0,,,1
13504722,Sorékh,Sorekh,14.88734,-16.61114,PPL,03,2254315,0,,,1
2245206,Soréto Saboussiré,Soreto Saboussire,13.4904,-11.90881,PPL,05,,0,,,1
2245193,Sossobé,Sossobe,15.00595,-13.47622,PPL,15,,0,,,1
13504647,Sotiane,Sotiane,14.78551,-16.69681,PPL,07,2244804,0,,,1
13554560,Soto,Soto,14.08768,-15.55486,PPL,16,2251008,0,,,1
2245192,Sotokoto Boulou,Sotokoto Boulou,13.65,-13.73333,PPL,05,,0,,,1
2245190,Sotokoye,Sotokoye,13.75,-15.61667,PPL,10,,0,,,2
2245191,Sotokoye,Sotokoye,13.65,-15.76667,PPL,10,,0,,,2
2245189,Souaki,Souaki,12.93778,-15.75056,PPL,18,,0,,,1
2245188,Souaré Kounda,Souare Kounda,13.68333,-13.98333,PPL,05,,0,,,1
2245187,Soubakounda,Soubakounda,13.58333,-14.08333,PPL,05,,0,,,1
2245186,Soubalo Mbouba,Soubalo Mbouba,16.20055,-14.01081,PPL,14,,4896,Pulaar/Fulani,clan/family name root,1
2245185,Soubanik,Soubanik,12.65,-12.86667,PPL,17,,0,,,1
2245184,Souboute,Souboute,12.49333,-15.69861,PPL,18,,0,,,1
2245183,Souda,Souda,12.78778,-16.02528,PPL,12,,0,,,1
2245181,Soudiane Bala,SoudianeBala,14.21968,-16.72034,PPL,09,,0,,,1
2245180,Soudiane Bambara,Soudiane Bambara,14.21667,-16.71667,PPL,09,,0,,,1
13509089,Soudiane Dimelé,SoudianeDimele,14.24487,-16.71128,PPL,09,7670866,0,,,1
2245179,Soudiane Loul,Soudiane Loul,14.2355,-16.70124,PPL,09,,0,,,1
11497853,Soudiane Loule,Soudiane Loule,14.2336,-16.68698,PPL,09,,0,,,1
13507319,Soudiane Ngangou,SoudianeNgangou,14.35695,-16.8059,PPL,07,2248478,0,,,1
13507453,Soudiane Sangâye,SoudianeSangaye,14.25316,-16.72002,PPL,09,7670866,0,,,1
13509080,Soudiane Tiélèm,SoudianeTielem,14.23099,-16.75054,PPL,07,2248478,0,,,1
2245178,Soudji,Soudji,14.45,-14.3,PPL,05,,0,,,1
2245113,Soudouta,Soudouta,13.80025,-12.71629,PPL,05,,0,,,1
2245174,Soudoutrou Aliguidibi,Soudoutrou Aliguidibi,15.9481,-14.6279,PPL,14,,0,,,1
2245173,Souduéli,Soudueli,13.43333,-14.95,PPL,11,,0,,,1
2245171,Souga,Souga,13.1,-15.85,PPL,18,,0,,,1
2245170,Souima,Souima,16.66,-14.96571,PPL,14,,0,,,1
13508571,Soukhoup,Soukhoup,14.28657,-16.26864,PPL,10,2250807,0,,,1
2245169,Soukhèm,Soukhem,14.45231,-16.79867,PPL,07,,0,,,1
2245168,Soukoto,Soukoto,12.99083,-15.13694,PPL,11,,0,,,1
2245164,Soukoundou,Soukoundou,15.7,-16.46667,PPL,13,,0,,,1
2245158,Soukouta,Soukouta,13.79369,-16.47598,PPL,09,,0,,,5
2245159,Soukouta,Soukouta,12.91167,-15.93306,PPL,18,,0,,,5
2245160,Soukouta,Soukouta,12.7486,-12.4647,PPL,17,,0,,,5
2245161,Soukouta,Soukouta,12.52389,-16.19722,PPL,12,,0,,,5
2250115,Soukouta,Soukouta,13.72617,-16.08505,PPL,10,,0,,,5
2245157,Soukouto,Soukouto,13.26667,-13.03333,PPL,05,,0,,,1
2245154,Soukoutoto,Soukoutoto,13.16667,-15.8,PPL,18,,0,,,3
2245155,Soukoutoto,Soukoutoto,12.82361,-15.59222,PPL,18,,0,,,3
2245156,Soukoutoto,Soukoutoto,12.7,-15.88333,PPL,18,,0,,,3
2245153,Soulabali,Soulabali,13.21667,-14.98333,PPL,11,,0,,,1
2595882,Soulouf,Soulouf,14.75633,-17.12149,PPL,07,,0,,,1
2245151,Soum,Soum,14.08179,-16.48127,PPL,09,,5044,,,1
13507048,Soum Nane,SoumNane,14.50968,-16.26105,PPL,09,7670866,0,,,1
2245149,Soumaniko,Soumaniko,13.04301,-12.52265,PPL,17,,0,,,1
2245145,Soumboundou,Soumboundou,12.95,-15.78333,PPL,18,,0,,,2
2245146,Soumboundou,Soumboundou,12.82222,-15.38944,PPL,18,,0,,,2
6648036,Soumbourou Daka,Soumbourou Daka,14.26112,-12.33809,PPL,05,,0,,,1
2245147,Soumbél,Soumbel,14.17382,-16.6941,PPL,09,,0,,,3
13507260,Soumbél,Soumbel,14.51454,-16.15579,PPL,09,2251492,0,,,3
13509028,Soumbél,Soumbel,14.30695,-16.06211,PPL,10,10778869,0,,,3
2245144,Soumoukounda,Soumoukounda,12.45139,-15.83056,PPL,18,,0,,,1
2245142,Soumtokolo,Soumtokolo,13.34524,-12.10582,PPL,17,,0,,,1
8430876,Soun,Soun,14.70844,-17.06182,PPL,07,,0,,,2
13505486,Soun,Soun,14.91863,-16.30984,PPL,03,2252312,0,,,2
2595512,Soun Mbadat,Soun Mbadat,14.68946,-17.06836,PPL,07,,0,,,1
2245139,Soun Sérèr,Soun Serer,14.70973,-17.06767,PPL,07,,0,,,1
2245138,Soun Wolof,Soun Wolof,14.70447,-17.04851,PPL,07,,0,,,1
2245141,Soundoutourou,Soundoutourou,13.25552,-12.06863,PPL,17,,0,,,1
2595436,Soung,Soung,14.55457,-17.06215,PPL,07,,0,,,1
6644999,Sounnatou,Sounnatou,16.20729,-13.95929,PPL,14,,0,,,1
13507313,Soupa Keur Alarba,SoupaKeurAlarba,14.54434,-16.17419,PPL,09,7670866,0,Pulaar/Fulani,clan/family name root,1
13514619,Soupa Sérèr,SoupaSerer,14.52874,-16.18807,PPL,09,7670866,0,,,1
2245196,Sourang,Sourang,14.91436,-15.77154,PPL,03,,0,,,2
13552831,Sourang,Sourang,14.50555,-15.78335,PPL,09,2251492,0,,,2
2245135,Souraye,Souraye,16.26532,-13.9594,PPL,14,,0,,,1
2245134,Sourel Moulaye,Sourel Moulaye,13.06667,-14.26667,PPL,11,,0,,,1
2245133,Souriel Ndiobo,Souriel Ndiobo,13.05,-13.76667,PPL,11,,0,,,1
2245132,Souriél Salif,Souriel Salif,13.6,-13.86667,PPL,05,,0,,,1
2245129,Sourou,Sourou,13.84403,-16.52949,PPL,09,,0,,,2
2245130,Sourou,Sourou,13.75572,-16.47702,PPL,09,,0,,,2
2245128,Souroukoto,Souroukoto,13.2574,-11.53614,PPL,05,,0,,,1
2245126,Souroundou,Souroundou,13.45288,-11.98601,PPL,05,,0,,,1
2245125,Sous,Sous,14.69248,-16.26231,PPL,03,,0,,,1
2245122,Soussane,Soussane,14.38922,-16.81959,PPL,07,,0,,,1
13507019,Sousseup,Sousseup,14.65962,-16.35492,PPL,03,2254315,0,,,1
2245121,Soussoum,Soussoum,14.58219,-16.77403,PPL,07,,0,,,2
13506757,Soussoum,Soussoum,14.59376,-16.60782,PPL,07,2248478,0,,,2
2245120,Soussoutou,Soussoutou,13.0,-14.93333,PPL,11,,0,,,1
2245119,Soutou,Soutou,12.87472,-16.26361,PPL,12,,0,,,1
2245118,Soutouba,Soutouba,13.6,-13.93333,PPL,05,,0,Pulaar/Fulani,clan/family name root,1
2245116,Soutouba Dimaba,Soutouba Dimaba,13.6,-13.91667,PPL,05,,0,Pulaar/Fulani,clan/family name root,1
2245115,Soutoukoundi,Soutoukoundi,13.68333,-14.08333,PPL,05,,0,,,1
2245114,Soutouré,Soutoure,12.95,-14.13333,PPL,11,,0,,,1
13505584,Sow Kari,SowKari,14.7829,-16.10445,PPL,03,2252312,0,,,1
13508551,Sowane,Sowane,14.33355,-16.4739,PPL,09,7670866,0,,,1
2245111,Subikouroto,Subikouroto,12.7025,-15.81917,PPL,18,,0,,,1
2596001,Sud,Sud,16.02107,-16.5055,PPLX,14,,0,,,1
2245105,Suma Kunda Bakary,Suma Kunda Bakary,13.28333,-14.5,PPL,11,,0,,,1
2245104,Suzana,Suzana,13.07349,-16.4427,PPL,12,,0,,,1
2245107,Suèl,Suel,12.94917,-16.28389,PPL,12,,0,,,1
2245559,Syllacounda,Syllacounda,13.06667,-15.3,PPL,18,10779434,500,,,4
2245566,Syllacounda,Syllacounda,13.06667,-15.31667,PPL,18,10779434,0,,,4
2245570,Syllacounda,Syllacounda,13.08333,-15.28333,PPLL,18,10779434,0,,,4
13308244,Syllacounda,Syllacounda,13.0671,-15.30108,PPL,18,10779434,500,,,4
2246254,Sâgna,Sagna,14.09296,-15.38568,PPL,16,,0,,,1
13553463,Sâloye,Saloye,14.57352,-15.6135,PPL,09,2251492,0,,,1
2246509,Sâmouka,Samouka,12.4471,-12.5691,PPL,17,,0,,,1
2245710,Sèbère,Sebere,15.5118,-15.6597,PPL,13,,0,,,1
2595415,Sègueul,Segueul,14.53079,-17.05855,PPL,07,,0,,,1
2245691,Sèguèko,Segueko,12.9941,-12.5288,PPL,17,,0,,,1
2245685,Sèkétarè,Seketare,15.63333,-16.55,PPL,13,,0,,,1
2245664,Sène,Sene,14.41667,-15.78333,PPL,10,,0,,,1
2245660,Sène Madembaleye,Sene Madembaleye,15.4,-16.56667,PPL,13,,0,,,1
13506751,Sèw Gat,SewGat,14.71441,-16.5246,PPL,03,2254315,0,,,1
2245630,Sèw Khaye,SewKhaye,14.76591,-16.73149,PPL,07,,0,,,1
13505372,Sèw Lef,SewLef,14.75252,-16.40163,PPL,03,2254315,0,,,1
13506734,Sèw Ngaraf,SewNgaraf,14.71102,-16.5212,PPL,03,2254315,0,,,1
2245713,Séal,Seal,15.25,-16.65,PPL,13,,0,,,1
2595558,Sébi Fas,Sebi Fas,14.73774,-17.14762,PPLX,01,,0,,,1
2595559,Sébi-Gare,Sebi-Gare,14.74194,-17.15333,PPL,01,,0,,,1
2245709,Sébikhotane,Sebikhotane,14.74521,-17.13783,PPL,01,,42839,,,1
2595554,Sébitangor,Sebitangor,14.736,-17.14309,PPLX,01,,0,,,1
2595556,Sébitiokho,Sebitiokho,14.73369,-17.14589,PPLX,01,,0,,,1
2245707,Sébou,Sebou,14.68393,-12.17601,PPL,05,,0,,,1
2245704,Sédhiou,Sedhiou,12.70806,-15.55694,PPLA,18,,31511,,,1
2245703,Sédioudi,Sedioudi,12.52556,-15.72306,PPL,18,,0,,,1
2245702,Sédo Abas,Sedo Abas,15.77401,-13.46523,PPL,15,,0,,,1
2245701,Sédo Sébé,Sedo Sebe,15.77002,-13.45858,PPL,15,,0,,,1
2245700,Séfa,Sefa,12.78278,-15.54611,PPL,18,,0,,,1
2245699,Ségafoula,Segafoula,12.56778,-15.55917,PPL,18,,0,,,1
2245698,Ségal,Segal,15.16667,-16.81667,PPL,07,,0,,,1
2245697,Ségala Koubokoto,Segala Koubokoto,13.00686,-11.84513,PPL,17,,0,,,1
2245695,Ségoto,Segoto,13.30683,-11.79856,PPL,05,,0,,,1
2245694,Ségou,Segou,12.4092,-12.2832,PPL,17,,0,,,1
2245693,Ségoukoura,Segoukoura,13.78333,-13.48333,PPL,05,,0,,,1
2250566,Ségré Gatta,SegreGatta,14.00068,-15.7339,PPL,16,,0,,,1
2245692,Ségré Sékko,Segre Sekko,14.03903,-15.74686,PPL,16,,0,,,1
2245689,Ségueule,Segueule,14.97608,-17.00134,PPL,07,,0,,,1
2245687,Sékhla Diarga,Sekhla Diarga,13.99759,-16.12592,PPL,10,,0,,,1
2245683,Sékhoto,Sekhoto,12.44292,-11.77716,PPL,17,,0,,,2
6658542,Sékhoto,Sekhoto,12.85654,-11.72162,PPL,17,,0,,,2
2245684,Sékondji,Sekondji,14.01456,-12.18268,PPL,05,,0,,,1
2245682,Sékounaya,Sekounaya,12.55,-15.45,PPL,11,,0,,,1
2245681,Sékréta,Sekreta,12.42296,-11.95658,PPL,17,,0,,,1
2245675,Séli,Seli,14.33451,-15.22007,PPL,16,,0,,,1
2245674,Sélik,Selik,13.96667,-15.91667,PPL,10,,0,,,1
2245673,Sélikénié,Selikenie,12.7,-14.73333,PPL,11,,3677,,,1
2245672,Séling,Seling,14.49524,-12.22534,PPL,05,,0,,,1
2245680,Sélé,Sele,14.43333,-15.7,PPL,16,,0,,,1
2245679,Sélé Diagne,Sele Diagne,15.8145,-15.9039,PPL,13,,0,,,1
2245678,Séléki,Seleki,12.52694,-16.46556,PPL,12,,0,,,1
2245677,Séléti,Seleti,13.14639,-16.5771,PPL,12,,0,,,1
13554066,Séma,Sema,14.37667,-15.54929,PPL,16,2251008,0,,,1
2245666,Sémé,Seme,15.19422,-12.94482,PPL,15,,6891,,,1
2245591,Séndou,Sendou,14.67193,-17.2048,PPL,01,,3125,,,1
2245653,Séno Andalé,Seno Andale,14.45504,-12.4475,PPL,05,,0,,,1
2245649,Séno Boboré,Seno Bobore,13.36667,-15.45,PPL,18,,0,,,1
2245648,Séno Bondé,Seno Bonde,14.18076,-12.78453,PPL,05,,0,,,1
2245646,Séno Diaral,Seno Diaral,14.19342,-12.45552,PPL,05,,0,,,1
2245645,Séno Dimba Sali,Seno Dimba Sali,14.75877,-12.66621,PPL,15,,0,,,1
2245644,Séno Gouro,Seno Gouro,14.6098,-12.45687,PPL,05,,0,,,1
2245643,Séno Issaga,Seno Issaga,14.43885,-12.45725,PPL,05,,0,,,1
2245641,Séno Malik Ali,Seno Malik Ali,14.60774,-12.45664,PPL,05,,0,,,1
2245640,Séno Mamadou Pinda,Seno Mamadou Pinda,14.90593,-12.64513,PPL,15,,0,,,1
2245639,Séno Ndao,Seno Ndao,16.04194,-15.68361,PPL,14,,0,,,1
2245638,Séno Palél,Seno Palel,15.38669,-13.15555,PPL,15,,0,,,1
2245637,Séno Samayabé,Seno Samayabe,14.36667,-13.18333,PPL,05,,0,,,1
2245636,Séno Tekwayé,Seno Tekwaye,14.10843,-12.45057,PPL,05,,0,,,1
2245633,Séno Youpé,Seno Youpe,14.36378,-12.45679,PPL,05,,0,,,1
2245651,Sénoba,Senoba,13.36667,-15.51667,PPL,18,,0,Pulaar/Fulani,clan/family name root,1
2245635,Sénoudébou,Senoudebou,14.35817,-12.24816,PPL,05,,0,,,1
2245634,Sénoye,Senoye,14.7645,-12.67544,PPL,15,,0,,,1
6647974,Sénye,Senye,14.79003,-12.5654,PPL,05,,0,,,1
2245631,Séo Keur Amadou,SeoKeurAmadou,14.57312,-15.86464,PPL,03,,0,,,1
2245628,Séo Touré,Seo Toure,14.595,-15.87678,PPL,03,,0,,,1
2245629,Séoro,Seoro,13.63333,-13.9,PPL,05,,0,,,1
2245627,Séou,Seou,15.31667,-16.45,PPL,07,,0,,,1
2245626,Séoudji,Seoudji,14.31805,-12.43708,PPL,05,,0,,,1
2245623,Sérifkounda,Serifkounda,12.61611,-15.91,PPL,18,,0,,,1
2245620,Sérit,Serit,12.51583,-15.59361,PPL,18,,0,,,1
2245619,Sérouka,Serouka,15.08126,-12.6839,PPL,15,,0,,,1
2595411,Séré,Sere,14.53817,-17.06468,PPL,07,,0,,,1
2245614,Séssène,Sessene,14.65,-16.28333,PPL,03,,0,,,4
2245615,Séssène,Sessene,14.63085,-16.48442,PPL,03,,0,,,4
2245616,Séssène,Sessene,14.42843,-16.75054,PPL,07,,0,,,4
13506700,Séssène,Sessene,14.64951,-16.74682,PPL,07,2244804,0,,,4
13506721,Séssène Diak,SesseneDiak,14.66583,-16.74282,PPL,07,2244804,0,,,1
2245612,Séyane Mbankouma,SeyaneMbankouma,14.00422,-15.15106,PPL,16,,0,,,1
2245218,Sône,Sone,12.55833,-16.18333,PPL,12,,0,,,1
2245102,Taba,Taba,14.28333,-14.98333,PPL,16,,0,Pulaar/Fulani,clan/family name root,2
2245103,Taba,Taba,14.01667,-14.73333,PPL,16,,0,Pulaar/Fulani,clan/family name root,2
2595984,Taba Ahmétou,Taba Ahmetou,16.13611,-16.41361,PPL,14,,0,,,1
2595983,Taba Darou Salam I,Taba Darou Salam I,16.15556,-16.41167,PPL,14,,0,,,1
2245088,Taba Nding,Taba Nding,13.75554,-16.42794,PPL,09,,0,,,1
2595985,Taba Tache,Taba Tache,16.12028,-16.41611,PPL,14,,0,,,1
2595986,Taba Treich,Taba Treich,16.15861,-16.3825,PPL,14,,0,,,1
11101806,Tabacouta,Tabacouta,13.78007,-16.46439,PPL,09,,0,,,1
2245101,Tabadialène,Tabadialene,13.8,-15.13333,PPL,16,,0,,,1
2245098,Tabadian,Tabadian,13.63333,-14.26667,PPL,05,,0,,,3
2245099,Tabadian,Tabadian,13.2,-13.45,PPL,05,,0,,,3
2245100,Tabadian,Tabadian,12.66972,-15.44083,PPL,18,,0,,,3
2245097,Tabadinnto,Tabadinnto,12.7,-14.06667,PPL,11,,0,,,1
13554096,Tabakali,Tabakali,14.36708,-15.24285,PPL,16,10778871,0,,,1
13509049,Tabakali Sérèr,TabakaliSerer,14.3697,-16.06087,PPL,09,2251492,0,,,1
2245096,Tabakali Wolof,TabakaliWolof,14.36515,-16.08216,PPL,10,,0,,,1
2245095,Tabakoto,Tabakoto,13.28333,-13.06667,PPL,05,,0,,,1
2245094,Tabali,Tabali,12.88556,-15.90472,PPL,18,,0,,,1
2245092,Tabana,Tabana,12.75611,-15.77333,PPL,18,,0,,,1
2245089,Tabandi,Tabandi,13.91667,-13.4,PPL,05,,0,,,3
2245090,Tabandi,Tabandi,13.65,-14.18333,PPL,05,,0,,,3
2245091,Tabandi,Tabandi,13.18333,-13.45,PPL,05,,0,,,3
2245087,Tabanding Ouolof,Tabanding Ouolof,13.5,-14.4,PPL,05,,0,,,1
2245086,Tabandinnto,Tabandinnto,12.81667,-14.73333,PPL,11,,0,,,1
2245085,Tabani,Tabani,13.3,-14.8,PPL,11,,0,,,1
2245084,Tabassèye,Tabasseye,12.8,-15.03333,PPL,11,,0,,,1
2245083,Tabassèye Mandingue,Tabasseye Mandingue,12.9,-14.46667,PPL,11,,0,,,1
2245082,Tabayel,Tabayel,13.03333,-15.66667,PPL,18,,0,,,1
2245081,Tabayel Bouraïma,Tabayel Bouraima,13.25,-14.48333,PPL,11,,0,,,1
2245080,Tabayel Diaouré,Tabayel Diaoure,13.61667,-14.48333,PPL,05,,0,,,1
2245079,Tabayel Sanba,Tabayel Sanba,12.86667,-15.05,PPL,11,,0,Pulaar/Fulani,clan/family name root,1
2245077,Tabi,Tabi,15.0662,-16.52,PPL,07,,0,,,2
2245078,Tabi,Tabi,12.72694,-16.23361,PPL,12,,0,,,2
2245076,Taboto,Taboto,13.41667,-13.01667,PPL,05,,0,,,1
13508535,Tabé,Tabe,14.28981,-16.32691,PPL,09,7670866,0,,,1
2244532,Tag Diamm,TagDiamm,14.37541,-16.29633,PPL,09,,0,,,1
2245073,Tag Guèye,TagGueye,14.26682,-14.9974,PPL,16,,0,,,1
2245075,Taga,Taga,13.86667,-15.3,PPL,16,,0,,,1
2245074,Taga Kati,Taga Kati,13.9,-14.93333,PPL,16,,0,,,1
2595891,Tago,Tago,14.75973,-17.07319,PPL,07,,0,,,1
13554095,Tagoum,Tagoum,14.3863,-15.47854,PPL,16,2251008,0,,,1
2595692,Takh,Takh,14.73286,-17.25304,PPLL,01,,0,,,1
2245029,Takhbeut,Takhbeut,15.98333,-16.16667,PPL,14,,0,,,1
2245028,Takhembeut,Takhembeut,16.02056,-16.26222,PPL,14,,0,,,1
2596026,Takhmbeut Peul,Takhmbeut Peul,16.03,-16.27806,PPL,14,,0,,,1
13507336,Takhoum Ngogom,TakhoumNgogom,14.47688,-16.9076,PPL,07,2248478,0,,,1
13507345,Takhoum Sérèr,TakhoumSerer,14.48476,-16.92075,PPL,07,2248478,0,,,1
2244919,Takhoum Wolof,TakhoumWolof,14.49569,-16.90594,PPL,07,,0,,,1
2595766,Taklou,Taklou,14.72494,-17.48991,PPLX,01,,0,,,1
2245026,Tako,Tako,15.63333,-16.11667,PPL,13,,0,,,2
2245027,Tako,Tako,14.0,-14.7,PPL,16,,0,,,2
2245025,Takon,Takon,13.25,-15.53333,PPL,18,,0,,,1
2245023,Takoutala,Takoutala,14.15404,-12.24023,PPL,05,,0,,,1
6647994,Takoutala II,Takoutala II,14.28283,-12.03167,PPL,05,,0,,,1
2245021,Takoyel,Takoyel,16.27074,-14.08437,PPL,14,,0,,,1
2245030,Takème,Takeme,12.81667,-16.2,PPL,12,,0,,,1
13505413,Tal Bakhlé,TalBakhle,14.99957,-16.25913,PPL,07,2244388,0,,,1
2245020,Tal Baklé,Tal Bakle,15.98333,-16.2,PPL,14,,0,,,1
2245019,Tal Diop,Tal Diop,15.95,-16.21667,PPL,14,,0,,,1
13505514,Talakh,Talakh,14.90196,-16.1807,PPL,03,2252312,0,,,1
2595936,Talane,Talane,14.98817,-17.01148,PPL,07,,0,,,1
2245014,Tali,Tali,15.3752,-15.2604,PPL,13,,0,,,1
2245013,Talibadji,Talibadji,13.97243,-12.62271,PPL,05,,0,,,2
6647949,Talibadji,Talibadji,14.07182,-13.00138,PPL,05,,0,,,2
2245011,Taliboulou,Taliboulou,13.48333,-13.66667,PPL,05,,0,,,1
2245009,Taliel,Taliel,12.98333,-14.86667,PPL,11,,0,,,1
2245008,Taliko-Foulbé,Taliko-Foulbe,13.91211,-12.89794,PPL,05,,0,,,1
2245007,Talikourto,Talikourto,12.65,-15.38333,PPL,18,,0,,,1
2245006,Talimango,Talimango,13.82306,-12.98975,PPL,05,,0,,,1
2245005,Talinkoulou,Talinkoulou,12.73278,-15.17861,PPL,18,,0,,,1
2245003,Talito,Talito,12.87167,-15.75472,PPL,18,,0,,,1
13553441,Tallène,Tallene,14.64763,-15.73838,PPL,09,2251492,0,,,1
2245002,Talta,Talta,12.73333,-15.06667,PPL,11,,0,,,1
2245000,Taltal,Taltal,14.98707,-15.95403,PPL,13,,0,,,2
2245001,Taltal,Taltal,14.81011,-15.51785,PPL,03,,0,,,2
2244999,Taltal Pouté,Taltal Poute,14.84538,-15.49955,PPL,13,,0,,,1
2245018,Talègne,Talegne,14.68408,-16.57401,PPL,03,,0,,,1
2245016,Talène,Talene,14.98333,-16.71667,PPL,07,,0,,,2
2245017,Talène,Talene,13.92589,-16.37084,PPL,09,,0,,,2
2245015,Talène Gaye,Talene Gaye,15.3167,-16.5609,PPL,13,,0,,,1
13658152,Talène Guédé,Talene Guede,13.7846,-16.20868,PPL,10,2247158,0,,,1
2244998,Tamach,Tamach,16.11194,-16.36889,PPL,14,,0,,,1
13505505,Tamaké,Tamake,14.91376,-16.14398,PPL,03,2252312,0,,,1
2244997,Tamani,Tamani,12.48944,-16.6575,PPL,12,,0,,,1
2244996,Tamassanka,Tamassanka,12.91667,-14.93333,PPL,11,,0,,,1
2244995,Tamassanssan,Tamassanssan,12.73333,-14.18333,PPL,11,,0,,,1
2244994,Tamba,Tamba,13.88333,-15.26667,PPL,16,,0,Pulaar/Fulani,clan/family name root,1
2244987,Tamba I,Tamba I,13.73333,-13.66667,PPL,05,,0,Malinké/Mandinka,eastern Senegal toponym,1
2244986,Tamba II,Tamba II,13.71667,-13.68333,PPL,05,,0,Malinké/Mandinka,eastern Senegal toponym,1
2244985,Tamba Kounda,Tamba Kounda,12.88333,-13.68333,PPL,11,,0,Malinké/Mandinka,eastern Senegal toponym,1
2244984,Tambacounda,Tambacounda,13.14256,-16.52897,PPL,12,,0,Malinké/Mandinka,eastern Senegal toponym,2
2244991,Tambacounda,Tambacounda,13.77073,-13.66734,PPLA,05,,149071,Malinké/Mandinka,eastern Senegal toponym,2
2244983,Tambakounda,Tambakounda,13.2,-15.8,PPL,18,,0,Malinké/Mandinka,eastern Senegal toponym,1
2244982,Tambala,Tambala,13.72287,-12.84377,PPL,05,,0,Malinké/Mandinka,eastern Senegal toponym,1
2244972,Tambanoumouya,Tambanoumouya,12.825,-12.4266,PPL,17,,0,Malinké/Mandinka,eastern Senegal toponym,1
2244970,Tambouye,Tambouye,13.12112,-16.39513,PPL,12,,0,,,1
2244980,Tamindala,Tamindala,13.33333,-13.8,PPL,11,,0,,,1
2244981,Tamé,Tame,14.2992,-12.08197,PPL,05,,0,,,1
6586392,Taméguidia,Tameguidia,12.46919,-11.59912,PPL,17,,0,,,1
2244979,Tanaf,Tanaf,12.64972,-15.42611,PPL,18,,4831,,,1
2244977,Tanbakoumba,Tanbakoumba,12.48333,-16.2,PPL,12,,0,Pulaar/Fulani,clan/family name root,1
2244976,Tanbakounda,Tanbakounda,12.61667,-15.98333,PPL,12,,0,,,1
2244975,Tanbanaba,Tanbanaba,12.66667,-15.55,PPL,18,,0,Pulaar/Fulani,clan/family name root,1
2244974,Tanbananding,Tanbananding,12.48333,-15.55,PPL,11,,0,,,2
2593126,Tanbananding,Tanbananding,12.64667,-15.55528,PPL,18,,0,,,2
2244973,Tanbanding,Tanbanding,13.5,-14.4,PPL,05,,0,,,1
2244971,Tanbokolé,Tanbokole,12.43333,-11.85,PPL,17,,0,,,1
2244969,Tanda,Tanda,13.91595,-15.97275,PPL,10,,0,,,1
2244968,Tanda Mbar,Tanda Mbar,13.9,-15.96667,PPL,10,,0,,,1
2244967,Tandine,Tandine,12.93833,-16.40417,PPL,12,,0,,,1
2244964,Tane,Tane,14.72793,-15.63911,PPL,03,,0,,,1
2595631,Tangor,Tangor,14.70844,-17.15366,PPLX,01,,0,,,1
2244961,Tangori,Tangori,12.79444,-16.21083,PPL,12,,0,,,1
2244960,Tangout,Tangout,12.79278,-16.17611,PPL,12,,0,,,1
2244959,Tanguis,Tanguis,14.53333,-16.93333,PPL,07,,0,,,2
2595592,Tanguis,Tanguis,14.64076,-17.13081,PPL,07,,0,,,2
2244958,Tanim,Tanim,15.609,-16.1222,PPL,13,,0,,,1
2244956,Tankanto,Tankanto,12.8225,-15.03778,PPL,11,,0,,,2
2244957,Tankanto,Tankanto,12.56194,-15.43667,PPL,18,,0,,,2
8450474,Tankanto Escale,Tankanto Escale,12.818,-15.034,PPL,11,7670821,0,,,1
2244955,Tankanton Peul,Tankanton Peul,12.80722,-15.02833,PPL,11,,0,,,1
2244954,Tankon,Tankon,13.25,-15.5,PPL,18,,0,,,1
2244953,Tankoron,Tankoron,12.95,-16.11667,PPL,12,,0,,,1
2595454,Tankoye,Tankoye,14.5954,-17.09365,PPLX,07,,0,,,2
2595582,Tankoye,Tankoye,14.69821,-17.11363,PPL,07,,0,,,2
2244951,Tanp,Tanp,12.5,-16.15,PPL,12,,0,,,1
2244950,Tanpidara,Tanpidara,15.7265,-14.1439,PPL,14,,0,,,1
2244948,Tantâdji,Tantadji,16.08223,-13.86951,PPL,14,,0,,,1
2244962,Tanèm,Tanem,14.13333,-14.88333,PPL,16,,0,,,2
2244963,Tanèm,Tanem,13.66667,-14.78333,PPL,05,,0,,,2
2244947,Tao,Tao,12.83333,-16.18333,PPL,12,,0,,,1
2244945,Taofir,Taofir,14.81667,-15.9,PPL,03,,0,,,1
2244933,Taoua,Taoua,15.63333,-16.2,PPL,13,,0,,,8
2244934,Taoua,Taoua,15.31667,-16.73333,PPL,13,,0,,,8
2244935,Taoua,Taoua,15.0,-16.71667,PPL,07,,0,,,8
2244937,Taoua,Taoua,14.73333,-16.45,PPL,03,,0,,,8
2244941,Taoua,Taoua,13.95,-15.08333,PPL,16,,0,,,8
2244942,Taoua,Taoua,13.9,-15.41667,PPL,16,,0,,,8
2244943,Taoua,Taoua,13.75,-15.96667,PPL,10,,0,,,8
2244944,Taoua,Taoua,13.65,-15.8,PPL,10,,0,,,8
2244931,Taoua Gou,Taoua Gou,14.73333,-16.45,PPL,03,,0,,,1
2244930,Taoua Gueye,Taoua Gueye,15.41667,-16.51667,PPL,13,,0,,,1
2244924,Tapilane,Tapilane,12.68333,-16.08333,PPL,12,,0,,,1
2244923,Tapounam,Tapounam,12.99333,-16.16944,PPL,12,,0,,,1
2244922,Tappa,Tappa,15.3536,-15.6443,PPL,13,,0,,,1
2244921,Taram,Taram,14.51667,-16.91667,PPL,07,,0,,,1
2244920,Taré,Tare,15.78249,-16.53337,PPL,13,,0,,,1
13504788,Tassar,Tassar,14.81536,-16.50481,PPL,03,2254315,0,,,1
2244918,Tasset,Tasset,14.60657,-16.8653,PPL,07,,0,,,1
2596033,Tassinère,Tassinere,15.88732,-16.50839,PPL,14,,0,,,1
13506459,Tassèt Peul,TassetPeul,14.63026,-16.85332,PPL,07,2244804,0,,,1
13506520,Tassèt Toucouleur,TassetToucouleur,14.62413,-16.86226,PPL,07,2244804,0,,,1
2244917,Tata,Tata,14.1,-13.41667,PPL,05,,0,,,1
2244916,Tata Batchili,Tata Batchili,14.89744,-12.59725,PPL,15,,0,,,1
2244914,Tataguine,Tataguine,14.4255,-16.60617,PPL,09,,0,,,1
13507473,Tataguine Bambara,TataguineBambara,14.43255,-16.63546,PPL,07,2248478,0,,,1
2252165,Tataguine Sérèr,TataguineSerer,14.46082,-16.65362,PPL,07,,0,,,1
2244911,Tatki,Tatki,16.22222,-15.28806,PPL,14,,0,,,1
2244912,Tatène Bambara,TateneBambara,14.67458,-16.88603,PPL,07,,0,,,1
13514613,Tatène Sérèr,TateneSerer,14.66419,-16.90364,PPL,07,2244804,0,,,1
13514612,Tatène Toucouleur,TateneToucouleur,14.67032,-16.90605,PPL,07,2244804,0,,,1
2244910,Tavé,Tave,15.0016,-15.9418,PPL,13,,0,,,1
2244936,Tawa,Tawa,14.74477,-16.89949,PPL,07,,0,,,6
2244938,Tawa,Tawa,14.41584,-16.06363,PPL,09,,0,,,6
2244939,Tawa,Tawa,14.12526,-15.28578,PPL,16,,0,,,6
13505462,Tawa,Tawa,14.88491,-16.28415,PPL,03,2252312,0,,,6
13505574,Tawa,Tawa,14.75925,-16.07063,PPL,03,2248699,0,,,6
13658703,Tawa,Tawa,13.59126,-16.01705,PPL,10,2247158,0,,,6
2244932,Tawa Fal,TawaFal,14.97911,-16.55291,PPL,03,,0,,,1
13505568,Tawa Mbayar,TawaMbayar,14.78941,-16.14827,PPL,03,2252312,0,,,1
2244946,Tawfekh,Tawfekh,14.95667,-15.88088,PPL,03,,0,,,1
13552836,Tawfekh Darou,TawfekhDarou,14.6357,-15.81744,PPL,03,2248699,0,,,1
13506987,Tawfèkh,Tawfekh,14.63483,-16.25485,PPL,03,2252312,0,,,1
13505523,Tawfèkh Fal,TawfekhFal,14.92929,-16.07871,PPL,03,2248699,0,,,1
13551153,Tawé,Tawe,14.99344,-15.94125,PPL,13,2250660,0,,,1
2244908,Tayebatou,Tayebatou,13.35,-14.98333,PPL,11,,0,,,2
2244909,Tayebatou,Tayebatou,13.05,-13.81667,PPL,11,,0,,,2
13507227,Tayré,Tayre,14.70875,-16.1051,PPL,03,2252312,0,,,1
13507228,Tayré Sérèr,TayreSerer,14.69848,-16.10091,PPL,03,2252312,0,,,1
2245064,Taïba,Taiba,15.63333,-16.35,PPL,13,,0,Pulaar/Fulani,clan/family name root,5
2245068,Taïba,Taiba,13.95,-15.03333,PPL,16,,0,Pulaar/Fulani,clan/family name root,5
2245070,Taïba,Taiba,13.93333,-15.45,PPL,16,,0,Pulaar/Fulani,clan/family name root,5
2245071,Taïba,Taiba,13.76667,-15.9,PPL,10,,0,Pulaar/Fulani,clan/family name root,5
2245072,Taïba,Taiba,13.69933,-16.42874,PPL,09,,0,Pulaar/Fulani,clan/family name root,5
2245063,Taïba Amari Mbéri,Taiba Amari Mberi,15.4414,-16.5384,PPL,13,,0,,,1
2245061,Taïba Bèp,Taiba Bep,14.91992,-16.36516,PPL,03,,0,,,1
2245060,Taïba Dakhar,TaibaDakhar,14.89262,-16.27792,PPL,03,,0,,,1
2245058,Taïba Kalom,Taiba Kalom,14.901,-16.32034,PPL,03,,0,,,1
13505483,Taïba Khaye,TaibaKhaye,14.90071,-16.34696,PPL,03,2252312,0,,,1
2245057,Taïba Mama,Taiba Mama,13.93333,-15.75,PPL,10,,0,,,1
2245056,Taïba Mar,Taiba Mar,15.4,-16.58333,PPL,13,,0,,,1
2245055,Taïba Mbaye,Taiba Mbaye,15.0206,-16.877,PPL,07,,0,,,1
2245062,Taïba Mbayène,Taiba Mbayene,13.8383,-16.11905,PPL,10,,0,,,1
2245067,Taïba Mboro,TaibaMboro,14.02512,-15.28662,PPL,16,,0,,,1
2245054,Taïba Moutoufa,Taiba Moutoufa,14.79711,-16.30007,PPL,03,,0,,,1
2245053,Taïba Ndaw,TaibaNdaw,14.90706,-16.25563,PPL,03,,0,,,2
2245059,Taïba Ndaw,TaibaNdaw,14.81629,-16.75293,PPL,07,,0,,,2
2245052,Taïba Ndia,Taiba Ndia,15.13333,-16.75,PPL,07,,0,,,1
2245065,Taïba Ndiagne,TaibaNdiagne,14.93438,-16.25448,PPL,03,,0,,,1
2245051,Taïba Ndiaye,Taiba Ndiaye,15.0371,-16.8793,PPL,07,,0,,,1
2245049,Taïba Ndioufène,Taiba Ndioufene,14.11667,-14.98333,PPL,16,,0,,,2
2245050,Taïba Ndioufène,Taiba Ndioufene,13.84792,-16.00869,PPL,10,,0,,,2
2245069,Taïba Nianghène,Taiba Nianghene,13.94003,-16.09033,PPL,10,,0,,,1
13505446,Taïba Peul,TaibaPeul,14.90799,-16.38193,PPL,03,2254315,0,,,1
2245048,Taïba Rhabe,Taiba Rhabe,15.03333,-16.86667,PPL,07,,0,,,1
13514611,Taïba Santhie,TaibaSanthie,14.94465,-16.24311,PPL,03,2252312,0,,,1
2245046,Taïba Singué,Taiba Singue,15.3163,-15.9737,PPL,13,,0,,,1
2245045,Taïba Sintié,Taiba Sintie,15.03333,-16.9,PPL,07,,0,,,1
2245047,Taïba Sèye,Taiba Seye,15.55,-16.21667,PPL,13,,0,,,1
13505438,Taïba Sérèr,TaibaSerer,14.90101,-16.31112,PPL,03,2252312,0,,,1
13554679,Taïba Tialène,TaibaTialene,14.02012,-15.14359,PPL,16,10778872,0,,,1
13566083,Taïba Tiarène,Taiba Tiarene,14.71815,-15.98231,PPL,03,2248699,0,,,1
2245066,Taïba Tiékène,TaibaTiekene,14.72726,-15.98079,PPL,03,,0,,,1
2245044,Taïbé,Taibe,15.11667,-16.38333,PPL,07,,0,,,1
2245039,Taïf,Taif,13.87375,-16.06158,PPL,10,,0,,,4
2245041,Taïf,Taif,14.78944,-15.65165,PPL,09,,0,,,4
2245043,Taïf,Taif,14.06667,-14.5,PPL,05,,0,,,4
13554557,Taïf,Taif,14.21229,-15.53629,PPL,16,2251008,0,,,4
2245037,Taïf Diangou,Taif Diangou,14.74632,-15.64798,PPL,03,,0,,,1
2245036,Taïf Diop,Taif Diop,15.0434,-15.8731,PPL,13,,0,,,1
2245042,Taïf Ndioum,TaifNdioum,14.39115,-15.23246,PPL,16,,0,,,1
2245034,Taïf Nganado,Taif Nganado,15.3542,-15.907,PPL,13,,0,,,1
13554087,Taïf Saloum,TaifSaloum,14.34243,-15.48858,PPL,16,2251008,0,,,1
2245033,Taïf Tiékène,Taif Tiekene,14.46667,-14.7,PPL,16,,0,,,1
2245035,Taïfa,Taifa,14.03143,-15.76273,PPL,16,,0,,,2
2245040,Taïfa,Taifa,13.4,-14.9,PPL,11,,0,,,2
2245038,Taïfali,Taifali,15.0376,-14.6561,PPL,13,,0,,,1
2245032,Taïnabé,Tainabe,14.73299,-15.96175,PPL,03,,0,,,1
2245031,Taïnango,Tainango,14.51667,-16.98333,PPL,07,,0,,,1
2244905,Tchabouguel,Tchabouguel,15.2257,-15.9651,PPL,13,,0,,,1
2244904,Tchabourli,Tchabourli,14.61931,-12.45749,PPL,05,,0,,,1
2244899,Tchiki,Tchiki,14.33333,-15.98333,PPL,09,,0,,,1
2244894,Tchinkor,Tchinkor,12.73333,-13.15,PPL,05,,0,,,1
2244891,Tchissé Keur Amar Rhoulé,Tchisse Keur Amar Rhoule,14.63333,-15.65,PPL,09,,0,,,1
2244890,Tchissé Keur Mor,Tchisse Keur Mor,14.63333,-15.7,PPL,09,,0,,,1
2244880,Tek,Tek,14.69385,-15.75023,PPL,09,,0,,,1
2244864,Temanto Spri,Temanto Spri,13.55,-15.1,PPL,11,,0,,,1
2244852,Temkilam Ilo,Temkilam Ilo,12.85,-14.7,PPL,11,,0,,,1
2244966,Tendine,Tendine,13.01427,-16.14224,PPL,12,,0,,,1
2244847,Tendouk,Tendouk,12.72861,-16.46583,PPL,12,,0,,,1
11395355,Tenghory,Tenghory,12.807,-16.204,PPL,12,2253903,0,,,1
2244842,Tenndimane,Tenndimane,12.76528,-16.30667,PPL,12,,0,,,1
2244841,Tenne,Tenne,15.05,-16.43333,PPL,07,,0,,,1
2244838,Tennkoli,Tennkoli,14.03333,-13.96667,PPL,05,,0,,,3
2244839,Tennkoli,Tennkoli,14.03333,-13.91667,PPL,05,,0,,,3
2244840,Tennkoli,Tennkoli,13.73333,-14.65,PPL,05,,0,,,3
2244833,Teranbassi,Teranbassi,12.56111,-15.75806,PPL,18,,0,,,1
2595769,Terme Sud,Terme Sud,14.72915,-17.4847,PPLX,01,,0,,,1
2244820,Teud Biti,Teud Biti,15.96667,-16.18333,PPL,14,,0,,,1
2244819,Teude Biti,TeudeBiti,14.31516,-15.75416,PPL,10,,0,,,1
13507045,Teug Dapa,TeugDapa,14.7316,-16.29079,PPL,03,2252312,0,,,1
2244818,Teugue Ndioguy,Teugue Ndioguy,15.41667,-16.43333,PPL,13,,0,,,1
2244817,Teumb,Teumb,15.88083,-16.2925,PPL,14,,0,,,1
2244815,Teumbe,Teumbe,15.56667,-16.53333,PPL,13,,0,,,1
2244816,Teumbé,Teumbe,15.33333,-16.7,PPL,13,,0,,,1
13507215,Teung Sérére,TeungSerere,14.70107,-16.21417,PPL,03,2252312,0,,,1
13507235,Teung Wolof,TeungWolof,14.69201,-16.2014,PPL,03,2252312,0,,,1
2244814,Teungué,Teungue,14.68333,-16.21667,PPL,03,,0,,,1
13506462,Teup Dal,TeupDal,14.68931,-16.89459,PPL,07,2244804,0,,,1
2244813,Teuptal,Teuptal,15.26667,-16.43333,PPL,07,,0,,,1
2244812,Teural,Teural,15.4,-16.65,PPL,13,,0,,,1
2244834,Tewrou Kossam Deux,TewrouKossamDeux,14.52575,-16.02977,PPL,09,,0,,,1
13507226,Tewrou Kossam Un,TewrouKossamUn,14.53296,-16.00648,PPL,09,2251492,0,,,1
13509018,Tewrou Timak,TewrouTimak,14.3256,-16.15354,PPL,10,2250807,0,,,1
2244810,Teyel,Teyel,13.03333,-14.03333,PPL,11,,0,,,1
2244786,Thiadiaye,Thiadiaye,14.42038,-16.70258,PPL,07,,20168,,,1
2244724,Thiamène,Thiamene,15.32368,-15.51553,PPL,13,,0,,,4
2244725,Thiamène,Thiamene,15.0845,-15.9049,PPL,13,,0,,,4
2244809,Thiamène,Thiamene,15.4778,-15.8747,PPL,13,,0,,,4
6917521,Thiamène,Thiamene,15.0931,-15.9223,PPL,13,,0,,,4
2244808,Thiariakh Mouride,Thiariakh Mouride,14.36667,-14.65,PPL,16,,0,,,1
2595783,Thiaroye,Thiaroye,14.747,-17.368,PPL,01,7732979,0,,,1
2244668,Thiarène,Thiarene,15.4206,-15.9951,PPL,13,,0,,,2
2244669,Thiarène,Thiarene,15.37,-15.9961,PPL,13,,0,,,2
2244884,Thidi Dièye,ThidiDieye,14.17708,-15.82775,PPL,16,,0,,,1
2244603,Thiki,Thiki,14.61028,-17.07732,PPL,07,,0,,,1
2244515,Thila Boubou,ThilaBoubou,14.7785,-16.68763,PPL,07,,0,,,1
13504798,Thila Boul,ThilaBoul,14.83223,-16.64614,PPL,07,2244804,0,,,1
2244509,Thila Ounté,ThilaOunte,14.79807,-16.68526,PPL,07,,0,,,1
13504579,Thilane Dior,ThilaneDior,14.96275,-16.94598,PPL,07,2244388,0,,,1
13504585,Thilane Tangor,ThilaneTangor,14.95795,-16.95297,PPL,07,2244388,0,,,1
2595597,Thilaw,Thilaw,14.62149,-17.12589,PPL,07,,0,,,1
13553462,Thilla,Thilla,14.70346,-15.74126,PPL,09,2251492,0,,,2
13658055,Thilla,Thilla,13.8427,-16.2834,PPL,09,2251792,0,,,2
13658336,Thilla Keur Serigne Babou,Thilla Keur Serigne Babou,13.69648,-16.34517,PPL,09,2251792,0,,,1
2244798,Thillé Boubakar,Thille Boubakar,16.51667,-15.08333,PPL,14,,0,,,1
2244499,Thilmakha,Thilmakha,14.76031,-16.50108,PPL,03,,0,,,1
13504640,Thilmakha Ndioum,ThilmakhaNdioum,14.87012,-16.53672,PPL,03,2254315,0,,,1
2244797,Thilogne,Thilogne,15.92389,-13.65778,PPL,15,,15044,,,1
2249883,Thindieng,Thindieng,12.99428,-16.29278,PPL,12,,0,,,1
13554102,Thindy,Thindy,14.26141,-15.1179,PPL,16,10778871,0,,,1
2244893,Thingué,Thingue,14.47502,-15.81934,PPL,09,,0,,,1
6645329,Thiourouf,Thiourouf,16.07561,-13.83921,PPL,14,,0,,,1
2244393,Thioyène,Thioyene,15.1961,-15.5209,PPL,13,,0,,,2
2244795,Thioyène,Thioyene,14.3,-14.9,PPL,16,,0,,,2
2244389,Thissé,Thisse,14.09395,-15.08401,PPL,16,,0,,,5
13504749,Thissé,Thisse,14.97589,-16.72375,PPL,07,2244388,0,,,5
13505552,Thissé,Thisse,14.77566,-16.18569,PPL,03,2252312,0,,,5
13509023,Thissé,Thisse,14.4244,-16.1164,PPL,09,2251492,0,,,5
13658133,Thissé,Thisse,13.92712,-16.11068,PPL,10,2250807,0,,,5
13505380,Thisséyène,Thisseyene,14.97385,-16.37296,PPL,03,2254315,0,,,1
13658720,Thiwala,Thiwala,13.67764,-16.12231,PPL,10,2247158,0,,,1
2244805,Thièp,Thiep,14.3,-14.95,PPL,16,,0,,,1
2244802,Thiès,Thies,14.78944,-16.92602,PPLA2,07,,317763,,,1
13504622,Thiès Est,ThiesEst,14.77734,-16.91584,PPLX,07,2244804,0,,,1
2244799,Thiès Nones,Thies Nones,14.78333,-16.96667,PPL,07,,252320,,,1
13504606,Thiès Nord,ThiesNord,14.80851,-16.91659,PPLX,07,2244804,0,,,1
13504537,Thiès Sud,ThiesSud,14.77753,-16.93537,PPLX,07,2244804,0,,,1
13553622,Thiéké,Thieke,14.67024,-15.36741,PPL,16,10778871,0,,,1
13553460,Thégui Thilla,TheguiThilla,14.69789,-15.73409,PPL,09,2251492,0,,,1
13508527,Tiaba,Tiaba,14.30262,-16.2614,PPL,10,2250807,0,Pulaar/Fulani,clan/family name root,2
13508561,Tiaba,Tiaba,14.33007,-16.28037,PPL,09,7670866,0,Pulaar/Fulani,clan/family name root,2
2244791,Tiabla,Tiabla,14.6,-17.13333,PPL,07,,0,,,1
2244790,Tiaboguel,Tiaboguel,15.5811,-15.4048,PPL,13,,0,,,1
2244906,Tiabouguel,Tiabouguel,14.99603,-15.78534,PPL,13,,0,,,2
2244907,Tiabouguel,Tiabouguel,14.81113,-15.67694,PPL,03,,0,,,2
13553614,Tiaboulé,Tiaboule,14.56882,-15.03292,PPL,16,10778872,0,,,1
13509070,Tiabé,Tiabe,14.36171,-16.09315,PPL,10,2250807,0,,,1
13509043,Tiabé Diéne,TiabeDiene,14.38537,-16.08432,PPL,09,2251492,0,,,1
2244792,Tiabé Sanou,TiabeSanou,14.37768,-16.0959,PPL,09,,0,,,1
13509041,Tiabé Wolof,TiabeWolof,14.38465,-16.10725,PPL,09,7670866,0,,,1
2244793,Tiabédji,Tiabedji,12.6349,-12.4156,PPL,17,,0,,,1
13508547,Tiadabi,Tiadabi,14.34564,-16.26536,PPL,09,7670866,0,,,1
2244785,Tiadié Babou,Tiadie Babou,14.28333,-15.78333,PPL,16,,0,,,1
2595414,Tiafoura,Tiafoura,14.53487,-17.06163,PPL,07,,0,,,2
13505559,Tiafoura,Tiafoura,14.98753,-16.23222,PPL,07,2244388,0,,,2
2244783,Tiaféna,Tiafena,12.88333,-14.45,PPL,11,,0,,,1
2244781,Tiagal,Tiagal,14.94218,-16.48219,PPL,03,,0,,,1
2244777,Tiakalar,Tiakalar,14.23378,-16.12688,PPL,10,,0,,,1
13505583,Tiakh,Tiakh,14.82016,-16.1281,PPL,03,2252312,0,,,1
13505489,Tiakhami,Tiakhami,14.95999,-16.35633,PPL,03,2252312,0,,,1
13505467,Tiakhami Niassène,TiakhamiNiassene,14.95225,-16.35716,PPL,03,2252312,0,,,1
13505434,Tiakhami Touré,TiakhamiToure,14.96345,-16.34542,PPL,03,2252312,0,,,1
2244656,Tiakhar,Tiakhar,14.69813,-16.36057,PPL,03,,0,,,1
2244682,Tiakho Madialé,TiakhoMadiale,14.02423,-15.8378,PPL,10,,0,,,1
13658062,Tiakho Malahine,Tiakho Malahine,13.92423,-16.3109,PPL,09,2251792,0,,,1
2244773,Tiakho Ndjigane,Tiakho Ndjigane,13.88264,-16.14507,PPL,10,,0,,,1
2244774,Tiakho Tiofior,TiakhoTiofior,13.99898,-16.17854,PPL,10,,0,,,1
2244775,Tiakmar,Tiakmar,14.48333,-16.16667,PPL,09,,0,,,1
2244772,Tiakor,Tiakor,14.27293,-16.62561,PPL,09,,0,,,1
2244770,Tial,Tial,15.23333,-16.8,PPL,07,,0,,,1
2244767,Tiala,Tiala,15.2413,-15.6023,PPL,13,,0,,,5
2244768,Tiala,Tiala,15.0339,-14.4742,PPL,13,,0,,,5
2244769,Tiala,Tiala,14.56667,-15.83333,PPL,03,,0,,,5
6917515,Tiala,Tiala,15.2405,-15.5785,PPL,13,,0,,,5
13504652,Tiala,Tiala,14.85864,-16.53338,PPL,03,2254315,0,,,5
2244766,Tialaga,Tialaga,16.49419,-14.45672,PPL,14,,0,,,1
2244518,Tialane,Tialane,13.92865,-16.62587,PPL,09,,0,,,3
2244765,Tialane,Tialane,14.07367,-15.89049,PPL,10,,0,,,3
2595419,Tialane,Tialane,14.52953,-17.09661,PPLX,07,,0,,,3
13509067,Tialap,Tialap,14.28674,-16.17746,PPL,10,2250807,0,,,1
2244764,Tialbol,Tialbol,15.6505,-14.3299,PPL,13,,0,,,1
2244756,Tialel,Tialel,13.83333,-14.61667,PPL,05,,0,,,1
2244750,Tialgou,Tialgou,15.23333,-16.03333,PPL,13,,0,,,1
2244749,Tialgouf,Tialgouf,15.18333,-16.08333,PPL,13,,0,,,1
6644104,Tiali,Tiali,15.51623,-13.10586,PPL,15,,0,,,2
13505492,Tiali,Tiali,14.76294,-16.25103,PPL,03,2252312,0,,,2
2244747,Tialla,Tialla,15.75,-16.16667,PPL,13,,0,,,1
2244746,Tiallé,Tialle,15.2434,-16.8012,PPL,07,,0,,,1
2244745,Tialog Niane,Tialog Niane,15.45,-16.11667,PPL,13,,0,,,1
2244753,Tialène,Tialene,13.91667,-15.63333,PPL,16,,0,,,4
2244754,Tialène,Tialene,13.35,-14.73333,PPL,11,,0,,,4
13505389,Tialène,Tialene,14.9505,-16.38024,PPL,03,2254315,0,,,4
13658027,Tialène,Tialene,13.87194,-16.3383,PPL,09,2251792,0,,,4
2244757,Tialé,Tiale,15.26667,-16.61667,PPL,13,,0,,,8
2244758,Tialé,Tiale,15.00072,-16.83816,PPL,07,,0,,,8
2244760,Tialé,Tiale,14.838,-16.87496,PPL,07,,0,,,8
2244761,Tialé,Tiale,14.69387,-15.99364,PPL,03,,0,,,8
2244762,Tialé,Tiale,14.65,-16.83333,PPL,07,,0,,,8
2244771,Tialé,Tiale,14.73517,-16.19221,PPL,03,,0,,,8
13507032,Tialé,Tiale,14.72727,-16.44332,PPL,03,2254315,0,,,8
13507247,Tialé,Tiale,14.55555,-16.2009,PPL,09,7670866,0,,,8
13506463,Tialé Deux,TialeDeux,14.63759,-16.84722,PPL,07,2244804,0,,,1
2244751,Tialé Gnik,TialeGnik,14.90571,-16.50219,PPL,03,,0,,,1
2244759,Tialé Mabour,TialeMabour,14.92822,-16.66182,PPL,03,,0,,,1
2244741,Tiam,Tiam,15.6749,-14.1693,PPL,14,,0,,,1
13505365,Tiamb,Tiamb,14.85053,-16.48684,PPL,03,2254315,0,,,1
2244737,Tiambak,Tiambak,15.4,-16.15,PPL,13,,0,,,1
2244718,Tiambalédié,Tiambaledie,15.9831,-15.1359,PPL,13,,0,,,2
2244719,Tiambalédié,Tiambaledie,15.9851,-15.0842,PPL,13,,0,,,2
13506461,Tiambi,Tiambi,14.66546,-16.97573,PPL,07,2244804,0,,,1
2595412,Tiambokh,Tiambokh,14.53447,-17.06453,PPL,07,,0,,,3
2595445,Tiambokh,Tiambokh,14.57013,-17.10234,PPLX,07,,0,,,3
2595523,Tiambokh,Tiambokh,14.69791,-17.04567,PPL,07,,0,,,3
2244733,Tiambène,Tiambene,15.83333,-16.3,PPL,13,,0,,,4
2244734,Tiambène,Tiambene,15.83333,-16.2,PPL,13,,0,,,4
13552843,Tiambène,Tiambene,14.5079,-15.96227,PPL,09,2251492,0,,,4
13553451,Tiambène,Tiambene,14.72471,-15.65035,PPL,03,2248699,0,,,4
2244736,Tiambé,Tiambe,15.62868,-13.33299,PPL,15,,0,,,1
2244721,Tiamlé,Tiamle,12.43861,-15.72083,PPL,18,,0,,,1
2244720,Tiamrouss,Tiamrouss,15.13333,-16.81667,PPL,07,,0,,,1
2244726,Tiamène,Tiamene,14.9443,-16.69984,PPL,07,,0,,,5
2244727,Tiamène,Tiamene,14.87354,-16.20487,PPL,03,,0,,,5
2244729,Tiamène,Tiamene,13.95,-15.4,PPL,16,,0,,,5
2244738,Tiamène,Tiamene,14.39675,-16.6194,PPL,09,,0,,,5
13504766,Tiamène,Tiamene,14.79795,-16.5299,PPL,03,2254315,0,,,5
2244722,Tiamène Oualo,Tiamene Oualo,13.76667,-15.93333,PPL,10,,0,,,1
2252761,Tiaméne,Tiamene,14.866,-16.37615,PPL,03,,0,,,1
13658210,Tianda,Tianda,13.84694,-16.07511,PPL,10,2247158,0,,,1
2244717,Tianda Thissé,Tianda Thisse,13.94255,-16.26887,PPL,09,,0,,,1
2244715,Tiandiagne,Tiandiagne,14.64799,-16.13176,PPL,03,,0,,,1
13506724,Tiandigué,Tiandigue,14.70035,-16.6418,PPL,07,2244804,0,,,2
13507218,Tiandigué,Tiandigue,14.72379,-16.19295,PPL,03,2252312,0,,,2
2244716,Tiandène,Tiandene,14.52081,-16.72189,PPL,07,,0,,,1
2244714,Tianfara Koba,Tianfara Koba,12.95,-14.05,PPL,11,,0,Pulaar/Fulani,clan/family name root,1
2244713,Tianga Keur Séring Layène,Tianga Keur Sering Layene,13.88333,-15.71667,PPL,10,,0,,,1
2244900,Tiangane,Tiangane,14.21815,-16.34889,PPL,10,,0,,,1
2244712,Tiangaye,Tiangaye,16.53333,-15.16667,PPL,14,,0,,,1
2244708,Tiangol Siré,Tiangol Sire,14.41667,-13.26667,PPL,05,,0,,,1
2244707,Tiangué,Tiangue,12.4092,-12.3395,PPL,17,,0,,,2
13507350,Tiangué,Tiangue,14.41238,-16.85974,PPL,07,2248478,0,,,2
2244705,Tianiato,Tianiato,15.04006,-12.69591,PPL,15,,0,,,1
2244704,Tianka,Tianka,13.85,-15.7,PPL,10,,0,,,1
2244703,Tiankone Boguél,Tiankone Boguel,15.56081,-13.37289,PPL,15,,0,,,1
2244702,Tiankone Hiraye,Tiankone Hiraye,15.59129,-13.3914,PPL,15,,0,,,1
2244701,Tiankone Modi Maka,Tiankone Modi Maka,15.58493,-13.38727,PPL,15,,0,,,1
2244700,Tiankou,Tiankou,12.91667,-13.85,PPL,11,,0,,,1
6917782,Tiankounoumé,Tiankounoume,12.5265,-12.7356,PPL,17,,0,,,1
2244698,Tiankoye,Tiankoye,12.5792,-12.6591,PPL,17,,0,,,1
13554664,Tiantang,Tiantang,14.08616,-15.19734,PPL,16,10778871,0,,,1
2244697,Tiaori,Tiaori,13.88333,-13.63333,PPL,05,,0,,,1
2244696,Tiaouane,Tiaouane,15.31667,-16.36667,PPL,07,,0,,,1
2244695,Tiaoulé,Tiaoule,13.01667,-14.25,PPL,11,,0,,,1
2244694,Tiaoun,Tiaoun,14.86202,-16.90668,PPL,07,,0,,,1
13504536,Tiaoun Sérèr,TiaounSerer,14.86846,-16.88662,PPL,07,2244388,0,,,1
2244692,Tiapé,Tiape,12.85,-13.66667,PPL,11,,0,,,1
2244680,Tiar Drop,Tiar Drop,15.75,-16.18333,PPL,13,,0,,,1
13504681,Tiar Fiâye,TiarFiaye,14.84541,-16.68705,PPL,07,2244804,0,,,1
13505410,Tiar Gram,TiarGram,14.96137,-16.39457,PPL,03,2254315,0,,,1
2244657,Tiar Hal,Tiar Hal,15.83333,-16.13333,PPL,13,,0,,,1
2244691,Tiar Moussé Diop,Tiar Mousse Diop,15.84222,-16.4225,PPL,14,,0,,,1
2244650,Tiar Sek,Tiar Sek,15.7,-16.45,PPL,13,,0,,,1
2244649,Tiar Sodi,Tiar Sodi,15.25,-16.28333,PPL,13,,0,,,1
2244648,Tiar Tiolor,Tiar Tiolor,15.127,-16.5685,PPL,07,,0,,,1
2244686,Tiara,Tiara,15.2293,-15.5444,PPL,13,,0,,,5
2244687,Tiara,Tiara,13.96667,-13.13333,PPL,05,,0,,,5
2244688,Tiara,Tiara,13.48333,-14.36667,PPL,05,,0,,,5
2244689,Tiara,Tiara,13.18333,-15.3,PPL,11,,0,,,5
2244690,Tiara,Tiara,12.86667,-14.55,PPL,11,,0,,,5
2244684,Tiara Dimba Bie,Tiara Dimba Bie,13.2,-15.3,PPL,11,,0,,,1
2244652,Tiaramalél,Tiaramalel,12.6395,-12.4566,PPL,17,,0,,,1
2244681,Tiarap,Tiarap,12.78333,-14.51667,PPL,11,,0,,,1
2244679,Tiare,Tiare,12.55583,-15.71028,PPL,18,,0,,,1
2244658,Tiargni,Tiargni,15.2606,-14.0846,PPL,15,,0,,,2
2244659,Tiargni,Tiargni,15.1883,-15.2899,PPL,13,,0,,,2
2244654,Tiari Mbaye,Tiari Mbaye,15.33333,-16.53333,PPL,13,,0,,,1
2244655,Tiarigne,Tiarigne,15.53333,-16.41667,PPL,13,,0,,,1
2244653,Tiarkhandam,Tiarkhandam,15.03333,-16.61667,PPL,07,,0,,,1
2244651,Tiaroye Guèdj,Tiaroye Guedj,14.7425,-17.37944,PPL,01,,0,,,1
2595784,Tiaroye Kaw,Tiaroye Kaw,14.76522,-17.35855,PPLX,01,7732977,0,,,1
2244665,Tiarène,Tiarene,15.82361,-16.43333,PPL,13,,0,,,10
2244667,Tiarène,Tiarene,15.75,-16.06667,PPL,13,,0,,,10
2244670,Tiarène,Tiarene,15.33333,-16.75,PPL,07,,0,,,10
2244671,Tiarène,Tiarene,14.94928,-15.95956,PPL,03,,0,,,10
2244672,Tiarène,Tiarene,14.05,-14.86667,PPL,16,,0,,,10
2244674,Tiarène,Tiarene,13.63333,-15.98333,PPL,10,,0,,,10
2252597,Tiarène,Tiarene,14.44617,-15.71507,PPL,10,,0,,,10
13504698,Tiarène,Tiarene,14.82913,-16.70999,PPL,07,2244804,0,,,10
13505407,Tiarène,Tiarene,14.99068,-16.39031,PPL,03,2254315,0,,,10
13505416,Tiarène,Tiarene,14.77631,-16.40691,PPL,03,2254315,0,,,10
2244664,Tiarène Alassane,Tiarene Alassane,13.75993,-16.1212,PPL,10,,0,,,1
2244663,Tiarène Babou,Tiarene Babou,13.82421,-16.25374,PPL,09,,0,,,1
2251853,Tiarène Diamma,TiareneDiamma,14.75789,-16.21442,PPL,03,,0,,,1
2244662,Tiarène Djissa,Tiarene Djissa,13.82998,-16.19721,PPL,10,,0,,,1
13672676,Tiarène Momat,Tiarene Momat,13.92255,-16.06749,PPL,10,2250807,0,,,1
2244661,Tiarène Santhie,Tiarene Santhie,13.80592,-16.2702,PPL,09,,0,,,1
2244660,Tiarène Sar,Tiarene Sar,15.53333,-16.5,PPL,13,,0,,,1
13672677,Tiarène Yoro,Tiarene Yoro,13.92208,-16.07099,PPL,10,2250807,0,,,1
2244677,Tiaré,Tiare,14.10028,-16.47718,PPL,09,,0,,,3
2244678,Tiaré,Tiare,13.9,-15.78333,PPL,10,,0,,,3
13509032,Tiaré,Tiare,14.25399,-16.01241,PPL,10,10778869,0,,,3
2244676,Tiaré Diomoye,Tiare Diomoye,15.46667,-16.08333,PPL,13,,0,,,1
2244675,Tiaré Ngolgui,TiareNgolgui,14.44223,-16.24711,PPL,09,,0,,,1
2244666,Tiaréné,Tiarene,15.76667,-13.47428,PPL,15,,0,,,1
2244643,Tiaski,Tiaski,16.09432,-13.67302,PPL,14,,0,,,4
2244644,Tiaski,Tiaski,15.672,-14.2358,PPL,14,,0,,,4
2244645,Tiaski,Tiaski,14.92256,-16.04455,PPL,03,,0,,,4
2244646,Tiaski,Tiaski,14.33265,-12.84015,PPL,05,,0,,,4
2244641,Tiaski Ndialal,Tiaski Ndialal,15.5935,-14.9514,PPL,13,,0,,,1
2244638,Tiat Ngol,Tiat Ngol,15.7398,-15.8737,PPL,13,,0,,,1
2244640,Tiatamine,Tiatamine,12.78333,-13.86667,PPL,11,,0,,,1
13504550,Tiataye,Tiataye,14.88566,-16.87732,PPL,07,2244388,0,,,1
2244637,Tiatgol Boédi,Tiatgol Boedi,15.436,-15.5119,PPL,13,,0,,,1
2244634,Tiatiao,Tiatiao,14.75,-16.6,PPL,03,,0,,,2
2244635,Tiatiao,Tiatiao,14.71667,-16.51667,PPL,03,,0,,,2
2244636,Tiatiaw,Tiatiaw,14.70342,-16.34922,PPL,03,,0,,,3
2244639,Tiatiaw,Tiatiaw,14.5999,-16.57924,PPL,07,,0,,,3
13507026,Tiatiaw,Tiatiaw,14.70371,-16.43544,PPL,03,2254315,0,,,3
13504793,Tiatiaw Khang,TiatiawKhang,14.8205,-16.61339,PPL,03,2254315,0,,,1
2244632,Tiatiori,Tiatiori,13.73333,-13.6,PPL,05,,0,,,1
2244631,Tiatol,Tiatol,15.0048,-14.2743,PPL,15,,0,,,1
2244630,Tiavali,Tiavali,15.5632,-15.3295,PPL,13,,0,,,1
2244626,Tiavène,Tiavene,15.25,-16.41667,PPL,07,,0,,,2
2244627,Tiavène,Tiavene,14.95,-16.15,PPL,03,,0,,,2
2244629,Tiawandou,Tiawandou,14.06392,-16.04606,PPL,10,,0,,,1
13504742,Tiawaré,Tiaware,14.87994,-16.55727,PPL,03,2254315,0,,,1
2595834,Tiawlène,Tiawlene,14.70754,-17.2593,PPLX,01,,0,,,1
2244628,Tiawène,Tiawene,14.82193,-15.94176,PPL,03,,0,,,1
2247119,Tiaye,Tiaye,14.91402,-17.05566,PPL,07,,0,,,1
2244779,Tiaytou,Tiaytou,14.93353,-16.40967,PPL,03,,0,,,1
2244625,Tiayère,Tiayere,15.86667,-16.36667,PPL,14,,0,,,1
13551149,Tiaïfali Peul,TiaifaliPeul,14.82126,-15.85764,PPL,03,2248699,0,,,1
2244624,Tibar,Tibar,15.16667,-16.53333,PPL,07,,0,,,1
2244623,Tibar Fal,Tibar Fal,15.1,-16.41667,PPL,07,,0,,,1
2244621,Tibo,Tibo,15.15,-16.58333,PPL,07,,0,,,2
13505491,Tibo,Tibo,14.84852,-16.40532,PPL,03,2254315,0,,,2
2244619,Tidem,Tidem,16.11333,-16.15472,PPL,14,,0,,,1
2244618,Tidji,Tidji,16.10306,-16.11833,PPL,14,,0,,,1
2244620,Tidé,Tide,15.0822,-15.4682,PPL,13,,0,,,1
2244604,Tiekha Gaye,Tiekha Gaye,15.33333,-16.55,PPL,13,,0,,,1
2244548,Tielsedé,Tielsede,14.49236,-15.31957,PPL,16,,0,,,1
2244587,Tiemmbar Peul,Tiemmbar Peul,15.41667,-16.13333,PPL,13,,0,,,1
2244573,Tiengolel Demba Djibi,Tiengolel Demba Djibi,14.71004,-12.71049,PPL,15,,0,,,1
2244572,Tiengolel Wambambé,Tiengolel Wambambe,14.69627,-12.72277,PPL,15,,0,,,1
2244570,Tienne,Tienne,15.38333,-16.15,PPL,13,,0,,,1
2244569,Tienne Sagata,Tienne Sagata,15.25,-16.15,PPL,13,,0,,,1
2244568,Tienng,Tienng,15.1,-16.48333,PPL,07,,0,,,1
2244566,Tiennpol,Tiennpol,13.75,-15.56667,PPL,10,,0,,,1
2244555,Tiep,Tiep,15.5251,-16.5257,PPL,13,,0,,,1
2244550,Tierno Siré,Tierno Sire,13.03333,-14.85,PPL,11,,0,,,1
2595227,Tieudèm,Tieudem,14.89546,-17.09065,PPL,07,,0,,,1
2244591,Tieul,Tieul,14.95461,-16.5351,PPL,03,,0,,,2
13504747,Tieul,Tieul,14.86118,-16.52057,PPL,03,2254315,0,,,2
13505362,Tieul Mbèr,TieulMber,14.92436,-16.38738,PPL,03,2254315,0,,,1
2244543,Tieurigne,Tieurigne,15.56667,-16.45,PPL,13,,0,,,2
2596019,Tieurigne,Tieurigne,16.10083,-16.30083,PPL,14,,0,,,2
2244533,Tigad,Tigad,14.81667,-16.66667,PPL,07,,0,,,1
2244531,Tignito,Tignito,15.0719,-15.9143,PPL,13,,0,,,1
2244527,Tiguet,Tiguet,16.39861,-16.31917,PPL,14,,0,,,1
2244529,Tiguéré Soubalbé,Tiguere Soubalbe,15.70809,-13.28714,PPL,15,,0,,,1
2244528,Tiguéré Yéné,Tiguere Yene,15.70825,-13.26888,PPL,15,,0,,,1
2244524,Tikankali,Tikankali,12.712,-12.3795,PPL,17,,0,,,1
2244522,Tikat Banguel,Tikat Banguel,14.09421,-15.85997,PPL,10,2250807,0,,,1
2244520,Tikouli,Tikouli,14.65,-16.36667,PPL,03,,0,,,1
2244495,Til Siéno,Til Sieno,15.18333,-16.36667,PPL,07,,0,,,1
2244794,Tila,Tila,15.5191,-15.9252,PPL,13,,0,,,2
6917511,Tila,Tila,15.3565,-15.5177,PPL,13,,0,,,2
2244516,Tilaye,Tilaye,13.08457,-16.04715,PPL,12,,0,,,2
2244517,Tilaye,Tilaye,12.85833,-16.39667,PPL,12,,0,,,2
2244514,Tilel,Tilel,12.56667,-16.26667,PPL,12,,0,,,1
2244507,Tili Daga,Tili Daga,16.32883,-14.36133,PPL,14,,0,,,1
2244508,Tiliandé,Tiliande,15.524,-15.0754,PPL,13,,0,,,1
2244506,Tilla,Tilla,16.05222,-16.32972,PPL,14,,0,,,1
2244503,Tillèm,Tillem,15.66667,-16.21667,PPL,13,,0,,,1
2244501,Tillène,Tillene,15.53333,-16.05,PPL,13,,0,,,1
2244505,Tillé,Tille,15.05,-16.36667,PPL,07,,0,,,1
2244504,Tillé Garan,Tille Garan,13.61667,-15.93333,PPL,10,,0,,,1
2244502,Tillé Ndiaye,Tille Ndiaye,13.65,-15.93333,PPL,10,,0,,,1
2244500,Tilmaka,Tilmaka,15.3,-16.08333,PPL,13,,0,,,1
2244498,Tilmessane,Tilmessane,13.93333,-15.15,PPL,16,,0,,,1
2244497,Tilogne Tokossel,Tilogne Tokossel,15.96667,-13.6,PPL,15,,10441,,,1
13514621,Tilom Ténéfoul,TilomTenefoul,14.57996,-16.17433,PPL,03,2252312,0,,,1
2244513,Tilèl,Tilel,15.8061,-14.8651,PPL,13,,0,,,1
2244511,Tilène,Tilene,16.25972,-16.18111,PPL,14,,0,,,4
2244512,Tilène,Tilene,14.83333,-16.65,PPL,07,,0,,,4
2244897,Tilène,Tilene,14.7894,-15.97171,PPL,03,,0,,,4
2595426,Tilène,Tilene,14.56538,-17.12757,PPLX,07,,0,,,4
2244494,Timbafoulou,Timbafoulou,13.6,-13.6,PPL,05,,0,,,1
2244492,Timbifara,Timbifara,13.61667,-14.18333,PPL,05,,0,,,2
2244493,Timbifara,Timbifara,13.40836,-12.55492,PPL,05,,0,,,2
2244490,Timbora,Timbora,15.03333,-16.8,PPL,07,,0,,,1
2244487,Tindaba,Tindaba,12.61056,-15.68917,PPL,18,,0,Pulaar/Fulani,clan/family name root,2
2244488,Tindaba,Tindaba,12.48333,-16.18333,PPL,12,,0,Pulaar/Fulani,clan/family name root,2
2244486,Tindian,Tindian,13.18333,-13.56667,PPL,05,,0,,,1
2244482,Tindinnto,Tindinnto,12.98333,-15.76667,PPL,18,,0,,,1
2244484,Tindiéme,Tindieme,12.84111,-16.28667,PPL,12,,0,,,1
2244474,Tindodi,Tindodi,14.90034,-15.84237,PPL,03,,0,,,1
13508545,Tinghane,Tinghane,14.29311,-16.48271,PPL,09,7670866,0,,,1
2244480,Tingoto,Tingoto,13.36667,-13.21667,PPL,05,,0,,,1
2244478,Tiniyel,Tiniyel,13.03333,-13.93333,PPL,11,,0,,,1
2244476,Tinndiou,Tinndiou,15.3,-16.3,PPL,13,,0,,,1
2244475,Tinndoye,Tinndoye,13.88333,-15.73333,PPL,10,,0,,,1
2244473,Tinntiba,Tinntiba,13.63333,-13.48333,PPL,05,,0,Pulaar/Fulani,clan/family name root,1
2244472,Tintinkome,Tintinkome,12.61833,-15.785,PPL,18,,0,,,1
13505420,Tinène,Tinene,14.94842,-16.37044,PPL,03,2254315,0,,,1
2244467,Tiobon,Tiobon,12.875,-16.54917,PPL,12,,0,,,1
2244469,Tiobé,Tiobe,14.75,-14.88333,PPL,13,,0,,,3
2244470,Tiobé,Tiobe,14.64873,-16.07595,PPL,03,,0,,,3
2244471,Tiobé,Tiobe,14.21667,-14.98333,PPL,16,,0,,,3
13507278,Tiobé Sène,TiobeSene,14.63168,-16.09236,PPL,03,2252312,0,,,1
13507258,Tiobé Sérèr,TiobeSerer,14.63093,-16.07574,PPL,03,2252312,0,,,1
2244466,Tiodiogoye,Tiodiogoye,14.62654,-16.38079,PPL,03,,0,,,1
2244461,Tiodor du Ferlo,Tiodor du Ferlo,15.0496,-14.3011,PPL,15,,0,,,2
6916607,Tiodor du Ferlo,Tiodor du Ferlo,15.0787,-14.3059,PPL,15,,0,,,2
2244465,Tiodorbé,Tiodorbe,13.7,-15.86667,PPL,10,,0,,,1
2244463,Tiodordé,Tiodorde,14.98333,-13.55,PPL,15,,0,,,2
2244464,Tiodordé,Tiodorde,14.28333,-13.23333,PPL,05,,0,,,2
2244460,Tiofak,Tiofak,14.16667,-16.05,PPL,10,,0,,,1
2244459,Tiofior,Tiofior,14.02152,-16.14928,PPL,10,,0,,,1
13658053,Tioguène,Tioguene,13.99524,-16.29277,PPL,09,2251792,0,,,1
2244456,Tiokhmat,Tiokhmat,15.41667,-16.75,PPL,07,,0,,,1
2244433,Tiokhol,Tiokhol,14.98815,-16.46055,PPL,03,,0,,,1
13506994,Tiokhèm,Tiokhem,14.70279,-16.27181,PPL,03,2252312,0,,,1
2244454,Tiokka,Tiokka,16.2255,-14.06608,PPL,14,,0,,,1
2244453,Tiokoye,Tiokoye,12.38333,-12.4,PPL,17,,0,,,2
6917787,Tiokoye,Tiokoye,12.5637,-12.532,PPL,17,,0,,,2
13505409,Tiokèm,Tiokem,14.79687,-16.39961,PPL,03,2254315,0,,,1
6648014,Tioké,Tioke,14.69899,-12.34975,PPL,05,,0,,,1
2244457,Tioké Kiouar,Tioke Kiouar,15.11667,-16.71667,PPL,07,,0,,,1
2244455,Tiokétian,Tioketian,12.5689,-12.3905,PPL,17,,0,,,1
2244451,Tiolane,Tiolane,15.05,-16.23333,PPL,07,,0,,,1
2244449,Tioli,Tioli,15.03333,-16.0,PPL,13,,0,,,1
13507011,Tiolom,Tiolom,14.6907,-16.2763,PPL,03,2252312,0,,,1
2244447,Tiolom Fall,Tiolom Fall,15.3428,-16.3217,PPL,13,,0,,,1
2244446,Tiolom Ténéfoul,Tiolom Tenefoul,13.58333,-16.18333,PPL,09,,0,,,1
2244450,Tiolèl,Tiolel,14.86667,-15.83333,PPL,03,,0,,,1
13551550,Tiolé,Tiole,14.9835,-15.66336,PPL,13,2249283,0,,,2
13553633,Tiolé,Tiole,14.57419,-15.238,PPL,16,10778871,0,,,2
2244444,Tiomadé,Tiomade,15.7,-16.03333,PPL,13,,0,,,1
2244443,Tiombi,Tiombi,14.22247,-16.30343,PPL,10,,0,,,1
13505453,Tiomboli,Tiomboli,14.86666,-16.2698,PPL,03,2252312,0,,,1
13506505,Tiombolodji,Tiombolodji,14.53061,-16.93739,PPL,07,2248478,0,,,1
2244418,Tiombé,Tiombe,14.76449,-16.05538,PPL,03,,0,,,1
2244441,Tiomolog Diam,Tiomolog Diam,13.11667,-13.93333,PPL,11,,0,,,1
2244440,Tiomolog Tombo,Tiomolog Tombo,13.11667,-13.96667,PPL,11,,0,,,1
2244413,Tiondi Berndé,TiondiBernde,14.89926,-15.52813,PPL,13,,0,,,1
2244445,Tione,Tione,14.39544,-15.61695,PPL,16,,0,,,1
13509360,Tiongane,Tiongane,14.24819,-16.05295,PPL,10,10778869,0,,,1
2251023,Tiongo Kadia,Tiongo Kadia,15.4619,-15.06,PPL,13,,0,,,1
2244438,Tiongo Madia,Tiongo Madia,15.4563,-15.0601,PPL,13,,0,,,1
2244437,Tiongo Mbéa,Tiongo Mbea,15.6924,-15.7409,PPL,13,,0,,,1
2244436,Tionk Essil,Tionk Essil,12.78556,-16.52167,PPL,12,,8389,,,1
2244435,Tionok Diabi,Tionok Diabi,14.66667,-14.66667,PPL,13,,0,,,1
2244434,Tionok Sangué,Tionok Sangue,14.63333,-14.75,PPL,13,,0,,,1
13551630,Tionordé,Tionorde,14.76781,-15.48883,PPL,03,2248699,0,,,1
2244431,Tiorinnguel,Tiorinnguel,13.98333,-14.5,PPL,05,,0,,,1
13506486,Tiorol,Tiorol,14.73089,-16.89133,PPL,07,2244804,0,,,1
2244428,Tioubalel,Tioubalel,16.48286,-14.39127,PPL,14,,0,,,2
2244429,Tioubalel,Tioubalel,16.26945,-13.98998,PPL,14,,0,,,2
2244425,Tioubouk,Tioubouk,12.86667,-14.1,PPL,11,,0,,,1
2244426,Tioubène,Tioubene,15.63333,-16.13333,PPL,13,,0,,,2
2244427,Tioubène,Tioubene,13.81667,-15.98333,PPL,10,,0,,,2
13508986,Tiouk,Tiouk,14.29797,-16.09984,PPL,10,10778869,0,,,1
2244422,Tiouko,Tiouko,14.73333,-16.38333,PPL,03,,0,,,1
2244420,Tioukongueul,Tioukongueul,15.7203,-14.6052,PPL,13,,0,,,1
2244419,Tioukougne Peul,Tioukougne Peul,15.44168,-16.72729,PPL,07,,0,,,1
13551152,Tioumb Sar,TioumbSar,14.94924,-15.94127,PPL,03,2248699,0,,,1
2244416,Tioumb Touré,TioumbToure,14.95676,-15.93518,PPL,03,,0,,,1
2244415,Tioumpoulaoua,Tioumpoulaoua,13.96667,-14.4,PPL,05,,0,,,1
2244414,Tioun,Tioun,15.79056,-16.4875,PPL,13,,0,,,2
2596038,Tioun,Tioun,15.7739,-16.50155,PPL,13,,0,,,2
2244411,Tiouniel,Tiouniel,15.1109,-15.8768,PPL,13,,0,,,1
2244410,Tiountou Aladi,Tiountou Aladi,13.71667,-14.3,PPL,05,,0,,,1
2244412,Tiounène,Tiounene,15.05,-16.5,PPL,07,,0,,,1
2244409,Tiouoana,Tiouoana,12.9,-13.96667,PPL,11,,0,,,1
13514636,Tioupane Laïti,TioupaneLaiti,14.21581,-16.27387,PPL,10,2250807,0,,,1
13514637,Tioupane Maguèye,TioupaneMagueye,14.22078,-16.27985,PPL,10,2250807,0,,,1
2244408,Tioupane Ndiakanèm,TioupaneNdiakanem,14.2159,-16.28498,PPL,10,,0,,,1
2244404,Tiourouk,Tiourouk,14.15,-13.28333,PPL,05,,0,,,1
2244403,Tiourour,Tiourour,15.5429,-15.9934,PPL,13,,0,,,1
2244406,Tiourène,Tiourene,15.508,-15.9488,PPL,13,,0,,,2
2244407,Tiourène,Tiourene,14.97063,-15.82635,PPL,03,,0,,,2
2244405,Tiourèneguène,Tioureneguene,15.01667,-16.25,PPL,07,,0,,,1
2244402,Tiousmel,Tiousmel,15.5487,-15.8899,PPL,13,,0,,,1
13505569,Tiouthie,Tiouthie,14.75893,-16.1481,PPL,03,2252312,0,,,1
2244401,Tiouti,Tiouti,15.85566,-13.50017,PPL,15,,0,,,1
2244399,Tioutioum,Tioutioum,14.44829,-16.21358,PPL,09,,0,,,1
13506996,Tioutoun,Tioutoun,14.64743,-16.29445,PPL,03,2252312,0,,,1
2244382,Tiovor,Tiovor,15.7249,-16.4496,PPL,13,,0,,,1
13554101,Tioye Ndioum,TioyeNdioum,14.41693,-15.19849,PPL,16,10778871,0,,,1
2244397,Tioyel,Tioyel,14.92729,-15.48082,PPL,13,,0,,,1
2244394,Tioyène,Tioyene,14.48954,-15.87934,PPL,09,,0,,,2
2244396,Tioyène,Tioyene,13.60691,-15.99559,PPL,10,,0,,,2
13658165,Tioyène Amadi Mala,Tioyene Amadi Mala,13.84778,-16.24296,PPL,09,2247158,0,,,1
13658230,Tioyène Matar,Tioyene Matar,13.85455,-16.19552,PPL,10,2247158,0,,,1
2244395,Tioyène Niombato,Tioyene Niombato,13.68986,-16.32341,PPL,09,,0,,,1
13658220,Tioyène Serigne,Tioyene Serigne,13.82344,-16.07438,PPL,10,2247158,0,,,1
13658234,Tioyène Sokone Deux,Tioyene Sokone Deux,13.84562,-16.2357,PPL,09,2247158,0,,,1
13658157,Tioyène Sokone Un,Tioyene Sokone Un,13.84448,-16.22881,PPL,09,2247158,0,,,1
2244398,Tioyé,Tioye,14.55,-14.76667,PPL,16,,0,,,1
2244391,Tip Nar,TipNar,14.68152,-15.85187,PPL,03,,0,,,1
13554080,Tip Saloum,TipSaloum,14.30284,-15.40598,PPL,16,10778871,0,,,1
2244390,Tissé,Tisse,14.05319,-15.52639,PPL,16,,0,,,4
2244888,Tissé,Tisse,14.64584,-15.67301,PPL,09,,0,,,4
2244892,Tissé,Tisse,14.74642,-15.9337,PPL,03,,0,,,4
2249179,Tissé,Tisse,14.80699,-15.68125,PPL,03,2248699,0,,,4
2244889,Tissé Deux,TisseDeux,14.92915,-15.97698,PPL,03,,0,,,1
2244386,Tivaouane,Tivaouane,14.95186,-16.8152,PPL,07,,102658,,,3
2595781,Tivaouane,Tivaouane,14.74907,-17.3725,PPLX,01,,0,,,3
13554105,Tivaouane,Tivaouane,14.33694,-15.15075,PPL,16,10778871,0,,,3
13554110,Tivaouane Delbi,TivaouaneDelbi,14.25691,-15.32104,PPL,16,10778871,0,,,1
2244387,Tivaouane Léwé,TivaouaneLewe,14.20212,-15.68986,PPL,16,,0,,,1
2595682,Tivaouane Peul,Tivaouane Peul,14.8069,-17.28046,PPL,01,,0,,,1
2244385,Tivaré,Tivare,15.03333,-16.76667,PPL,07,,0,,,1
2244384,Tivel Bessel,Tivel Bessel,12.86667,-14.25,PPL,11,,0,,,1
2244383,Tiviann Koulandiala,Tiviann Koulandiala,13.21667,-14.1,PPL,11,,0,,,1
13504591,Tiwigne Ndiassa,TiwigneNdiassa,14.92192,-16.9934,PPL,07,2244388,0,,,1
2244417,Tiwo,Tiwo,14.50126,-15.72962,PPL,09,,0,,,2
13554070,Tiwo,Tiwo,14.49368,-15.72139,PPL,10,10778869,0,,,2
2244728,Tiâmène,Tiamene,14.02514,-15.95825,PPL,10,,0,,,2
2244731,Tiâmène,Tiamene,13.8877,-16.21038,PPL,09,,0,,,2
2244730,Tiâmène Birane,Tiamene Birane,13.91007,-16.33439,PPL,09,,0,,,1
2244732,Tiâmène Diogo,Tiamene Diogo,13.71736,-16.12649,PPL,10,,0,,,1
13658127,Tiâmène Maka,Tiamene Maka,13.84646,-16.15107,PPL,10,2247158,0,,,1
13658198,Tiâmène Mamadou Binta,Tiamene Mamadou Binta,13.81512,-16.13469,PPL,10,2247158,0,,,1
13658120,Tiâmène Ndianène,Tiamene Ndianene,13.92062,-16.24703,PPL,09,2251792,0,,,1
13658010,Tiâmène Satiébo,Tiamene Satiebo,13.91417,-16.32338,PPL,09,2251792,0,,,1
13658149,Tiâmène Taba,Tiamene Taba,13.98192,-16.0882,PPL,10,2250807,0,Pulaar/Fulani,clan/family name root,1
2244723,Tiâmène Wolof,Tiamene Wolof,13.79787,-16.1275,PPL,10,,0,,,1
13506968,Tiègne,Tiegne,14.73649,-16.35371,PPL,03,2254315,0,,,1
2244612,Tièkane,Tiekane,14.97154,-16.36795,PPL,03,,0,,,1
2244598,Tièl,Tiel,14.9375,-15.05832,PPL,13,,0,,,1
2244593,Tièl Patièm,TielPatiem,14.52452,-15.91958,PPL,09,,0,,,1
2244592,Tièlé,Tiele,14.7,-15.98333,PPL,03,,0,,,1
13552833,Tièlé Kayène,TieleKayene,14.50523,-15.84368,PPL,09,2251492,0,,,1
2253265,Tièlé Patièm,TielePatiem,14.50506,-15.8684,PPL,09,,0,,,1
2249958,Tième Souaré,TiemeSouare,14.7495,-16.9232,PPL,07,,0,,,1
2244588,Tièmène,Tiemene,15.1272,-15.8689,PPL,13,,0,,,1
2244575,Tiène Tilène,Tiene Tilene,15.38333,-16.41667,PPL,13,,0,,,1
2244580,Tiènekoli Diagne,Tienekoli Diagne,15.01667,-16.1,PPL,13,,0,,,1
2244579,Tiènekoli Diop,Tienekoli Diop,15.01667,-16.08333,PPL,13,,0,,,1
2244567,Tièngou,Tiengou,14.76303,-15.82404,PPL,03,2248699,0,,,1
2244563,Tiènthie Deux,TienthieDeux,14.78291,-16.04721,PPL,03,,0,,,1
13505595,Tiènthie Un,TienthieUn,14.79438,-16.05262,PPL,03,2248699,0,,,1
2244549,Tièss,Tiess,15.03333,-16.95,PPL,07,,0,,,1
2244562,Tièw,Tiew,14.52601,-16.21186,PPL,09,,0,,,1
2244534,Tièye,Tieye,14.84378,-16.16901,PPL,03,,0,,,1
2244616,Tiébo,Tiebo,14.63333,-16.23333,PPL,03,,100289,,,1
2244617,Tiébé,Tiebe,15.4099,-15.2523,PPL,13,,0,,,1
13505526,Tiégone,Tiegone,14.84193,-16.23123,PPL,03,2252312,0,,,1
2244613,Tiéhubessi,Tiehubessi,12.98333,-14.28333,PPL,11,,0,,,1
2244602,Tiékiène,Tiekiene,13.9,-15.51667,PPL,16,,0,,,1
2244599,Tiékogne,Tiekogne,15.51993,-15.19151,PPL,13,,0,,,1
2244606,Tiékène,Tiekene,15.48333,-16.13333,PPL,13,,0,,,9
2244607,Tiékène,Tiekene,15.41667,-16.35,PPL,13,,0,,,9
2244608,Tiékène,Tiekene,14.70679,-15.97147,PPL,03,,0,,,9
2244609,Tiékène,Tiekene,14.03333,-14.56667,PPL,05,,0,,,9
2244610,Tiékène,Tiekene,13.9,-14.75,PPL,16,,0,,,9
2244611,Tiékène,Tiekene,13.7,-15.53333,PPL,10,,0,,,9
13505468,Tiékène,Tiekene,14.78673,-16.36879,PPL,03,2254315,0,,,9
13505553,Tiékène,Tiekene,14.75119,-16.15324,PPL,03,2252312,0,,,9
13658205,Tiékène,Tiekene,13.94804,-16.2034,PPL,09,2251792,0,,,9
2244605,Tiékène Baïrat,Tiekene Bairat,15.73333,-16.16667,PPL,13,,0,,,1
2596045,Tiékène Mbatar,Tiekene Mbatar,15.76722,-16.2625,PPL,13,,0,,,1
13505558,Tiékène Mourid,TiekeneMourid,14.75055,-16.1432,PPL,03,2252312,0,,,1
2595395,Tiékès,Tiekes,14.50461,-17.00908,PPL,07,,0,,,1
2244597,Tiél,Tiel,15.82249,-13.50538,PPL,15,,0,,,1
2244596,Tiélao,Tielao,16.57688,-14.56026,PPL,14,,0,,,1
2244589,Tiélé,Tiele,15.85333,-16.29806,PPL,13,,0,,,2
6647969,Tiélé,Tiele,14.86251,-12.68934,PPL,05,,0,,,2
2244590,Tiélémane,Tielemane,15.82833,-16.41583,PPL,13,,0,,,1
2244586,Tiémping,Tiemping,15.59459,-13.12854,PPL,15,,0,,,1
13504624,Tiéna Gare,TienaGare,14.76385,-16.79623,PPL,07,2244804,0,,,1
2244581,Tiénaba,Tienaba,14.98893,-16.49113,PPL,03,,0,Pulaar/Fulani,clan/family name root,3
2244583,Tiénaba,Tienaba,14.42934,-16.0952,PPL,09,,0,Pulaar/Fulani,clan/family name root,3
2244585,Tiénaba,Tienaba,14.76989,-16.80716,PPL,07,,0,Pulaar/Fulani,clan/family name root,3
2244582,Tiénaba Khabane,TienabaKhabane,14.57619,-16.84545,PPL,07,,0,,,1
2244584,Tiéndieng,Tiendieng,14.76687,-16.24328,PPL,03,,0,,,1
2244565,Tiéno Ndaye,Tieno Ndaye,15.36667,-16.36667,PPL,13,,0,,,1
2244564,Tiéno Ndiaou,Tieno Ndiaou,15.36667,-16.33333,PPL,13,,0,,,1
2244576,Tiénène,Tienene,15.0314,-15.9926,PPL,13,,0,,,3
2244577,Tiénène,Tienene,14.7,-15.93333,PPL,03,,0,,,3
13504805,Tiénène,Tienene,14.81573,-16.55161,PPL,03,2254315,0,,,3
2244559,Tiéolé,Tieole,16.48861,-15.01972,PPL,14,,0,,,2
2244560,Tiéolé,Tieole,15.48333,-16.01667,PPL,13,,0,,,2
2244553,Tiériak,Tieriak,13.98333,-15.96667,PPL,10,,0,,,1
2244552,Tiéribessi,Tieribessi,12.95,-13.75,PPL,11,,0,,,1
2244546,Tiéterlé Diabi,Tieterle Diabi,15.9139,-14.6355,PPL,14,,0,,,1
2244544,Tiéti,Tieti,13.03333,-15.08333,PPL,11,,0,,,1
2244547,Tiétène Bara,Tietene Bara,13.86667,-14.71667,PPL,16,,0,,,1
2244542,Tiéval,Tieval,13.71667,-14.08333,PPL,05,,0,,,1
2244541,Tiéval Lao,Tieval Lao,12.98333,-14.48333,PPL,11,,0,,,1
2244539,Tiével,Tievel,13.23333,-15.45,PPL,18,,0,,,1
2244538,Tiével Bezel,Tievel Bezel,13.15,-13.91667,PPL,11,,0,,,1
2244537,Tiével Mama Yéro,Tievel Mama Yero,13.05,-14.28333,PPL,11,,0,,,1
2244536,Tiévgal,Tievgal,13.01667,-15.1,PPL,11,,0,,,1
2244540,Tiévébessi,Tievebessi,13.01667,-13.91667,PPL,11,,0,,,1
2244535,Tiéwal,Tiewal,13.26667,-13.91667,PPL,11,,0,,,1
2244561,Tiéwo,Tiewo,14.65268,-16.97378,PPL,07,,0,,,1
13505355,Tiéyène,Tieyene,14.85077,-16.44783,PPL,03,2254315,0,,,1
2244556,Tiêp Lambaye,TiepLambaye,14.84305,-16.49187,PPL,03,,0,,,1
13505397,Tiêp Panathie,TiepPanathie,14.85049,-16.47323,PPL,03,2254315,0,,,1
2244525,Tiïl,Tiil,15.56667,-16.23333,PPL,13,,0,,,1
2244378,Tjissé,Tjisse,13.8,-15.66667,PPL,10,,0,,,2
2244379,Tjissé,Tjisse,13.75,-15.88333,PPL,10,,0,,,2
2244377,Tjissé Kaymor,Tjisse Kaymor,13.78333,-15.56667,PPL,10,,0,,,1
2244376,Tlioki,Tlioki,14.96667,-16.03333,PPL,03,,0,,,1
2244439,Tlone Khouma,Tlone Khouma,15.3138,-16.1263,PPL,13,,0,,,1
13506474,Toba Samba,TobaSamba,14.73859,-16.93144,PPL,07,2244804,0,Pulaar/Fulani,clan/family name root,1
2244372,Tobor,Tobor,13.01667,-15.68333,PPL,18,,0,,,2
2244373,Tobor,Tobor,12.66167,-16.26472,PPL,12,,0,,,2
2244369,Tobor Boal,Tobor Boal,12.66667,-16.26667,PPL,12,,0,,,1
2244368,Tobor Manga,Tobor Manga,12.66667,-16.28333,PPL,12,,0,,,1
2244374,Tobène,Tobene,15.03333,-16.78333,PPL,07,,0,,,3
2244375,Tobène,Tobene,14.13923,-15.3868,PPL,16,,0,,,3
13508578,Tobène,Tobene,14.27141,-16.25849,PPL,10,2250807,0,,,3
2244367,Todél,Todel,14.92925,-15.41667,PPL,13,,0,,,1
2252188,Tofaye,Tofaye,14.41639,-16.30748,PPL,09,,0,,,1
2244363,Togueul,Togueul,15.8,-16.16667,PPL,13,,0,,,1
2244364,Togué,Togue,12.4777,-12.0219,PPL,17,,0,,,1
13507047,Tok Diadji,TokDiadji,14.65168,-16.48122,PPL,03,2254315,0,,,1
2595575,Tok Lou Ouolof,Tok Lou Ouolof,14.70282,-17.11544,PPL,07,,0,,,1
2595219,Tok Lou Sérèr,Tok Lou Serer,14.69927,-17.12164,PPL,07,,0,,,1
2595586,Tok Lou Wolof,Tok Lou Wolof,14.68093,-17.12662,PPL,07,,0,,,1
13506977,Tok Ngol,TokNgol,14.64555,-16.32327,PPL,03,2252312,0,,,1
13508562,Tokambél,Tokambel,14.32618,-16.25549,PPL,10,2250807,0,,,1
13508564,Tokasso,Tokasso,14.4818,-16.37527,PPL,09,7670866,0,,,1
2244360,Toki Gare,TokiGare,14.59427,-16.14979,PPL,03,,0,,,1
13514620,Toki Sérèr,TokiSerer,14.60222,-16.13743,PPL,03,2252312,0,,,1
13507238,Toki Toucouleur,TokiToucouleur,14.58766,-16.13527,PPL,03,2252312,0,,,1
2244359,Tokomak,Tokomak,14.53905,-16.54954,PPL,07,,0,,,1
2244358,Tokorak,Tokorak,14.5541,-16.57127,PPL,07,,0,,,1
2244357,Tokossian,Tokossian,12.50417,-15.78667,PPL,18,,0,,,1
2244355,Tol,Tol,15.2115,-15.9615,PPL,13,,0,,,1
2244354,Tombon-Komoti,Tombon-Komoti,13.66816,-12.97187,PPL,05,,0,,,1
2244353,Tomboronkoto,Tomboronkoto,12.7992,-12.2899,PPL,17,,0,,,1
2244352,Tomoradji,Tomoradji,13.9314,-11.9965,PPL,05,,0,,,1
2244351,Tonboro,Tonboro,13.58333,-14.11667,PPL,05,,0,,,1
2244264,Tonghor,Tonghor,14.97231,-16.45002,PPL,03,,0,,,2
2595704,Tonghor,Tonghor,14.76248,-17.48167,PPLX,01,,0,,,2
2244348,Tongo,Tongo,12.73917,-16.10306,PPL,12,,0,,,2
13509060,Tongo,Tongo,14.39346,-16.17148,PPL,09,7670866,0,,,2
2244347,Tongon,Tongon,15.9,-16.43333,PPL,14,,0,,,1
2244346,Tonguel,Tonguel,15.5707,-15.9455,PPL,13,,0,,,1
2244345,Tonguel Peul,Tonguel Peul,15.5952,-15.929,PPL,13,,0,,,1
2244344,Tonguia,Tonguia,12.83264,-13.70424,PPL,11,,0,,,1
2244342,Toniataba,Toniataba,12.68333,-15.46667,PPL,18,,0,Pulaar/Fulani,clan/family name root,1
2244341,Tonkouto,Tonkouto,13.56349,-12.11408,PPL,05,,0,,,1
2244338,Tor,Tor,14.88616,-17.07962,PPL,07,,0,,,1
2244339,Tordieul,Tordieul,15.4268,-14.9126,PPL,13,,0,,,1
2244336,Toro,Toro,15.0,-16.51667,PPL,07,,0,,,1
2244334,Toro Bèye,Toro Beye,15.61667,-16.46667,PPL,13,,0,,,1
13504577,Toro Malik,ToroMalik,14.94099,-16.83876,PPL,07,2244388,0,,,1
2244333,Torodo,Torodo,14.31129,-15.58262,PPL,16,,0,,,1
2244332,Totia,Totia,12.61236,-11.8513,PPL,17,,0,,,1
2244271,Toub Fal,Toub Fal,15.35,-16.38333,PPL,13,,0,,,1
2244322,Touba,Touba,14.86229,-15.87532,PPL,03,,1120824,Pulaar/Fulani,clan/family name root,9
2244323,Touba,Touba,14.16667,-15.63333,PPL,16,,0,Pulaar/Fulani,clan/family name root,9
2244324,Touba,Touba,14.11667,-14.75,PPL,16,,0,Pulaar/Fulani,clan/family name root,9
2244325,Touba,Touba,13.95,-15.83333,PPL,10,,0,Pulaar/Fulani,clan/family name root,9
2244326,Touba,Touba,13.73333,-15.6,PPL,10,,0,Pulaar/Fulani,clan/family name root,9
2244328,Touba,Touba,13.5,-13.6,PPL,05,,0,Pulaar/Fulani,clan/family name root,9
2244329,Touba,Touba,13.36667,-14.76667,PPL,11,,0,Pulaar/Fulani,clan/family name root,9
2244330,Touba,Touba,13.14072,-16.65066,PPL,12,,0,Pulaar/Fulani,clan/family name root,9
2244331,Touba,Touba,12.99278,-15.58722,PPL,18,,0,Pulaar/Fulani,clan/family name root,9
2244319,Touba Ali Fana,Touba Ali Fana,13.81667,-15.13333,PPL,16,,0,,,1
13658723,Touba Baria,Touba Baria,13.64423,-16.22673,PPL,09,2251792,0,,,1
2244316,Touba Bogo,Touba Bogo,14.9201,-15.68717,PPL,13,,0,,,1
2244317,Touba Bélel,Touba Belel,15.05,-15.83333,PPL,13,,0,,,1
13554687,Touba Darou,ToubaDarou,14.24453,-15.43004,PPL,16,10778871,0,,,1
13658217,Touba Deux,Touba Deux,13.83048,-16.16624,PPL,10,2247158,0,,,1
13514638,Touba Diaglé,ToubaDiagle,14.19881,-16.11159,PPL,10,2250807,0,,,1
2244045,Touba Diaksaw,ToubaDiaksaw,14.62789,-15.61683,PPL,09,,0,,,1
13506493,Touba Dieng,ToubaDieng,14.54795,-16.90537,PPL,07,2244804,0,,,1
13554051,Touba Dékhaye,ToubaDekhaye,14.447,-15.84101,PPL,09,2251492,0,,,1
2244313,Touba Fal,Touba Fal,14.86639,-15.99319,PPL,03,,0,,,6
2244315,Touba Fal,Touba Fal,13.81667,-15.93333,PPL,10,,0,,,6
2253061,Touba Fal,ToubaFal,14.54635,-15.74357,PPL,09,,0,,,6
13504767,Touba Fal,ToubaFal,14.95515,-16.68379,PPL,07,2244388,0,,,6
13551573,Touba Fal,ToubaFal,14.91919,-15.52375,PPL,13,2249283,0,,,6
13554086,Touba Fal,ToubaFal,14.37416,-15.15966,PPL,16,10778871,0,,,6
2244314,Touba Fali,Touba Fali,13.78333,-13.78333,PPL,05,,0,,,1
13672678,Touba Fas,Touba Fas,13.6368,-16.05798,PPL,10,2247158,0,,,1
2244312,Touba Gaye,Touba Gaye,14.99175,-15.98252,PPL,13,,0,,,1
2244321,Touba Guène,Touba Guene,15.86389,-16.39417,PPL,14,,0,,,1
13504582,Touba Guèye,ToubaGueye,14.76254,-16.82499,PPL,07,2244804,0,,,1
2251328,Touba Guédé,ToubaGuede,14.88125,-15.87358,PPL,03,,0,,,1
13554689,Touba Guéyène,ToubaGueyene,14.20054,-15.12131,PPL,16,10778871,0,,,1
2244310,Touba Kahone,Touba Kahone,14.4,-15.83333,PPL,09,,0,,,1
2244309,Touba Kane,Touba Kane,15.03333,-16.55,PPL,07,,0,,,2
13507276,Touba Kane,ToubaKane,14.70388,-16.01417,PPL,03,2248699,0,,,2
2250858,Touba Kaèl,ToubaKael,14.6718,-15.88387,PPL,03,,0,,,1
2244308,Touba Keur Aïp,Touba Keur Aip,13.96667,-15.81667,PPL,10,,0,,,1
13554695,Touba Keur Cheïkh,ToubaKeurCheikh,14.11748,-15.43326,PPL,16,2251008,0,,,1
13554446,Touba Khadoma,ToubaKhadoma,14.17228,-15.8168,PPL,16,10778870,0,,,1
13509050,Touba Khayokh,ToubaKhayokh,14.28559,-16.08524,PPL,10,10778869,0,,,1
13553457,Touba Lambaye,ToubaLambaye,14.50063,-15.63862,PPL,16,2251008,0,,,1
2244302,Touba Loumbi,Touba Loumbi,14.51667,-14.71667,PPL,16,,0,,,1
13554682,Touba Malèm,ToubaMalem,14.19233,-15.14286,PPL,16,10778871,0,,,1
13506985,Touba Mbayar,ToubaMbayar,14.6176,-16.26065,PPL,03,2252312,0,,,1
2244300,Touba Mbayène,Touba Mbayene,13.9,-14.86667,PPL,16,,0,,,2
2251762,Touba Mbayène,ToubaMbayene,14.22903,-15.16384,PPL,16,,0,,,2
2244299,Touba Mboul,Touba Mboul,14.57097,-15.95166,PPL,03,,0,,,1
2254057,Touba Mbéla,ToubaMbela,14.23142,-15.682,PPL,16,,0,,,1
2244297,Touba Morikounda,Touba Morikounda,13.05,-15.4,PPL,18,,0,,,1
2244296,Touba Mourid,Touba Mourid,13.80232,-16.32732,PPL,09,,0,,,2
13507279,Touba Mourid,ToubaMourid,14.58185,-16.03051,PPL,03,2248699,0,,,2
2244295,Touba Mouride,Touba Mouride,14.16667,-16.1,PPL,10,,0,,,2
2244301,Touba Mouride,ToubaMouride,14.03582,-15.42352,PPL,16,,0,,,2
13505547,Touba Mékhé,ToubaMekhe,14.78546,-16.16493,PPL,03,2252312,0,,,1
2244298,Touba Mérina,Touba Merina,15.2524,-16.014,PPL,13,,0,,,1
2253921,Touba Ndiawaldé,ToubaNdiawalde,14.84525,-15.96538,PPL,03,,0,,,1
2244293,Touba Ndiaye,Touba Ndiaye,15.4524,-15.9095,PPL,13,,0,,,2
2244294,Touba Ndiaye,Touba Ndiaye,15.16667,-16.86667,PPL,07,,0,,,2
13658311,Touba Nding,Touba Nding,13.72583,-16.42354,PPL,09,2251792,0,,,1
13554104,Touba Ndioum,ToubaNdioum,14.40817,-15.16661,PPL,16,10778871,0,,,1
2247835,Touba Ndièmé,ToubaNdieme,14.51359,-15.70277,PPL,09,,0,,,1
13554092,Touba Ndiéné,ToubaNdiene,14.49724,-15.15684,PPL,16,10778871,0,,,1
2250557,Touba Ndoga,ToubaNdoga,14.56004,-15.9778,PPL,03,,0,,,1
13507245,Touba Ndoka,ToubaNdoka,14.56863,-16.02139,PPL,03,2248699,0,,,1
13553449,Touba Ngaye,ToubaNgaye,14.68269,-15.71251,PPL,09,2251492,0,,,1
2244292,Touba Ngouye,Touba Ngouye,14.01667,-14.75,PPL,16,,0,,,1
2244291,Touba Niane,Touba Niane,13.84923,-16.0311,PPL,10,,0,,,2
13554554,Touba Niane,ToubaNiane,14.02684,-15.67946,PPL,16,10778870,0,,,2
13551635,Touba Oldou,ToubaOldou,14.86761,-15.39847,PPL,13,2249283,0,,,1
13553609,Touba Peul,ToubaPeul,14.54317,-15.04928,PPL,16,10778871,0,,,1
13658681,Touba Sahert,Touba Sahert,13.7152,-16.24009,PPL,09,2251792,0,,,1
2244290,Touba Saloum,Touba Saloum,14.31512,-15.51882,PPL,16,,0,,,2
13554099,Touba Saloum,ToubaSaloum,14.26352,-15.27447,PPL,16,10778871,0,,,2
13551561,Touba Sam,ToubaSam,14.94534,-15.55663,PPL,13,2249283,0,,,1
13509330,Touba Sanokho,ToubaSanokho,14.08097,-16.10068,PPL,10,2250807,0,,,1
2245226,Touba Soma,ToubaSoma,14.53898,-16.32625,PPL,09,,0,,,1
13551563,Touba Sourang,ToubaSourang,14.90795,-15.74324,PPL,03,2248699,0,,,1
13554109,Touba Tawfekh,ToubaTawfekh,14.29687,-15.45221,PPL,16,2251008,0,,,1
13553459,Touba Thilla,ToubaThilla,14.61158,-15.63228,PPL,09,2251492,0,,,1
2244288,Touba Tiarène,Touba Tiarene,14.28333,-14.81667,PPL,16,,0,,,2
2244673,Touba Tiarène,Touba Tiarene,13.92728,-16.0668,PPL,10,,0,,,2
13551572,Touba Tissé,ToubaTisse,14.77974,-15.69531,PPL,03,2248699,0,,,1
2244287,Touba Tiékène,Touba Tiekene,13.35,-14.86667,PPL,11,,0,,,1
2244286,Touba Toul,Touba Toul,14.81868,-16.66435,PPL,07,,0,,,1
2244327,Touba Un,Touba Un,13.63858,-16.06281,PPL,10,,0,,,1
13554082,Touba Warkéré,ToubaWarkere,14.41012,-15.44329,PPL,16,2251008,0,,,1
2244318,Toubab Dialaw,Toubab Dialaw,14.60584,-17.15017,PPL,01,,0,,,1
2244311,Toubak,Toubak,13.51667,-15.05,PPL,11,,0,,,1
2244303,Toubakouta,Toubakouta,13.78104,-16.47015,PPL,09,,0,,,5
2244304,Toubakouta,Toubakouta,13.23333,-15.78333,PPL,18,,0,,,5
2244305,Toubakouta,Toubakouta,12.48333,-16.28333,PPL,12,,0,,,5
2244306,Toubakouta,Toubakouta,12.46694,-15.61944,PPL,18,,0,,,5
2244307,Toubakouta,Toubakouta,12.45449,-11.71513,PPL,17,,0,,,5
2244289,Toubassaloum,Toubassaloum,13.78333,-15.7,PPL,10,,0,,,1
11205335,Toubatoule,Toubatoule,14.81957,-16.66137,PPL,07,,0,,,1
2244273,Toube Sanveon,Toube Sanveon,14.58333,-13.6,PPL,15,,0,,,1
2244280,Toubel Bali,Toubel Bali,14.51667,-13.5,PPL,15,,0,,,1
6607233,Toubi Télo,Toubi Telo,16.11243,-14.02832,PPL,14,,0,,,1
2244272,Toubèye Ka,Toubeye Ka,14.4,-15.95,PPL,09,,0,,,1
2244284,Toubé,Toube,15.21667,-16.43333,PPL,07,,0,,,4
2244285,Toubé,Toube,14.76327,-16.31248,PPL,03,,0,,,4
13506765,Toubé,Toube,14.71902,-16.50264,PPL,03,2254315,0,,,4
13506776,Toubé,Toube,14.68953,-16.58453,PPL,03,2254315,0,,,4
2244283,Toubé Kaé,Toube Kae,14.5,-13.48333,PPL,15,,0,,,1
13505577,Toubé Mbéyène,ToubeMbeyene,14.94009,-16.1215,PPL,03,2252312,0,,,1
2244277,Toubéré Amadou,Toubere Amadou,14.61667,-13.26667,PPL,15,,0,,,2
2244278,Toubéré Amadou,Toubere Amadou,14.4,-13.53333,PPL,05,,0,,,2
2244276,Toubéré Bafal,Toubere Bafal,14.38333,-13.53333,PPL,05,,0,,,1
2244275,Toubéré Demba,Toubere Demba,14.5,-13.46667,PPL,15,,0,Pulaar/Fulani,clan/family name root,1
2244274,Toubéré Demballa,Toubere Demballa,14.36667,-13.66667,PPL,05,,0,,,1
2244267,Toufi,Toufi,15.18333,-16.71667,PPL,07,,0,,,1
2244266,Toufndé Gandé,Toufnde Gande,16.09016,-13.86394,PPL,14,,0,,,1
2596089,Toug Ouolof,Toug Ouolof,15.89333,-16.46778,PPL,14,,0,,,1
2244265,Toug Peul,Toug Peul,15.885,-16.47389,PPL,14,,0,,,1
2244261,Tougou,Tougou,15.81667,-13.98333,PPL,15,,0,,,2
2244262,Tougou,Tougou,15.7782,-14.0219,PPL,15,,0,,,2
2244260,Tougoudé,Tougoude,13.25,-15.05,PPL,11,,0,,,1
2595531,Tougouni,Tougouni,14.75113,-17.07122,PPL,07,,0,,,1
13504733,Tougouthie,Tougouthie,14.79439,-16.50837,PPL,03,2254315,0,,,1
13554047,Tougoutye Deux,TougoutyeDeux,14.41203,-15.94042,PPL,09,2251492,0,,,1
2244258,Tougoutye Un,TougoutyeUn,14.41193,-15.94518,PPL,09,,0,,,1
2244255,Toukar,Toukar,14.53678,-16.47632,PPL,09,,0,,,2
13509066,Toukar,Toukar,14.31666,-16.13421,PPL,10,2250807,0,,,2
2244254,Toukara,Toukara,13.09878,-16.12989,PPL,12,,0,,,1
2244253,Toukouleur,Toukouleur,15.11667,-16.5,PPL,07,,0,,,1
13507039,Toulane,Toulane,14.6298,-16.35089,PPL,03,2254315,0,,,1
11395948,Toulde Galle,Toulde Galle,16.499,-14.504,PPL,14,,0,,,1
2244249,Touldé Tila,Toulde Tila,16.41468,-14.10941,PPL,14,,0,,,1
2244250,Touldé Tiékovi,Toulde Tiekovi,14.33333,-13.53333,PPL,05,,0,,,1
2244246,Toulel Tialé,Toulel Tiale,15.98333,-13.63333,PPL,15,,0,,,1
2244248,Touli,Touli,14.72896,-17.08169,PPL,07,,0,,,1
6647993,Toulidoko,Toulidoko,14.37215,-12.6218,PPL,05,,0,,,1
2244247,Toulékédi,Toulekedi,14.64364,-12.65606,PPL,05,,0,,,1
2244243,Toum,Toum,15.20581,-14.97421,PPL,13,,0,,,2
2244244,Toum,Toum,15.17,-14.9981,PPL,13,,0,,,2
2244241,Toumanéa,Toumanea,12.43292,-11.93449,PPL,17,,0,,,1
2244240,Toumbeul,Toumbeul,15.35,-16.2,PPL,13,,0,,,1
2244231,Toumbingfara,Toumbingfara,13.36455,-11.7586,PPL,05,,0,,,1
2244239,Toumbou Diaméré,Toumbou Diamere,13.62973,-13.82638,PPL,05,,0,,,1
6648010,Toumbouguel,Toumbouguel,14.09325,-12.63395,PPL,05,,0,,,1
2244238,Toumboulène,Toumboulene,15.06667,-16.41667,PPL,07,,0,,,1
2244236,Toumboura,Toumboura,13.96871,-12.21649,PPL,05,,0,,,1
2244225,Toun,Toun,14.4835,-16.12903,PPL,09,,0,,,2
2244226,Toun,Toun,14.12471,-15.58112,PPL,16,,0,,,2
13554553,Toun Sinthie,TounSinthie,14.1317,-15.57885,PPL,16,2251008,0,,,1
2595563,Tounda,Tounda,14.72178,-17.14264,PPL,01,,0,,,1
2244234,Tounde,Tounde,15.53333,-16.46667,PPL,13,,0,,,1
2244233,Tounde Maléye,Tounde Maleye,15.5506,-16.6542,PPL,13,,0,,,1
2595765,Tounde Ndargou,Tounde Ndargou,14.75951,-17.42517,PPLL,01,,0,,,1
2244232,Tounde Tioune,Tounde Tioune,15.1487,-16.6706,PPL,07,,0,,,1
2244227,Toundou Tiékoré,Toundou Tiekore,13.95,-13.46667,PPL,05,,0,,,1
2244223,Toungoulel,Toungoulel,13.05,-14.1,PPL,11,,0,,,1
2244222,Tounti,Tounti,13.1,-13.45,PPL,05,,0,,,1
2244224,Tounène,Tounene,15.08333,-16.25,PPL,07,,0,,,1
2244211,Tourguénol,Tourguenol,16.20661,-14.03999,PPL,14,,0,,,1
2244210,Tourguénoul,Tourguenoul,16.21571,-14.28661,PPL,14,,0,,,1
2244209,Tourimé,Tourime,14.90726,-12.51811,PPL,05,,0,,,1
13508524,Tournal Nonane,TournalNonane,14.29189,-16.35115,PPL,09,7670866,0,,,1
2244208,Tourokoto,Tourokoto,13.32147,-11.83305,PPL,05,,0,,,1
2244217,Touré,Toure,15.05,-16.2,PPL,13,,0,,,4
2244218,Touré,Toure,15.01667,-16.3,PPL,07,,0,,,4
2244219,Touré,Toure,14.81667,-15.75,PPL,03,,0,,,4
13506708,Touré,Toure,14.65274,-16.68086,PPL,07,2248478,0,,,4
2244216,Touré Fass,Toure Fass,15.05,-16.16667,PPL,13,,0,,,1
2244212,Touré Mbaye,Toure Mbaye,15.33333,-16.5,PPL,13,,0,,,1
2244220,Touré Mbond,ToureMbond,14.72619,-16.22158,PPL,03,,0,,,1
6659082,Touréboung,Toureboung,12.51182,-11.50984,PPL,17,,0,,,1
2244213,Tourékounda,Tourekounda,13.70011,-12.30764,PPL,05,,0,,,3
2244214,Tourékounda,Tourekounda,12.84722,-15.53972,PPL,18,,0,,,3
2244215,Tourékounda,Tourekounda,12.51722,-16.06778,PPL,12,,0,,,3
2244207,Toutikouroudi,Toutikouroudi,13.27355,-11.61959,PPL,17,,0,,,1
2244206,Toutlé,Toutle,14.5,-15.95,PPL,09,,0,,,1
2244205,Toutouné,Toutoune,12.75,-14.35,PPL,11,,0,,,1
2244362,Toïlé,Toile,12.33333,-12.35,PPL,17,,0,,,1
2244203,Trankile,Trankile,12.55722,-16.07389,PPL,12,,0,,,1
2596004,Treich Peul,Treich Peul,16.19333,-16.345,PPL,14,,0,,,1
2244201,Trigué,Trigue,15.0188,-15.4888,PPL,13,,0,,,1
2244198,Tsialolo,Tsialolo,14.97341,-12.6611,PPL,15,,0,,,1
2244197,Tuabo,Tuabo,14.97718,-12.46447,PPL,05,,0,,,1
2244903,Tyabourli,Tyabourli,16.08549,-13.90798,PPL,14,,0,,,1
2244194,Tyidi,Tyidi,15.0942,-15.4341,PPL,13,,0,,,1
2244195,Tyidéli,Tyideli,12.73333,-14.41667,PPL,11,,0,,,1
2252548,Tyikat Diéri,TyikatDieri,14.0657,-15.83136,PPL,16,,0,,,1
13554430,Tyikat Keur Sano,TyikatKeurSano,14.07937,-15.88062,PPL,10,2250807,0,,,1
13554406,Tyikat Ndongo,TyikatNdongo,14.08237,-15.86406,PPL,10,2250807,0,,,1
2244898,Tyiki,Tyiki,14.40276,-15.98881,PPL,09,,0,,,1
13554045,Tyiki Sérèr,TyikiSerer,14.43523,-15.96607,PPL,09,2251492,0,,,1
2244521,Tyikkité,Tyikkite,16.15687,-13.97034,PPL,14,,0,,,1
2244496,Tyilambol,Tyilambol,16.06787,-13.83955,PPL,14,,0,,,1
2244896,Tyilla,Tyilla,15.40524,-15.21703,PPL,13,,0,,,1
2244193,Tyilmakha,Tyilmakha,15.0301,-16.2502,PPL,07,,0,,,1
2244530,Tyingol,Tyingol,14.96732,-15.61161,PPL,13,,0,,,1
2249134,Tâba,Taba,14.50323,-15.65525,PPL,16,,0,Pulaar/Fulani,clan/family name root,1
2595457,Tâk,Tak,14.61035,-17.09172,PPL,07,,0,,,2
2595482,Tâk,Tak,14.66686,-17.04332,PPL,07,,0,,,2
2244883,Tèf,Tef,16.04611,-16.32028,PPL,14,,0,,,1
2244876,Tèla Yar Gouye,TelaYarGouye,14.52466,-16.31033,PPL,09,,0,,,1
2244846,Tèn Fodé,TenFode,14.34419,-15.91842,PPL,10,,0,,,1
2244844,Tène Toubab,Tene Toubab,14.51686,-16.93977,PPL,07,,0,,,2
13509078,Tène Toubab,TeneToubab,14.35633,-16.23461,PPL,09,7670866,0,,,2
13554661,Tékhé,Tekhe,14.0587,-15.30127,PPL,16,10778871,0,,,1
2244878,Tékinguél,Tekinguel,15.31027,-13.13061,PPL,15,,0,,,1
2244879,Tékinnguel,Tekinnguel,15.3,-13.78333,PPL,15,,0,,,1
2244874,Téloum,Teloum,12.98556,-16.26833,PPL,12,,0,,,1
13508587,Télé Sangaye,TeleSangaye,14.42098,-16.35832,PPL,09,7670866,0,,,1
2244867,Témanto,Temanto,13.53333,-14.15,PPL,05,,0,,,7
2244868,Témanto,Temanto,13.16667,-13.8,PPL,11,,0,,,7
2244869,Témanto,Temanto,12.93333,-13.76667,PPL,11,,0,,,7
2244870,Témanto,Temanto,12.91056,-15.31,PPL,18,,0,,,7
2244871,Témanto,Temanto,12.75,-13.86667,PPL,11,,0,,,7
2244872,Témanto,Temanto,12.53333,-15.66667,PPL,18,,0,,,7
2244873,Témanto,Temanto,12.45,-15.95,PPL,11,,0,,,7
2244866,Témanto Mamadou,Temanto Mamadou,13.48333,-15.01667,PPL,11,,0,,,1
2244865,Témanto Manfou,Temanto Manfou,13.06667,-15.26667,PPL,18,,0,,,1
2244863,Témassou,Temassou,13.61667,-13.95,PPL,05,,0,,,1
6586393,Témbéri,Temberi,12.43727,-11.92305,PPL,17,,0,,,1
2244861,Témento Diaé,Temento Diae,12.98333,-14.35,PPL,11,,0,,,1
2244860,Témento Dimba,Temento Dimba,12.8,-14.26667,PPL,11,,0,Pulaar/Fulani,clan/family name root,1
2244859,Témento Eli,Temento Eli,13.0,-14.48333,PPL,11,,0,,,1
2244858,Témento Méta,Temento Meta,12.93333,-14.3,PPL,11,,0,,,1
2244857,Témento Samba,Temento Samba,12.9,-14.25,PPL,11,,0,Pulaar/Fulani,clan/family name root,1
2244854,Témine,Temine,13.95,-15.25,PPL,16,,0,,,1
2244853,Téminto Modi,Teminto Modi,13.45,-13.78333,PPL,11,,0,,,1
2244856,Témèye,Temeye,16.38944,-15.72889,PPL,14,,0,,,1
2244855,Témèye Salane,Temeye Salane,16.3325,-15.77083,PPL,14,,0,,,1
2244851,Ténanto Samba,Tenanto Samba,12.73333,-14.78333,PPL,11,,0,Pulaar/Fulani,clan/family name root,1
13552830,Téodogne,Teodogne,14.53902,-15.83221,PPL,09,2251492,0,,,1
2244835,Téourou,Teourou,14.46667,-16.01667,PPL,09,,0,,,1
13554033,Téourou Gaoudé,TeourouGaoude,14.45542,-15.83779,PPL,09,2251492,0,,,1
2244836,Téourou Mbaye,TeourouMbaye,14.42616,-15.95357,PPL,09,,0,,,1
2244925,Téourou Ngari,TeourouNgari,14.45399,-15.90446,PPL,09,,0,,,1
2595483,Téprin Deux,Teprin Deux,14.6695,-17.03807,PPL,07,,0,,,1
2595484,Téprin Un,Teprin Un,14.66508,-17.03963,PPL,07,,0,,,1
2243995,Térokh,Terokh,14.94964,-16.85251,PPL,07,,0,,,1
13554414,Térou Mbaye Fal,TerouMbayeFal,14.23475,-15.85037,PPL,10,10778869,0,,,1
2244831,Térénou,Terenou,12.66667,-15.56667,PPL,18,,0,,,1
2244829,Téssékré,Tessekre,15.8127,-15.0607,PPL,13,,0,,,1
2244825,Téterlé-Diavédi,Teterle-Diavedi,15.8871,-14.8318,PPL,13,,0,,,1
2244821,Tétiour,Tetiour,15.23333,-16.43333,PPL,07,,0,,,1
2244811,Téwél Keur Massèye,TewelKeurMasseye,14.65321,-15.87263,PPL,03,,0,,,1
2244881,Téïba,Teiba,15.69067,-13.41443,PPL,15,,0,Pulaar/Fulani,clan/family name root,1
11205518,Unité 19,Unite 19,14.7611,-17.4485,PPLX,01,,0,,,1
6759212,Us,Us,16.09233,-16.37397,PPL,14,,0,,,1
2595717,Usine Parc,Usine Parc,14.71944,-17.44778,PPLX,01,,0,,,1
2244189,Valel,Valel,15.23149,-12.98425,PPL,15,,0,,,1
2244188,Valikounda,Valikounda,12.59139,-15.47028,PPL,18,,0,,,1
2244187,Vanar,Vanar,13.88333,-15.61667,PPL,16,,0,,,1
2244153,Veltiennkou,Veltiennkou,13.78333,-15.38333,PPL,16,,0,,,1
2244150,Vendou Abé,Vendou Abe,15.4336,-14.9721,PPL,13,,0,,,1
6644080,Vendou Ali,Vendou Ali,15.43037,-13.12369,PPL,15,,0,,,1
13554054,Vendou Bowdé,VendouBowde,14.33918,-15.77581,PPL,10,10778869,0,,,2
13554069,Vendou Bowdé,VendouBowde,14.38364,-15.69689,PPL,10,10778869,0,,,2
2244138,Vendou Gari,Vendou Gari,15.2906,-14.0735,PPL,15,,0,,,1
2247136,Vendou Nodi,Vendou Nodi,15.3303,-13.11695,PPL,15,,0,,,1
2244124,Vendou Séna,Vendou Sena,15.9841,-15.4398,PPL,14,,0,,,1
2244115,Verdoi,Verdoi,14.0,-13.45,PPL,05,,0,,,1
2244114,Verdoubi,Verdoubi,14.16667,-13.23333,PPL,05,,0,,,1
2244111,Veuta,Veuta,15.11667,-16.95,PPL,07,,0,,,1
2244185,Veïnane,Veinane,13.98333,-15.21667,PPL,16,,0,,,1
2244110,Vidou Tiengôli,Vidou Tiengoli,15.9968,-15.3249,PPL,14,,0,,,1
2244109,Vigué,Vigue,13.93333,-13.11667,PPL,05,,0,,,1
2244107,Vilanène,Vilanene,13.85,-14.95,PPL,16,,0,,,1
2244106,Vindaye,Vindaye,12.48361,-16.69333,PPL,12,,0,,,1
2244099,Vindou-Bosséabé,Vindou-Bosseabe,15.31326,-12.99196,PPL,15,,0,,,1
2244098,Vindé Djouma,Vinde Djouma,15.2537,-15.635,PPL,13,,0,,,1
2244096,Vinndédiabi,Vinndediabi,14.45,-13.16667,PPL,05,,0,,,1
2244090,Vinsako,Vinsako,12.63944,-15.28167,PPL,11,,0,,,1
2244088,Vordé,Vorde,16.43142,-14.27398,PPL,14,,0,,,1
2244086,Vouropana,Vouropana,13.53333,-15.11667,PPL,11,,0,,,1
2244085,Voyoto,Voyoto,12.65,-15.78333,PPL,18,,0,,,1
2244151,Vèndou,Vendou,15.1784,-15.2602,PPL,13,,0,,,1
2244147,Vèndou Barodi,Vendou Barodi,15.9792,-15.303,PPL,13,,0,,,1
2244097,Vèndou Boki,Vendou Boki,15.8845,-15.5292,PPL,13,,0,,,2
2253740,Vèndou Boki,Vendou Boki,16.50813,-14.25608,PPL,14,,0,,,2
2244144,Vèndou Boubou,Vendou Boubou,14.78333,-14.85,PPL,13,,0,,,1
2244143,Vèndou Boulbi,Vendou Boulbi,15.85,-13.86667,PPL,15,,0,,,1
2244141,Vèndou Diabé,Vendou Diabe,15.8184,-15.3655,PPL,13,,0,,,1
2244142,Vèndou Dèlèbè,Vendou Delebe,15.7783,-15.5692,PPL,13,,0,,,1
2244137,Vèndou Gatié,Vendou Gatie,14.16667,-15.86667,PPL,09,,0,,,1
2244135,Vèndou Guéladio,Vendou Gueladio,14.96667,-14.73333,PPL,13,,0,,,1
2244134,Vèndou Koumba Khar,Vendou Koumba Khar,15.8399,-15.4818,PPL,13,,0,,,1
2244133,Vèndou Makam,Vendou Makam,15.25,-13.88333,PPL,15,,0,,,1
2244148,Vèndou Mbam,Vendou Mbam,15.1297,-15.818,PPL,13,,0,,,1
2244132,Vèndou Mourtéki,Vendou Mourteki,15.8249,-15.3913,PPL,13,,0,,,1
2244130,Vèndou Namari,Vendou Namari,15.8145,-15.3169,PPL,13,,0,,,1
2244127,Vèndou Pala,Vendou Pala,15.1679,-15.4273,PPL,13,,0,,,1
2244125,Vèndou Séana,Vendou Seana,15.63333,-15.51667,PPL,13,,0,,,1
2244122,Vèndou Séno,Vendou Seno,15.2707,-15.0865,PPL,13,,0,,,1
2244120,Vèndou Tili,Vendou Tili,15.4857,-15.4618,PPL,13,,0,,,1
6650662,Vèndé Mahil,Vende Mahil,16.60877,-14.50566,PPL,14,,0,,,1
2244116,Vènsa Boudou,Vensa Boudou,15.9374,-15.8359,PPL,13,,0,,,1
2244183,Vélia,Velia,12.8,-13.86667,PPL,11,,0,,,1
2244182,Vélia Bounka,Velia Bounka,13.25,-14.7,PPL,11,,0,,,1
2244171,Véligara,Veligara,14.23805,-12.96464,PPL,05,,0,,,1
2244159,Vélingara,Velingara,14.06248,-16.53182,PPL,09,,0,Pulaar,Fouta/Pulaar region toponym,13
2244169,Vélingara,Velingara,15.5839,-16.2585,PPL,13,,0,Pulaar,Fouta/Pulaar region toponym,13
2244170,Vélingara,Velingara,15.0,-14.66667,PPL,13,,0,Pulaar,Fouta/Pulaar region toponym,13
2244172,Vélingara,Velingara,13.88333,-15.8,PPL,10,,0,Pulaar,Fouta/Pulaar region toponym,13
2244173,Vélingara,Velingara,13.63747,-16.00741,PPL,10,,0,Pulaar,Fouta/Pulaar region toponym,13
2244174,Vélingara,Velingara,13.56667,-13.55,PPL,05,,0,Pulaar,Fouta/Pulaar region toponym,13
2244175,Vélingara,Velingara,13.37143,-12.95243,PPL,05,,0,Pulaar,Fouta/Pulaar region toponym,13
2244176,Vélingara,Velingara,13.3,-15.73333,PPL,18,,0,Pulaar,Fouta/Pulaar region toponym,13
2244177,Vélingara,Velingara,13.15,-14.11667,PPL,11,,45431,Pulaar,Fouta/Pulaar region toponym,13
2244178,Vélingara,Velingara,13.05,-15.73333,PPL,18,,0,Pulaar,Fouta/Pulaar region toponym,13
2244179,Vélingara,Velingara,12.83417,-15.1675,PPL,18,,0,Pulaar,Fouta/Pulaar region toponym,13
2244180,Vélingara,Velingara,12.4585,-12.0596,PPL,17,,0,Pulaar,Fouta/Pulaar region toponym,13
13507328,Vélingara,Velingara,14.4505,-16.99584,PPL,07,2248478,0,Pulaar,Fouta/Pulaar region toponym,13
2244166,Vélingara Boïdo,Velingara Boido,12.84917,-15.04333,PPL,11,,0,Pulaar,Fouta/Pulaar region toponym,1
2244165,Vélingara Diaoué,Velingara Diaoue,13.06667,-14.4,PPL,11,,0,Pulaar,Fouta/Pulaar region toponym,1
2244164,Vélingara Lali,Velingara Lali,13.5,-15.13333,PPL,11,,0,Pulaar,Fouta/Pulaar region toponym,1
2244163,Vélingara Léguel,Velingara Leguel,13.41667,-13.7,PPL,05,,0,Pulaar,Fouta/Pulaar region toponym,1
2244162,Vélingara Pakane,Velingara Pakane,12.85,-13.8,PPL,11,,0,Pulaar,Fouta/Pulaar region toponym,1
2244161,Vélingara Soto,Velingara Soto,13.13333,-15.05,PPL,11,,0,Pulaar,Fouta/Pulaar region toponym,1
2244158,Vélinngara,Velinngara,14.23333,-16.75,PPL,09,,0,,,2
2244160,Vélinngara,Velinngara,13.38333,-13.48333,PPL,05,,0,,,2
2244154,Vélor Sérère,Velor Serere,14.08333,-16.21667,PPL,10,,0,,,1
6644061,Véndou Dioyi,Vendou Dioyi,15.00482,-13.35277,PPL,15,,0,,,1
2244136,Véndou Gniwa,VendouGniwa,14.36777,-15.84774,PPL,10,,0,,,1
6644062,Véndou Namâri,Vendou Namari,15.08691,-13.26404,PPL,15,,0,,,1
2244117,Vénouané,Venouane,15.4045,-15.7278,PPL,13,,0,,,1
2244079,Wack Ngouna,Wack Ngouna,13.75,-16.06667,PPL,10,,0,,,1
2247077,Wadia Dieng,WadiaDieng,15.0094,-16.28335,PPL,07,,0,,,1
13553626,Wadiour Abât,WadiourAbat,14.64663,-15.32716,PPL,16,10778871,0,,,1
13509019,Wadiour Sérèr,WadiourSerer,14.40867,-16.03017,PPL,09,2251492,0,,,1
13508979,Wadiourou,Wadiourou,14.32555,-16.13762,PPL,10,2250807,0,,,1
13506967,Wadji,Wadji,14.74448,-16.43806,PPL,03,2254315,0,,,1
2247079,Wadène,Wadene,14.99799,-16.15903,PPL,13,,0,,,2
13554698,Wadène,Wadene,14.01425,-15.06117,PPL,16,10778872,0,,,2
2250085,Wak Mbatio,Wak Mbatio,13.71878,-16.06709,PPL,10,,0,,,1
2244070,Wakhal,Wakhal,14.88508,-17.08963,PPL,07,,0,,,1
2245521,Wakhal Diamm,WakhalDiamm,14.54794,-16.40994,PPL,09,,0,,,5
2247039,Wakhal Diamm,WakhalDiamm,14.75444,-16.33297,PPL,03,,0,,,5
2596043,Wakhal Diamm,Wakhal Diamm,15.75528,-16.39417,PPL,13,,0,,,5
13504662,Wakhal Diamm,WakhalDiamm,14.99593,-16.55903,PPL,07,2244388,0,,,5
13506766,Wakhal Diamm,WakhalDiamm,14.63679,-16.60855,PPL,03,2254315,0,,,5
13504645,Wakhou,Wakhou,14.87572,-16.6589,PPL,07,2244804,0,,,1
2244081,Wakélaré Tabadian,Wakelare Tabadian,13.11667,-13.45,PPL,05,,0,,,1
2244080,Wakélibougou,Wakelibougou,13.53333,-13.85,PPL,05,,0,,,1
2247063,Walalane,Walalane,14.0248,-15.44407,PPL,16,,0,,,2
13507287,Walalane,Walalane,14.55421,-16.078,PPL,03,2252312,0,,,2
2244076,Wali Diala,Wali Diala,14.50228,-12.45949,PPL,05,,0,,,1
2247058,Wali Diallo,Wali Diallo,15.28396,-13.01617,PPL,15,,0,Pulaar/Fulani,clan/family name root,1
2244077,Walidiala,Walidiala,12.3732,-12.3849,PPL,17,,0,,,1
2244078,Wallan Kindi,Wallan Kindi,12.4283,-12.0312,PPL,17,,0,,,1
2245318,Wallan Sintiou,Wallan Sintiou,12.4368,-12.0244,PPL,17,,0,,,1
2244075,Wamba,Wamba,12.48746,-11.58856,PPL,17,,0,Pulaar/Fulani,clan/family name root,1
6648037,Wandali,Wandali,14.46065,-12.44939,PPL,05,,0,,,1
13507433,Wandiana,Wandiana,14.45513,-16.53742,PPL,09,7670866,0,,,1
2247052,Wandé,Wande,14.19887,-15.40564,PPL,16,,0,,,1
2244186,Wanga,Wanga,14.61621,-16.06026,PPL,03,,0,,,1
2247072,Wangaran,Wangaran,13.02634,-16.4159,PPL,12,,0,,,1
2247032,Wansangara,Wansangara,13.21077,-11.54662,PPL,05,,0,,,1
2244072,Waoumane,Waoumane,14.36667,-15.65,PPL,16,,0,,,1
2247044,Waoundé,Waounde,15.26367,-12.86821,PPL,15,,7816,,,1
2246973,Warang,Warang,14.36773,-16.9372,PPL,07,,0,,,2
6620952,Warang,Warang,14.37349,-16.94366,PPL,07,,3500,,,2
2595703,Warar,Warar,14.75818,-17.48719,PPLX,01,,0,,,1
2244071,Warbé,Warbe,13.0,-14.81667,PPL,11,,0,,,1
13509361,Wardiakhal,Wardiakhal,14.24397,-16.09992,PPL,10,10778869,0,,,1
2247036,Warkéré,Warkere,14.40318,-15.45065,PPL,16,,0,,,1
2248708,Wassa Codé Mbaila,Wassa Code Mbaila,15.4939,-13.2726,PPL,15,,0,,,1
2244400,Wassa Codé Tioutinkobé,Wassa Code Tioutinkobe,15.49083,-13.27289,PPL,15,,0,,,1
2244067,Wassadou,Wassadou,12.8,-15.16667,PPL,18,,0,,,3
2244068,Wassadou,Wassadou,12.75,-14.16667,PPL,11,,0,,,3
2244069,Wassadou,Wassadou,12.73333,-12.1,PPL,17,,0,,,3
2244066,Wassadougou,Wassadougou,13.35,-13.33333,PPL,05,,0,,,1
6586398,Wassaya,Wassaya,12.42674,-11.98221,PPL,17,,0,,,1
2247026,Wayambam,Wayambam,14.82192,-17.21754,PPL,01,,0,,,1
13658799,Wel Kalir,Wel Kalir,13.07544,-16.05282,PPL,12,2253903,0,,,1
2247014,Wel Mbandouare,Wel Mbandouare,13.10427,-16.04548,PPL,12,,0,,,1
2244105,Weyndé,Weynde,14.16037,-15.65665,PPL,16,,0,,,1
2244108,Wilanène,Wilanene,14.04821,-15.54105,PPL,16,,0,,,1
2244087,Wogueu,Wogueu,14.82416,-15.67951,PPL,03,2248699,0,,,1
2244062,Woloto,Woloto,13.05,-14.21667,PPL,11,,0,,,1
2244063,Wondio,Wondio,12.5362,-12.0925,PPL,17,,0,,,1
13553634,Wondou Boniédji,WondouBoniedji,14.53014,-15.42655,PPL,16,10778871,0,,,1
2246979,Woniak,Woniak,13.09436,-16.44627,PPL,12,,0,,,1
6659984,Wortokhati,Wortokhati,13.41012,-11.72841,PPL,05,,0,,,1
2244059,Woré,Wore,14.5,-15.81667,PPL,09,,0,,,1
13554041,Wourou Dioudioum,WourouDioudioum,14.45351,-15.77939,PPL,09,2251492,0,,,1
13504571,Wéla,Wela,14.91397,-16.8504,PPL,07,2244388,0,,,1
13509311,Wélor Sossé,WelorSosse,14.08559,-16.21348,PPL,10,2250807,0,,,1
2244157,Wélor Sérèr,WelorSerer,14.07939,-16.21469,PPL,10,,0,,,1
13554031,Wéndou Mawdou,WendouMawdou,14.45557,-15.80202,PPL,09,2251492,0,,,1
2244055,Yabo Yabo,YaboYabo,14.44365,-16.6655,PPL,07,,0,,,1
2244057,Yabone,Yabone,12.53194,-16.05389,PPL,11,,0,,,1
2596060,Yade Keur Abou Ba,Yade Keur Abou Ba,15.95583,-16.29,PPL,14,,0,Pulaar/Fulani,clan/family name root,1
2596061,Yade Ouolof,Yade Ouolof,15.95778,-16.29528,PPL,14,,0,,,1
2244054,Yade Peul,Yade Peul,15.97056,-16.29778,PPL,14,,0,,,1
13504608,Yadjine,Yadjine,14.96493,-16.774,PPL,07,2244388,0,,,1
13504616,Yadou,Yadou,14.88015,-16.78132,PPL,07,2244388,0,,,3
13504791,Yadou,Yadou,14.94241,-16.52685,PPL,03,2254315,0,,,3
13506990,Yadou,Yadou,14.66377,-16.39428,PPL,03,2254315,0,,,3
2244051,Yadou Laye,Yadou Laye,15.83333,-16.15,PPL,13,,0,,,1
2244053,Yadé,Yade,14.81178,-17.08957,PPL,07,,0,,,1
2244050,Yafa Rouba,Yafa Rouba,13.46667,-15.13333,PPL,11,,0,Pulaar/Fulani,clan/family name root,1
2244049,Yaféra,Yafera,14.78202,-12.29047,PPL,05,,0,,,1
2244048,Yagne,Yagne,14.80376,-15.94046,PPL,03,,0,,,1
2244047,Yagoubel,Yagoubel,16.41308,-14.2522,PPL,14,,0,,,1
2244044,Yal,Yal,13.88333,-15.83333,PPL,10,,0,,,1
2244042,Yamal,Yamal,14.76435,-16.28882,PPL,03,,0,,,1
2244041,Yamana,Yamana,14.9,-15.78333,PPL,03,,0,,,1
2244039,Yamane,Yamane,15.8745,-16.3759,PPL,14,,0,,,2
2244040,Yamane,Yamane,14.17705,-15.08269,PPL,16,,0,,,2
2244037,Yamane Sek,Yamane Sek,15.80806,-16.26944,PPL,13,,0,,,1
2244038,Yamané,Yamane,16.10361,-15.99639,PPL,14,,0,,,1
2244036,Yamatoyène,Yamatoyene,12.56944,-16.74389,PPL,12,,0,,,1
2244034,Yamoussa,Yamoussa,12.4312,-12.2572,PPL,17,,0,,,1
2244032,Yang Yang,Yang Yang,15.5915,-15.342,PPL,13,,0,,,1
2244031,Yaoualdé,Yaoualde,15.7475,-14.3296,PPL,14,,0,,,1
2244029,Yaoualdé Sinntiou,Yaoualde Sinntiou,15.7552,-14.3236,PPL,14,,0,,,1
2244026,Yapal,Yapal,15.1831,-15.8741,PPL,13,,0,,,1
2244024,Yar Dakar,Yar Dakar,15.6609,-15.9956,PPL,13,,0,,,1
13554061,Yara Peul,YaraPeul,14.42729,-15.62842,PPL,16,2251008,0,,,1
2244025,Yaran,Yaran,12.51361,-15.52056,PPL,18,,0,,,1
2244020,Yari Dakhar,Yari Dakhar,15.85,-16.2,PPL,13,,0,,,1
2244018,Yarimalo,Yarimalo,14.25253,-12.45824,PPL,05,,0,,,1
13506982,Yarouwaye,Yarouwaye,14.74874,-16.33823,PPL,03,2254315,0,,,1
6602980,Yaré Diaégal,Yare Diaegal,16.02489,-14.6078,PPL,14,,0,,,1
2244017,Yassagne,Yassagne,15.98333,-16.23333,PPL,14,,0,,,1
2244016,Yassi,Yassi,14.2211,-15.0437,PPL,16,,0,,,2
13505550,Yassi,Yassi,14.83429,-16.04365,PPL,03,2248699,0,,,2
2244012,Yassine Mandina,Yassine Mandina,12.77694,-15.74167,PPL,18,,0,,,1
2244013,Yassiné Laké,Yassine Lake,15.04876,-12.68309,PPL,15,,0,,,1
2244056,Yatbil Diop,Yatbil Diop,15.4907,-16.1797,PPL,13,,0,,,1
2244011,Yati Rhaye,Yati Rhaye,14.26667,-14.73333,PPL,16,,0,,,1
2244009,Yavorodji,Yavorodji,14.49661,-12.92609,PPL,05,,0,,,1
2244010,Yavène,Yavene,14.7671,-15.93314,PPL,03,,0,,,1
2244007,Yayakounda,Yayakounda,12.73278,-15.88194,PPL,18,,0,,,1
2244004,Yayèm,Yayem,14.1233,-16.68285,PPL,09,,0,,,1
2244003,Yayéne,Yayene,14.43333,-16.61667,PPL,09,,0,,,1
2243997,Yembakana,Yembakana,12.43167,-16.66861,PPL,12,,0,,,1
2243994,Yendounane,Yendounane,15.01667,-16.76667,PPL,07,,0,,,1
2243996,Yenguélé,Yenguele,14.4684,-16.41593,PPL,09,,0,,,1
2243985,Yerma,Yerma,15.12008,-12.74446,PPL,15,,0,,,1
2596046,Yermandé Dieng,Yermande Dieng,15.76583,-16.25889,PPL,13,,0,,,1
2243980,Yerwago,Yerwago,14.0073,-16.36554,PPL,09,,0,,,1
2243979,Yerwaye,Yerwaye,15.75111,-16.31861,PPL,13,,0,,,1
2243977,Yeumbeul,Yeumbeul,14.78183,-17.34961,PPL,01,,0,,,1
11101619,Yeumbeul sud,Yeumbeul sud,14.77248,-17.35904,PPL,01,,0,,,1
2251105,Ylimalo,Ylimalo,13.11185,-11.48765,PPL,05,,0,,,1
2243975,Yodi,Yodi,15.6,-16.63333,PPL,13,,0,,,1
2243973,Yoff,Yoff,14.75742,-17.46463,PPL,01,,0,,,1
2243969,Yokoul,Yokoul,15.13333,-16.23333,PPL,13,,0,,,1
2243968,Yokoulène,Yokoulene,15.98333,-16.21667,PPL,14,,0,,,1
2243965,Yoli,Yoli,14.58377,-16.22472,PPL,03,,0,,,2
2243966,Yoli,Yoli,13.61667,-14.25,PPL,05,,0,,,2
2243962,Yolma Deux,YolmaDeux,15.01984,-16.25049,PPL,07,,0,,,1
2243961,Yoman,Yoman,13.96667,-14.93333,PPL,16,,0,,,1
2243959,Yongo,Yongo,14.78513,-15.74984,PPL,03,,0,,,2
2243960,Yongo,Yongo,13.63692,-15.67226,PPL,10,,0,,,2
2243958,Yonoféré,Yonofere,15.2658,-14.4612,PPL,15,,0,,,1
2243953,Yoro Peul,Yoro Peul,15.33,-15.9704,PPL,13,,0,,,1
2243952,Yoro Sadio,Yoro Sadio,14.99178,-15.46803,PPL,13,,0,,,1
2243951,Yoro Sankoulé,Yoro Sankoule,13.86667,-13.71667,PPL,05,,0,,,1
2243955,Yorodondékounda,Yorodondekounda,13.6,-14.25,PPL,05,,0,,,1
2243954,Yoroka,Yoroka,14.9504,-15.74821,PPL,13,,0,,,1
2243950,Youboubou,Youboubou,13.01896,-11.64158,PPL,17,,0,,,1
13553618,Youga Soûna,YougaSouna,14.74553,-15.41869,PPL,13,2249283,0,,,1
2243948,Yougouré Keur Morbèye,Yougoure Keur Morbeye,14.35,-15.78333,PPL,16,,0,,,1
13554039,Yougouré Mas,YougoureMas,14.32636,-15.79746,PPL,10,10778869,0,,,1
2243947,Youpé Amadi,Youpe Amadi,14.34823,-12.40063,PPL,05,,0,,,1
2243946,Youpé Paté,Youpe Pate,14.33446,-12.39846,PPL,05,,0,,,1
2243945,Youtou,Youtou,12.37972,-16.48861,PPL,12,,0,,,1
2243944,Yoye,Yoye,15.2,-16.3,PPL,07,,0,,,1
13506981,Yâ Gouye,YaGouye,14.71782,-16.36153,PPL,03,2254315,0,,,1
13554068,Yâlel Diaké,YalelDiake,14.25455,-15.72279,PPL,16,10778870,0,,,1
2595564,Yâm,Yam,14.72303,-17.14131,PPLX,01,,0,,,1
2244019,Yâri Gouye,YariGouye,14.6352,-15.88867,PPL,03,,0,,,1
2244021,Yârou Gouye,YarouGouye,14.38794,-15.86164,PPL,09,,0,,,1
2244005,Yâye,Yaye,14.66174,-16.57863,PPL,03,,0,,,1
2244002,Yèdè,Yede,15.7587,-15.905,PPL,13,,0,,,1
2595605,Yène,Yene,14.64163,-17.17561,PPL,01,,0,,,1
2243993,Yène Kaw,Yene Kaw,14.63332,-17.15694,PPL,01,,0,,,1
2243991,Yène Todé,Yene Tode,14.64828,-17.18377,PPL,01,,0,,,1
2243990,Yéa,Yea,15.1051,-16.2512,PPL,07,,0,,,1
2595229,Yéba,Yeba,14.73177,-17.11544,PPL,07,,0,Pulaar/Fulani,clan/family name root,1
2595546,Yéba I,Yeba I,14.73778,-17.12028,PPL,07,,0,,,1
2595539,Yéba Inda,Yeba Inda,14.72427,-17.11352,PPLX,07,,0,,,1
2244001,Yédi,Yedi,15.1387,-15.426,PPL,13,,0,,,1
2243999,Yélimalo,Yelimalo,13.58489,-12.00404,PPL,05,,0,,,1
2243998,Yélingara,Yelingara,15.01796,-12.52532,PPL,15,,0,,,1
2244000,Yélé,Yele,14.53333,-15.95,PPL,03,,0,,,2
13507462,Yélé,Yele,14.46948,-16.57273,PPL,09,7670866,0,,,2
13504599,Yémal,Yemal,14.95262,-16.9738,PPL,07,2244388,0,,,1
2595230,Yéni Kao,Yeni Kao,14.64306,-17.14917,PPL,01,,0,,,1
2243992,Yénima,Yenima,15.11667,-16.66667,PPL,07,,0,,,1
2243989,Yéra Dioula,Yera Dioula,13.18333,-15.65,PPL,18,,0,,,1
2243988,Yéral,Yeral,15.7142,-15.9431,PPL,13,,0,,,1
2244778,Yéri,Yeri,14.82418,-16.10067,PPL,03,,0,,,1
2243987,Yéri Malé Foulabé,Yeri Male Foulabe,15.08009,-12.85542,PPL,15,,0,,,1
2243986,Yéri Malé Torobé,Yeri Male Torobe,15.07076,-12.86583,PPL,15,,0,,,1
2243983,Yérodoye,Yerodoye,13.96667,-13.45,PPL,05,,0,,,1
2243982,Yéronguéto,Yerongueto,12.4094,-12.4155,PPL,17,,0,,,1
2243981,Yérou,Yerou,15.3,-16.21667,PPL,13,,0,,,1
2243940,Ziguinchor,Ziguinchor,12.56801,-16.27326,PPLA,12,,214874,,,1
2252080,Ébarakh,Ebarakh,12.6331,-12.8729,PPL,17,,0,,,1
6917775,Édane,Edane,12.5479,-12.8291,PPL,17,,0,,,1
2252071,Édine,Edine,12.5367,-12.8371,PPL,17,,0,,,1
2252064,Égatyé,Egatye,12.6157,-12.854,PPL,17,,0,,,1
2252059,Ékés,Ekes,12.5599,-12.8729,PPL,17,,0,,,1
2252063,Ényissara,Enyissara,12.6102,-12.8664,PPL,17,,0,,,1
2252016,Épengué,Epengue,12.5745,-12.8438,PPL,17,,0,,,1
2252017,Étiolo,Etiolo,12.5924,-12.8567,PPL,17,,0,,,1
2252019,Étiés,Eties,12.575,-12.4402,PPL,17,,0,,,1
