geonameid,name,lat,lon,region,department,population,settlement_morpheme,naming_language,religious_element,ethnonym,ethnonym_stem,split_ordinal,patronym,patronym_group,eco_term,eco_kind,name_reuse_count
2595759,Abattoirs,14.67944,-17.44972,Dakar,Dakar,0,,,,,,,,,,,1
11523380,Abattoirs I,14.7695,-17.39115,Dakar,Pikine,0,,,,,,1,,,,,1
2254769,Abdallah,16.2367,-13.97621,Saint Louis,Podor,0,,,,,,,,,,,1
2254767,Abdou Dao,14.91578,-15.74054,Louga,Linguere,0,,,,,,,,,,,1
8449410,Abene,13.0,-16.73333,Ziguinchor,Bignona,0,,,,,,,,,,,1
2254764,Abirane Gaye,15.88333,-16.23333,Louga,Louga,0,,,,,,,Gaye,Wolof,,,1
2254766,Abékouta,13.33333,-14.61667,Kolda,Medina Yoroufoula,0,,,,,,,,,,,1
2254765,Abéné,12.99857,-16.72095,Ziguinchor,Bignona,0,,,,,,,,,,,1
6647970,Acaré,14.76864,-12.76723,Matam,Kanel,0,,,,,,,,,,,1
2254763,Adabéré,15.13953,-12.78577,Matam,Kanel,0,,,,,,,,,,,1
2254761,Adiana,12.45,-15.81667,Sedhiou,Goudomp,0,,,,,,,,,,,1
2254760,Adioufa,12.54333,-15.75417,Sedhiou,Goudomp,0,,,,,,,,,,,1
2254759,Adjing,12.4575,-15.67194,Sedhiou,Goudomp,0,,,,,,,,,,,1
2254758,Adoune Bram,12.46833,-15.91583,Sedhiou,Goudomp,0,,,,,,,,,,,1
2254762,Adéane,12.63,-16.01694,Ziguinchor,Ziguinchor,2115,,,,,,,,,,,1
2254754,Affiniam,12.65444,-16.36278,Ziguinchor,Bignona,0,,,,,,,,,,,1
2254755,Affé,15.75,-16.3,Louga,Louga,0,,,,,,,,,,,1
6917788,Afia,12.5526,-12.5293,Kedougou,Kedougou,0,,,,,,,,,,,1
6917799,Afia II,12.3693,-12.3119,Kedougou,Kedougou,0,,,,,,2,,,,,1
13507312,Afia Mbaké,14.57982,-16.14895,Diourbel,Diourbel,0,,,,,,,,,,,1
2251188,Afé,15.1316,-15.4272,Louga,Linguere,0,,,,,,,,,,,2
6920416,Afé,15.385,-16.23,Louga,Kebemer,0,,,,,,,,,,,2
2254756,Afé Gouye,14.78913,-15.94269,Diourbel,Mbacke,0,,,,,,,,,gouye,tree,1
13554091,Afé Lévé,14.38335,-15.2791,Kaffrine,Malem Hodar,0,,,,,,,,,,,1
2251190,Afé Mouride,14.14021,-15.60197,Kaffrine,Kaffrine,0,,,,,,,,,,,1
2596047,Afé Niang,15.775,-16.25917,Louga,Louga,0,,,,,,,Niang,Wolof,,,2
2596050,Afé Niang,15.78,-16.295,Louga,Louga,0,,,,,,,Niang,Wolof,,,2
2244755,Afé Tialène,14.14028,-15.57828,Kaffrine,Kaffrine,0,,,,,,,,,,,1
13554550,Afé Tidjane,14.14416,-15.59032,Kaffrine,Kaffrine,0,,,,,,,,,,,1
2254751,Aga Babou,14.33866,-16.75282,Thies,Mbour,0,,,,,,,,,,,1
2254752,Aga Biram,14.35442,-16.76818,Thies,Mbour,0,,,,,,,,,,,1
13507449,Aga Ndimak,14.35493,-16.74521,Thies,Mbour,0,,,,,,,,,,,1
2254749,Agnak Grand,12.57194,-16.10472,Ziguinchor,Ziguinchor,0,,,,,,,,,,,1
2254748,Agnak Petit,12.57194,-16.12194,Ziguinchor,Ziguinchor,0,,,,,,,,,,,1
8556219,Agnam Civol,16.005,-13.69306,Matam,Matam,0,,,,,,,,,,,1
2251541,Agnam Goli,16.00793,-13.69318,Matam,Matam,0,,,,,,,,,,,1
2249295,Agnam Lidoubé,16.00111,-13.68814,Matam,Matam,0,,,,,,,,,,,1
2254747,Aguior,12.93333,-16.13333,Ziguinchor,Bignona,0,,,,,,,,,,,1
2254746,Ahabétou Talap,14.86667,-15.61667,Louga,Linguere,0,,,,,,,,,,,1
2254744,Ahibdia,15.5255,-15.8451,Louga,Louga,0,,,,,,,,,,,1
2254743,Ahinga,12.4125,-16.36417,Ziguinchor,Ziguinchor,0,,,,,,,,,,,1
2254745,Ahèr,12.67333,-16.7,Ziguinchor,Bignona,0,,,,,,,,,,,1
6611635,Ainoumadi,15.26528,-12.9275,Matam,Kanel,0,,,,,,,,,,,1
2254735,Akal,12.8,-13.66667,Kolda,Velingara,0,,,,,,,,,,,1
2254734,Akintou,12.53194,-15.88,Sedhiou,Goudomp,0,,,,,,,,,,,1
2254733,Akoundé,13.13333,-14.33333,Kolda,Medina Yoroufoula,0,,,,,,,,,,,1
2254730,Aladji Omar,15.0348,-15.8882,Louga,Kebemer,0,,,,,,,,,,,1
2254729,Alahina,14.43173,-12.19908,Tambacounda,Bakel,0,,,,,,,,,,,1
2254728,Alahina Boucar,14.82649,-12.48007,Tambacounda,Bakel,0,,,,,,,,,,,1
2254727,Alakounda,13.16667,-15.96667,Ziguinchor,Bignona,0,kounda,Mandinka,,,,,,,,,1
2254725,Alali,13.93333,-13.48333,Tambacounda,Goudiry,0,,,,,,,,,,,1
2254724,Alalon,12.98333,-14.56667,Kolda,Kolda,0,,,,,,,,,,,1
2254726,Alaléri,14.84743,-12.54381,Tambacounda,Bakel,0,,,,,,,,,,,1
2254720,Alana,15.0369,-14.462,Matam,Ranerou,0,,,,,,,,,,,2
2254721,Alana,14.91747,-12.61591,Matam,Kanel,0,,,,,,,,,,,2
2254719,Alanbato,12.89583,-15.56444,Sedhiou,Sedhiou,0,,,,,,,,,,,1
2254718,Alarba,16.43194,-15.70611,Saint Louis,Dagana,0,,,,,,,,,,,1
2254715,Albadar,13.00234,-16.69626,Ziguinchor,Bignona,0,,,,,,,,,,,1
13553440,Aldiouma Dangue,14.5167,-15.67631,Fatick,Gossas,0,,,,,,,,,,,1
2254714,Alfa Sadou,12.7,-15.01667,Kolda,Kolda,0,,,,,,,,,,,1
2254709,Ali Ndènè,15.5075,-15.7925,Louga,Louga,0,,,,,,,,,,,1
2254712,Ali Ngane,14.07301,-15.64602,Kaffrine,Birkelane,0,,,,,,,,,,,1
2254705,Ali Ouri,15.96667,-13.36667,Matam,Matam,0,,,,,,,,,,,1
2254704,Ali Yoro Ndéro,15.6845,-15.7304,Louga,Louga,0,,,,,,,,,,,1
2254711,Alika,14.68333,-15.63333,Fatick,Gossas,0,,,,,,,,,,,1
2254710,Alikali,12.91667,-13.7,Kolda,Velingara,0,,,,,,,,,,,1
2254707,Alinnguel,13.8004,-12.17463,Tambacounda,Bakel,0,,,,,,,,,,,1
2254706,Alinnkané,14.21382,-12.20914,Tambacounda,Bakel,0,,,,,,,,,,,1
2254713,Alié,14.90932,-15.88334,Diourbel,Mbacke,0,,,,,,,,,,,1
2254703,Alkalikounda,12.86889,-15.94389,Sedhiou,Sedhiou,0,kounda,Mandinka,,,,,,,,,1
2254702,Alla Gaouri,13.91667,-15.6,Kaffrine,Birkelane,0,,,,,,,,,,,1
2254701,Allagué,14.13333,-13.03333,Tambacounda,Goudiry,0,,,,,,,,,,,1
2254695,Alo,16.59467,-14.47133,Saint Louis,Podor,0,,,,,,,,,,,1
2254694,Alouki,14.28377,-15.66547,Kaffrine,Kaffrine,0,,,,,,,,,,,1
2254698,Alouki Ndoukoumane,14.18656,-15.38073,Kaffrine,Malem Hodar,0,,,,,,,,,,,1
13554076,Aloukéssé,14.28218,-15.60316,Kaffrine,Kaffrine,0,,,,,,,,,,,1
2254693,Aloulaye,15.76667,-16.16667,Louga,Louga,0,,,,,,,,,,,1
2254692,Alouniang,15.324,-15.8143,Louga,Linguere,0,,,,,,,,,,,1
2254691,Aloute,12.89556,-15.97389,Ziguinchor,Bignona,0,,,,,,,,,,,1
2254688,Amadji,14.61007,-12.22845,Tambacounda,Bakel,0,,,,,,,,,,,1
2254686,Amadra,13.25,-14.08333,Kolda,Velingara,0,,,,,,,,,,,1
2254689,Amady Ounaré,15.34714,-13.01647,Matam,Kanel,10175,,,,,,,,,,,1
2254684,Amali,15.7488,-15.2522,Louga,Linguere,0,,,,,,,,,,,2
2254685,Amali,15.73746,-15.26994,Louga,Linguere,0,,,,,,,,,,,2
2254683,Amama,14.93333,-15.85,Diourbel,Mbacke,0,,,,,,,,,,,1
2254682,Amanatoulaye,13.03333,-13.86667,Kolda,Velingara,0,,,,,,,,,,,1
2596083,Amat Ba,15.82917,-16.39,Louga,Louga,0,,,,,,,Ba,Pulaar,,,1
2254673,Amat Niawèl,14.76017,-15.87536,Diourbel,Mbacke,0,,,,,,,,,,,1
2254676,Amdalaye,12.71667,-13.03333,Kedougou,Salemata,0,,,,,,,,,,,1
2596003,Amoura,16.19111,-16.36389,Saint Louis,Dagana,0,,,,,,,,,,,1
2254672,Anabiko,12.85,-12.46667,Kedougou,Kedougou,0,,,,,,,,,,,1
2254671,Anambé,12.95,-14.15,Kolda,Kolda,0,,,,,,,,,,,1
2254668,Andal,15.1892,-16.8053,Thies,Tivaoune,0,,,,,,,,,,,1
2254658,Andiaré,15.29024,-13.17446,Matam,Kanel,0,,,,,,,,,,,1
2254667,Andioumé,12.89222,-15.74833,Sedhiou,Bounkiling,0,,,,,,,,,,,1
13506976,Angle Dias,14.60252,-16.41525,Diourbel,Bambey,0,,,,,,,,,,,1
2254664,Angoussaka,12.5493,-12.4319,Kedougou,Kedougou,0,,,,,,,,,,,1
2254663,Anguéniapissa,12.45,-12.26667,Kedougou,Kedougou,0,,,,,,,,,,,1
2254662,Aniam Lrlabe,15.96667,-13.63333,Matam,Matam,0,,,,,,,,,,,1
2254661,Aniam-Touguel,16.52768,-14.80763,Saint Louis,Podor,0,,,,,,,,,,,1
2254660,Anisse,12.56639,-15.73194,Sedhiou,Goudomp,0,,,,,,,,,,,1
2254659,Ankobiri,12.44722,-15.77833,Sedhiou,Goudomp,0,,,,,,,,,,,1
2254657,Anpountoum,12.92583,-15.805,Sedhiou,Sedhiou,0,,,,,,,,,,,1
2254653,Antou Mane,14.76667,-16.08333,Diourbel,Mbacke,0,,,,,,,,,,,1
2254652,Aorane,15.2562,-14.4579,Matam,Ranerou,0,,,,,,,,,,,1
2254648,Aourou,14.69207,-12.25211,Tambacounda,Bakel,0,,,,,,,,,,,1
2254649,Aouré,15.14279,-12.94859,Matam,Kanel,0,,,,,,,,,,,1
2254644,Apol Peul,15.16667,-16.16667,Louga,Kebemer,0,,,,Peul (Fulani),Apol,,,,,,1
2254647,Apé Dembagourou,15.01182,-12.74817,Matam,Kanel,0,,,,,,,,,,,1
2254646,Apé Dialoubé,15.00477,-12.74579,Matam,Kanel,0,,,,,,,,,,,1
6611628,Apé Diaoubé,15.01866,-12.75035,Matam,Kanel,0,,,,,,,,,,,1
2254645,Apé Sakobé,14.99441,-12.73814,Matam,Kanel,0,,,,,,,,,,,1
2254642,Arafat,14.7368,-17.45369,Dakar,Dakar,0,,,,,,,,,,,3
2254643,Arafat,14.07566,-15.08864,Kaffrine,Koungheul,0,,,,,,,,,,,3
2595804,Arafat,14.71657,-17.25948,Dakar,Rufisque,0,,,,,,,,,,,3
2254641,Araldé Diâbèl,14.60497,-15.59675,Fatick,Gossas,0,,,,,,,,,,,1
2254639,Aram,16.33574,-14.17248,Saint Louis,Podor,0,,,,,,,,,,,1
2254638,Aramine,14.75,-16.81667,Thies,Thies,0,,,,,,,,,,,1
2254635,Ardo Mademba,15.4546,-15.0938,Louga,Linguere,0,,,,,,,,,,,1
2254634,Ardoulaye,13.48333,-13.46667,Tambacounda,Tambacounda,0,,,,,,,,,,,1
2254632,Arigabo,14.39605,-12.45965,Tambacounda,Bakel,0,,,,,,,,,,,1
2254630,Aroundou,14.76353,-12.25279,Tambacounda,Bakel,0,,,,,,,,,,,1
2249981,Arwal,13.8992,-16.10361,Kaolack,Kaolack,0,,,,,,,,,,,1
2254629,As,16.60868,-14.97566,Saint Louis,Podor,0,,,,,,,,,,,1
2254741,Asndé Balla,16.01463,-13.71137,Matam,Matam,0,,,,,,,,,,,1
2254626,Assoumoune,12.47194,-15.74639,Sedhiou,Goudomp,0,,,,,,,,,,,1
6644072,Asséré,15.22667,-13.34391,Matam,Kanel,0,,,,,,,,,,,1
2254625,Atadialama,12.58583,-16.75444,Ziguinchor,Bignona,0,,,,,,,,,,,1
2254624,Atak,12.6725,-12.4592,Kedougou,Kedougou,0,,,,,,,,,,,1
2254617,Atiou Samba Faye,14.31199,-15.96164,Kaolack,Guinguineo,0,,,,,,,Faye,Sérèr,,,1
2254616,Atioum,12.67472,-16.07278,Ziguinchor,Bignona,0,,,,,,,,,,,1
2254615,Atouré,12.49278,-16.31583,Ziguinchor,Ziguinchor,0,,,,,,,,,,,1
2254618,Até Ndiaye,14.35,-15.85,Kaolack,Guinguineo,0,,,,,,,Ndiaye,Wolof,,,1
2254613,Awataba,12.98333,-14.2,Kolda,Kolda,0,,,,,,,,,,,1
2254610,Aye Noumane,14.46667,-15.73333,Kaolack,Guinguineo,0,,,,,,,,,,,1
2254609,Ayméroua,15.46565,-15.63803,Louga,Linguere,0,,,,,,,,,,,1
2254608,Aynoumal,15.843,-15.9926,Louga,Louga,0,,,,,,,,,,,1
2254736,Aynoumane,15.0131,-16.2897,Thies,Tivaoune,0,,,,,,,,,,,1
2254607,Ayoum,12.45389,-16.53444,Ziguinchor,Oussouye,0,,,,,,,,,,,1
2254612,Ayénémadi,13.13333,-13.66667,Kolda,Velingara,0,,,,,,,,,,,1
2595547,Aï,14.73449,-17.12045,Thies,Thies,0,,,,,,,,,,,1
2254742,Aïdara,13.68153,-16.42862,Fatick,Foundiougne,0,,,,,,,,,,,1
6917802,Aïkoun,12.4445,-12.7397,Kedougou,Salemata,0,,,,,,,,,,,1
13504602,Aïnoumadi,14.97676,-16.77288,Thies,Tivaoune,0,,,,,,,,,,,1
2254737,Aïnoumal,15.85,-16.01667,Louga,Louga,0,,,,,,,,,,,3
2254738,Aïnoumal,13.96667,-15.13333,Kaffrine,Koungheul,0,,,,,,,,,,,3
2254739,Aïnoumal,13.61667,-15.66667,Kaolack,Nioro Du Rip,0,,,,,,,,,,,3
13553593,Aïnoumane,14.5863,-15.28701,Kaffrine,Malem Hodar,0,,,,,,,,,,,2
13658232,Aïnoumane,13.9689,-16.22801,Fatick,Foundiougne,0,,,,,,,,,,,2
13554672,Aïnoumane Deux,14.2012,-15.16385,Kaffrine,Malem Hodar,0,,,,,,2,,,,,1
2254611,Aïnoumane Madina,14.42356,-15.75482,Kaolack,Guinguineo,0,,,madina,,,,,,,,1
13554693,Aïnoumane Un,14.10598,-15.37056,Kaffrine,Malem Hodar,0,,,,,,1,,,,,1
2254740,Aïné Madi,12.71667,-14.98333,Kolda,Kolda,0,,,,,,,,,,,1
2595628,Aïtia,14.71104,-17.15933,Dakar,Rufisque,0,,,,,,,,,,,1
2254600,Baba Galé,13.68333,-13.65,Tambacounda,Tambacounda,0,,,,,,,,,,,1
2254599,Baba Garage,14.9432,-16.49045,Diourbel,Bambey,0,,,,,,,,,,,1
2254598,Baba Gaye,14.98333,-16.08333,Louga,Kebemer,0,,,,,,,Gaye,Wolof,,,1
2254602,Bababé,14.22294,-12.4048,Tambacounda,Bakel,0,,,,,,,,,,,1
2254601,Babadi,12.85639,-15.5,Sedhiou,Sedhiou,0,,,,,,,,,,,1
2254596,Babak,14.70514,-16.90348,Thies,Thies,0,,,,,,,,,,,1
2254595,Babali,13.80097,-16.54879,Fatick,Foundiougne,0,,,,,,,,,,,1
2254593,Babar,14.71667,-15.93333,Diourbel,Mbacke,0,,,,,,,,,,,1
2254592,Babate,12.70056,-16.05861,Ziguinchor,Bignona,0,,,,,,,,,,,1
2254587,Babine Tiakré,14.7,-16.76667,Thies,Thies,0,,,,,,,,,,,1
2254586,Babinguél,14.65,-13.31667,Matam,Kanel,0,,,,,,,,,,,1
2254585,Babira,12.88083,-15.715,Sedhiou,Sedhiou,0,,,,,,,,,,,1
13509013,Babol,14.31823,-16.22569,Kaolack,Kaolack,0,,,,,,,,,,,1
2254583,Babonda,12.43278,-16.27083,Ziguinchor,Ziguinchor,0,,,,,,,,,,,1
2254582,Babongoulou,14.96559,-12.73619,Matam,Kanel,0,,,,,,,,,,,1
2254580,Babou,13.68333,-15.7,Kaolack,Nioro Du Rip,0,,,,,,,,,,,1
2254578,Babou Naïm,14.53333,-15.83333,Fatick,Gossas,0,,,,,,,,,,,1
7118123,Baboucar Toumbou,14.10898,-16.71909,Fatick,Fatick,900,,,,,,,,,,,1
2254591,Babâk,14.67163,-16.53458,Diourbel,Bambey,0,,,,,,,,,,,1
13506510,Babèl,14.50137,-16.96799,Thies,Mbour,0,,,,,,,,,,,1
2254590,Babél,12.6548,-12.4872,Kedougou,Kedougou,0,,,,,,,,,,,1
2253963,Bad,14.55876,-16.54047,Thies,Mbour,0,,,,,,,,,,,1
2254574,Badagar,12.85,-16.28333,Ziguinchor,Bignona,0,,,,,,,,,,,1
2254570,Badar,15.43333,-16.45,Louga,Kebemer,0,,,,,,,,,,,2
2254571,Badar,15.01667,-16.46667,Diourbel,Bambey,0,,,,,,,,,,,2
2254569,Badar Diaye,15.51667,-16.33333,Louga,Kebemer,0,,,,,,,,,,,1
2254568,Badar Ndaye,15.58333,-16.36667,Louga,Kebemer,0,,,,,,,,,,,1
2254565,Badem,12.45417,-16.31222,Ziguinchor,Ziguinchor,0,,,,,,,,,,,1
2254562,Badi,13.15,-13.23333,Tambacounda,Tambacounda,0,,,,,,,,,,,1
2254560,Badiana,12.91611,-16.43806,Ziguinchor,Bignona,0,,,,,,,,,,,1
2254558,Badiandian,12.70833,-15.58833,Sedhiou,Sedhiou,0,,,,,,,,,,,1
2254557,Badiandoum,13.3,-15.46667,Sedhiou,Bounkiling,0,,,,,,,,,,,1
2254555,Badiane,15.1047,-15.8754,Louga,Kebemer,0,,,,,,,,,,,2
2254556,Badiane,14.83333,-15.83333,Diourbel,Mbacke,0,,,,,,,,,,,2
2254554,Badiane Nèm,14.61667,-15.75,Fatick,Gossas,0,,,,,,,,,,,1
2254552,Badiara,13.21667,-14.2,Kolda,Velingara,0,,,,,,,,,,,1
2254549,Badiari,12.62528,-15.56472,Sedhiou,Sedhiou,0,,,,,,,,,,,1
2254547,Badiat,12.51806,-16.38528,Ziguinchor,Ziguinchor,0,,,,,,,,,,,1
2254542,Badimbour,13.1,-15.7,Sedhiou,Bounkiling,0,,,,,,,,,,,1
2254539,Badindin,13.21667,-15.61667,Sedhiou,Bounkiling,0,,,,,,,,,,,2
2254540,Badindin,13.11667,-15.38333,Sedhiou,Bounkiling,0,,,,,,,,,,,2
2254538,Badinnding,12.63056,-15.44528,Sedhiou,Goudomp,0,,,,,,,,,,,1
2254537,Badioal,12.73444,-16.33083,Ziguinchor,Bignona,0,,,,,,,,,,,1
2254536,Badion,13.08333,-14.35,Kolda,Medina Yoroufoula,0,,,,,,,,,,,1
2254535,Badiongo,12.4525,-15.95306,Ziguinchor,Ziguinchor,0,,,,,,,,,,,1
13658767,Badionka,13.10071,-16.17807,Ziguinchor,Bignona,0,,,,,,,,,,,2
13658795,Badionka,13.08203,-16.13703,Ziguinchor,Bignona,0,,,,,,,,,,,2
2254534,Badionkoto,12.49,-16.24556,Ziguinchor,Ziguinchor,0,,,,,,,,,,,2
13658730,Badionkoto,13.0635,-16.57975,Ziguinchor,Bignona,0,,,,,,,,,,,2
2254533,Badionkoton,12.49972,-16.38361,Ziguinchor,Ziguinchor,0,,,,,,,,,,,1
2254532,Badiou Batan,12.75,-13.85,Kolda,Velingara,0,,,,,,,,,,,1
2254279,Badioula,12.82621,-11.80636,Kedougou,Saraya,0,,,,,,,,,,,1
2254531,Badiouré,12.87722,-16.13889,Ziguinchor,Bignona,0,,,,,,,,,,,1
2254546,Badié,12.45,-11.55,Kedougou,Saraya,0,,,,,,,,,,,1
2254544,Badiéléli,12.93944,-16.51861,Ziguinchor,Bignona,0,,,,,,,,,,,1
2254530,Badji,14.8333,-15.57364,Diourbel,Mbacke,0,,,,,,,Badji,Diola,,,1
2254527,Badjikounda,13.25,-15.76667,Sedhiou,Bounkiling,0,kounda,Mandinka,,,,,,,,,2
2254528,Badjikounda,12.68222,-15.86,Sedhiou,Sedhiou,0,kounda,Mandinka,,,,,,,,,2
2254526,Badjimor,12.68306,-15.56667,Sedhiou,Sedhiou,0,,,,,,,,,,,1
2254524,Badobar,12.59111,-15.51083,Sedhiou,Goudomp,0,,,,,,,,,,,1
2254523,Badogor Boki,15.7735,-14.4895,Saint Louis,Podor,0,,,,,,,,,,,1
2254522,Badogor Doune,15.7793,-14.5181,Matam,Ranerou,0,,,,,,,,,,,1
13658086,Badokh,13.88161,-16.41052,Fatick,Foundiougne,0,,,,,,,,,,,1
2254521,Badon,12.9163,-12.3748,Kedougou,Kedougou,0,,,,,,,,,,,1
13658088,Badoudou,13.85117,-16.40217,Fatick,Foundiougne,0,,,,,,,,,,,1
2254520,Badouga,12.82472,-15.49944,Sedhiou,Sedhiou,0,,,,,,,,,,,1
2254519,Badoumba Diaé,13.2,-15.73333,Sedhiou,Bounkiling,0,,,,,,,,,,,1
2254518,Badoumba Kéréouane,13.21667,-15.73333,Sedhiou,Bounkiling,0,,,,,,,,,,,1
2254517,Badoumba Mamadou,13.18333,-15.71667,Sedhiou,Bounkiling,0,,,,,,,,,,,1
2254564,Badèm,15.58333,-16.25,Louga,Louga,0,,,,,,,,,,,1
2254563,Badèm Ouolof,15.81472,-16.36,Louga,Louga,0,,,,Wolof,Badèm,,,,,,1
2254515,Bafabantan,12.97611,-15.69583,Sedhiou,Bounkiling,0,,,,,,,,,,,1
2254513,Bafata,12.46444,-15.83139,Sedhiou,Goudomp,0,,,,,,,,,,,1
2254508,Bafikane,12.47056,-16.40417,Ziguinchor,Ziguinchor,0,,,,,,,,,,,1
2254507,Bafoundou,12.8302,-12.3429,Kedougou,Kedougou,0,,,,,,,,,,,1
2254493,Bag Dobé,15.9633,-14.6547,Saint Louis,Podor,0,,,,,,,,,,,1
2254503,Bagadadji,13.65124,-16.48918,Fatick,Foundiougne,0,,,,,,,,,,,4
2254504,Bagadadji,13.42321,-13.00094,Tambacounda,Goudiry,0,,,,,,,,,,,4
2254505,Bagadadji,12.8,-15.05,Kolda,Kolda,0,,,,,,,,,,,4
2254506,Bagadadji,12.64472,-15.66417,Sedhiou,Sedhiou,0,,,,,,,,,,,4
2254502,Bagaga,12.68694,-16.29583,Ziguinchor,Bignona,0,,,,,,,,,,,1
2254501,Bagame,12.41028,-16.31611,Ziguinchor,Ziguinchor,0,,,,,,,,,,,1
13509083,Bagana Sérèr,14.19958,-16.76761,Thies,Mbour,0,,,,Sérèr,Bagana,,,,,,1
2254499,Bagana Wolof,14.18637,-16.7539,Thies,Mbour,0,,,,Wolof,Bagana,,,,,,1
2254498,Baganha,12.6,-16.05,Ziguinchor,Ziguinchor,0,,,,,,,,,,,1
2254496,Bagata,12.45409,-11.49646,Kedougou,Saraya,0,,,,,,,,,,,1
2254495,Bagaya,12.73056,-16.4,Ziguinchor,Bignona,0,,,,,,,,,,,1
2254494,Bagayogo,13.9,-13.43333,Tambacounda,Goudiry,0,,,,,,,,,,,1
13551144,Bagdad,14.91187,-15.86237,Diourbel,Mbacke,0,,,,,,,,,,,1
2254492,Baghanga,12.73333,-15.98333,Sedhiou,Sedhiou,0,,,,,,,,,,,1
2254490,Bagni-Bagni,12.93036,-11.64605,Kedougou,Saraya,0,,,,,,,,,,,1
2254488,Bagone,15.93333,-13.71667,Matam,Matam,0,,,,,,,,,,,1
13507341,Bagoubél,14.35929,-16.89803,Thies,Mbour,0,,,,,,,,,,,1
13509069,Bagui,14.25185,-16.2172,Kaolack,Kaolack,0,,,,,,,,,,,1
2254487,Bahanga,12.88333,-16.08333,Ziguinchor,Bignona,0,,,,,,,,,,,1
2254485,Baharé,12.78333,-12.9,Kedougou,Kedougou,0,,,,,,,,,,,2
2254486,Baharé,12.76667,-12.88333,Kedougou,Salemata,0,,,,,,,,,,,2
13552841,Bahdad,14.54106,-15.78224,Fatick,Gossas,0,,,,,,,,,,,1
2254483,Bahiré Foula,12.56667,-12.65,Kedougou,Salemata,0,,,,,,,,,,,1
2254482,Bahis Sek,15.56667,-16.35,Louga,Kebemer,0,,,,,,,,,,,1
2254474,Baili-Ouamédaka,13.36396,-12.57656,Tambacounda,Tambacounda,0,,,,,,,,,,,1
2254452,Bak,14.2,-16.01667,Kaolack,Guinguineo,0,,,,,,,,,,,2
13506748,Bak,14.56911,-16.64112,Thies,Mbour,0,,,,,,,,,,,2
2254445,Bak Samba Dior,14.29385,-16.03745,Kaolack,Guinguineo,0,,,,,,,,,,,1
2254451,Bakadadji,13.23333,-13.48333,Tambacounda,Tambacounda,0,,,,,,,,,,,1
2254450,Bakadaji,13.03333,-15.6,Sedhiou,Bounkiling,0,,,,,,,,,,,1
2248700,Bakakak,14.59632,-16.48441,Diourbel,Bambey,0,,,,,,,,,,,1
2254449,Bakao,16.58333,-15.1,Saint Louis,Podor,0,,,,,,,,,,,1
2254448,Bakaouka,12.5399,-12.7965,Kedougou,Salemata,0,,,,,,,,,,,1
2254447,Bakayoko,13.21667,-14.15,Kolda,Velingara,0,,,,,,,,,,,1
2254446,Bakbous,14.66667,-16.4,Diourbel,Bambey,0,,,,,,,,,,,1
2254441,Bakel,14.90238,-12.45935,Tambacounda,Bakel,13329,,,,,,,,,,,1
2593135,Bakhalou,13.84976,-16.57822,Fatick,Foundiougne,0,,,,,,,,,,,1
13507456,Bakhamaye,14.40088,-16.58886,Fatick,Fatick,0,,,,,,,,,,,1
2254437,Bakhda,15.85,-16.15,Louga,Louga,0,,,,,,,,,,,1
2254436,Bakhère,15.46667,-16.31667,Louga,Kebemer,0,,,,,,,,,,,1
2254435,Bakhès,15.28333,-16.23333,Louga,Kebemer,0,,,,,,,,,,,1
2254432,Baki Baki,12.68333,-13.1,Kedougou,Salemata,0,,,,,,,,,,,1
13658772,Bakingaye,13.14981,-16.13172,Ziguinchor,Bignona,0,,,,,,,,,,,1
13507248,Bako Gour,14.54446,-16.21598,Fatick,Fatick,0,,,,,,,,,,,1
2253713,Bakobof,14.38131,-16.68018,Fatick,Fatick,0,,,,,,,,,,,1
13658068,Bakoling,13.80629,-16.47115,Fatick,Foundiougne,0,,,,,,,,,,,1
2254429,Bakopone,14.63333,-16.55,Diourbel,Bambey,0,,,,,,,,,,,1
2254428,Bakor,12.96667,-14.73333,Kolda,Medina Yoroufoula,0,,,,,,,,,,,1
2254424,Bakoum,12.72111,-15.56278,Sedhiou,Sedhiou,0,,,,,,,,,,,1
2254423,Bakoundi,12.56667,-15.85,Sedhiou,Goudomp,0,,,,,,,,,,,1
2254422,Bakounou,12.45,-16.41667,Ziguinchor,Ziguinchor,0,,,,,,,,,,,1
2254421,Bakoura,14.81233,-15.77573,Diourbel,Mbacke,0,,,,,,,,,,,1
2254420,Bakous,13.73453,-16.60587,Fatick,Foundiougne,0,,,,,,,,,,,1
2254439,Bakèm Tataguine,14.42582,-16.63052,Fatick,Fatick,0,,,,,,,,,,,1
2254438,Bakésaloum,13.71667,-15.83333,Kaolack,Nioro Du Rip,0,,,,,,,,,,,1
2254371,Bal Gaye,15.05,-16.93333,Thies,Tivaoune,0,,,,,,,Gaye,Wolof,,,1
2254354,Bal Mayata,14.25,-14.51667,Tambacounda,Koumpentoum,0,,,,,,,,,,,1
2254418,Bala,14.03333,-13.16667,Tambacounda,Goudiry,0,,,,,,,,,,,1
2254413,Bala Bassène,13.06864,-16.19232,Ziguinchor,Bignona,0,,,,,,,,,,,1
2254412,Bala Bougou,14.33998,-16.83066,Thies,Mbour,0,,,,,,,,,,,1
2254409,Bala Diobène,14.96667,-15.8,Louga,Linguere,0,,,,,,,,,,,1
13658790,Bala Djifalone,13.07554,-16.18666,Ziguinchor,Bignona,0,,,,,,,,,,,1
2254406,Bala Foulbé,13.63333,-13.1,Tambacounda,Goudiry,0,,,,,,,,,,,1
2254405,Bala Guirène,13.08299,-16.19431,Ziguinchor,Bignona,0,,,,,,,,,,,1
2254399,Bala Mérétaol,14.1,-13.68333,Tambacounda,Tambacounda,0,,,,,,,,,,,1
2254410,Bala Ndiaye,14.93673,-15.84206,Diourbel,Mbacke,0,,,,,,,Ndiaye,Wolof,,,1
2254389,Bala Ougonor,13.09415,-16.16211,Ziguinchor,Bignona,0,,,,,,,,,,,1
2254387,Bala Palène,14.93333,-15.83333,Diourbel,Mbacke,0,,,,,,,,,,,1
2254404,Balakonko,13.13986,-11.69779,Kedougou,Saraya,0,,,,,,,,,,,1
2254403,Balakounda,12.73333,-14.16667,Kolda,Velingara,0,kounda,Mandinka,,,,,,,,,1
2254010,Balal Penda,15.399,-15.8231,Louga,Louga,0,,,,,,,,,,,1
2254402,Balala,12.95,-15.93333,Sedhiou,Bounkiling,0,,,,,,,,,,,1
2254401,Balam Boulou,13.58333,-13.15,Tambacounda,Goudiry,0,,,,,,,,,,,1
2254396,Balandine,13.01053,-16.3052,Ziguinchor,Bignona,0,,,,,,,,,,,1
2254398,Balandé,15.7683,-15.9184,Louga,Louga,0,,,,,,,,,,,1
13658793,Balanga,13.05053,-16.16005,Ziguinchor,Bignona,0,,,,,,,,,,,1
2254391,Balankine,12.88917,-15.98611,Ziguinchor,Bignona,0,,,,,,,,,,,2
2254392,Balankine,12.71667,-16.05,Ziguinchor,Bignona,0,,,,,,,,,,,2
2254386,Balboto,15.3426,-16.3456,Louga,Kebemer,0,,,,,,,,,,,1
2254384,Baldi Kadjolé,14.53643,-12.8933,Tambacounda,Goudiry,0,,,,,,,,,,,1
2254381,Balel,15.26825,-12.903,Matam,Kanel,0,,,,,,,,,,,1
2254377,Balel Cissé,15.4369,-15.1416,Louga,Linguere,0,,,,,,,Cissé,Mandinka,,,1
2254378,Balel Sall,15.4351,-15.1367,Louga,Linguere,0,,,,,,,Sall,Pulaar,,,1
2254370,Bali,13.98333,-15.36667,Kaffrine,Kaffrine,0,,,,,,,,,,,1
2254366,Bali Guéli,15.3394,-15.4354,Louga,Linguere,0,,,,,,,,,,,1
2254359,Bali Roto,15.4454,-15.3765,Louga,Linguere,0,,,,,,,,,,,1
2254369,Balian,12.93889,-16.22917,Ziguinchor,Bignona,0,,,,,,,,,,,1
2254368,Balib,12.78333,-16.21667,Ziguinchor,Bignona,0,,,,,,,,,,,1
2254367,Baliga,14.91,-16.88351,Thies,Tivaoune,0,,,,,,,,,,,1
2254365,Baline,12.91917,-16.45889,Ziguinchor,Bignona,0,,,,,,,,,,,1
2254361,Balingor,12.77528,-16.35667,Ziguinchor,Bignona,0,,,,,,,,,,,2
2254363,Balingor,12.51667,-15.93333,Ziguinchor,Ziguinchor,0,,,,,,,,,,,2
2254357,Balkamissa,13.16667,-15.01667,Kolda,Medina Yoroufoula,0,,,,,,,,,,,1
2254397,Balla Ndiaye,15.095,-15.9323,Louga,Kebemer,0,,,,,,,Ndiaye,Wolof,,,1
2254356,Balmadou,12.62333,-15.85917,Sedhiou,Sedhiou,0,,,,,,,,,,,1
2254350,Balo Kounda,13.15,-13.9,Kolda,Velingara,0,kounda,Mandinka,,,,,,,,,2
2254352,Balo Kounda,12.7,-14.7,Kolda,Kolda,0,kounda,Mandinka,,,,,,,,,2
2254353,Balodji Sérèr,14.98555,-15.77047,Louga,Linguere,0,,,,Sérèr,Balodji,,,,,,1
2254349,Balokounda,13.33333,-13.78333,Kolda,Velingara,0,kounda,Mandinka,,,,,,,,,2
2254351,Balokounda,12.93333,-14.2,Kolda,Kolda,0,kounda,Mandinka,,,,,,,,,2
2254348,Balol,14.71553,-15.76437,Fatick,Gossas,0,,,,,,,,,,,1
2254347,Balonguine,12.97444,-16.41861,Ziguinchor,Bignona,0,,,,,,,,,,,1
2254346,Balori,12.61667,-11.81667,Kedougou,Kedougou,0,,,,,,,,,,,1
6648012,Balou,14.73802,-12.23802,Tambacounda,Bakel,0,,,,,,,,,,,1
2254345,Balta,15.66667,-16.48333,Louga,Louga,0,,,,,,,,,,,1
6645332,Balèl Pathé,16.06371,-13.40988,Matam,Matam,0,,,,,,,,,,,1
2254376,Balénia,12.9,-16.28333,Ziguinchor,Bignona,0,,,,,,,,,,,1
2254375,Balénian,13.04956,-16.17507,Ziguinchor,Bignona,0,,,,,,,,,,,1
2254374,Baléou,12.78111,-16.34389,Ziguinchor,Bignona,0,,,,,,,,,,,1
2254341,Bamadoukounda,13.78333,-13.96667,Tambacounda,Tambacounda,0,kounda,Mandinka,,,,,,,,,1
2254340,Bamaki,13.23333,-13.25,Tambacounda,Tambacounda,0,,,,,,,,,,,1
2254338,Bamako,12.86667,-14.08333,Kolda,Velingara,0,,,,,,,,,,,2
13657984,Bamako,13.7718,-16.46088,Fatick,Foundiougne,0,,,,,,,,,,,2
2254337,Bamakounda,12.64056,-15.59139,Sedhiou,Sedhiou,0,kounda,Mandinka,,,,,,,,,1
2254334,Bamba,13.95,-15.98333,Kaolack,Kaolack,0,,,,,,,,,,,2
2254335,Bamba,13.73333,-15.73333,Kaolack,Nioro Du Rip,0,,,,,,,,,,,2
2254324,Bamba Mamadou,13.86667,-15.23333,Kaffrine,Kaffrine,0,,,,,,,,,,,1
2254323,Bamba Moussa,13.83333,-15.25,Kaffrine,Kaffrine,0,,,,,,,,,,,1
2254331,Bambadala,13.60923,-12.85247,Tambacounda,Goudiry,0,,,,,,,,,,,3
2254332,Bambadala,13.33333,-15.48333,Sedhiou,Bounkiling,0,,,,,,,,,,,3
2254333,Bambadala,13.26667,-13.41667,Tambacounda,Tambacounda,0,,,,,,,,,,,3
2254330,Bambadala Kontèyène,13.71192,-16.30077,Fatick,Foundiougne,0,,,,,,,,,,,1
2254329,Bambadala Tiakho,13.70535,-16.30005,Fatick,Foundiougne,0,,,,,,,,,,,1
2254295,Bambadji,12.82206,-11.49715,Kedougou,Saraya,0,,,,,,,,,,,1
2254327,Bambako,13.61667,-14.0,Tambacounda,Tambacounda,0,,,,,,,,,,,2
2254328,Bambako,13.50128,-12.1515,Tambacounda,Bakel,0,,,,,,,,,,,2
2254325,Bambali,13.85,-15.55,Kaffrine,Kaffrine,0,,,,,,,,,,,2
2254326,Bambali,12.66222,-15.45472,Sedhiou,Goudomp,0,,,,,,,,,,,2
2595900,Bambara,14.76714,-17.06424,Thies,Thies,0,,,,Bambara,,,,,,,1
2254322,Bambarakounda,13.1,-15.56667,Sedhiou,Bounkiling,0,kounda,Mandinka,,,,,,,,,1
2254320,Bambaraya,13.10839,-12.08837,Kedougou,Saraya,0,,,,,,,,,,,1
2254318,Bambato,12.5,-15.55,Sedhiou,Goudomp,0,,,,,,,,,,,1
2254314,Bambey,14.6965,-16.45277,Diourbel,Bambey,0,,,,,,,,,,,3
7670740,Bambey,14.70074,-16.45911,Diourbel,Bambey,37374,,,,,,,,,,,3
13505475,Bambey,14.82769,-16.30177,Diourbel,Diourbel,0,,,,,,,,,,,3
13507031,Bambey Sérèr,14.7091,-16.49395,Diourbel,Bambey,0,,,,Sérèr,Bambey,,,,,,1
2254313,Bambilor,14.80144,-17.18454,Dakar,Rufisque,0,,,,,,,,,,,1
2254312,Bambli,14.78333,-16.53333,Diourbel,Bambey,0,,,,,,,,,,,1
13509101,Bambou,14.07726,-16.39794,Fatick,Foundiougne,0,,,,,,,,,,,1
13658047,Bambougar El Hadj,13.89422,-16.40934,Fatick,Foundiougne,0,,,,,,,,,,,1
13657989,Bambougar Malik,13.91301,-16.40466,Fatick,Foundiougne,0,,,,,,,,,,,1
13658012,Bambougar Massamba,13.92837,-16.40859,Fatick,Foundiougne,0,,,,,,,,,,,1
2593144,Bamboung,13.83479,-16.54126,Fatick,Foundiougne,0,,,,,,,,,,,1
2254291,Bamboya,12.4604,-12.1105,Kedougou,Kedougou,0,,,,,,,,,,,2
2254292,Bamboya,12.4582,-12.0269,Kedougou,Kedougou,0,,,,,,,,,,,2
2254309,Bamgol,14.97596,-15.5078,Louga,Linguere,0,,,,,,,,,,,1
2254308,Bamhouame,15.4636,-15.713,Louga,Linguere,0,,,,,,,,,,,1
2254306,Bana Daniédo,14.1,-13.68333,Tambacounda,Tambacounda,0,,,,,,,,,,,1
2254305,Banadié,15.37,-13.12942,Matam,Kanel,0,,,,,,,,,,,1
13505566,Banane,14.80183,-16.02442,Diourbel,Mbacke,0,,,,,,,,,,,2
13509007,Banane,14.48473,-16.1569,Fatick,Gossas,0,,,,,,,,,,,2
2252478,Banane Ndiolofène,14.766,-15.59828,Diourbel,Mbacke,0,,,,,,,,,,,1
2254303,Banane Wagadou,14.75738,-15.60015,Diourbel,Mbacke,0,,,,,,,,,,,1
2254301,Banankourou,13.05,-14.23333,Kolda,Velingara,0,,,,,,,,,,,1
2254300,Banba,13.8,-14.61667,Tambacounda,Koumpentoum,0,,,,,,,,,,,1
2254299,Banbadala,12.68806,-15.31056,Sedhiou,Goudomp,0,,,,,,,,,,,1
2254297,Banbadinnka,12.75,-14.55,Kolda,Kolda,0,,,,,,,,,,,2
2254298,Banbadinnka,12.51194,-16.18194,Ziguinchor,Ziguinchor,0,,,,,,,,,,,2
2254296,Banbadion,12.78417,-15.50278,Sedhiou,Goudomp,0,,,,,,,,,,,1
2254289,Bandafassi,12.53965,-12.31061,Kedougou,Kedougou,0,,,,,,,,,,,1
6917790,Bandafassi Tenda,12.5283,-12.3174,Kedougou,Kedougou,0,,,,,,,,,,,1
2254287,Bandandar,14.03582,-16.31515,Fatick,Foundiougne,0,,,,,,,,,,,1
13504730,Bandia,14.83617,-16.54315,Diourbel,Bambey,0,,,,,,,,,,,1
2595477,Bandia Bambara,14.61502,-17.01756,Thies,Mbour,0,,,,Bambara,Bandia,,,,,,1
2254286,Bandia Sessène,14.62429,-17.02691,Thies,Mbour,0,,,,,,,,,,,1
13658320,Bandiagara,13.6885,-16.42951,Fatick,Foundiougne,0,,,,,,,,,,,1
2254283,Bandial,12.58083,-16.48306,Ziguinchor,Ziguinchor,0,,,,,,,,,,,1
2254281,Bandiala,13.66004,-16.57166,Fatick,Foundiougne,0,,,,,,,,,,,1
2254280,Bandiou Kouta,13.7828,-16.50741,Fatick,Foundiougne,0,,,,,,,,,,,1
2254278,Bandioul Banté,14.03617,-15.07501,Kaffrine,Koungheul,0,,,,,,,,,,,1
2253688,Bandié,14.42077,-15.5741,Kaffrine,Kaffrine,0,,,,,,,,,,,1
2596037,Bandji,15.77852,-16.51752,Louga,Louga,0,,,,,,,,,,,1
2254277,Bandjikaki,13.02337,-16.68907,Ziguinchor,Bignona,0,,,,,,,,,,,1
13658061,Bandouf,13.77336,-16.42773,Fatick,Foundiougne,0,,,,,,,,,,,1
2254276,Bandoukounda Baldé,13.08333,-15.26667,Sedhiou,Bounkiling,0,,,,,,,,,,,1
2254275,Bandoulou,14.00554,-16.23329,Kaolack,Kaolack,0,,,,,,,,,,,1
2254288,Bandémba,12.525,-12.3804,Kedougou,Kedougou,0,,,,,,,,,,,1
13514642,Bane Gori,14.14388,-16.22865,Kaolack,Kaolack,0,,,,,,,,,,,1
2250045,Bane Samane,14.13022,-16.23131,Kaolack,Kaolack,0,,,,,,,,,,,1
2254274,Bane Soutoura,14.14594,-16.22639,Kaolack,Kaolack,0,,,,,,,,,,,1
2254268,Banfara,13.83333,-13.43333,Tambacounda,Tambacounda,0,,,,,,,,,,,1
2254267,Banfara Démandaou,13.81667,-13.38333,Tambacounda,Goudiry,0,,,,,,,,,,,1
2254266,Banfara II,13.83333,-13.41667,Tambacounda,Tambacounda,0,,,,,,2,,,,,1
2252070,Banfarato,12.6934,-12.8354,Kedougou,Salemata,0,,,,,,,,,,,1
6659064,Banfaroto,12.77774,-11.76202,Kedougou,Saraya,0,,,,,,,,,,,1
2254261,Bangadj,14.21495,-15.35748,Kaffrine,Malem Hodar,0,,,,,,,,,,,1
2254260,Bangadji,14.71595,-15.93969,Diourbel,Mbacke,0,,,,,,,,,,,1
2254259,Bangadji Samb,14.70864,-15.78538,Fatick,Gossas,0,,,,,,,Samb,Wolof,,,1
13657993,Bangaler,13.9571,-16.41988,Fatick,Foundiougne,0,,,,,,,,,,,1
2254500,Bangana,14.11347,-15.64095,Kaffrine,Birkelane,0,,,,,,,,,,,1
2254263,Banganga,12.60639,-16.05583,Ziguinchor,Ziguinchor,0,,,,,,,,,,,1
2254264,Banghadji,14.823,-16.81242,Thies,Thies,0,,,,,,,,,,,2
2254265,Banghadji,14.56603,-16.24757,Fatick,Fatick,0,,,,,,,,,,,2
13658704,Banghania,13.73961,-16.21116,Fatick,Foundiougne,0,,,,,,,,,,,1
2254258,Bangol,15.001,-15.5177,Louga,Linguere,0,,,,,,,,,,,1
2254257,Bangounam,12.95,-16.13333,Ziguinchor,Bignona,0,,,,,,,,,,,1
2254256,Bangoye,15.38333,-16.28333,Louga,Kebemer,0,,,,,,,,,,,1
2254255,Banhar,12.68111,-15.55611,Sedhiou,Sedhiou,0,,,,,,,,,,,1
2254250,Bani,13.82792,-12.87559,Tambacounda,Goudiry,0,,,,,,,,,,,5
2254251,Bani,13.76289,-16.47645,Fatick,Foundiougne,0,,,,,,,,,,,5
2254252,Bani,13.05,-15.55,Sedhiou,Bounkiling,0,,,,,,,,,,,5
2254253,Bani,12.84417,-15.42306,Sedhiou,Sedhiou,0,,,,,,,,,,,5
2254254,Bani,12.50722,-15.73361,Sedhiou,Goudomp,0,,,,,,,,,,,5
13658731,Bani Israël,13.07081,-16.55745,Ziguinchor,Bignona,0,,,,,,,,,,,1
2254240,Bani Tapirdé,13.95328,-12.85432,Tambacounda,Goudiry,0,,,,,,,,,,,1
2254249,Banianol,15.03721,-14.50583,Matam,Ranerou,0,,,,,,,,,,,1
2254247,Baniaye,14.81667,-16.81667,Thies,Thies,0,,,,,,,,,,,1
2254245,Banima,12.45,-15.65,Sedhiou,Goudomp,0,,,,,,,,,,,1
13658758,Baningor,13.1602,-16.12107,Ziguinchor,Bignona,0,,,,,,,,,,,1
2254489,Baniomba,12.716,-12.362,Kedougou,Kedougou,0,,,,,,,,,,,1
2254243,Baniou,12.5,-15.9,Sedhiou,Goudomp,0,,,,,,,,,,,1
2254241,Banipéli,14.2892,-12.45671,Tambacounda,Bakel,0,,,,,,,,,,,1
2254246,Banière,12.66056,-15.42167,Sedhiou,Goudomp,0,,,,,,,,,,,1
2254239,Bankassouk,12.70278,-16.72139,Ziguinchor,Bignona,0,,,,,,,,,,,1
2254238,Bankou,13.4665,-12.8246,Tambacounda,Tambacounda,0,,,,,,,,,,,1
2254237,Bankouba,13.87987,-12.2824,Tambacounda,Bakel,0,,,,,,,,,,,1
2254234,Bannbadinnka,13.56667,-13.41667,Tambacounda,Goudiry,0,,,,,,,,,,,1
2254231,Banou,14.43333,-15.78333,Fatick,Gossas,0,,,,,,,,,,,1
2254230,Banoungoune,13.01667,-15.83333,Sedhiou,Bounkiling,0,,,,,,,,,,,1
2254224,Banta Koutoum Pakane,12.93333,-13.85,Kolda,Velingara,0,,,,,,,,,,,1
2254227,Bantakili Moulaye,13.0,-14.38333,Kolda,Kolda,0,,,,,,,,,,,1
2254226,Bantakokouta,12.7707,-12.2349,Kedougou,Kedougou,0,,,,,,,,,,,1
2254223,Bantambali,14.18333,-13.2,Tambacounda,Goudiry,0,,,,,,,,,,,1
2254222,Bantanani,13.72193,-12.97634,Tambacounda,Goudiry,0,,,,,,,,,,,1
13658812,Bantanari,13.04305,-16.15558,Ziguinchor,Bignona,0,,,,,,,,,,,1
2254220,Bantandiang,12.79056,-15.1725,Sedhiou,Goudomp,0,,,,,,,,,,,2
2254221,Bantandiang,12.59,-15.64917,Sedhiou,Sedhiou,0,,,,,,,,,,,2
2254219,Bantandienké,13.56667,-13.93333,,,0,,,,,,,,,,,1
2250352,Bantanding,13.60377,-16.28568,Fatick,Foundiougne,0,,,,,,,,,,,1
2254218,Bantanguel,12.78333,-14.73333,Kolda,Kolda,0,,,,,,,,,,,1
2254217,Bantangueul,13.96667,-14.01667,Tambacounda,Tambacounda,0,,,,,,,,,,,1
2254216,Bantangueul Kassoum,12.85,-14.28333,Kolda,Kolda,0,,,,,,,,,,,1
2254215,Bantaniel,12.65583,-15.25639,Sedhiou,Goudomp,0,,,,,,,,,,,1
6659075,Bantankho,12.58713,-11.59228,Kedougou,Saraya,0,,,,,,,,,,,1
2254214,Bantanki Doulo,12.96667,-14.43333,Kolda,Kolda,0,,,,,,,,,,,1
2254213,Bantankoli,13.33333,-13.18333,Tambacounda,Tambacounda,0,,,,,,,,,,,1
2254210,Bantankountou,13.26667,-13.06667,Tambacounda,Tambacounda,0,,,,,,,,,,,3
2254211,Bantankountou,12.76667,-14.95,Kolda,Kolda,0,,,,,,,,,,,3
2254212,Bantankountou,12.5,-15.91667,Sedhiou,Goudomp,0,,,,,,,,,,,3
2254208,Bantankountouyél,12.83333,-14.95,Kolda,Kolda,0,,,,,,,,,,,1
2254207,Bantantinnting,13.53333,-13.86667,Tambacounda,Tambacounda,0,,,,,,,,,,,1
2254205,Bantanto,13.13333,-14.2,Kolda,Velingara,0,,,,,,,,,bantan,tree,2
2254206,Bantanto,13.01667,-15.56667,Sedhiou,Bounkiling,0,,,,,,,,,bantan,tree,2
2254204,Bantata,12.6817,-12.3317,Kedougou,Kedougou,0,,,,,,,,,,,1
2254202,Bantigniel,12.9,-13.71667,Kolda,Velingara,0,,,,,,,,,,,1
13506986,Banèm Sérèr,14.66882,-16.38157,Diourbel,Bambey,0,,,,Sérèr,Banèm,,,,,,1
2254272,Bané,14.67433,-15.66969,Fatick,Gossas,0,,,,,,,,,,,1
2254270,Banéba,13.25,-15.71667,Sedhiou,Bounkiling,0,,,,,,,,,,,2
2254271,Banéba,13.25,-15.53333,Sedhiou,Bounkiling,0,,,,,,,,,,,2
2254196,Baout,14.04782,-16.53307,Fatick,Foundiougne,0,,,,,,,,,,,1
13552832,Bap,14.73784,-15.93719,Diourbel,Mbacke,0,,,,,,,,,,,2
13552838,Bap,14.71651,-15.95735,Diourbel,Mbacke,0,,,,,,,,,,,2
2254194,Bapalel Koliabé,15.45593,-12.96632,Matam,Kanel,0,,,,,,,,,,,1
2254193,Bapèdj,14.75,-14.86667,Louga,Linguere,0,,,,,,,,,,,1
2254192,Bapédji,15.1693,-14.8772,Louga,Linguere,0,,,,,,,,,,,1
2254187,Bara,15.1115,-15.4172,Louga,Linguere,0,,,,,,,,,,,2
2254188,Bara,12.4345,-12.2017,Kedougou,Kedougou,0,,,,,,,,,,,2
13506506,Bara Kaïré,14.72793,-16.93196,Thies,Thies,0,,,,,,,,,,,1
2254185,Baraboye,12.6871,-12.4092,Kedougou,Kedougou,0,,,,,,,,,,,1
2254186,Barabéri,12.96017,-11.7395,Kedougou,Saraya,0,,,,,,,,,,,1
2254183,Baraf,12.52056,-16.30861,Ziguinchor,Ziguinchor,0,,,,,,,,,,,1
2254182,Barafouté,12.6691,-12.303,Kedougou,Kedougou,0,,,,,,,,,,,1
2254179,Baraguès,13.11667,-16.15,Ziguinchor,Bignona,0,,,,,,,,,,,1
2254177,Baraka Bounao,12.49528,-16.19333,Ziguinchor,Ziguinchor,0,,,,,,,,,,,1
2254176,Baraka Patata,12.45,-16.13333,,,0,,,,,,,,,,,1
2254175,Baraka Poukao,12.46667,-16.2,Ziguinchor,Ziguinchor,0,,,,,,,,,,,1
2254174,Barakounda,13.66667,-14.63333,Tambacounda,Koumpentoum,0,kounda,Mandinka,,,,,,,,,1
2254178,Barakès,13.12058,-16.47518,Ziguinchor,Bignona,0,,,,,,,,,,,1
2254172,Baral,15.2199,-15.5102,Louga,Linguere,0,,,,,,,,,,,1
2254171,Baralak,12.90583,-16.17389,Ziguinchor,Bignona,0,,,,,,,,,,,1
2254170,Baralé Ndiaye,15.8452,-16.2292,Louga,Louga,0,,,,,,,Ndiaye,Wolof,,,1
13658744,Barandalat,13.05286,-16.25861,Ziguinchor,Bignona,0,,,,,,,,,,,1
2254167,Barandama,13.0,-15.78333,Sedhiou,Bounkiling,0,,,,,,,,,,,1
2254166,Barandao,14.55,-15.93333,Diourbel,Mbacke,0,,,,,,,,,,,1
2254603,Barandoufari,12.8129,-12.2513,Kedougou,Kedougou,0,,,,,,,,,,,1
2254165,Barantir,12.94,-16.37028,Ziguinchor,Bignona,0,,,,,,,,,,,1
2254162,Bardial,15.05,-16.55,Thies,Tivaoune,0,,,,,,,,,,,1
2254161,Bardiol,15.7742,-15.2895,Louga,Linguere,0,,,,,,,,,,,1
2254157,Barga,15.98333,-13.63333,Matam,Matam,0,,,,,,,,,,,1
2254154,Bargny,14.69707,-17.23015,Dakar,Rufisque,69242,,,,,,,,,,,1
2254153,Bargny Guèdj,14.68698,-17.22808,Dakar,Rufisque,51188,,,,,,,,,,,1
2595382,Bargny Ngoude,14.69407,-17.2353,Dakar,Rufisque,51188,,,,,,,,,,,1
2254152,Bargué,15.21667,-16.08333,Louga,Kebemer,0,,,,,,,,,,,1
2254147,Bari,16.08,-16.17917,Saint Louis,Dagana,0,,,,,,,,,,,4
2254148,Bari,15.8,-16.26667,Louga,Louga,0,,,,,,,,,,,4
2254150,Bari,15.1597,-15.4858,Louga,Linguere,0,,,,,,,,,,,4
2254151,Bari,12.86833,-15.65778,Sedhiou,Sedhiou,0,,,,,,,,,,,4
2248571,Bari Diame,15.2789,-16.034,Louga,Kebemer,0,,,,,,,,,,,1
2253937,Bari Diame Cissé,15.448,-16.2373,Louga,Louga,0,,,,,,,Cissé,Mandinka,,,1
2596011,Bari Diamm,16.18139,-16.27694,Saint Louis,Dagana,0,,,,,,,,,,,1
13507049,Bari Ndondol Deux,14.60853,-16.49654,Diourbel,Bambey,0,,,,,,2,,,,,1
2254142,Bari Ndondol Un,14.59642,-16.50198,Fatick,Fatick,0,,,,,,1,,,,,1
13506732,Bari Sine,14.58878,-16.51371,Fatick,Fatick,0,,,,,,,,,,,1
2254145,Baria,13.66685,-16.18578,Fatick,Foundiougne,0,,,,,,,,,,,1
2254143,Baridiane,15.13333,-16.4,Thies,Tivaoune,0,,,,,,,,,,,1
6611636,Barkatou,15.32194,-12.87,Matam,Kanel,0,,,,,,,,,,,1
2254139,Barkayel,13.61667,-14.33333,Tambacounda,Tambacounda,0,,,,,,,,,,,3
2254140,Barkayel,13.48333,-13.46667,Tambacounda,Tambacounda,0,,,,,,,,,,,3
13509036,Barkayel,14.40781,-16.11279,Fatick,Gossas,0,,,,,,,,,,,3
2254137,Barkedji,14.58333,-14.81667,Kaffrine,Koungheul,0,,,,,,,,,,,1
6611637,Barkevy,15.33,-12.86306,,,0,,,,,,,,,,,1
2254129,Barkiel,13.88333,-14.55,Tambacounda,Koumpentoum,0,,,,,,,,,,,1
2254128,Barkjéwèl,13.8,-15.76667,Kaolack,Nioro Du Rip,0,,,,,,,,,,,1
2254135,Barkèdji,15.16667,-14.86667,Louga,Linguere,0,,,,,,,,,,,2
2254138,Barkèdji,13.95,-15.7,Kaffrine,Birkelane,0,,,,,,,,,,,2
2254133,Barkédji,15.7197,-15.3377,Louga,Linguere,0,,,,,,,,,,,3
2254134,Barkédji,15.276,-14.8694,Louga,Linguere,0,,,,,,,,,,,3
2254136,Barkédji,14.88333,-15.91667,Diourbel,Mbacke,0,,,,,,,,,,,3
2254131,Barkédji Mboul,14.59581,-15.95506,Diourbel,Mbacke,0,,,,,,,,,,,1
2254127,Barmétial,15.47689,-13.01575,Matam,Kanel,0,,,,,,,,,,,1
2254125,Barokounda,13.66667,-14.1,Tambacounda,Tambacounda,0,kounda,Mandinka,,,,,,,,,1
2254124,Barone,14.04306,-15.46458,Kaffrine,Kaffrine,0,,,,,,,,,,,1
2254123,Barouk,12.78278,-16.20556,Ziguinchor,Bignona,0,,,,,,,,,,,1
2254121,Barsafa,13.71667,-14.56667,Tambacounda,Koumpentoum,0,,,,,,,,,,,1
2595536,Barèt,14.74329,-17.09893,Thies,Thies,0,,,,,,,,,,,1
2254149,Baré,15.1777,-15.9878,Louga,Kebemer,0,,,,,,,,,,,1
2248660,BaréBanta,16.01619,-16.09697,Louga,Louga,0,,,,,,,,,,,1
2254159,Baréguessin,13.01667,-16.38333,Ziguinchor,Bignona,0,,,,,,,,,,,1
2254126,Barôbé,16.18061,-13.89779,Saint Louis,Podor,0,,,,,,,,,,,1
2596112,Bas N’Dar Toute,16.02851,-16.5085,Saint Louis,Saint Louis,0,,,,,,,,,,,1
2254119,Bassabou,13.93333,-15.91667,Kaolack,Kaolack,0,,,,,,,,,,,1
2254118,Bassada,13.0,-15.76667,Sedhiou,Bounkiling,0,,,,,,,,,,,1
2254117,Bassaf,12.80528,-15.61917,Sedhiou,Sedhiou,0,,,,,,,,,,,1
2254116,Bassafa,13.28333,-14.6,Kolda,Medina Yoroufoula,0,,,,,,,,,,,1
2254115,Bassanbéa,12.98333,-16.35,Ziguinchor,Bignona,0,,,,,,,,,,,1
2254114,Bassar,13.91963,-16.60798,Fatick,Foundiougne,0,,,,,,,,,,,1
13658759,Bassem Kassana,13.15727,-16.05808,Ziguinchor,Bignona,0,,,,,,,,,,,1
13658802,Bassem Lessé,13.08927,-16.04433,Ziguinchor,Bignona,0,,,,,,,,,,,1
13658019,Bassine,13.90324,-16.45017,Fatick,Foundiougne,0,,,,,,,,,,,1
2254107,Bassinkil,13.09344,-16.20392,Ziguinchor,Bignona,0,,,,,,,,,,,1
2254106,Bassoul,13.92559,-16.58978,Fatick,Foundiougne,0,,,,,,,,,,,1
2254105,Bassoum,12.98333,-14.5,Kolda,Kolda,0,,,,,,,,,,,1
2254109,Bassène,13.08904,-16.35788,Ziguinchor,Bignona,0,,,,,,,,,,,4
2254110,Bassène,13.06667,-16.38333,Ziguinchor,Bignona,0,,,,,,,,,,,4
2254111,Bassène,12.95361,-16.37194,Ziguinchor,Bignona,0,,,,,,,,,,,4
2254112,Bassène,12.95,-16.36667,Ziguinchor,Bignona,0,,,,,,,,,,,4
2254108,Basséré,12.45083,-16.36667,Ziguinchor,Ziguinchor,0,,,,,,,,,,,1
2254104,Batabout,13.00273,-16.21832,Ziguinchor,Bignona,0,,,,,,,,,,,1
2254102,Batal,15.5439,-15.2864,Louga,Linguere,0,,,,,,,,,,,2
2254103,Batal,14.64588,-16.4736,Diourbel,Bambey,0,,,,,,,,,,,2
13658072,Batamar,13.79816,-16.38826,Fatick,Foundiougne,0,,,,,,,,,,,1
2254101,Batan Gnima,12.70667,-15.84778,Sedhiou,Sedhiou,0,,,,,,,,,,,1
2254100,Batankigné,13.01548,-16.17593,Ziguinchor,Bignona,0,,,,,,,,,,,1
13509321,Batara Kaba,14.01599,-16.10454,Kaolack,Kaolack,0,,,,,,,,,,,1
2254514,Batara Ndiala,14.0305,-16.10119,Kaolack,Kaolack,0,,,,,,,,,,,1
13509355,Batara Wolof,14.01651,-16.11332,Kaolack,Kaolack,0,,,,Wolof,Batara,,,,,,1
2254093,Batiaré Ouro Guéladjo,14.4,-15.68333,Kaffrine,Kaffrine,0,,,,,,,,,,,1
2254092,Batimba,12.4825,-12.549,Kedougou,Salemata,0,,,,,,,,,,,1
13658769,Batinding,13.11356,-16.17395,Ziguinchor,Bignona,0,,,,,,,,,,,1
13658768,Batinding Boudiakène,13.12168,-16.17002,Ziguinchor,Bignona,0,,,,,,,,,,,1
2254090,Batinding Diémé,13.03979,-16.23013,Ziguinchor,Bignona,0,,,,,,,,,,,1
2254091,Batindié,12.81667,-16.2,Ziguinchor,Bignona,0,,,,,,,,,,,1
2254088,Batinièr,12.54806,-16.40722,Ziguinchor,Ziguinchor,0,,,,,,,,,,,2
2254089,Batinièr,12.50083,-16.48306,Ziguinchor,Oussouye,0,,,,,,,,,,,2
2254087,Batodji,14.96667,-15.76667,Louga,Linguere,0,,,,,,,,,,,1
2254086,Batoulane,14.11667,-14.6,Kaffrine,Koungheul,0,,,,,,,,,,,1
2254085,Batranké,12.69,-12.3518,Kedougou,Kedougou,0,,,,,,,,,,,1
2254084,Battal,15.2301,-16.2337,Louga,Kebemer,0,,,,,,,,,,,1
2254097,Batéguélé,13.08333,-15.88333,Sedhiou,Bounkiling,0,,,,,,,,,,,1
2254096,Batékel,12.98333,-16.18333,Ziguinchor,Bignona,0,,,,,,,,,,,1
2254200,Bawdé,14.91951,-16.12262,Diourbel,Diourbel,0,,,,,,,,,,,1
2254083,Baya,12.97278,-15.7725,Sedhiou,Bounkiling,0,,,,,,,,,,,1
2248648,Bayakh,14.66922,-16.43138,Diourbel,Bambey,0,,,,,,,,,,,4
2254080,Bayakh,15.75,-16.45,Louga,Louga,0,,,,,,,,,,,4
2254081,Bayakh,15.63333,-16.21667,Louga,Louga,0,,,,,,,,,,,4
2254082,Bayakh,14.83058,-17.13782,Thies,Thies,0,,,,,,,,,,,4
2254079,Bayakh Gaye,15.68333,-16.41667,Louga,Louga,0,,,,,,,Gaye,Wolof,,,1
2254078,Bayamba,13.1,-15.48333,Sedhiou,Bounkiling,0,,,,,,,,,,,1
2254076,Bayanka,13.13333,-15.91667,Sedhiou,Bounkiling,0,,,,,,,,,,,1
2254075,Baye Diang,15.6,-15.51667,Louga,Linguere,0,,,,,,,,,,,1
2248647,Baye Ndiaye,14.49665,-15.68546,Fatick,Gossas,0,,,,,,,Ndiaye,Wolof,,,1
2254071,Baye Yar,15.65,-16.4,Louga,Louga,0,,,,,,,,,,,1
2254070,Bayfora,12.49361,-15.92139,Sedhiou,Goudomp,0,,,,,,,,,,,1
2254516,Bayi,14.00682,-16.41691,Fatick,Foundiougne,0,,,,,,,,,,,1
2254067,Bayti,16.05333,-16.15583,Saint Louis,Dagana,0,,,,,,,,,,,1
2254457,Baytilaye,12.7056,-12.1536,Kedougou,Kedougou,0,,,,,,,,,,,1
2254072,Bayèr,15.2,-16.41667,Thies,Tivaoune,0,,,,,,,,,,,1
13506485,Bayé,14.59347,-16.87888,Thies,Thies,0,,,,,,,,,,,1
2254479,Baïla,14.78879,-15.72027,Diourbel,Mbacke,0,,,,,,,,,,,2
2254480,Baïla,12.89417,-16.35222,Ziguinchor,Bignona,0,,,,,,,,,,,2
2254077,Baïla Ndour,14.2229,-15.72829,Kaffrine,Birkelane,0,,,,,,,Ndour,Sérèr,,,1
2254473,Baïnak,15.71667,-16.25,Louga,Louga,0,,,,,,,,,,,1
2254472,Baïrat,15.75,-16.16667,Louga,Louga,0,,,,,,,,,,,1
2254471,Baïsso,12.73333,-12.35,Kedougou,Kedougou,0,,,,,,,,,,,1
2254467,Baïti,15.71667,-16.41667,Louga,Louga,0,,,,,,,,,,,4
2254468,Baïti,14.58333,-16.23333,Diourbel,Diourbel,0,,,,,,,,,,,4
2254469,Baïti,13.83333,-15.13333,Kaffrine,Kaffrine,0,,,,,,,,,,,4
2254470,Baïti,13.58333,-16.23333,,,0,,,,,,,,,,,4
13504607,Baïti Bala Dia,14.92918,-16.80535,Thies,Tivaoune,0,,,,,,,Dia,Pulaar,,,1
2254466,Baïti Dakhar,14.97393,-16.94118,Thies,Tivaoune,0,,,,,,,,,dakhar,tree,1
2254464,Baïti Dia,14.80421,-16.01605,Diourbel,Mbacke,0,,,,,,,Dia,Pulaar,,,2
2254465,Baïti Dia,14.63333,-15.95,Diourbel,Mbacke,0,,,,,,,Dia,Pulaar,,,2
13504603,Baïti Dieng,14.99317,-16.78568,Thies,Tivaoune,0,,,,,,,Dieng,Wolof,,,1
2254462,Baïti Diouf,15.21667,-16.73333,Thies,Tivaoune,0,,,,,,,Diouf,Sérèr,,,1
2254463,Baïti Dièye,15.88333,-16.38333,Saint Louis,Saint Louis,0,,,,,,,,,,,1
13504534,Baïti Fal,14.99111,-16.79773,Thies,Tivaoune,0,,,,,,,Fal,Wolof,,,1
2254461,Baïti Gaye,15.11667,-16.56667,Thies,Tivaoune,0,,,,,,,Gaye,Wolof,,,1
2254460,Baïti Guèye,15.00674,-16.91395,Thies,Tivaoune,0,,,,,,,Guèye,Wolof,,,1
13504684,Baïti Kane,14.94662,-16.53172,Diourbel,Bambey,0,,,,,,,Kane,Pulaar,,,1
2254456,Baïti Ndiaye,15.38333,-16.56667,Louga,Kebemer,0,,,,,,,Ndiaye,Wolof,,,1
2253261,Baïti Santhie,14.97342,-16.94465,Thies,Tivaoune,0,,,,,,,,,,,1
2254453,Baïti Tiokène,15.18333,-16.18333,Louga,Kebemer,0,,,,,,,,,,,1
2254459,Baïtilaye,12.70616,-11.68009,Kedougou,Saraya,0,,,,,,,,,,,1
2254454,Baïtit,14.01814,-15.65725,Kaffrine,Birkelane,0,,,,,,,,,,,1
13551634,Bel Tati Deux,14.78343,-15.37382,Louga,Linguere,0,,,,,,2,,,,,1
13551636,Bel Tati Trois,14.78045,-15.39944,Louga,Linguere,0,,,,,,3,,,,,1
13551632,Bel Tati Un,14.80163,-15.34726,Louga,Linguere,0,,,,,,1,,,,,1
2253962,Bel Tiaski,15.33,-15.6276,Louga,Linguere,0,,,,,,,,,,,1
2253961,Bel Tiaski Boki,15.3214,-15.6365,Louga,Linguere,0,,,,,,,,,,,1
2254055,Bel-Air,14.70448,-17.42477,Dakar,Dakar,0,,,,,,,,,,,1
2254052,Belal,13.33333,-14.65,Kolda,Medina Yoroufoula,0,,,,,,,,,,,1
2254033,Belel-Boukar,15.5438,-14.2889,Saint Louis,Podor,0,belel,Pulaar,,,,,,,,,1
2254000,Belfadak,14.31992,-16.09178,Kaolack,Guinguineo,0,,,,,,,,,,,1
2253998,Belgarki,15.4403,-15.8784,Louga,Louga,0,,,,,,,,,,,1
2253984,Belil Nelbi,15.1741,-15.1921,Louga,Linguere,0,,,,,,,,,,,1
2253975,Belkagne,15.4171,-14.8637,Louga,Linguere,0,,,,,,,,,,,1
2253973,Belki,14.61528,-16.15258,Diourbel,Diourbel,0,,,,,,,,,,,1
2253967,Belli,15.23333,-16.66667,Thies,Tivaoune,0,,,,,,,,,,,1
2253968,Bellé,14.41434,-12.30096,Tambacounda,Bakel,0,,,,,,,,,,,1
6917512,Beltiasdé,15.3475,-15.6211,Louga,Linguere,0,,,,,,,,,,,1
2253957,Bem-Bem,14.81667,-14.4,Matam,Ranerou,0,,,,,,,,,,,1
2253954,Bembou,12.82384,-11.8765,Kedougou,Saraya,0,,,,,,,,,,,1
11205314,Bemete Bidjini,12.72356,-15.98884,Sedhiou,Sedhiou,0,,,,,,,,,,,1
2253948,Bengadji,15.65,-16.33333,Louga,Louga,0,,,,,,,,,,,1
13504557,Benguél,14.90656,-16.86235,Thies,Tivaoune,0,,,,,,,,,,,1
2253947,Benndiguiraïlo,12.8,-11.73333,Kedougou,Saraya,0,,,,,,,,,,,1
2253945,Bennguène,14.95,-15.88333,Diourbel,Mbacke,0,,,,,,,,,,,1
2253943,Benntingui,15.08333,-15.4,Louga,Linguere,0,,,,,,,,,,,1
2253942,Berdiouga,15.56667,-16.56667,Louga,Kebemer,0,,,,,,,,,,,1
2595947,Bereup,14.97044,-17.08921,Thies,Tivaoune,0,,,,,,,,,,,1
2595942,Bereup Sow,14.96426,-17.04212,Thies,Tivaoune,0,,,,,,,Sow,Pulaar,,,1
2253935,Berkom,15.36667,-16.65,Louga,Kebemer,0,,,,,,,,,,,1
2253933,Bernal,12.55,-16.31667,Ziguinchor,Ziguinchor,0,,,,,,,,,,,1
2253927,Bessoloum,12.46,-15.99111,Ziguinchor,Ziguinchor,0,,,,,,,,,,,1
2253920,Beul Gueye,15.5604,-16.2488,Louga,Louga,0,,,,,,,Gueye,Wolof,,,1
2253919,Beuno Mboro,15.2,-16.88333,Thies,Tivaoune,0,,,,,,,,,,,1
2253918,Beurleup,15.13333,-16.36667,Thies,Tivaoune,0,,,,,,,,,,,1
2253915,Biarou,13.05,-14.03333,Kolda,Velingara,0,,,,,,,,,,,1
2253914,Biba,15.0503,-15.9959,Louga,Kebemer,0,,,,,,,,,,,1
2253913,Bibi,15.0651,-15.9766,Louga,Kebemer,0,,,,,,,,,,,1
13506517,Bibirane,14.66144,-16.95067,Thies,Thies,0,,,,,,,,,,,1
2253910,Bichiri,15.89605,-13.41633,Matam,Matam,0,,,,,,,,,,,1
2253909,Bidal,15.57442,-13.21918,Matam,Matam,0,,,,,,,,,,,1
2253908,Bidem,15.53333,-16.31667,Louga,Louga,0,,,,,,,,,,,1
2253905,Bidiam,15.86194,-16.31889,Saint Louis,Saint Louis,0,,,,,,,,,,,2
2253906,Bidiam,14.20273,-15.7162,Kaffrine,Birkelane,0,,,,,,,,,,,2
2253867,Bidj Nguél,14.41045,-15.50619,Kaffrine,Kaffrine,0,,,,,,,,,,,1
2253904,Bidjika,14.35,-15.83333,Kaolack,Guinguineo,0,,,,,,,,,,,1
2253901,Bignona,12.81028,-16.22639,Ziguinchor,Bignona,28642,,,,,,,,,,,1
2253896,Bikol,14.41709,-16.45065,Fatick,Fatick,0,,,,,,,,,,,1
2248551,Bil,14.42806,-15.98713,Fatick,Gossas,0,,,,,,,,,,,1
2253895,Bil Bambara,14.0918,-16.13764,Kaolack,Kaolack,0,,,,Bambara,Bil,,,,,,1
2253894,Bil Mbaké,14.4376,-16.0279,Fatick,Gossas,0,,,,,,,,,,,1
2253892,Bilassar,12.50722,-15.60528,Sedhiou,Goudomp,0,,,,,,,,,,,1
2595442,Biloré,14.56423,-17.0553,Thies,Mbour,0,,,,,,,,,,,1
2253891,Bilél,12.5602,-12.773,Kedougou,Salemata,0,,,,,,,,,,,1
2253889,Binako,12.58611,-15.54361,Sedhiou,Goudomp,0,,,,,,,,,,,1
2253886,Binbaba,12.50778,-15.86278,Sedhiou,Goudomp,0,,,,,,,,,,,1
6659065,Bindiguéa,12.77385,-11.75716,Kedougou,Saraya,0,,,,,,,,,,,1
2253870,Bindiw,14.37048,-15.94547,Kaolack,Guinguineo,0,,,,,,,,,,,1
2253885,Bine Abdou Guèye,14.43333,-15.93333,Fatick,Gossas,0,,,,,,,Guèye,Wolof,,,1
2253874,Binguil,14.5669,-12.85069,Tambacounda,Goudiry,0,,,,,,,,,,,1
2253863,Binguél Dadhi,15.6,-13.5,Matam,Matam,0,,,,,,,,,,,1
2253871,Binndago,12.83333,-16.23333,Ziguinchor,Bignona,0,,,,,,,,,,,2
2253872,Binndago,12.79417,-16.27889,Ziguinchor,Bignona,0,,,,,,,,,,,2
2253869,Binndiou,15.28333,-16.33333,Louga,Kebemer,0,,,,,,,,,,,1
2253868,Binngel,13.4,-13.05,Tambacounda,Goudiry,0,,,,,,,,,,,1
2253864,Binnguel,14.63333,-14.56667,Matam,Ranerou,0,,,,,,,,,,,2
2253865,Binnguel,14.06667,-14.45,Tambacounda,Koumpentoum,0,,,,,,,,,,,2
2253861,Binnguer,14.53333,-15.83333,Fatick,Gossas,0,,,,,,,,,,,1
2253860,Binnkine,12.93528,-16.50222,Ziguinchor,Bignona,0,,,,,,,,,,,1
2253944,Bintinki,14.08028,-15.39574,Kaffrine,Malem Hodar,0,,,,,,,,,,,1
2253857,Birahim Sèye,15.9278,-15.7817,Louga,Louga,0,,,,,,,,,,,1
2253854,Biram Aouagali,15.7003,-15.2204,Louga,Linguere,0,,,,,,,,,,,2
2253855,Biram Aouagali,15.6782,-15.2364,Louga,Linguere,0,,,,,,,,,,,2
2253853,Biram Bodèl,15.4324,-15.9237,Louga,Louga,0,,,,,,,,,,,1
2253852,Biram Diaté,14.41667,-15.71667,Kaolack,Guinguineo,0,,,,,,,,,,,1
2253851,Biram Fal,14.75,-16.75,Thies,Thies,0,,,,,,,Fal,Wolof,,,1
2253850,Biram Guèye,15.0758,-15.8995,Louga,Kebemer,0,,,,,,,Guèye,Wolof,,,1
2253856,Birama Kelle,15.2073,-15.3365,Louga,Linguere,0,,,,,,,,,,,1
2596101,Birane Gaye,15.93806,-16.27694,Saint Louis,Saint Louis,0,,,,,,,Gaye,Wolof,,,1
13658735,Birasso,13.03011,-16.65787,Ziguinchor,Bignona,0,,,,,,,,,,,1
13658733,Birassou,13.03481,-16.67873,Ziguinchor,Bignona,0,,,,,,,,,,,1
2253847,Birataba,13.4,-13.46667,Tambacounda,Tambacounda,0,,,,,,,,,,,1
2253846,Birfal,14.51413,-12.44684,Tambacounda,Bakel,0,,,,,,,,,,,1
13658737,Birkamanding Deux,13.0388,-16.6412,Ziguinchor,Bignona,0,,,,,,2,,,,,1
2253845,Birkamanding Un,13.01935,-16.44399,Ziguinchor,Bignona,0,,,,,,1,,,,,1
2253844,Birkelane,14.12933,-15.74409,Kaffrine,Birkelane,7011,,,,,,,,,,,1
2253842,Bissakal,12.53444,-15.48139,Sedhiou,Goudomp,0,,,,,,,,,,,1
2253841,Bissar,12.66167,-15.48139,Sedhiou,Goudomp,0,,,,,,,,,,,1
2253839,Bissari,13.05,-15.58333,Sedhiou,Bounkiling,0,,,,,,,,,,,2
2253840,Bissari,12.9,-15.8,Sedhiou,Sedhiou,0,,,,,,,,,,,2
2253838,Bissari Diosson,12.95944,-15.77444,Sedhiou,Bounkiling,0,,,,,,,,,,,1
2253837,Bissari Dioub,13.0,-15.93333,Sedhiou,Bounkiling,0,,,,,,,,,,,1
2253836,Bissari Missira,12.7525,-15.60889,Sedhiou,Sedhiou,0,,,missira,,,,,,,,1
2253835,Bissarou,12.58222,-15.42667,Sedhiou,Goudomp,0,,,,,,,,,,,1
2253834,Bissassou Douma,12.56667,-15.41667,Sedhiou,Goudomp,0,,,,,,,,,,,1
13508529,Bissimillah,14.35012,-16.47582,Fatick,Fatick,0,,,,,,,,,,,1
2253832,Bissine,12.53056,-15.95861,Ziguinchor,Ziguinchor,0,,,,,,,,,,,1
2596006,Bissét I,16.20222,-16.32194,Saint Louis,Dagana,0,,,,,,1,,,,,1
2596007,Bissét II,16.22222,-16.30861,Saint Louis,Dagana,0,,,,,,2,,,,,1
2253828,Biti Biti,13.01635,-16.37322,Ziguinchor,Bignona,0,,,,,,,,,,,1
2253827,Bitiou,15.31667,-16.46667,Thies,Tivaoune,0,,,,,,,,,,,1
13504533,Bitiw Sèye,14.94692,-16.79935,Thies,Tivaoune,0,,,,,,,,,,,1
2253826,Bito,16.2962,-13.99647,Saint Louis,Podor,0,,,,,,,,,,,1
2253824,Blaze,12.50028,-15.97278,Ziguinchor,Ziguinchor,0,,,,,,,,,,,1
2253822,Bloug,15.43085,-13.02208,Matam,Kanel,0,,,,,,,,,,,1
2253820,Boba,13.98333,-14.48333,Tambacounda,Koumpentoum,0,,,,,,,,,,,2
2253821,Boba,13.66667,-13.85,Tambacounda,Tambacounda,0,,,,,,,,,,,2
2253817,Bobi,14.75,-14.81667,Louga,Linguere,0,,,,,,,,,,,1
2250893,Bobi Kandji,14.73992,-15.80928,Diourbel,Mbacke,0,,,,,,,,,,,1
2253818,Bobi Mbaké,14.74689,-15.81666,Diourbel,Mbacke,0,,,,,,,,,,,1
2253815,Bobodigoula,15.1704,-15.4819,Louga,Linguere,0,,,,,,,,,,,1
2253813,Bobori,16.26985,-14.45471,Saint Louis,Podor,0,,,,,,,,,,,2
2253814,Bobori,15.2972,-15.8985,Louga,Kebemer,0,,,,,,,,,,,2
2253811,Boboti,12.65896,-11.43802,Kedougou,Saraya,0,,,,,,,,,,,1
2253809,Bodadé,15.0803,-15.939,Louga,Kebemer,0,,,,,,,,,,,1
2253795,Bodia,12.95,-16.26667,Ziguinchor,Bignona,0,,,,,,,,,,,1
2253793,Bodibato,14.08715,-12.04737,Tambacounda,Bakel,0,,,,,,,,,,,1
13509079,Bodione,14.35135,-16.17891,Kaolack,Kaolack,0,,,,,,,,,,,1
6611623,Bododji,15.15194,-12.84556,Matam,Kanel,0,,,,,,,,,,,1
2253802,Bodèdji,14.61667,-14.55,Matam,Ranerou,0,,,,,,,,,,,1
2253800,Bodègne,15.53333,-16.38333,Louga,Kebemer,0,,,,,,,,,,,2
2253801,Bodègne,15.48333,-16.56667,Louga,Kebemer,0,,,,,,,,,,,2
2253677,Bodé,14.98208,-15.14117,Louga,Linguere,0,,,,,,,,,,,6
2253805,Bodé,16.44434,-14.35229,Saint Louis,Podor,2466,,,,,,,,,,,6
2253806,Bodé,14.31879,-15.37149,Kaffrine,Malem Hodar,0,,,,,,,,,,,6
2253807,Bodé,13.97262,-12.8494,Tambacounda,Goudiry,0,,,,,,,,,,,6
2253808,Bodé,12.65333,-16.425,Ziguinchor,Bignona,0,,,,,,,,,,,6
6647947,Bodé,14.03293,-12.94478,Tambacounda,Goudiry,0,,,,,,,,,,,6
2251592,Bodé Deux,14.95661,-15.90915,Diourbel,Mbacke,0,,,,,,2,,,,,1
2253804,Bodé Dieng,14.95,-15.93333,Diourbel,Mbacke,0,,,,,,,Dieng,Wolof,,,1
2253798,Bodé Un,14.98518,-15.8934,Diourbel,Mbacke,0,,,,,,1,,,,,1
2253796,Bodéyel,12.81667,-14.85,Kolda,Kolda,0,,,,,,,,,,,1
13509076,Bof Kop,14.33264,-16.23786,Kaolack,Kaolack,0,,,,,,,,,,,1
2253764,Bof Mbalèm,14.48886,-16.23023,Fatick,Fatick,0,,,,,,,,,,,1
13509042,Bof Poupouye,14.46774,-16.2439,Fatick,Fatick,0,,,,,,,,,,,1
2253791,Bofa,12.49056,-16.13361,Ziguinchor,Ziguinchor,0,,,,,,,,,,,1
2253790,Bofaye,14.65,-16.63333,Thies,Thies,0,,,,,,,,,,,1
2253789,Bofel,14.79866,-15.94103,Diourbel,Mbacke,0,,,,,,,,,,,1
2253788,Boffel Alassane,15.5749,-15.9781,Louga,Louga,0,,,,,,,,,,,1
2253787,Bofi,13.98333,-15.45,Kaffrine,Kaffrine,0,,,,,,,,,,,1
2253783,Bofoulou,13.48333,-13.35,Tambacounda,Tambacounda,0,,,,,,,,,,,1
6659080,Boféto,12.54406,-11.45205,Kedougou,Saraya,0,,,,,,,,,,,1
2253782,Bogal,15.95,-16.11667,Louga,Louga,0,,,,,,,,,,,1
2253780,Bogal Diaouli,14.18748,-12.57456,Tambacounda,Goudiry,0,,,,,,,,,,,1
13505533,Bogal Laobé,14.85576,-16.10211,Diourbel,Mbacke,0,,,,Laobé,Bogal,,,,,,1
2253776,Bogguel,16.01487,-13.84063,Saint Louis,Podor,0,,,,,,,,,,,1
2254529,Bogo,14.85897,-15.57497,Louga,Linguere,0,,,,,,,,,,,1
2253779,Bogol,15.6453,-15.6729,Louga,Louga,0,,,,,,,,,,,1
2253778,Boguel,12.81417,-15.08639,Kolda,Kolda,0,,,,,,,,,,,1
2253772,Boguel Gaye,15.4788,-15.4123,Louga,Linguere,0,,,,,,,Gaye,Wolof,,,1
2253774,Boguelbar,15.4266,-15.833,Louga,Louga,0,,,,,,,,,,,1
2253768,Boguessa Boudou,15.3975,-15.7438,Louga,Linguere,0,,,,,,,,,,,1
2253777,Boguèl,14.43497,-15.15734,Kaffrine,Malem Hodar,0,,,,,,,,,,,1
2253771,Boguène Goli,15.8245,-15.7849,Louga,Louga,0,,,,,,,,,,,1
2253765,Bohodi-Gobel,15.8651,-15.5679,Louga,Linguere,0,,,,,,,,,,,1
2253763,Bohou,15.48978,-13.09793,Matam,Kanel,0,,,,,,,,,,,1
2253767,Bohé Balédié,14.28333,-13.6,Tambacounda,Tambacounda,0,,,,,,,,,,,1
2253760,Boingal,14.13333,-14.36667,Tambacounda,Koumpentoum,0,,,,,,,,,,,1
2253758,Boinguel,14.05,-14.26667,Tambacounda,Koumpentoum,0,,,,,,,,,,,1
2253755,Boissédou,13.11667,-15.95,Ziguinchor,Bignona,0,,,,,,,,,,,1
2253754,Boiti,15.56667,-16.3,Louga,Louga,0,,,,,,,,,,,1
2253753,Bokar Diakanké,12.38333,-12.56667,Kedougou,Salemata,0,,,,,,,,,,,1
13658803,Bokaré,13.02213,-16.24279,Ziguinchor,Bignona,0,,,,,,,,,,,1
2246576,Bokhé,14.76598,-16.59627,Diourbel,Bambey,0,,,,,,,,,,,1
2253737,Boki Bagou,15.81667,-13.88333,Matam,Matam,0,,,,,,,,,,,1
13554071,Boki Borga,14.48904,-15.66559,Fatick,Gossas,0,,,,,,,,,,,1
2253736,Boki Diavé,15.88751,-13.49164,Matam,Matam,0,,,,,,,,,,,1
2253735,Boki Dior,14.35,-14.7,Kaffrine,Koungheul,0,,,,,,,,,,,1
2253734,Boki Divé,15.9489,-15.4897,Louga,Linguere,0,,,,,,,,,,,1
2253730,Boki Kekki,15.899,-14.5558,Saint Louis,Podor,0,,,,,,,,,,,1
2253728,Boki Maboubé,14.25506,-13.00162,Tambacounda,Goudiry,0,,,,,,,,,,,1
2253727,Boki Mbonon,14.68333,-14.65,Matam,Ranerou,0,,,,,,,,,,,1
2253738,Boki Puits,14.48488,-15.63669,Kaffrine,Kaffrine,0,,,,,,,,,,,1
2253723,Boki Saboudo,15.7677,-13.41558,Matam,Matam,0,,,,,,,,,,,1
2253722,Boki Saboundou,14.61759,-12.88467,Matam,Kanel,0,,,,,,,,,,,1
2253721,Boki Sada,14.51667,-14.53333,Tambacounda,Koumpentoum,0,,,,,,,,,,,1
2253720,Boki Tièdo,15.7018,-15.798,Louga,Louga,0,,,,,,,,,,,1
2253718,Boki Toudoune,15.8826,-14.5828,Louga,Linguere,0,,,,,,,,,,,1
2253733,Bokidou lki,14.32382,-12.65733,Tambacounda,Goudiry,0,,,,,,,,,,,1
2253731,Bokiguilé,14.54631,-12.95163,Tambacounda,Goudiry,0,,,,,,,,,,,1
2253729,Bokiloki,14.61684,-15.68829,Fatick,Gossas,0,,,,,,,,,,,1
2253724,Bokinédo,16.01472,-15.73778,Louga,Louga,0,,,,,,,,,,,1
2253732,Bokié Sintiân,12.8,-15.06667,Kolda,Kolda,0,,,,,,,,,,,1
2253749,Bokké Dialloubé,16.06236,-14.00293,Saint Louis,Podor,0,,,,,,,,,,,1
2253747,Bokké Fâfâbé,16.04812,-13.96788,Saint Louis,Podor,0,,,,,,,,,,,1
2253751,Bokké Mbâïbé,16.05003,-13.99575,Saint Louis,Podor,0,,,,,,,,,,,1
2253715,Boko,13.47092,-12.96461,Tambacounda,Goudiry,0,,,,,,,,,,,2
2253716,Boko,12.775,-16.75556,Ziguinchor,Bignona,0,,,,,,,,,,,2
2253712,Bokodi,13.2412,-11.73919,Kedougou,Saraya,0,,,,,,,,,,,1
2253711,Bokolako,13.60509,-12.54185,Tambacounda,Goudiry,0,,,,,,,,,,,1
2253708,Bokondine,14.9,-16.41667,Diourbel,Bambey,0,,,,,,,,,,,1
2253707,Bokoul,16.51667,-15.4,Saint Louis,Dagana,0,,,,,,,,,,,1
2595530,Boktol,14.75035,-17.06271,Thies,Thies,0,,,,,,,,,,,1
2253752,Boké,14.31667,-13.25,Tambacounda,Goudiry,0,,,,,,,,,,,1
2253743,Boké Namadi,16.03065,-14.19641,Saint Louis,Podor,0,,,,,,,,,,,1
2253744,Bokéladji,15.05734,-12.74672,Matam,Kanel,0,,,,,,,,,,,1
2253705,Bola Kho,15.35,-16.35,Louga,Kebemer,0,,,,,,,,,,,1
2253702,Boli,14.07369,-16.31352,Fatick,Foundiougne,0,,,,,,,,,,,1
2250249,Boli Keur Mandaw,14.07294,-16.30613,Fatick,Foundiougne,0,,,,,,,,,,,1
2253700,Boliègue Ardo,15.2844,-15.1831,Louga,Linguere,0,,,,,,,,,,,1
2253697,Bolo,14.73333,-15.93333,Diourbel,Mbacke,0,,,,,,,,,,,1
2253696,Bolonas,14.08333,-16.56667,Fatick,Fatick,0,,,,,,,,,,,1
2253704,Bolèl Gari,14.95,-15.86667,Diourbel,Mbacke,0,,,,,,,,,,,1
2253549,Bombali,14.75282,-15.75382,Diourbel,Mbacke,0,,,,,,,,,,,2
2254294,Bombali,12.60306,-15.66056,Sedhiou,Sedhiou,0,,,,,,,,,,,2
2253695,Bona,12.95806,-15.83806,Sedhiou,Bounkiling,0,,,,,,,,,,,1
6660136,Bondala,13.28375,-11.65754,Kedougou,Saraya,0,,,,,,,,,,,1
2253689,Bondali,12.55639,-15.74694,Sedhiou,Goudomp,0,,,,,,,,,,,1
2253687,Bondié Peul,14.43333,-15.58333,Kaffrine,Kaffrine,0,,,,Peul (Fulani),Bondié,,,,,,1
2253686,Bondié Tiamène,14.41667,-15.58333,Kaffrine,Kaffrine,0,,,,,,,,,,,1
2253685,Bondié Tiarène,14.41667,-15.56667,Kaffrine,Kaffrine,0,,,,,,,,,,,1
2253684,Bondji,14.99781,-12.63412,Matam,Kanel,0,,,,,,,,,,,1
2253680,Bonkonto,13.03333,-13.93333,Kolda,Velingara,0,,,,,,,,,,,1
2253679,Bonmadigui,13.02449,-11.56906,Kedougou,Saraya,0,,,,,,,,,,,1
2595729,Bop,14.70409,-17.44859,Dakar,Dakar,0,,,,,,,,,,,1
2595990,Bop Tior,16.05611,-16.49556,Saint Louis,Saint Louis,0,,,,,,,,,,,1
2253675,Bordé,14.81585,-12.49884,Tambacounda,Bakel,0,,,,,,,,,,,1
2253674,Borhosem,14.83333,-16.66667,Thies,Thies,0,,,,,,,,,,,1
2253672,Boro Deunde,15.18333,-16.9,Thies,Tivaoune,0,,,,,,,,,,,1
2253666,Boro Tirel,14.13333,-13.08333,Tambacounda,Goudiry,0,,,,,,,,,,,1
2253670,Borofaye,12.51667,-16.28333,Ziguinchor,Ziguinchor,0,,,,,,,,,,,2
2253671,Borofaye,12.4925,-16.29,Ziguinchor,Ziguinchor,0,,,,,,,,,,,2
2253669,Borofaye Bayot,12.51667,-16.28333,Ziguinchor,Ziguinchor,0,,,,,,,,,,,1
2253668,Borofaye Diola,12.50917,-16.28194,Ziguinchor,Ziguinchor,0,,,,Diola (Jola),Borofaye,,,,,,1
13507294,Borolélo,14.5858,-16.15265,Diourbel,Diourbel,0,,,,,,,,,,,1
13658807,Borone,13.03436,-16.21367,Ziguinchor,Bignona,0,,,,,,,,,,,1
2253665,Boroya,12.65972,-15.51972,Sedhiou,Goudomp,0,,,,,,,,,,,1
2253658,Bossinkang,13.73417,-16.5714,Fatick,Foundiougne,0,,,,,,,,,,,1
13554563,Bossolel Peul,14.22045,-15.7239,Kaffrine,Birkelane,0,,,,Peul (Fulani),Bossolel,,,,,,1
13554545,Bossolel Wolof,14.24178,-15.72131,Kaffrine,Birkelane,0,,,,Wolof,Bossolel,,,,,,1
2253659,Bossédji Bobou Faye,14.31667,-15.71667,Kaolack,Guinguineo,0,,,,,,,Faye,Sérèr,,,1
2253656,Boto,12.48955,-11.46574,Kedougou,Saraya,0,,,,,,,,,,,1
2253654,Botou,13.81667,-13.58333,Tambacounda,Tambacounda,0,,,,,,,,,,,1
2253652,Boubak,15.24152,-14.99577,Louga,Linguere,0,,,,,,,,,,,1
2253651,Boubane,14.43333,-15.6,Kaffrine,Kaffrine,0,,,,,,,,,,,1
2253650,Boubene,14.56667,-15.8,Fatick,Gossas,0,,,,,,,,,,,1
13509016,Boubi Ndiyam,14.35515,-16.1069,Kaolack,Kaolack,0,,,,,,,,,,,1
13509058,Boubi Ndèm,14.35133,-16.12927,Kaolack,Kaolack,0,,,,,,,,,,,1
2253647,Bouborel,12.76667,-14.51667,Kolda,Kolda,0,,,,,,,,,,,1
2253646,Bouboudième,13.81667,-15.78333,Kaolack,Nioro Du Rip,0,,,,,,,,,,,1
2253645,Bouboukounda,13.05,-14.41667,Kolda,Medina Yoroufoula,0,kounda,Mandinka,,,,,,,,,1
6648000,Boubouya,14.38437,-12.22353,Tambacounda,Bakel,0,,,,,,,,,,,1
13551148,Boubéré,14.8881,-15.80433,Diourbel,Mbacke,0,,,,,,,,,,,1
13509319,Bouchra,14.1671,-16.10916,Kaolack,Kaolack,0,,,,,,,,,,,1
11002905,Boucotte Ouest,12.575,-16.28167,Ziguinchor,Ziguinchor,0,,,,,,,,,,,1
2253642,Boudhié Samine,12.65389,-15.69028,Sedhiou,Sedhiou,0,,,,,,,,,,,1
2253641,Boudi,15.7938,-15.9405,Louga,Louga,0,,,,,,,,,,,1
2253636,Boudi Sènetie,15.7942,-15.9248,Louga,Louga,0,,,,,,,,,,,1
2253640,Boudiangate,12.95,-16.01667,Ziguinchor,Bignona,0,,,,,,,,,,,1
2253638,Boudiourguel,14.26592,-15.03246,Kaffrine,Koungheul,0,,,,,,,,,,,1
2253637,Boudiémar,12.62139,-15.63778,Sedhiou,Sedhiou,0,,,,,,,,,,,1
2571767,Boudock,13.09652,-16.70883,Ziguinchor,Bignona,0,,,,,,,,,,,1
11257947,Boudody Escale,12.58528,-16.27056,Ziguinchor,Ziguinchor,0,,,,,,,,,,,1
2253635,Boudone,12.68333,-16.25,Ziguinchor,Bignona,0,,,,,,,,,,,1
2253634,Boudouk,13.28333,-15.71667,Sedhiou,Bounkiling,0,,,,,,,,,,,1
2253633,Boudoura,14.86667,-14.41667,Matam,Ranerou,0,,,,,,,,,,,1
2253632,Boufanto,13.13333,-14.18333,Kolda,Velingara,0,,,,,,,,,,,1
2253631,Boufara Gor,13.23333,-15.65,Sedhiou,Bounkiling,0,,,,,,,,,,,1
2253630,Boufou,12.65,-16.68333,Ziguinchor,Bignona,0,,,,,,,,,,,1
2253627,Bougari,12.99361,-15.83028,Sedhiou,Bounkiling,0,,,,,,,,,,,1
2253626,Bougnadou,12.81417,-15.47694,Sedhiou,Sedhiou,0,,,,,,,,,,,1
2250602,Bougnanta Kéréwane,12.52786,-11.84781,Kedougou,Kedougou,0,,,,,,,,,,,1
2253625,Bougnousse,12.88889,-15.79639,Sedhiou,Sedhiou,0,,,,,,,,,,,1
2253624,Bougolo,12.98333,-16.06667,Ziguinchor,Bignona,0,,,,,,,,,,,1
2253623,Bougolor,12.82139,-16.37167,Ziguinchor,Bignona,0,,,,,,,,,,,2
13658813,Bougolor,13.02441,-16.12096,Ziguinchor,Bignona,0,,,,,,,,,,,2
13658312,Bougoula,13.70564,-16.42872,Fatick,Foundiougne,0,,,,,,,,,,,2
13658327,Bougoula,13.71627,-16.42046,Fatick,Foundiougne,0,,,,,,,,,,,2
13658785,Bougourem,13.13089,-16.037,Ziguinchor,Bignona,0,,,,,,,,,,,1
2253622,Bougoutoum,12.90306,-16.09167,Ziguinchor,Bignona,0,,,,,,,,,,,1
13505474,Bougoye Peul,14.80459,-16.38443,Diourbel,Bambey,0,,,,Peul (Fulani),Bougoye,,,,,,1
2380803,Bouguérha,15.38333,-15.5,Louga,Linguere,0,,,,,,,,,,,1
2253621,Bouhinor,12.86389,-16.05639,Ziguinchor,Bignona,0,,,,,,,,,,,1
2253620,Bouhouyoume,12.45,-16.25,Ziguinchor,Ziguinchor,0,,,,,,,,,,,1
2253618,Bouingeul Bamba,14.09662,-12.93679,Tambacounda,Goudiry,0,,,,,,,,,,,1
2253616,Boukaour,12.53833,-15.73361,Sedhiou,Goudomp,0,,,,,,,,,,,1
2253615,Boukarkounda,12.64556,-15.48528,Sedhiou,Goudomp,0,kounda,Mandinka,,,,,,,,,1
2595493,Boukhou,14.676,-17.11858,Thies,Mbour,0,,,,,,,,,,,1
2253614,Bouki Dioulki,14.98333,-14.38333,Matam,Ranerou,0,,,,,,,,,,,1
2253612,Boukirlou,15.05,-16.08333,Louga,Kebemer,0,,,,,,,,,,,1
2253611,Boukitimgo,12.44833,-16.59056,Ziguinchor,Oussouye,0,,,,,,,,,,,1
2253609,Boukiyak,12.65083,-16.395,Ziguinchor,Bignona,0,,,,,,,,,,,1
2253607,Boukot Ouolof,12.41639,-16.75056,Ziguinchor,Oussouye,0,,,,Wolof,Boukot,,,,,,1
2253608,Boukote Diola,12.42139,-16.74472,Ziguinchor,Oussouye,0,,,,Diola (Jola),Boukote,,,,,,1
6917508,Boukoul,15.5121,-15.9659,Louga,Louga,0,,,,,,,,,,,1
2253606,Boukounto,12.8,-14.78333,Kolda,Kolda,0,,,,,,,,,,,1
13504573,Boul,14.948,-16.98302,Thies,Tivaoune,0,,,,,,,,,,,1
13508998,Boul Fassow,14.46409,-16.17514,Fatick,Gossas,0,,,,,,,,,,,1
2253566,Boul Soutoura,14.07546,-16.10362,Kaolack,Kaolack,0,,,,,,,,,,,1
2253605,Boula,14.38669,-12.95995,Tambacounda,Goudiry,0,,,,,,,,,,,1
2253602,Boulal,15.3978,-15.6619,Louga,Linguere,0,,,,,,,,,,,2
2253603,Boulal,15.2504,-14.1053,Matam,Ranerou,0,,,,,,,,,,,2
2253600,Boulalo,12.59028,-16.75917,Ziguinchor,Bignona,0,,,,,,,,,,,1
2253598,Boulana,12.62167,-16.75389,Ziguinchor,Bignona,0,,,,,,,,,,,1
2253597,Boulandor,12.74528,-16.04806,Ziguinchor,Bignona,0,,,,,,,,,,,1
2253596,Boulayot,13.07095,-16.14131,Ziguinchor,Bignona,0,,,,,,,,,,,1
13554081,Boulaïda,14.26455,-15.44176,Kaffrine,Kaffrine,0,,,,,,,,,,,1
2253595,Boulbi,14.69033,-12.78251,Matam,Kanel,0,,,,,,,,,,,1
2253593,Bouldiabé Boumak,14.02472,-16.20425,Kaolack,Kaolack,0,,,,,,,,,,,1
13509354,Bouldiabé Santhie,14.03267,-16.20498,Kaolack,Kaolack,0,,,,,,,,,,,1
2253588,Boulel,14.60393,-12.70698,Tambacounda,Goudiry,0,,,,,,,,,,,1
2253586,Boulel Babori,14.7,-16.01667,Diourbel,Mbacke,0,,,,,,,,,,,1
2253583,Bouli,15.5384,-15.8297,Louga,Louga,0,,,,,,,,,,,2
13658065,Bouli,13.9695,-16.38529,Fatick,Foundiougne,0,,,,,,,,,,,2
2253580,Bouli Birane,14.43333,-15.8,Fatick,Gossas,0,,,,,,,,,,,1
2253578,Bouli Bogueul,14.73333,-14.5,Matam,Ranerou,0,,,,,,,,,,,1
2253577,Bouli Bokel,14.75,-14.38333,Matam,Ranerou,0,,,,,,,,,,,1
2253571,Bouli Manga,14.06667,-14.25,Tambacounda,Koumpentoum,0,,,,,,,Manga,Diola,,,1
2253579,Bouli-Boguel,15.0162,-15.5716,Louga,Linguere,0,,,,,,,,,,,1
2253581,Boulibani,14.85951,-12.61441,Matam,Kanel,0,,,,,,,,,,,1
6644077,Boulidow,15.30301,-13.3864,Matam,Kanel,0,,,,,,,,,,,1
2252480,Bouliery Ndiolofène,14.81683,-15.62986,Diourbel,Mbacke,0,,,,,,,,,,,1
2253570,Boulimbou,13.3,-13.95,Kolda,Velingara,0,,,,,,,,,,,1
2253569,Boulinaye,16.39182,-14.30732,Saint Louis,Podor,0,,,,,,,,,,,1
2253568,Boulingué,12.67944,-16.15167,Ziguinchor,Bignona,0,,,,,,,,,,,1
2253567,Boulingué Toria,12.7,-16.15,Ziguinchor,Bignona,0,,,,,,,,,,,1
2253574,Bouliéri,14.63333,-15.63333,Fatick,Gossas,0,,,,,,,,,,,1
13551569,Bouliéri Peul,14.79885,-15.63964,Diourbel,Mbacke,0,,,,Peul (Fulani),Bouliéri,,,,,,1
2253573,Bouliérobé,15.3887,-15.6959,Louga,Linguere,0,,,,,,,,,,,2
6917509,Bouliérobé,15.417,-15.6956,Louga,Linguere,0,,,,,,,,,,,2
2253559,Boulo Séano,14.96667,-14.25,Matam,Ranerou,0,,,,,,,,,,,1
2253561,Boulon Kadié,15.04957,-12.81786,Matam,Kanel,0,,,,,,,,,,,1
2253563,Boulone,14.81667,-13.01667,Matam,Kanel,0,,,,,,,,,,,1
2253560,Boulonp,12.53806,-16.20944,Ziguinchor,Ziguinchor,0,,,,,,,,,,,1
2253557,Boulou Boki,13.65,-15.78333,Kaolack,Nioro Du Rip,0,,,,,,,,,,,1
2253553,Boulou Sambou,13.38333,-14.96667,Kolda,Medina Yoroufoula,0,,,,,,,,,,,1
2253554,Bouloukounda,13.4,-13.38333,Tambacounda,Tambacounda,0,kounda,Mandinka,,,,,,,,,1
2253481,Bouloul,14.88693,-15.9171,Diourbel,Mbacke,0,,,,,,,,,,,1
2253558,Boulouwaye,13.08866,-16.34063,Ziguinchor,Bignona,0,,,,,,,,,,,1
2253584,Bouly,14.08943,-15.82441,Kaffrine,Birkelane,0,,,,,,,,,,,1
2253592,Boulèl,14.55905,-15.02562,Kaffrine,Koungheul,0,,,,,,,,,,,1
13551157,Boulèl Modi,14.79739,-15.80965,Diourbel,Mbacke,0,,,,,,,,,,,1
2253591,Boulèl Ndoukoumane,14.13086,-15.35193,Kaffrine,Malem Hodar,0,,,,,,,,,,,1
2253587,Boulèl Sek,14.99101,-16.16108,Louga,Kebemer,0,,,,,,,,,,,1
2253585,Boulèye Dia,13.61667,-15.9,Kaolack,Nioro Du Rip,0,,,,,,,Dia,Pulaar,,,1
2253589,Boulél,14.28574,-15.5345,Kaffrine,Kaffrine,0,,,,,,,,,,,3
2253590,Boulél,14.23333,-13.91667,Tambacounda,Koumpentoum,0,,,,,,,,,,,3
13504562,Boulél,14.78299,-16.77792,Thies,Thies,0,,,,,,,,,,,3
13658741,Boulélaye,13.12131,-16.27661,Ziguinchor,Bignona,0,,,,,,,,,,,3
13658775,Boulélaye,13.11905,-16.13469,Ziguinchor,Bignona,0,,,,,,,,,,,3
13658798,Boulélaye,13.0943,-16.07167,Ziguinchor,Bignona,0,,,,,,,,,,,3
2253550,Boumane,12.47944,-15.96083,Ziguinchor,Ziguinchor,0,,,,,,,,,,,1
2253548,Boumboa,13.34519,-12.42435,Tambacounda,Goudiry,0,,,,,,,,,,,1
2253547,Boumbouni,13.6,-15.55,Kaolack,Nioro Du Rip,0,,,,,,,,,,,1
2253545,Boumi,15.2,-16.58333,Louga,Kebemer,0,,,,,,,,,,,1
2253543,Boumouda Soukoutoto,12.64,-15.92472,Sedhiou,Sedhiou,0,,,,,,,,,,,1
2253546,Boumé,14.68333,-16.28333,Diourbel,Diourbel,0,,,,,,,,,,,1
2253540,Bounar,15.33333,-16.11667,Louga,Kebemer,0,,,,,,,,,,,1
2253539,Boundialoum,12.45889,-16.17139,Ziguinchor,Ziguinchor,0,,,,,,,,,,,1
13507029,Boundou,14.60589,-16.27237,Diourbel,Diourbel,0,,,,,,,,,,,1
2253537,Boundou Bali,15.0271,-15.9252,Louga,Kebemer,0,,,,,,,,,,,1
2253536,Boundou Boki,14.87125,-15.53986,Louga,Linguere,0,,,,,,,,,,,1
2253535,Boundou Dioé,14.19559,-12.04508,Tambacounda,Bakel,0,,,,,,,,,,,1
2253533,Boundou Poutchou,15.1531,-15.4067,Louga,Linguere,0,,,,,,,,,,,1
2246983,Boundoukondi,12.519,-12.3365,Kedougou,Kedougou,0,,,,,,,,,,,1
2253532,Boune,12.79778,-16.765,Ziguinchor,Bignona,0,,,,,,,,,,,2
2253542,Boune,14.76623,-17.33729,Dakar,Pikine,0,,,,,,,,,,,2
2253531,Bounga,14.7,-17.15,Dakar,Rufisque,0,,,,,,,,,,,1
2253529,Bounguel,13.23333,-14.01667,Kolda,Velingara,0,,,,,,,,,,,1
2253528,Bouniak,12.39056,-16.37194,Ziguinchor,Ziguinchor,0,,,,,,,,,,,1
2253527,Bounièye,13.14361,-16.27871,Ziguinchor,Bignona,0,,,,,,,,,,,1
2253526,Bounkambara,12.48333,-15.58333,Sedhiou,Goudomp,0,,,,,,,,,,,1
2253524,Bounkili,13.65,-13.55,Tambacounda,Tambacounda,0,,,,,,,,,,,2
2253525,Bounkili,12.95,-13.76667,Kolda,Velingara,0,,,,,,,,,,,2
2253523,Bounkili Diola,12.66694,-15.58361,Sedhiou,Sedhiou,0,,,,Diola (Jola),Bounkili,,,,,,1
2253522,Bounkiling,13.05,-15.7,Sedhiou,Bounkiling,6416,,,,,,,,,,,1
2253521,Bouno,12.58778,-15.58972,Sedhiou,Sedhiou,0,,,,,,,,,,,1
2253520,Bounsankhoba,12.86,-12.0239,Kedougou,Saraya,0,,,,,,,,,,,1
2253518,Bountou,14.24094,-12.22911,Tambacounda,Bakel,0,,,,,,,,,bountou,water,2
6660707,Bountou,13.26466,-11.54031,Kedougou,Saraya,0,,,,,,,,,bountou,water,2
13509359,Bountou Bolong,14.11684,-16.20894,Kaolack,Kaolack,0,,,,,,,,,bountou,water,1
2253516,Bountou Mbar,14.57301,-15.73285,Fatick,Gossas,0,,,,,,,,,bountou,water,1
2596098,Bountou Ndour,15.96639,-16.47111,Saint Louis,Saint Louis,0,,,,,,,Ndour,Sérèr,bountou,water,1
2253514,Bountou Polé,15.04199,-17.00458,Thies,Tivaoune,0,,,,,,,,,bountou,water,1
2253517,Bountoum,14.15,-15.51667,Kaffrine,Kaffrine,0,,,,,,,,,,,1
2253515,Bountounko,13.78333,-14.08333,Tambacounda,Tambacounda,0,,,,,,,,,,,1
2253513,Bouranol Bessoloum,12.46667,-16.01667,Ziguinchor,Ziguinchor,0,,,,,,,,,,,1
2253512,Bourassik,12.62444,-16.74333,Ziguinchor,Bignona,0,,,,,,,,,,,1
13506730,Bourdigne,14.66501,-16.6297,Thies,Thies,0,,,,,,,,,,,1
13506760,Bourding,14.63701,-16.64028,Thies,Mbour,0,,,,,,,,,,,1
2253511,Bourdiop,14.06667,-15.46667,Kaffrine,Kaffrine,0,,,,,,,,,,,1
2253508,Bourek,12.71944,-16.16111,Ziguinchor,Bignona,0,,,,,,,,,,,1
2253507,Bouria,12.85,-13.95,Kolda,Velingara,0,,,,,,,,,,,2
2253649,Bouria,14.38991,-12.28801,Tambacounda,Bakel,0,,,,,,,,,,,2
2253506,Bourkadié,12.46667,-16.25,Ziguinchor,Ziguinchor,0,,,,,,,,,,,1
2253505,Bourlé,14.73588,-15.49496,Diourbel,Mbacke,0,,,,,,,,,,,1
13509320,Bourndou,14.19195,-16.03137,Kaolack,Guinguineo,0,,,,,,,,,,,1
2571770,Bourom,13.16294,-16.60856,Ziguinchor,Bignona,0,,,,,,,,,,,1
2253503,Bouroubourou,13.35398,-11.9656,Tambacounda,Bakel,0,,,,,,,,,,,1
2253502,Bourouhou,12.53722,-16.06917,Ziguinchor,Ziguinchor,0,,,,,,,,,,,1
2253500,Bourouko,12.99444,-16.12861,Ziguinchor,Bignona,0,,,,,,,,,,,1
2253499,Bouroukounda,13.16667,-13.96667,Kolda,Velingara,0,kounda,Mandinka,,,,,,,,,1
2253498,Bouroun,12.86667,-15.98333,Ziguinchor,Bignona,0,,,,,,,,,,,1
2253497,Bourounkouné,13.05,-15.23333,Sedhiou,Bounkiling,0,,,,,,,,,,,1
2253510,Bouré,14.73333,-15.51667,Diourbel,Mbacke,0,,,,,,,,,,,1
2253509,Bouréya,12.46531,-11.85793,Kedougou,Kedougou,0,,,,,,,,,,,1
13506518,Bousnakh Got,14.65554,-16.80902,Thies,Thies,0,,,,,,,,,,,1
2253485,Bousra,14.77471,-15.8039,Diourbel,Mbacke,0,,,,,,,,,,,2
13554566,Bousra,14.02998,-15.66087,Kaffrine,Birkelane,0,,,,,,,,,,,2
2253494,Boussankili,13.23333,-15.55,Sedhiou,Bounkiling,0,,,,,,,,,,,1
2253493,Boussankili Ba,13.28333,-15.48333,Sedhiou,Bounkiling,0,,,,,,,Ba,Pulaar,,,1
2253492,Boussimballo,13.01667,-15.2,Sedhiou,Sedhiou,0,,,,,,,,,,,1
2253491,Boussinki,13.08333,-15.58333,Sedhiou,Bounkiling,0,,,,,,,,,,,1
2253484,Boussoura,15.03333,-16.5,Thies,Tivaoune,0,,,,,,,,,,,5
2253486,Boussoura,14.17603,-15.0003,Kaffrine,Koungheul,0,,,,,,,,,,,5
2253487,Boussoura,14.0,-14.58333,Kaffrine,Koungheul,0,,,,,,,,,,,5
2253488,Boussoura,13.0,-14.86667,Kolda,Medina Yoroufoula,0,,,,,,,,,,,5
2253489,Boussoura,12.83179,-14.99163,Kolda,Kolda,0,,,,,,,,,,,5
2253483,Boussoura Lo,15.6062,-16.3015,Louga,Louga,0,,,,,,,Lo,Wolof,,,1
2253482,Boustane,14.71537,-15.84199,Diourbel,Mbacke,0,,,,,,,,,,,2
13507225,Boustane,14.53978,-16.12169,Fatick,Gossas,0,,,,,,,,,,,2
13507305,Boustane Diaw,14.60321,-16.00156,Diourbel,Mbacke,0,,,,,,,,,,,2
13553446,Boustane Diaw,14.5555,-15.64397,Fatick,Gossas,0,,,,,,,,,,,2
13507214,Boustane Lô,14.52704,-16.10839,Fatick,Gossas,0,,,,,,,Lô,Wolof,,,1
13552845,Boustane Mbaké,14.64676,-15.89772,Diourbel,Mbacke,0,,,,,,,,,,,1
2253480,Boutdate Karanba,12.70389,-16.1625,Ziguinchor,Bignona,0,,,,,,,,,,,1
2253476,Bouteyni,15.9647,-15.5376,Louga,Linguere,0,,,,,,,,,,,1
2253475,Bouthie,14.2125,-16.29644,Kaolack,Kaolack,0,,,,,,,,,,,1
13658332,Boutilimit,13.67641,-16.42923,Fatick,Foundiougne,0,,,,,,,,,,,1
2253474,Bouto,12.86667,-16.05,Ziguinchor,Bignona,0,,,,,,,,,,,1
2253473,Boutogoul,12.44861,-15.73083,Sedhiou,Goudomp,0,,,,,,,,,,,1
2253472,Boutolate,12.83306,-16.22167,Ziguinchor,Bignona,0,,,,,,,,,,,1
2253470,Boutomale,12.66056,-16.25389,Ziguinchor,Bignona,0,,,,,,,,,,,1
2253469,Boutougou Fara,13.39714,-12.48923,Tambacounda,Goudiry,0,,,,,,,,,,,1
2253468,Boutoupa,12.48972,-16.08778,Ziguinchor,Ziguinchor,0,,,,,,,,,,,1
2253467,Boutoute,12.55667,-16.23389,Ziguinchor,Ziguinchor,0,,,,,,,,,,,1
2253477,Boutème,12.64444,-16.40528,Ziguinchor,Bignona,0,,,,,,,,,,,1
2253479,Boutégol,12.70556,-16.45361,Ziguinchor,Bignona,0,,,,,,,,,,,1
2253466,Bouyagué,14.33333,-13.4,Tambacounda,Goudiry,0,,,,,,,,,,,1
2253465,Bouye Dia,15.3857,-15.6783,Louga,Linguere,0,,,,,,,Dia,Pulaar,,,1
2253463,Bouyouye,12.44389,-16.74944,Ziguinchor,Oussouye,0,,,,,,,,,,,1
2253462,Bouyti,16.08361,-16.1225,Saint Louis,Dagana,0,,,,,,,,,,,1
2253464,Bouyèm,13.03177,-16.12468,Ziguinchor,Bignona,0,,,,,,,,,,,1
2254198,Bow,13.78843,-16.29541,Fatick,Foundiougne,0,,,,,,,,,,,1
2253457,Bowdé Doudal,16.00972,-15.67861,Louga,Louga,0,,,,,,,,,,,1
2253459,Bowé,13.81771,-16.1581,Kaolack,Nioro Du Rip,0,,,,,,,,,,,1
2253455,Boya,12.8,-14.2,Kolda,Velingara,0,,,,,,,,,,,1
2253454,Boyar Ndiodiom,14.28648,-16.66315,Fatick,Fatick,0,,,,,,,,,,,1
13514623,Boyar Tok,14.29309,-16.66849,Fatick,Fatick,0,,,,,,,,,,,1
2253762,Boybérol,15.8002,-15.432,Louga,Linguere,0,,,,,,,,,,,2
6917499,Boybérol,15.8201,-15.4449,Louga,Linguere,0,,,,,,,,,,,2
2253452,Boye Ngamb,14.43526,-15.614,Kaffrine,Kaffrine,0,,,,,,,,,,,1
2253451,Boyo,15.686,-15.9373,Louga,Louga,0,,,,,,,,,,,1
2596078,Boyo Seki,15.81667,-16.32,Louga,Louga,0,,,,,,,,,,,1
2253450,Boyti,16.01944,-16.29639,Saint Louis,Saint Louis,0,,,,,,,,,,,1
13505570,Boyé Deux,14.96401,-16.24136,Diourbel,Diourbel,0,,,,,,2,,,,,1
2253453,Boyé Un,14.96198,-16.22318,Thies,Tivaoune,0,,,,,,1,,,,,1
2253449,Bransan,13.26037,-12.10528,Kedougou,Saraya,0,,,,,,,,,,,1
2253448,Brar,15.9977,-15.972,Louga,Louga,0,,,,,,,,,,,1
2253447,Brikama,12.56389,-15.84222,Sedhiou,Goudomp,0,,,,,,,,,,,1
2253446,Brikamandine,13.01667,-16.45,Ziguinchor,Bignona,0,,,,,,,,,,,1
2253445,Brin,12.53306,-16.35611,Ziguinchor,Ziguinchor,0,,,,,,,,,,,1
2253443,Brindiago,13.03622,-16.27637,Ziguinchor,Bignona,0,,,,,,,,,,,1
2253442,Brosso,12.95306,-15.79611,Sedhiou,Bounkiling,0,,,,,,,,,,,1
2595713,Builders,14.74596,-17.44177,Dakar,Dakar,0,,,,,,,,,,,1
13506983,Bâk,14.53692,-16.34055,Fatick,Fatick,0,,,,,,,,,,,1
2254430,Bâko,13.99699,-15.25447,Kaffrine,Kaffrine,0,,,,,,,,,,,1
2254425,Bâko Dior,14.55554,-16.28753,Fatick,Fatick,0,,,,,,,,,,,1
13507041,Bâko Mboye Tol,14.57263,-16.28561,Fatick,Fatick,0,,,,,,,,,,,1
2253971,Bèlkoum,15.997,-14.5339,Saint Louis,Podor,0,,,,,,,,,,,1
2595732,Bène Tali,14.71417,-17.45,Dakar,Dakar,0,,,,,,,,,,,1
2253917,Bèye Madji,15.8431,-14.3753,Saint Louis,Podor,0,,,,,,,,,,,1
2254066,Bédé,15.9755,-15.356,Louga,Linguere,0,,,,,,,,,,,1
2254065,Bédétiolé,12.45,-15.75,Sedhiou,Goudomp,0,,,,,,,,,,,1
2254062,Bégaye Ardo,15.9,-16.18333,Louga,Louga,0,,,,,,,,,,,1
2254061,Bégaye Samb,15.91667,-16.21667,Louga,Louga,0,,,,,,,Samb,Wolof,,,1
2254060,Bégne Pinda,15.53333,-16.56667,Louga,Kebemer,0,,,,,,,,,,,1
2254059,Béguel,15.18333,-16.46667,Thies,Tivaoune,0,,,,,,,,,,,1
13554684,Bélal,14.11617,-15.23713,Kaffrine,Malem Hodar,0,,,,,,,,,,,1
2254048,Bélal Soumaïla,13.23333,-14.66667,Kolda,Medina Yoroufoula,0,,,,,,,,,,,1
2254047,Bélan,12.56194,-15.48167,Sedhiou,Goudomp,0,,,,,,,,,,,1
2254046,Bélaye,12.90194,-16.39639,Ziguinchor,Bignona,0,,,,,,,,,,,1
2253969,Béldjimbara,14.1044,-12.36657,Tambacounda,Goudiry,0,,,,,,,,,,,1
2253395,Bélel,14.73472,-15.56114,Diourbel,Mbacke,0,belel,Pulaar,,,,,,,,,3
2254042,Bélel,15.18333,-13.75,Matam,Ranerou,0,belel,Pulaar,,,,,,,,,3
2254043,Bélel,14.05,-14.56667,Tambacounda,Koumpentoum,0,belel,Pulaar,,,,,,,,,3
2254040,Bélel Babo,14.13333,-14.7,Kaffrine,Koungheul,0,belel,Pulaar,,,,,,,,,1
2254039,Bélel Bandia,15.4525,-15.4005,Louga,Linguere,0,belel,Pulaar,,,,,,,,,1
6917495,Bélel Baouami,15.9243,-15.3237,Louga,Linguere,0,belel,Pulaar,,,,,,,,,1
2254037,Bélel Baoudé,15.8345,-15.236,Louga,Linguere,0,belel,Pulaar,,,,,,,,,1
6607235,Bélel Bobori,16.10923,-14.08027,Saint Louis,Podor,0,belel,Pulaar,,,,,,,,,1
2254032,Bélel Boulbi,15.9423,-15.3534,Louga,Linguere,0,belel,Pulaar,,,,,,,,,1
2254035,Bélel Béloki,15.5116,-15.3575,Louga,Linguere,0,belel,Pulaar,,,,,,,,,1
2254029,Bélel Davo,16.30219,-14.96776,Saint Louis,Podor,0,belel,Pulaar,,,,,,,,,1
2254027,Bélel Diamala,14.5,-14.48333,Tambacounda,Koumpentoum,0,belel,Pulaar,,,,,,,,,1
2254025,Bélel Doba,15.8479,-15.4718,Louga,Linguere,0,belel,Pulaar,,,,,,,,,2
6917497,Bélel Doba,15.8659,-15.479,Louga,Linguere,0,belel,Pulaar,,,,,,,,,2
2254024,Bélel Doulo,15.8864,-15.3663,Louga,Linguere,0,belel,Pulaar,,,,,,,,,1
13551552,Bélel Fal,14.97204,-15.54475,Louga,Linguere,0,belel,Pulaar,,,,,Fal,Wolof,,,1
2254023,Bélel Fando,15.3672,-15.9754,Louga,Kebemer,0,belel,Pulaar,,,,,,,,,1
2254019,Bélel Goloki,15.347,-15.97864,Louga,Kebemer,0,belel,Pulaar,,,,,,,,,1
2254016,Bélel Mbodi,15.8757,-14.2271,Saint Louis,Podor,0,belel,Pulaar,,,,,,,,,1
2254014,Bélel Namari,15.7818,-15.8224,Louga,Louga,0,belel,Pulaar,,,,,,,,,1
13554100,Bélel Ndindogui,14.48528,-15.1266,Kaffrine,Malem Hodar,0,belel,Pulaar,,,,,,,,,1
2254013,Bélel Ndiobo,15.6166,-15.4036,Louga,Linguere,0,belel,Pulaar,,,,,,,,,1
2254012,Bélel Niébi,14.9627,-15.2278,Louga,Linguere,0,belel,Pulaar,,,,,,,,,1
2254011,Bélel Otondé,15.9569,-15.3446,Louga,Linguere,0,belel,Pulaar,,,,,,,,,1
2254005,Bélel Sirod,15.9947,-15.2674,Louga,Linguere,0,belel,Pulaar,,,,,,,,,1
2254003,Bélel Tiaski,15.6182,-15.4783,Louga,Linguere,0,belel,Pulaar,,,,,,,,,1
2254002,Bélel-Tiodo,15.7,-14.0955,Matam,Matam,0,belel,Pulaar,,,,,,,,,1
8464259,Béli Diallo,15.61282,-13.23057,Matam,Matam,0,,,,,,,Diallo,Pulaar,,,1
2253996,Béli Diori,15.1239,-15.1247,Louga,Linguere,0,,,,,,,,,,,1
2253989,Béli Koyali,15.7381,-15.3252,Louga,Linguere,0,,,,,,,,,,,1
6602992,Béli-Oli,16.2665,-14.99017,Saint Louis,Podor,0,,,,,,,,,,,1
2253977,Béli-Pouri,13.65156,-12.59891,Tambacounda,Goudiry,0,,,,,,,,,,,1
2253976,Béli-Tiovi,16.55911,-14.34252,Saint Louis,Podor,0,,,,,,,,,,,1
2253701,Béliboguel,14.98573,-15.64524,Louga,Linguere,0,,,,,,,,,,,1
2253992,Béliguel,15.6121,-15.4504,Louga,Linguere,0,,,,,,,,,,,1
2244622,Bélikaél,14.26427,-16.29553,Kaolack,Kaolack,0,,,,,,,,,,,1
2253982,Bélimaoundé,13.06667,-14.85,Kolda,Medina Yoroufoula,0,,,,,,,,,,,1
2253966,Bélnaibé Mbaila,15.46799,-13.35999,Matam,Matam,0,,,,,,,,,,,1
13505557,Bélèl,14.83659,-16.03161,Diourbel,Mbacke,0,belel,Pulaar,,,,,,,,,1
2254028,Bélèl Diabi,14.7,-15.86667,Diourbel,Mbacke,0,belel,Pulaar,,,,,,,,,1
2254001,Bélène Boulbi,15.734,-15.4285,Louga,Linguere,0,,,,,,,,,,,1
2254044,Bélé,14.53333,-14.96667,Kaffrine,Koungheul,0,,,,,,,,,,,3
2254045,Bélé,14.31667,-13.03333,Tambacounda,Goudiry,0,,,,,,,,,,,3
13554035,Bélé,14.45532,-15.94574,Fatick,Gossas,0,,,,,,,,,,,3
13509027,Bélél Gadiali,14.28921,-16.14173,Kaolack,Kaolack,0,belel,Pulaar,,,,,,,,,1
2253959,Béma,14.8291,-12.4614,Tambacounda,Bakel,0,,,,,,,,,,,2
2253960,Béma,12.68333,-16.38333,Ziguinchor,Bignona,0,,,,,,,,,,,2
2253953,Bémète Diatakounda,12.70944,-16.00083,Sedhiou,Sedhiou,0,kounda,Mandinka,,,,,,,,,1
2253952,Bémète Djimandé,12.73333,-15.98333,Sedhiou,Sedhiou,0,,,,,,,,,,,1
2253951,Bémète Vouti,12.72444,-15.98583,Sedhiou,Sedhiou,0,,,,,,,,,,,1
2595820,Béne Barak,14.78159,-17.35485,Dakar,Pikine,0,,,,,,,,,,,1
2251413,Béne Coupe-Coupe,14.59391,-15.73807,Fatick,Gossas,0,,,,,,,,,,,1
2248578,Béne Wolof,14.61468,-15.70383,Fatick,Gossas,0,,,,Wolof,Béne,,,,,,1
2571791,Bépeul,13.16436,-16.11677,Ziguinchor,Bignona,0,,,,,,,,,,,1
2253929,Bér Tialane,14.85863,-17.13907,Thies,Thies,0,,,,,,,,,,,1
2253936,Bériou,12.94833,-15.91861,Sedhiou,Bounkiling,0,,,,,,,,,,,1
2253930,Bérola,13.23596,-11.90565,Kedougou,Saraya,0,,,,,,,,,,,1
6659138,Bérola Madina,13.20174,-11.9321,Kedougou,Saraya,0,,,madina,,,,,,,,1
2253928,Béssiré,12.86056,-16.43861,Ziguinchor,Bignona,0,,,,,,,,,,,1
2253926,Bétenti,13.69094,-16.63032,Fatick,Foundiougne,0,,,,,,,,,,,1
2253925,Béthio,15.4677,-15.3138,Louga,Linguere,0,,,,,,,,,,,1
2253922,Bétiou,16.36572,-14.21615,Saint Louis,Podor,0,,,,,,,,,,,1
2253924,Bétéou,14.48333,-15.88333,Fatick,Gossas,0,,,,,,,,,,,1
2253916,Bézel,13.11667,-14.1,Kolda,Velingara,0,,,,,,,,,,,1
2254064,Béél,15.75,-13.75,Matam,Matam,0,,,,,,,,,,,1
2254063,Bééla,15.83333,-13.71667,Matam,Matam,0,,,,,,,,,,,1
2595503,Bôkhogne,14.68511,-17.09717,Thies,Mbour,0,,,,,,,,,,,1
2595441,B’oub’ab,14.56917,-17.05413,Thies,Mbour,0,,,,,,,,,,,1
2595439,B’oundoun,14.57271,-17.05807,Thies,Mbour,0,,,,,,,,,,,1
2595461,B’oungap,14.614,-17.10438,Thies,Mbour,0,,,,,,,,,,,1
2595499,B’ounounga,14.67989,-17.10394,Thies,Mbour,0,,,,,,,,,,,1
2253441,Cambérène,14.76594,-17.43017,Dakar,Dakar,0,,,,,,,,,,,1
13554416,Campement,14.06977,-15.96369,Kaolack,Kaolack,0,,,,,,,,,,,1
2249478,Campement Ibou Dramé,14.06653,-16.08859,Kaolack,Kaolack,0,,,,,,,Dramé,Mandinka,,,1
2253439,Campements Peuls,15.00464,-17.05173,Thies,Tivaoune,0,,,,,,,,,,,1
6917745,Campt de l’Éland,12.7547,-12.6411,Kedougou,Kedougou,0,,,,,,,,,,,1
7302183,Cap Skirring,12.35011,-16.71707,Ziguinchor,Oussouye,1822,,,,,,,,,,,1
6648018,Carrefour,14.86892,-12.49438,Tambacounda,Bakel,0,,,,,,,,,,,1
2595715,Castors,14.72639,-17.44861,Dakar,Dakar,0,,,,,,,,,,,1
2595757,Central Dakar,14.67167,-17.43722,Dakar,Dakar,0,,,,,,,,,,,1
2595728,Cerf-Volant,14.70139,-17.45111,Dakar,Dakar,0,,,,,,,,,,,1
2253426,Chirif,14.46667,-16.83333,Thies,Mbour,0,,,,,,,,,,,1
2253428,Chérif,15.61667,-16.4,Louga,Kebemer,0,,,,,,,,,,,2
2253429,Chérif,15.28333,-16.58333,Louga,Kebemer,0,,,,,,,,,,,2
13504604,Chérif Al,14.87903,-16.75638,Thies,Thies,0,,,,,,,,,,,1
2253427,Chérif Lô,14.89343,-16.85356,Thies,Tivaoune,0,,,,,,,Lô,Wolof,,,1
2250439,Chérif Moulaye,14.91371,-16.73566,Thies,Tivaoune,0,,,,,,,,,,,1
11002871,Cite Avion,14.72144,-17.48472,Dakar,Dakar,0,,,,,,,,,,,1
11497859,Cite Barry & Ly,14.78011,-17.39947,Dakar,Guediawaye,0,,,,,,,,,,,1
11205635,Cité CSE,14.7316,-17.46532,Dakar,Dakar,0,,,,,,,,,,,1
2595716,Cité Compagnie des Eaux,14.72667,-17.44333,Dakar,Dakar,0,,,,,,,,,,,1
11238844,Cité Lamy,14.775,-16.929,Thies,Thies,0,,,,,,,,,,,1
11257150,Cité Pépinière,14.75987,-17.38845,Dakar,Pikine,0,,,,,,,,,,,1
2595726,Cité de la Douane,14.70222,-17.44556,Dakar,Dakar,0,,,,,,,,,,,1
2595727,Cité du Port de Commerce,14.70222,-17.4475,Dakar,Dakar,0,,,,,,,,,,,1
13551158,Colinabé,14.85696,-15.99675,Diourbel,Mbacke,0,,,,,,,,,,,1
2249758,Colobane,14.69466,-17.4468,Dakar,Dakar,0,,,,,,,,,,,3
2249760,Colobane,14.64411,-15.70759,Fatick,Gossas,0,,,,,,,,,,,3
13508994,Colobane,14.30296,-16.08449,Kaolack,Guinguineo,0,,,,,,,,,,,3
2249759,Colobane Tiombane,14.88075,-16.94486,Thies,Tivaoune,0,,,,,,,,,,,1
2595994,Corniche,16.03361,-16.49111,Saint Louis,Saint Louis,0,,,,,,,,,,,1
2253423,Coupé,13.91667,-15.85,Kaolack,Kaolack,0,,,,,,,,,,,1
2253419,Daba Mamadou,13.15,-14.31667,Kolda,Medina Yoroufoula,0,,,,,,,,,,,1
2253421,Dabala,13.37124,-12.87588,Tambacounda,Tambacounda,0,,,,,,,,,,,1
2253420,Dabali,13.75,-15.68333,Kaolack,Nioro Du Rip,0,,,,,,,,,,,1
2253418,Dabane Guéladio,14.05107,-16.10746,Kaolack,Kaolack,0,,,,,,,,,,,1
2253417,Dabane Wolof,14.04155,-16.0995,Kaolack,Kaolack,0,,,,Wolof,Dabane,,,,,,1
2253414,Dabaye,15.71667,-16.28333,Louga,Louga,0,,,,,,,,,,,2
2253415,Dabaye,15.65,-16.5,Louga,Louga,0,,,,,,,,,,,2
2253412,Dabel,15.5442,-15.8856,Louga,Louga,0,,,,,,,,,,,2
2253413,Dabel,15.1736,-15.9704,Louga,Kebemer,0,,,,,,,,,,,2
2253072,Dabi,14.95889,-12.55543,Tambacounda,Bakel,0,,,,,,,,,,,1
13552827,Dabi Ngama,14.51504,-15.7629,Fatick,Gossas,0,,,,,,,,,,,1
2253409,Dabia,15.91684,-13.51508,Matam,Matam,0,,,,,,,,,,,1
2253408,Dabo,12.88333,-14.48333,Kolda,Kolda,6069,,,,,,,,,,,1
2253410,Dabènel,15.3557,-15.8092,Louga,Linguere,0,,,,,,,,,,,1
2253411,Dabél Bara,14.64992,-16.17233,Diourbel,Diourbel,0,,,,,,,,,,,1
2254589,Dabél Fera,14.68271,-15.91305,Diourbel,Mbacke,0,,,,,,,,,,,1
13506754,Dadak,14.69183,-16.57179,Diourbel,Bambey,0,,,,,,,,,,,1
2253405,Dadi Daoudé,14.81667,-14.53333,Matam,Ranerou,0,,,,,,,,,,,1
2253403,Dadj,15.5,-16.21667,Louga,Louga,0,,,,,,,,,,,2
2253404,Dadj,14.86667,-15.8,Diourbel,Mbacke,0,,,,,,,,,,,2
2253402,Dado,16.59864,-15.00062,Saint Louis,Podor,0,,,,,,,,,,,1
13504718,Dadèl,14.75767,-16.61124,Thies,Thies,0,,,,,,,,,,,1
2253092,Dadél,14.57787,-16.45184,Fatick,Fatick,0,,,,,,,,,,,1
2253400,Daf,15.01667,-16.85,Thies,Tivaoune,0,,,,,,,,,,,2
13504777,Daf,14.8676,-16.61994,Diourbel,Bambey,0,,,,,,,,,,,2
2253399,Dafar,13.8,-15.86667,Kaolack,Nioro Du Rip,0,,,,,,,,,,,1
2253398,Dafinia,12.55,-15.41667,Sedhiou,Goudomp,0,,,,,,,,,,,1
2253391,Daga,15.5502,-15.4873,Louga,Linguere,0,,,,,,,,,,,6
2253392,Daga,14.94934,-16.97815,Thies,Tivaoune,0,,,,,,,,,,,6
2253394,Daga,14.72039,-16.3255,Diourbel,Bambey,0,,,,,,,,,,,6
2253396,Daga,14.6368,-17.13174,Thies,Mbour,0,,,,,,,,,,,6
2253397,Daga,13.78333,-15.73333,Kaolack,Nioro Du Rip,0,,,,,,,,,,,6
6917504,Daga,15.5608,-15.4811,Louga,Linguere,0,,,,,,,,,,,6
2253390,Daga Ali Bouri,13.68333,-15.8,Kaolack,Nioro Du Rip,0,,,,,,,,,,,1
13658009,Daga Babou,13.75754,-16.4454,Fatick,Foundiougne,0,,,,,,,,,,,1
13658189,Daga Bani Ndramé,13.77874,-16.03189,Kaolack,Nioro Du Rip,0,,,,,,,,,,,1
2253388,Daga Bani Wadène,13.80387,-16.03156,Kaolack,Nioro Du Rip,0,,,,,,,,,,,1
13658184,Daga Biram Deux,13.91078,-16.21299,Fatick,Foundiougne,0,,,,,,2,,,,,1
13658196,Daga Biram Un,13.91169,-16.19058,Kaolack,Kaolack,0,,,,,,1,,,,,1
13554447,Daga Bokhi,14.15281,-15.99703,Kaolack,Guinguineo,0,,,,,,,,,,,1
13657999,Daga Béra,13.82846,-16.38145,Fatick,Foundiougne,0,,,,,,,,,,,1
2253385,Daga Daour,14.15002,-15.92114,Kaolack,Guinguineo,0,,,,,,,,,,,1
13554412,Daga Diakhaté,14.12558,-15.93287,Kaolack,Guinguineo,0,,,,,,,,,,,1
2253384,Daga Diala,14.08333,-16.01667,Kaolack,Kaolack,0,,,,,,,,,,,1
13658021,Daga Diawdine,13.86211,-16.35111,Fatick,Foundiougne,0,,,,,,,,,,,1
2253382,Daga Diouf,14.75487,-15.99532,Diourbel,Mbacke,0,,,,,,,Diouf,Sérèr,,,1
2253383,Daga Diéri Birane,15.3992,-15.3577,Louga,Linguere,0,,,,,,,,,,,1
13658125,Daga Diéri Sérèr,13.93658,-16.2356,Fatick,Foundiougne,0,,,,Sérèr,Daga Diéri,,,,,,1
2253378,Daga Guirène,14.18333,-15.96667,Kaolack,Guinguineo,0,,,,,,,,,,,1
13554405,Daga Mignane,14.13001,-15.91795,Kaolack,Guinguineo,0,,,,,,,,,,,1
13505554,Daga Ndiaye,14.75828,-16.01012,Diourbel,Mbacke,0,,,,,,,Ndiaye,Wolof,,,1
2253372,Daga Ndoup,13.6791,-16.35056,Fatick,Foundiougne,0,,,,,,,,,,,1
2253370,Daga Sambaré,14.25647,-16.10692,Kaolack,Guinguineo,0,,,,,,,,,,,1
2253371,Daga Sambou,13.92579,-16.09191,Kaolack,Kaolack,0,,,,,,,,,,,1
2253369,Daga Sangâye,14.0517,-16.17246,Kaolack,Kaolack,0,,,,,,,,,,,1
2253368,Daga Soukoum,14.03452,-16.37205,Fatick,Foundiougne,0,,,,,,,,,,,1
13509031,Daga Sérèr,14.2663,-16.11976,Kaolack,Guinguineo,0,,,,Sérèr,Daga,,,,,,1
2253367,Daga Youndoum,14.00509,-15.91645,Kaolack,Kaolack,0,,,,,,,,,,,1
2253389,Dagaballa,13.95,-15.61667,Kaffrine,Birkelane,0,,,,,,,,,,,1
2253387,Dagabiram,13.95,-15.58333,Kaffrine,Birkelane,0,,,,,,,,,,,1
2253380,Dagagne,14.43333,-15.96667,Fatick,Gossas,0,,,,,,,,,,,1
2253375,Dagana,16.47667,-15.6,Saint Louis,Dagana,21750,,,,,,,,,,,1
2253373,Daganabé,15.576,-15.1333,Louga,Linguere,0,,,,,,,,,,,2
2253374,Daganabé,14.76075,-15.83273,Diourbel,Mbacke,0,,,,,,,,,,,2
2253379,Dagaye Gouye,14.04625,-15.43459,Kaffrine,Kaffrine,0,,,,,,,,,gouye,tree,1
13554546,Dagaye Ndéné,14.08945,-15.64862,Kaffrine,Birkelane,0,,,,,,,,,,,1
2253377,Dagaït,15.61667,-16.25,Louga,Louga,0,,,,,,,,,,,1
2253365,Dagne,15.1948,-15.5078,Louga,Linguere,0,,,,,,,,,,,1
2253364,Dagoudane,14.7543,-17.39599,Dakar,Pikine,0,,,,,,,,,,,1
2253363,Daguel Marou,13.03333,-14.06667,Kolda,Velingara,0,,,,,,,,,,,1
6648011,Daharatou,14.59997,-12.30483,Tambacounda,Bakel,0,,,,,,,,,,,1
2253361,Dahu,15.5381,-14.7429,Matam,Ranerou,0,,,,,,,,,,,1
2253359,Dak,14.28559,-16.62527,Fatick,Fatick,0,,,,,,,,,,,1
2253358,Dakaba,14.09484,-12.58468,Tambacounda,Goudiry,0,,,,,,,,,,,1
2253357,Dakabantang,12.61667,-15.75,Sedhiou,Sedhiou,0,,,,,,,,,,,1
2253345,Dakadougal,13.89208,-12.88696,Tambacounda,Goudiry,0,,,,,,,,,,,1
2253356,Dakan,14.56667,-14.41667,Tambacounda,Koumpentoum,0,,,,,,,,,,,1
2253354,Dakar,14.6937,-17.44406,Dakar,Dakar,2646503,,,,,,,,,,,2
13509045,Dakar,14.28455,-15.99883,Kaolack,Guinguineo,0,,,,,,,,,,,2
13507290,Dakar Mbayar,14.68149,-16.07512,Diourbel,Diourbel,0,,,,,,,,,,,1
2253349,Dakar-Bango,16.06105,-16.4607,Saint Louis,Saint Louis,0,,,,,,,,,,,1
2595760,Dakar-Marine,14.68472,-17.43556,,,0,,,,,,,,,,,1
2253347,Dakatéli,12.4574,-12.6469,Kedougou,Salemata,0,,,,,,,,,,,1
2253346,Dakha Diagne,15.7,-16.2,Louga,Louga,0,,,,,,,Diagne,Wolof,,,1
2253348,Dakhar Dothie,14.94656,-16.73486,Thies,Tivaoune,0,,,,,,,,,dakhar,tree,1
2253344,Dakhma,15.23333,-16.53333,Thies,Tivaoune,0,,,,,,,,,,,1
13504554,Dal Diamm,14.86716,-16.80636,Thies,Thies,0,,,,,,,,,,,1
2253341,Dala,15.5838,-15.2028,Louga,Linguere,0,,,,,,,,,,,1
2253342,Dala Ngabou,14.76787,-16.01154,Diourbel,Mbacke,0,,,,,,,,,,,1
2253338,Dalaba,13.33161,-11.77763,Kedougou,Saraya,0,,,,,,,,,,,3
2253339,Dalaba,12.83333,-14.08333,Kolda,Velingara,0,,,,,,,,,,,3
2253340,Dalaba,12.75,-13.28333,Tambacounda,Tambacounda,0,,,,,,,,,,,3
2253337,Dalafi,13.6591,-12.40124,Tambacounda,Goudiry,0,,,,,,,,,,,1
2253336,Dalafing,12.85943,-11.68782,Kedougou,Saraya,0,,,,,,,,,,,1
2253334,Dalaoulé,13.91976,-11.95338,Tambacounda,Bakel,0,,,,,,,,,,,2
2253335,Dalaoulé,12.48333,-12.01667,Kedougou,Kedougou,0,,,,,,,,,,,2
2253333,Dalar,15.23333,-16.15,Louga,Kebemer,0,,,,,,,,,,,1
2595764,Dalifor,14.74203,-17.42026,Dakar,Pikine,0,,,,,,,,,,,1
10300611,Dalifort,14.741,-17.409,Dakar,Pikine,0,,,,,,,,,,,1
2253331,Daloto,13.18787,-11.71101,Kedougou,Saraya,0,,,,,,,,,,,1
2249336,Dam,14.47682,-16.47062,Fatick,Fatick,0,,,,,,,,,,,2
2253329,Dam,14.78333,-15.63333,Diourbel,Mbacke,0,,,,,,,,,,,2
2253320,Dam Dabaye,14.9,-16.0,Diourbel,Mbacke,0,,,,,,,,,,,1
2253319,Dam Diop,14.91667,-15.95,Diourbel,Mbacke,0,,,,,,,Diop,Wolof,,,1
2253327,Damadji,14.43333,-14.8,Kaffrine,Koungheul,0,,,,,,,,,,,1
2253328,Damadé,13.05,-13.78333,Kolda,Velingara,0,,,,,,,,,,,1
2253324,Damantan,13.0,-13.4,Tambacounda,Tambacounda,0,,,,,,,,,,,1
2253322,Damaradji,14.73333,-14.8,Louga,Linguere,0,,,,,,,,,,,1
2253321,Damba,13.9,-13.86667,Tambacounda,Tambacounda,0,,,,,,,,,,,1
2252160,Dambol,14.27592,-15.53701,Kaffrine,Kaffrine,0,,,,,,,,,,,1
2253291,Dan Tiadi,14.58333,-14.98333,Kaffrine,Koungheul,0,,,,,,,,,,,1
2253310,Dandialat,12.71056,-16.35444,Ziguinchor,Bignona,0,,,,,,,,,,,1
2253309,Dandone,12.87472,-15.85028,Sedhiou,Sedhiou,0,,,,,,,,,,,1
2253308,Dandou,12.73333,-14.8,Kolda,Kolda,0,,,,,,,,,,,1
13658815,Dandoune,13.04042,-16.11813,Ziguinchor,Bignona,0,,,,,,,,,,,1
2253311,Dandé,12.36667,-12.48333,,,0,,,,,,,,,,,2
2253312,Dandé,12.3621,-12.3265,Kedougou,Kedougou,0,,,,,,,,,,,2
13507470,Dang,14.42082,-16.53861,Fatick,Fatick,0,,,,,,,,,,,1
13554419,Dangara,14.13093,-15.92475,Kaolack,Guinguineo,0,,,,,,,,,,,1
2595801,Dangou,14.71998,-17.27012,Dakar,Rufisque,0,,,,,,,,,,,1
2253299,Dangourou,15.51667,-16.3,Louga,Louga,0,,,,,,,,,,,1
2253298,Daniète,12.85833,-15.10111,Kolda,Kolda,0,,,,,,,,,,,1
2253295,Dank,15.31667,-16.21667,Louga,Kebemer,0,,,,,,,,,,,1
2253296,Dankh Sène,14.83923,-16.14376,Diourbel,Diourbel,0,,,,,,,Sène,Sérèr,,,1
2253297,Danki,14.74294,-15.67772,Diourbel,Mbacke,0,,,,,,,,,,,1
2253293,Danko,15.61667,-16.16667,Louga,Louga,0,,,,,,,,,,,1
13657987,Dantakhoun,13.84639,-16.33127,Fatick,Foundiougne,0,,,,,,,,,,,1
2253290,Dantiadi,14.76667,-14.36667,Matam,Ranerou,0,,,,,,,,,,,1
2253016,Dantiady,15.5285,-13.39838,Matam,Matam,0,,,,,,,,,,,1
13553597,Dantiali,14.72436,-15.30274,Louga,Linguere,0,,,,,,,,,,,2
13553604,Dantiali,14.59435,-15.01719,Kaffrine,Koungheul,0,,,,,,,,,,,2
6657760,Dantilia,12.87925,-11.79642,Kedougou,Saraya,0,,,,,,,,,,,1
2253307,Dané,13.8,-14.15,Tambacounda,Tambacounda,0,,,,,,,,,,,1
2253306,Danédji,14.89606,-15.11904,Louga,Linguere,0,,,,,,,,,,,1
2253289,Dao,15.66667,-16.55,Louga,Louga,0,,,,,,,,,,,1
2253288,Daog,15.46667,-16.03333,Louga,Louga,0,,,,,,,,,,,1
2253287,Daorala,13.07924,-11.51315,Kedougou,Saraya,0,,,,,,,,,,,1
2253286,Daouakh Sourang,15.08333,-16.51667,Thies,Tivaoune,0,,,,,,,,,,,1
2253284,Daoudi,14.13333,-13.96667,Tambacounda,Tambacounda,0,,,,,,,,,,,1
13507352,Daptior,14.4733,-16.75995,Thies,Mbour,0,,,,,,,,,,,1
2253104,Dar Salam,16.58333,-15.15,Saint Louis,Podor,0,,,darou,,,,,,,,7
2253106,Dar Salam,13.25,-13.2,Tambacounda,Tambacounda,0,,,darou,,,,,,,,7
2253109,Dar Salam,12.90889,-15.59278,Sedhiou,Sedhiou,0,,,darou,,,,,,,,7
2253110,Dar Salam,12.71056,-15.19528,Sedhiou,Goudomp,0,,,darou,,,,,,,,7
2253111,Dar Salam,12.6307,-12.7884,Kedougou,Salemata,0,,,darou,,,,,,,,7
2253112,Dar Salam,12.55106,-11.67065,Kedougou,Saraya,0,,,darou,,,,,,,,7
6611629,Dar Salam,15.05028,-12.72833,Matam,Kanel,0,,,darou,,,,,,,,7
2253102,Dar Salam Kamberto,12.8,-14.93333,Kolda,Kolda,0,,,darou,,,,,,,,1
2253107,Dar Silam Chérif,13.07831,-16.53723,Ziguinchor,Bignona,0,,,darou,,,,,,,,1
2253097,Dar Silamé,12.89472,-15.43111,Sedhiou,Sedhiou,0,,,darou,,,,,,,,1
2253258,Dar el Salam,13.71667,-13.58333,Tambacounda,Tambacounda,0,,,darou,,,,,,,,3
2253259,Dar el Salam,13.25,-13.2,Tambacounda,Tambacounda,0,,,darou,,,,,,,,3
2253260,Dar el Salam,13.13333,-13.51667,Tambacounda,Tambacounda,0,,,darou,,,,,,,,3
2253277,Dara,15.34844,-15.47993,Louga,Linguere,45530,,,,,,,,,,,6
2253280,Dara,14.56667,-16.68333,Thies,Mbour,0,,,,,,,,,,,6
2253281,Dara,14.5,-15.71667,Fatick,Gossas,0,,,,,,,,,,,6
13505382,Dara,14.96411,-16.3269,Diourbel,Diourbel,0,,,,,,,,,,,6
13506515,Dara,14.61369,-16.78771,Thies,Thies,0,,,,,,,,,,,6
13551631,Dara,14.78371,-15.44436,Diourbel,Mbacke,0,,,,,,,,,,,6
2253275,Dara Andal,15.4084,-16.5284,Louga,Kebemer,0,,,,,,,,,,,1
13553469,Dara Darou Marnane,14.55183,-15.5873,Fatick,Gossas,0,,,darou,,,,,,,,1
13553473,Dara Darou Minam,14.56191,-15.54895,Fatick,Gossas,0,,,darou,,,,,,,,1
13553606,Dara Darou Mousti,14.64497,-15.41167,Kaffrine,Malem Hodar,0,,,darou,,,,,,,,1
13553461,Dara Darou Rahmane,14.6573,-15.52929,Diourbel,Mbacke,0,,,darou,,,,,,,,1
13553620,Dara Darou Salam,14.54701,-15.47249,Kaffrine,Kaffrine,0,,,darou,,,,,,,,1
2253282,Dara Diaké,14.32092,-15.7143,Kaolack,Guinguineo,0,,,,,,,,,,,1
13553452,Dara Dianatoul Mahwa,14.69203,-15.51059,Diourbel,Mbacke,0,,,,,,,,,,,1
2253274,Dara Diébo,14.91667,-16.0,Diourbel,Mbacke,0,,,,,,,,,,,1
2253273,Dara Halaïbé,16.62777,-14.4077,Saint Louis,Podor,0,,,,,,,,,,,1
13553464,Dara Halimoul Kabir,14.52479,-15.54908,Kaffrine,Kaffrine,0,,,,,,,,,,,1
13553627,Dara Housmoul Mahab,14.595,-15.44107,Kaffrine,Malem Hodar,0,,,,,,,,,,,1
2253279,Dara Kalom,14.69083,-16.40709,Diourbel,Bambey,0,,,,,,,,,,,1
2253270,Dara Matar Diop,14.98561,-15.91736,Louga,Kebemer,0,,,,,,,Diop,Wolof,,,1
2253276,Dara Ndiakhou,15.517,-16.3139,Louga,Louga,0,,,,,,,,,,,1
2253269,Dara Nimane,14.83333,-15.68333,Diourbel,Mbacke,0,,,,,,,,,,,1
13553470,Dara Oumoul Khoura,14.50211,-15.50228,Kaffrine,Kaffrine,0,,,,,,,,,,,1
13554018,Dara Salam Nyipguel,14.47557,-15.9555,Fatick,Gossas,0,,,,,,,,,,,1
2253268,Dara Ser Mbaké,14.98333,-15.9,Diourbel,Mbacke,0,,,,,,,,,,,1
13552826,Dara Serigne Saliou,14.63872,-15.97845,Diourbel,Mbacke,0,,,serigne,,,,,,,,1
2253267,Dara Sidy,14.53208,-15.87721,Fatick,Gossas,0,,,,,,,,,,,1
2253266,Dara Sine,14.88333,-15.98333,Diourbel,Mbacke,0,,,,,,,,,,,1
13551955,Dara Sérigne Diéli,14.88673,-15.14338,Louga,Linguere,0,,,serigne,,,,,,,,1
13554065,Dara Taïba,14.46605,-15.54684,Kaffrine,Kaffrine,0,,,taiba,,,,,,,,1
13553621,Dara Touba Bélel,14.66859,-15.45189,Kaffrine,Malem Hodar,0,,,touba,,,,,,,,1
13553474,Dara Touba Khelcom,14.57334,-15.51351,Fatick,Gossas,0,,,touba,,,,,,,,1
13551151,Dara Wakhaïb,14.75527,-15.8903,Diourbel,Mbacke,0,,,,,,,,,,,1
2253263,Dara Yeral,15.28333,-16.2,Louga,Kebemer,0,,,,,,,,,,,1
2595874,Daradji,14.78145,-17.17112,Dakar,Rufisque,0,,,,,,,,,,,2
13505452,Daradji,14.91,-16.43075,Diourbel,Bambey,0,,,,,,,,,,,2
13505422,Daraye Sandaga,14.86802,-16.43609,Diourbel,Bambey,0,,,,,,,,,,,1
2253208,Darhar Mbaye,14.73496,-16.95367,Thies,Thies,0,,,,,,,Mbaye,Wolof,,,1
2253254,Darni,15.3679,-15.1664,Louga,Linguere,0,,,,,,,,,,,1
2253252,Daro,13.96667,-15.15,Kaffrine,Kaffrine,0,,,,,,,,,,,2
2253253,Daro,13.75,-15.21667,,,0,,,,,,,,,,,2
2253251,Daro Koudous,13.85,-15.75,Kaolack,Nioro Du Rip,0,,,,,,,,,,,1
2253250,Daro Marnane,13.83333,-15.46667,Kaffrine,Kaffrine,0,,,,,,,,,,,1
2253248,Daro Salam,13.78333,-15.75,Kaolack,Nioro Du Rip,0,,,,,,,,,,,1
2253231,Darou,16.49278,-15.82556,Saint Louis,Dagana,0,,,darou,,,,,,,,17
2253232,Darou,15.8551,-15.9526,Louga,Louga,0,,,darou,,,,,,,,17
2253233,Darou,15.66667,-16.46667,Louga,Kebemer,0,,,darou,,,,,,,,17
2253234,Darou,15.3,-16.33333,Louga,Kebemer,0,,,darou,,,,,,,,17
2253235,Darou,15.15,-16.31667,Thies,Tivaoune,0,,,darou,,,,,,,,17
2253236,Darou,15.05,-16.68333,Thies,Tivaoune,0,,,darou,,,,,,,,17
2253237,Darou,14.93333,-16.05,Diourbel,Mbacke,0,,,darou,,,,,,,,17
2253240,Darou,14.76667,-16.45,Diourbel,Bambey,0,,,darou,,,,,,,,17
2253241,Darou,14.57424,-16.40994,Fatick,Fatick,0,,,darou,,,,,,,,17
2253242,Darou,14.61667,-16.26667,Diourbel,Diourbel,0,,,darou,,,,,,,,17
2253243,Darou,14.3,-16.01667,Kaolack,Guinguineo,0,,,darou,,,,,,,,17
2253244,Darou,14.0,-14.76667,Kaffrine,Koungheul,0,,,darou,,,,,,,,17
2253245,Darou,13.61667,-15.48333,Kaolack,Nioro Du Rip,0,,,darou,,,,,,,,17
2253246,Darou,13.28333,-14.56667,Kolda,Medina Yoroufoula,0,,,darou,,,,,,,,17
2253247,Darou,13.06667,-14.18333,Kolda,Velingara,0,,,darou,,,,,,,,17
2595995,Darou,16.03111,-16.48667,Saint Louis,Saint Louis,0,,,darou,,,,,,,,17
13658029,Darou,13.89864,-16.47688,Fatick,Foundiougne,0,,,darou,,,,,,,,17
2253229,Darou Alem,15.15,-16.81667,Thies,Tivaoune,0,,,darou,,,,,,,,1
2253228,Darou Alfa,14.95,-17.0,Thies,Tivaoune,0,,,darou,,,,,,,,1
2253227,Darou Badèm,14.75,-16.03333,Diourbel,Mbacke,0,,,darou,,,,,,,,1
2253225,Darou Bak,14.27237,-16.04497,Kaolack,Guinguineo,0,,,darou,,,,,,,,1
13504683,Darou Bakhoum,14.9802,-16.52817,Diourbel,Bambey,0,,,darou,,,,,,,,1
2253222,Darou Battel,15.23333,-16.2,Louga,Kebemer,0,,,darou,,,,,,,,1
2595958,Darou Bayakh Silla,14.84421,-17.13858,Thies,Thies,0,,,darou,,,,,,,,1
2253226,Darou Baïla,13.9,-15.8,Kaolack,Nioro Du Rip,0,,,darou,,,,,,,,2
13551554,Darou Baïla,14.84267,-15.6815,Diourbel,Mbacke,0,,,darou,,,,,,,,2
13553465,Darou Baïlé,14.53991,-15.64495,Fatick,Gossas,0,,,darou,,,,,,,,1
13553475,Darou Baïré,14.56915,-15.70423,Fatick,Gossas,0,,,darou,,,,,,,,1
2253221,Darou Beul,15.15,-16.28333,Thies,Tivaoune,0,,,darou,,,,,,,,1
2253220,Darou Bil,14.40051,-16.01612,Fatick,Gossas,0,,,darou,,,,,,,,1
13551560,Darou Bogo,14.9346,-15.64253,Louga,Linguere,0,,,darou,,,,,,,,1
2253219,Darou Dem Lène,14.16667,-14.75,Kaffrine,Koungheul,0,,,darou,,,,,,,,1
2253216,Darou Dia,15.28333,-16.63333,Louga,Kebemer,0,,,darou,,,,Dia,Pulaar,,,3
2253217,Darou Dia,15.06667,-16.9,Thies,Tivaoune,0,,,darou,,,,Dia,Pulaar,,,3
2253218,Darou Dia,14.79172,-16.21017,Diourbel,Diourbel,0,,,darou,,,,Dia,Pulaar,,,3
13554428,Darou Diaw,14.22681,-15.94435,Kaolack,Guinguineo,0,,,darou,,,,,,,,1
13505549,Darou Dimb,14.81636,-16.00459,Diourbel,Mbacke,0,,,darou,,,,,,ndimb,tree,1
2253209,Darou Diop,15.48333,-16.46667,Louga,Kebemer,0,,,darou,,,,Diop,Wolof,,,5
2253210,Darou Diop,15.0386,-16.108,Louga,Kebemer,0,,,darou,,,,Diop,Wolof,,,5
2253211,Darou Diop,15.00764,-16.17088,Louga,Kebemer,0,,,darou,,,,Diop,Wolof,,,5
2253213,Darou Diop,14.7,-16.1,Diourbel,Diourbel,0,,,darou,,,,Diop,Wolof,,,5
2253238,Darou Diop,14.91873,-16.38915,Diourbel,Bambey,0,,,darou,,,,Diop,Wolof,,,5
13504753,Darou Diop Deux,14.97054,-16.5266,Diourbel,Bambey,0,,,darou,,,2,,,,,2
13553624,Darou Diop Deux,14.67803,-15.30359,Louga,Linguere,0,,,darou,,,2,,,,,2
13505444,Darou Diop Un,14.96464,-16.4751,Diourbel,Bambey,0,,,darou,,,1,,,,,2
13553625,Darou Diop Un,14.67074,-15.31241,Louga,Linguere,0,,,darou,,,1,,,,,2
2253214,Darou Dièng,14.98481,-16.29189,Diourbel,Diourbel,0,,,darou,,,,Dièng,Wolof,,,1
2253215,Darou Diéné,14.23115,-15.90504,Kaolack,Guinguineo,0,,,darou,,,,,,,,1
2246715,Darou Djadji,14.31011,-15.84425,Kaolack,Guinguineo,0,,,darou,,,,,,,,1
13554038,Darou Djaji Guéyène,14.31765,-15.85367,Kaolack,Guinguineo,0,,,darou,,,,,,,,1
2253203,Darou Fal,15.56667,-16.46667,Louga,Kebemer,0,,,darou,,,,Fal,Wolof,,,7
2253204,Darou Fal,15.55,-16.38333,Louga,Kebemer,0,,,darou,,,,Fal,Wolof,,,7
2253205,Darou Fal,15.25,-16.78333,Thies,Tivaoune,0,,,darou,,,,Fal,Wolof,,,7
2253206,Darou Fal,15.21667,-16.5,Thies,Tivaoune,0,,,darou,,,,Fal,Wolof,,,7
2253207,Darou Fal,15.06667,-16.93333,Thies,Tivaoune,0,,,darou,,,,Fal,Wolof,,,7
13505411,Darou Fal,14.98071,-16.47248,Diourbel,Bambey,0,,,darou,,,,Fal,Wolof,,,7
13554432,Darou Fal,14.21177,-15.96971,Kaolack,Guinguineo,0,,,darou,,,,Fal,Wolof,,,7
2251561,Darou Fal Godio,14.86297,-15.95943,Diourbel,Mbacke,0,,,darou,,,,,,,,1
2253201,Darou Gaye,15.03333,-16.56667,Thies,Tivaoune,0,,,darou,,,,Gaye,Wolof,,,2
2253202,Darou Gaye,15.0109,-16.5885,Thies,Tivaoune,0,,,darou,,,,Gaye,Wolof,,,2
13505364,Darou Gouye Mbam,14.83205,-16.45267,Diourbel,Bambey,0,,,darou,,,,,,gouye,tree,1
2253200,Darou Guèye,15.2,-16.31667,Thies,Tivaoune,0,,,darou,,,,Guèye,Wolof,,,2
13508990,Darou Guèye,14.4497,-16.03529,Fatick,Gossas,0,,,darou,,,,Guèye,Wolof,,,2
2246965,Darou Guèye Un,14.62979,-15.8518,Diourbel,Mbacke,0,,,darou,,,1,,,,,1
2253199,Darou Hidjiratou,13.03333,-13.86667,Kolda,Velingara,0,,,darou,,,,,,,,1
2248215,Darou Ibrahima Sagnane,13.75172,-16.33885,Fatick,Foundiougne,0,,,darou,,,,,,,,1
2253198,Darou Kadène,14.91667,-15.9,Diourbel,Mbacke,0,,,darou,,,,,,,,1
2253141,Darou Kafat,14.14606,-14.96066,Kaffrine,Koungheul,0,,,darou,,,,,,,,1
13553607,Darou Kanène,14.52144,-15.25197,Kaffrine,Malem Hodar,0,,,darou,,,,,,,,1
2253196,Darou Karim,14.92625,-15.90792,Diourbel,Mbacke,0,,,darou,,,,,,,,2
13554097,Darou Karim,14.4755,-15.19794,Kaffrine,Malem Hodar,0,,,darou,,,,,,,,2
13554551,Darou Kayi,14.1575,-15.54059,Kaffrine,Kaffrine,0,,,darou,,,,,,,,1
2249705,Darou Keur Mamour Khorédia,13.88628,-16.23116,Fatick,Foundiougne,0,,,darou,,,,,,,,1
2253197,Darou Khadim,14.92476,-15.88501,Diourbel,Mbacke,0,,,darou,,,,,,,,2
13505576,Darou Khadim,14.9107,-16.10693,Diourbel,Diourbel,0,,,darou,,,,,,,,2
13505530,Darou Khafor,14.76369,-16.02955,Diourbel,Mbacke,0,,,darou,,,,,,,,1
13505535,Darou Khakham,15.00028,-16.19266,Thies,Tivaoune,0,,,darou,,,,,,,,1
2253194,Darou Khara,15.5,-16.36667,Louga,Kebemer,0,,,darou,,,,,,,,1
2253193,Darou Khoudos,15.107,-16.8369,Thies,Tivaoune,0,,,darou,,,,,,,,4
2253262,Darou Khoudos,14.87245,-16.47632,Diourbel,Bambey,0,,,darou,,,,,,,,4
13505579,Darou Khoudos,14.85213,-16.09598,Diourbel,Mbacke,0,,,darou,,,,,,,,4
13551562,Darou Khoudos,14.96376,-15.67755,Louga,Linguere,0,,,darou,,,,,,,,4
11395754,Darou Khoudoss,14.864,-15.877,Diourbel,Mbacke,0,,,darou,,,,,,,,1
13553455,Darou Khoudous,14.66241,-15.66136,Fatick,Gossas,0,,,darou,,,,,,,,1
2253192,Darou Koudous,13.98333,-15.9,Kaolack,Kaolack,0,,,darou,,,,,,,,1
2253191,Darou Koutros,14.4,-14.58333,Tambacounda,Koumpentoum,0,,,darou,,,,,,,,1
2253195,Darou Kébé,15.41667,-16.45,Louga,Kebemer,0,,,darou,,,,,,,,1
2253189,Darou Malam,14.91667,-15.85,Diourbel,Mbacke,0,,,darou,,,,,,,,1
2253188,Darou Maram Dogadé,14.96667,-15.85,Diourbel,Mbacke,0,,,darou,,,,,,,,1
2253184,Darou Marnane,15.1007,-16.1714,Louga,Kebemer,0,,,darou,,,,,,,,4
2253185,Darou Marnane,14.83301,-15.89102,Diourbel,Mbacke,0,,,darou,,,,,,,,4
2253186,Darou Marnane,14.45934,-15.87885,Fatick,Gossas,0,,,darou,,,,,,,,4
2253187,Darou Marnane,13.96667,-15.88333,Kaolack,Kaolack,0,,,darou,,,,,,,,4
2248055,Darou Matar,13.69059,-16.0987,Kaolack,Nioro Du Rip,0,,,darou,,,,,,,,1
2253183,Darou Mayaye,14.45,-15.88333,Fatick,Gossas,0,,,darou,,,,,,,,1
2253181,Darou Mbaké,14.75,-16.01667,Diourbel,Mbacke,0,,,darou,,,,,,,,1
2253223,Darou Mbane,14.33251,-15.25119,Kaffrine,Malem Hodar,0,,,darou,,,,,,,,1
2253175,Darou Mbaye,14.79875,-16.34633,Diourbel,Diourbel,0,,,darou,,,,Mbaye,Wolof,,,5
2253176,Darou Mbaye,15.45,-16.03333,Louga,Louga,0,,,darou,,,,Mbaye,Wolof,,,5
2253177,Darou Mbaye,15.28333,-16.13333,Louga,Kebemer,0,,,darou,,,,Mbaye,Wolof,,,5
2253178,Darou Mbaye,15.18333,-16.66667,Thies,Tivaoune,0,,,darou,,,,Mbaye,Wolof,,,5
2253179,Darou Mbaye,15.1364,-15.9762,Louga,Kebemer,0,,,darou,,,,Mbaye,Wolof,,,5
2250134,Darou Mbayène,14.67976,-15.94041,Diourbel,Mbacke,0,,,darou,,,,,,,,1
13658180,Darou Mbitéyène,13.98366,-16.13927,Kaolack,Kaolack,0,,,darou,,,,,,,,2
13658683,Darou Mbitéyène,13.73827,-16.15372,Kaolack,Nioro Du Rip,0,,,darou,,,,,,,,2
13504605,Darou Mbodji,14.78109,-16.8345,Thies,Thies,0,,,darou,,,,,,,,1
2248484,Darou Mboumbaye,15.8429,-16.51323,Saint Louis,Saint Louis,0,,,darou,,,,,,,,1
2253180,Darou Mbow,14.81962,-16.46776,Diourbel,Bambey,0,,,darou,,,,,,,,1
2253173,Darou Mina,14.76667,-15.7,Diourbel,Mbacke,0,,,darou,,,,,,,,1
13551574,Darou Minam,14.93222,-15.62869,Louga,Linguere,0,,,darou,,,,,,,,1
13553636,Darou Minam Deux,14.54843,-15.2521,Kaffrine,Malem Hodar,0,,,darou,,,2,,,,,1
13551640,Darou Minam Taif,14.813,-15.40064,Louga,Linguere,0,,,darou,,,,,,,,1
13552820,Darou Miname,14.58492,-15.78706,Fatick,Gossas,0,,,darou,,,,,,,,1
13553456,Darou Mohine,14.65169,-15.59442,Fatick,Gossas,0,,,darou,,,,,,,,1
2253172,Darou Moussa,14.16667,-14.88333,Kaffrine,Koungheul,0,,,darou,,,,,,,,1
2253170,Darou Mousti,15.0386,-16.0464,Louga,Kebemer,0,,,darou,,,,,,,,2
2253171,Darou Mousti,13.88333,-15.8,Kaolack,Nioro Du Rip,0,,,darou,,,,,,,,2
2253169,Darou Moye,15.13333,-16.83333,Thies,Tivaoune,0,,,darou,,,,,,,,1
2253174,Darou Méoundou,15.01667,-16.33333,Thies,Tivaoune,0,,,darou,,,,,,,,1
2253168,Darou Nahim,14.74231,-16.01622,Diourbel,Mbacke,0,,,darou,,,,,,,,2
13554410,Darou Nahim,14.22561,-15.91811,Kaolack,Guinguineo,0,,,darou,,,,,,,,2
13552821,Darou Naïm,14.60819,-15.9683,Diourbel,Mbacke,0,,,darou,,,,,,,,1
2253167,Darou Ndassine,14.41667,-14.88333,Kaffrine,Koungheul,0,,,darou,,,,,,,,1
2253166,Darou Ndayène,14.15,-14.43333,Tambacounda,Koumpentoum,0,,,darou,,,,,,,,1
2253165,Darou Ndiagne,15.23333,-16.11667,Louga,Kebemer,0,,,darou,,,,,,,,1
2247901,Darou Ndiar,14.84944,-17.10389,Thies,Thies,0,,,darou,,,,,,,,1
2248774,Darou Ndiaye,14.77356,-16.08286,Diourbel,Mbacke,0,,,darou,,,,Ndiaye,Wolof,,,9
2249995,Darou Ndiaye,14.71761,-15.73674,Fatick,Gossas,0,,,darou,,,,Ndiaye,Wolof,,,9
2253157,Darou Ndiaye,14.8292,-16.05344,Diourbel,Mbacke,0,,,darou,,,,Ndiaye,Wolof,,,9
2253162,Darou Ndiaye,15.4223,-15.9147,Louga,Louga,0,,,darou,,,,Ndiaye,Wolof,,,9
2253163,Darou Ndiaye,15.1199,-15.8285,Louga,Kebemer,0,,,darou,,,,Ndiaye,Wolof,,,9
2253164,Darou Ndiaye,15.00566,-16.41876,Diourbel,Bambey,0,,,darou,,,,Ndiaye,Wolof,,,9
2253272,Darou Ndiaye,14.57379,-15.65758,Fatick,Gossas,0,,,darou,,,,Ndiaye,Wolof,,,9
13504711,Darou Ndiaye,14.83753,-16.5087,Diourbel,Bambey,0,,,darou,,,,Ndiaye,Wolof,,,9
13551558,Darou Ndiaye,14.92571,-15.58679,Louga,Linguere,0,,,darou,,,,Ndiaye,Wolof,,,9
13505588,Darou Ndimb,14.84945,-16.23985,Diourbel,Diourbel,0,,,darou,,,,,,ndimb,tree,1
13554084,Darou Ndièné,14.43459,-15.17837,Kaffrine,Malem Hodar,0,,,darou,,,,,,,,1
2253161,Darou Ndoye,15.21667,-16.8,Thies,Tivaoune,0,,,darou,,,,Ndoye,Wolof,,,1
2253160,Darou Nem,14.4,-14.61667,Tambacounda,Koumpentoum,0,,,darou,,,,,,,,1
13554438,Darou Ngoloum,14.24271,-15.8929,Kaolack,Guinguineo,0,,,darou,,,,,,,,1
2253147,Darou Ngomène,14.78924,-16.7633,Thies,Thies,0,,,darou,,,,,,,,1
2253159,Darou Nguêr,14.90842,-16.47489,Diourbel,Bambey,0,,,darou,,,,,,,,1
13554089,Darou Niang,14.40317,-15.14945,Kaffrine,Malem Hodar,0,,,darou,,,,Niang,Wolof,,,1
2248057,Darou Nianghène,13.88009,-16.02962,Kaolack,Kaolack,0,,,darou,,,,,,,,1
2253158,Darou Niass,15.25,-16.1,Louga,Kebemer,0,,,darou,,,,,,,,1
13505582,Darou Niaye,14.81673,-16.24793,Diourbel,Diourbel,0,,,darou,,,,,,,,1
2247113,Darou Odioldé,14.54508,-15.28172,Kaffrine,Malem Hodar,0,,,darou,,,,,,,,1
2246878,Darou Pakala,14.0081,-15.55756,Kaffrine,Kaffrine,0,,,darou,,,,,,,,1
2253156,Darou Pakatiar,13.93333,-15.83333,Kaolack,Kaolack,0,,,darou,,,,,,,,1
2253155,Darou Pal,14.51667,-15.68333,Fatick,Gossas,0,,,darou,,,,,,,,1
2253154,Darou Pam,15.21667,-16.38333,Thies,Tivaoune,0,,,darou,,,,,,,,1
2253153,Darou Parba,15.5,-16.46667,Louga,Kebemer,0,,,darou,,,,,,,,1
13554671,Darou Pété,14.2449,-15.39443,Kaffrine,Malem Hodar,0,,,darou,,,,,,,,1
13505597,Darou Rahim,14.90563,-16.08725,Diourbel,Mbacke,0,,,darou,,,,,,,,1
2595785,Darou Rahmane,14.75251,-17.35314,Dakar,Pikine,0,,,darou,,,,,,,,2
13554034,Darou Rahmane,14.36727,-15.89825,Kaolack,Guinguineo,0,,,darou,,,,,,,,2
2253224,Darou Rahmane Un,14.72331,-15.86796,Diourbel,Mbacke,0,,,darou,,,1,,,,,1
2253151,Darou Rahmâne,14.89629,-15.95438,Diourbel,Mbacke,0,,,darou,,,,,,,,1
2253152,Darou Rahmâne Un,14.81447,-15.83957,Diourbel,Mbacke,0,,,darou,,,1,,,,,1
2253149,Darou Ramane,14.83333,-16.93333,Thies,Thies,0,,,darou,,,,,,,,1
13505506,Darou Ramane Fal,14.90809,-16.02798,Diourbel,Mbacke,0,,,darou,,,,Fal,Wolof,,,1
2253148,Darou Rhamane,14.48333,-14.43333,Tambacounda,Koumpentoum,0,,,darou,,,,,,,,1
2253146,Darou Sakor,14.60321,-15.77444,Fatick,Gossas,0,,,darou,,,,,,,,1
2253129,Darou Salam,15.37875,-13.1354,Matam,Kanel,0,,,darou,,,,,,,,19
2253131,Darou Salam,15.0204,-15.90385,Louga,Kebemer,0,,,darou,,,,,,,,19
2253132,Darou Salam,14.89351,-16.26334,Diourbel,Diourbel,0,,,darou,,,,,,,,19
2253133,Darou Salam,14.8,-15.9,Diourbel,Mbacke,0,,,darou,,,,,,,,19
2253136,Darou Salam,14.55277,-16.16755,Fatick,Fatick,0,,,darou,,,,,,,,19
2253137,Darou Salam,14.53927,-15.85694,Fatick,Gossas,0,,,darou,,,,,,,,19
2253139,Darou Salam,14.33333,-14.61667,Tambacounda,Koumpentoum,0,,,darou,,,,,,,,19
2253142,Darou Salam,14.1321,-15.01675,Kaffrine,Koungheul,0,,,darou,,,,,,,,19
2253143,Darou Salam,13.3,-13.48333,Tambacounda,Tambacounda,0,,,darou,,,,,,,,19
2253144,Darou Salam,13.28333,-14.6,Kolda,Medina Yoroufoula,0,,,darou,,,,,,,,19
2253145,Darou Salam,13.05,-14.63333,Kolda,Medina Yoroufoula,0,,,darou,,,,,,,,19
2596048,Darou Salam,15.78028,-16.25444,Louga,Louga,0,,,darou,,,,,,,,19
6647999,Darou Salam,14.40026,-12.21034,Tambacounda,Bakel,0,,,darou,,,,,,,,19
8430874,Darou Salam,14.58789,-17.04808,Thies,Mbour,0,,,darou,,,,,,,,19
13505373,Darou Salam,14.78878,-16.27716,Diourbel,Diourbel,0,,,darou,,,,,,,,19
13553596,Darou Salam,14.58281,-15.00392,Kaffrine,Koungheul,0,,,darou,,,,,,,,19
13553628,Darou Salam,14.56226,-15.25707,Kaffrine,Malem Hodar,0,,,darou,,,,,,,,19
13554668,Darou Salam,14.24732,-15.26738,Kaffrine,Malem Hodar,0,,,darou,,,,,,,,19
13554692,Darou Salam,14.0432,-15.24421,Kaffrine,Malem Hodar,0,,,darou,,,,,,,,19
13506784,Darou Salam Faye,14.72705,-16.59845,Diourbel,Bambey,0,,,darou,,,,Faye,Sérèr,,,1
13505563,Darou Salam Gallé,14.87869,-16.13357,Diourbel,Diourbel,0,,,darou,,,,,,,,1
13658032,Darou Salam Khouma,13.88109,-16.32337,Fatick,Foundiougne,0,,,darou,,,,,,,,1
2253135,Darou Salam Kohé,14.69659,-15.89976,Diourbel,Mbacke,0,,,darou,,,,,,,,1
2571779,Darou Salam Mourid,13.61274,-16.12352,Fatick,Foundiougne,0,,,darou,,,,,,,,1
2253134,Darou Salam Ngaye,14.70845,-15.70189,Diourbel,Mbacke,0,,,darou,,,,,,,,1
2244392,Darou Salam Tip,14.67061,-15.85491,Diourbel,Mbacke,0,,,darou,,,,,,,,1
2253138,Darou Salam Un,14.4869,-15.62474,Kaffrine,Kaffrine,0,,,darou,,,1,,,,,2
2253140,Darou Salam Un,14.15783,-15.7747,Kaffrine,Birkelane,0,,,darou,,,1,,,,,2
13554422,Darou Saloum Trois,14.06302,-15.81161,Kaffrine,Birkelane,0,,,darou,,,3,,,,,1
2253128,Darou Salé,15.01667,-16.01667,Louga,Kebemer,0,,,darou,,,,,,,,1
2253126,Darou Sam,15.3,-16.38333,Thies,Tivaoune,0,,,darou,,,,,,,,2
13551547,Darou Sam,14.88619,-15.55491,Louga,Linguere,0,,,darou,,,,,,,,2
2253125,Darou Samba,14.69821,-15.6694,Fatick,Gossas,0,,,darou,,,,,,,,1
2253239,Darou Sar,14.83093,-17.04973,Thies,Tivaoune,0,,,darou,,,,Sar,Wolof,,,1
2253123,Darou Sek,15.08333,-16.43333,Thies,Tivaoune,0,,,darou,,,,,,,,2
2253124,Darou Sek,14.83333,-15.93333,Diourbel,Mbacke,0,,,darou,,,,,,,,2
2595971,Darou Serigne Mansour Si,14.87081,-17.1363,Thies,Thies,0,,,darou,,,,,,,,1
2253120,Darou Sourang,14.51285,-15.80453,Fatick,Gossas,0,,,darou,,,,,,,,1
2253119,Darou Sow,15.21667,-16.71667,Thies,Tivaoune,0,,,darou,,,,Sow,Pulaar,,,1
2253121,Darou Sèye,15.03333,-16.55,Thies,Tivaoune,0,,,darou,,,,,,,,2
2253122,Darou Sèye,14.98636,-16.32927,Diourbel,Diourbel,0,,,darou,,,,,,,,2
2248596,Darou Tanzil,14.83329,-15.93043,Diourbel,Mbacke,0,,,darou,,,,,,,,1
2253118,Darou Tiam,14.6,-15.63333,Fatick,Gossas,0,,,darou,,,,,,,,1
2253117,Darou Tiar,15.56667,-16.53333,Louga,Kebemer,0,,,darou,,,,,,,,1
2253115,Darou Tioump,14.87851,-16.36735,Diourbel,Diourbel,0,,,darou,,,,,,,,1
13554677,Darou Tiâmène,14.1756,-15.02922,Kaffrine,Koungheul,0,,,darou,,,,,,,,1
2253116,Darou Tiéguène,14.0,-14.78333,Kaffrine,Koungheul,0,,,darou,,,,,,,,1
13554106,Darou Tiékène,14.43535,-15.23505,Kaffrine,Malem Hodar,0,,,darou,,,,,,,,1
2253114,Darou Touré,14.98593,-16.27932,Diourbel,Diourbel,0,,,darou,,,,Touré,Mandinka,,,1
13509352,Darou Yermané,14.16633,-16.01707,Kaolack,Guinguineo,0,,,darou,,,,,,,,1
2253130,Darou-Salam,15.27286,-14.03889,Matam,Ranerou,0,,,darou,,,,,,,,1
2253190,Daroul Rhaïry,13.05203,-16.56145,Ziguinchor,Bignona,0,,,darou,,,,,,,,1
2253105,Darsalam,13.4,-14.96667,Kolda,Medina Yoroufoula,0,,,,,,,,,,,3
2253108,Darsalam,13.02838,-12.55595,Kedougou,Kedougou,0,,,,,,,,,,,3
2253113,Darsalam,12.49806,-16.33472,Ziguinchor,Ziguinchor,0,,,,,,,,,,,3
2253101,Darsalam Mama Touré,13.05,-14.35,Kolda,Medina Yoroufoula,0,,,,,,,Touré,Mandinka,,,1
2253100,Darsilam,12.51222,-15.72417,Sedhiou,Goudomp,0,,,,,,,,,,,1
2253099,Darsilame,12.65028,-15.47111,Sedhiou,Goudomp,0,,,,,,,,,,,1
2253098,Darsilamé,12.88333,-15.73333,Sedhiou,Sedhiou,0,,,,,,,,,,,1
2253257,Daré Sermaké,15.35,-16.08333,Louga,Kebemer,0,,,,,,,,,,,1
2253256,Daré Tiouli,15.0218,-15.9946,Louga,Kebemer,0,,,,,,,,,,,1
2253095,Das Ngrou,15.5179,-15.1101,Louga,Linguere,0,,,,,,,,,,,1
2253094,Dassilamé,13.2,-15.78333,Sedhiou,Bounkiling,0,,,,,,,,,,,1
2253093,Dassilamé Missira,13.66393,-16.423,Fatick,Foundiougne,0,,,missira,,,,,,,,1
13658321,Dassilamé Santhie,13.66613,-16.42872,Fatick,Foundiougne,0,,,,,,,,,,,1
13658015,Dassilamé Sérèr,13.75041,-16.47763,Fatick,Foundiougne,0,,,,Sérèr,Dassilamé,,,,,,1
6917777,Datiémi,12.5997,-12.8638,Kedougou,Salemata,0,,,,,,,,,,,1
2253089,Dator,13.31667,-15.68333,Sedhiou,Bounkiling,0,,,,,,,,,,,1
2253088,Datorkouta,13.3,-15.73333,Sedhiou,Bounkiling,0,,,,,,,,,,,1
2253090,Datyilé,14.26134,-15.74042,Kaffrine,Birkelane,0,,,,,,,,,,,1
2253087,Davadi,14.05,-14.31667,Tambacounda,Koumpentoum,0,,,,,,,,,,,1
2253086,Davédia,15.4634,-15.7449,Louga,Linguere,0,,,,,,,,,,,1
2253083,Dayamber,15.1,-16.78333,Thies,Tivaoune,0,,,,,,,,,,,1
2253082,Dayane Guélodé,14.73333,-14.78333,Matam,Ranerou,0,,,,,,,,,,,1
2253081,Dayane Keur Diamba Sira,14.73333,-14.75,Matam,Ranerou,0,,,,,,,,,,,1
2253080,Dayane Kodiolé,14.8,-14.75,Louga,Linguere,0,,,,,,,,,,,1
2253079,Dayane Laoniandi,14.76667,-14.75,Matam,Ranerou,0,,,,,,,,,,,1
2253078,Dayar,14.28333,-13.9,Tambacounda,Koumpentoum,0,,,,,,,,,,,1
2253076,Daymane,16.14222,-16.05583,Saint Louis,Dagana,0,,,,,,,,,,,1
2253401,Daétangel,13.98333,-13.35,Tambacounda,Goudiry,0,,,,,,,,,,,1
2253360,Daïbatou,12.83333,-14.83333,Kolda,Kolda,0,,,,,,,,,,,1
2253064,Dedji,14.64429,-12.20977,Tambacounda,Bakel,0,,,,,,,,,,,1
2253056,Dekhlêt,15.03333,-16.18333,Louga,Kebemer,0,,,,,,,,,,,1
2253054,Dekmodi,15.1839,-15.2861,Louga,Linguere,0,,,,,,,,,,,1
2253052,Delbi,14.23893,-15.30205,Kaffrine,Malem Hodar,0,,,,,,,,,,,1
2253046,Demba Ba,14.08333,-13.53333,Tambacounda,Goudiry,0,,,,,,,Ba,Pulaar,,,1
2253958,Demba Badiane,15.3951,-15.7239,Louga,Linguere,0,,,,,,,,,,,1
2253045,Demba Boiro,12.75,-13.95,Kolda,Velingara,0,,,,,,,,,,,1
2253048,Demba Diam,14.8416,-15.5678,Louga,Linguere,0,,,,,,,,,,,1
2253043,Demba Koli,13.76064,-12.8614,Tambacounda,Goudiry,0,,,,,,,,,,,1
2253042,Demba Kounda Kakofa,12.91667,-13.73333,Kolda,Velingara,0,,,,,,,,,,,1
2253041,Demba Koura,14.73333,-15.51667,Diourbel,Mbacke,0,,,,,,,,,,,1
13507306,Demba Ndiaté,14.501,-16.17819,Fatick,Gossas,0,,,,,,,,,,,1
2253038,Demba Ngom Faye,14.4,-15.9,Fatick,Gossas,0,,,,,,,Faye,Sérèr,,,1
2253035,Demba Tilal,15.6943,-15.7144,Louga,Louga,0,,,,,,,,,,,1
2253034,Demba Tilo,16.32002,-14.06716,Saint Louis,Podor,0,,,,,,,,,,,1
2253039,Dembala Bérola,13.28347,-11.74322,Kedougou,Saraya,0,,,,,,,,,,,1
2253037,Dembankané,15.08893,-12.6998,Matam,Kanel,5293,,,,,,,,,,,1
2253036,Dembari,13.66667,-14.13333,Tambacounda,Tambacounda,0,,,,,,,,,,,1
2253033,Demboubé,13.51667,-14.41667,Tambacounda,Tambacounda,0,,,,,,,,,,,1
2253314,Dembé,16.54202,-14.57084,Saint Louis,Podor,0,,,,,,,,,,,1
11497858,Demette,16.56759,-14.2796,Saint Louis,Podor,3042,,,,,,,,,,,1
2595981,Demizine,16.2025,-16.43056,Saint Louis,Dagana,0,,,,,,,,,,,1
2253031,Demou,13.76667,-13.98333,Tambacounda,Tambacounda,0,,,,,,,,,,,1
2247756,Dendey,14.7228,-16.03362,Diourbel,Mbacke,0,,,,,,,,,,,1
2253027,Dendifa,13.21289,-12.01003,Kedougou,Saraya,0,,,,,,,,,,,1
2595642,Deni Demba Codou,14.73428,-17.18041,Dakar,Rufisque,0,,,,,,,,,,,1
2253019,Denndoudi,15.78333,-13.9,Matam,Matam,0,,,,,,,,,,,1
2253011,Derklé,14.72517,-17.45109,Dakar,Dakar,0,,,,,,,,,,,1
2253010,Derlêt,15.28333,-16.2,Louga,Kebemer,0,,,,,,,,,,,1
2253009,Deroudji,16.40194,-15.70556,Saint Louis,Dagana,0,,,,,,,,,,,1
2253008,Derr,15.26667,-16.2,Louga,Kebemer,0,,,,,,,,,,,1
2253007,Dertadi,13.81667,-15.8,Kaolack,Nioro Du Rip,0,,,,,,,,,,,1
2253003,Deuk Bouréy,15.80944,-16.38861,Louga,Louga,0,,,,,,,,,,,1
2253002,Deye Koit,15.3431,-15.4192,Louga,Linguere,0,,,,,,,,,,,1
2253060,Deï Semmbou,15.43333,-16.18333,Louga,Louga,0,,,,,,,,,,,1
2252999,Dia,14.83333,-15.8,Diourbel,Mbacke,0,,,,,,,Dia,Pulaar,,,1
2252716,Dia Nioum,16.51667,-15.15,Saint Louis,Podor,0,,,,,,,,,,,1
13554073,Diaba,14.33621,-15.67868,Kaffrine,Kaffrine,0,,,,,,,,,,,1
2252987,Diaba-Senegal,13.41667,-15.21667,Kolda,Medina Yoroufoula,0,,,,,,,,,,,1
2252995,Diabakounda,12.4625,-15.68722,Sedhiou,Goudomp,0,kounda,Mandinka,,,,,,,,,1
2252993,Diabal,15.30812,-14.936,Louga,Linguere,0,,,,,,,,,,,2
2252994,Diabal,14.78433,-12.46768,Tambacounda,Bakel,0,,,,,,,,,,,2
2252990,Diabane,12.54472,-16.09306,Ziguinchor,Ziguinchor,0,,,,,,,,,,,1
2252988,Diabarki,15.0998,-15.9886,Louga,Kebemer,0,,,,,,,,,,,1
2596021,Diabaye,16.11722,-16.25639,Saint Louis,Dagana,0,,,,,,,,,,,1
13507230,Diabel,14.74175,-16.02274,Diourbel,Mbacke,0,,,,,,,,,,,1
2252979,Diabel Sambou,12.85,-14.68333,Kolda,Kolda,0,,,,,,,,,,,1
2252477,Diabi,12.881,-11.73648,Kedougou,Saraya,0,,,,,,,,,,,2
2252976,Diabi,14.04323,-15.26419,Kaffrine,Malem Hodar,0,,,,,,,,,,,2
13551559,Diabi Deux,14.77401,-15.52445,Diourbel,Mbacke,0,,,,,,2,,,,,1
13553450,Diabi Keur Serigne Bara,14.74983,-15.55232,Diourbel,Mbacke,0,,,serigne,,,,,,,,1
13508991,Diabi Koundél,14.44628,-16.13983,Fatick,Gossas,0,,,,,,,,,,,1
11468043,Diabir,12.89265,-16.05214,Ziguinchor,Bignona,0,,,,,,,,,,,1
2252970,Diaboudior,13.13333,-16.18333,Ziguinchor,Bignona,0,,,,,,,,,,,2
2252971,Diaboudior,12.91694,-16.28222,Ziguinchor,Bignona,0,,,,,,,,,,,2
2252969,Diaboudior Tangal,13.1341,-16.1856,Ziguinchor,Bignona,0,,,,,,,,,,,1
2252962,Diabougou,14.54256,-12.22227,Tambacounda,Bakel,0,,,,,,,,,,,7
2252964,Diabougou,14.16667,-16.76667,Thies,Mbour,0,,,,,,,,,,,7
2252965,Diabougou,13.85,-13.55,Tambacounda,Tambacounda,0,,,,,,,,,,,7
2252966,Diabougou,13.65,-14.21667,Tambacounda,Tambacounda,0,,,,,,,,,,,7
2252967,Diabougou,13.55,-13.53333,Tambacounda,Tambacounda,0,,,,,,,,,,,7
2252968,Diabougou,13.42869,-11.87748,Tambacounda,Bakel,0,,,,,,,,,,,7
6648033,Diabougou,14.04271,-12.19646,Tambacounda,Bakel,0,,,,,,,,,,,7
2252961,Diabougou Dembo Drané,13.45,-14.96667,Kolda,Medina Yoroufoula,0,,,,,,,,,,,1
2252960,Diabougou Koli,12.88333,-14.21667,Kolda,Kolda,0,,,,,,,,,,,1
2252963,Diabougou Mossi,14.29512,-12.46631,Tambacounda,Bakel,0,,,,,,,,,,,1
2252959,Diabougou Nionkoli,13.01667,-15.16667,Sedhiou,Sedhiou,0,,,,,,,,,,,1
2252958,Diabougou Paté,12.86667,-14.23333,Kolda,Kolda,0,,,,,,,,,,,1
2252957,Diabrikindiong,12.88806,-16.04667,Ziguinchor,Bignona,0,,,,,,,,,,,1
13507299,Diabrou,14.661,-16.12001,Diourbel,Diourbel,0,,,,,,,,,,,1
2252977,Diabéri,12.53635,-11.65677,Kedougou,Saraya,0,,,,,,,,,,,1
2252956,Diacopère,12.93361,-16.12639,Ziguinchor,Bignona,0,,,,,,,,,,,1
2252948,Diad Ndiaye,15.5,-16.15,Louga,Louga,0,,,,,,,Ndiaye,Wolof,,,1
2252955,Diadala,13.61667,-13.75,Tambacounda,Tambacounda,0,,,,,,,,,,,1
2252953,Diadiakh,14.58718,-16.414,Fatick,Fatick,0,,,,,,,,,,,1
2252951,Diadiel,14.47399,-16.26118,Fatick,Fatick,0,,,,,,,,,,,1
2596051,Diadièr,15.81889,-16.26306,Louga,Louga,0,,,,,,,,,,,1
2252949,Diadj,15.73333,-16.38333,Louga,Louga,0,,,,,,,,,,,2
2252950,Diadj,15.71667,-16.35,Louga,Louga,0,,,,,,,,,,,2
13658762,Diadoukounda,13.15329,-16.02522,Ziguinchor,Bignona,0,kounda,Mandinka,,,,,,,,,1
13508540,Diaf Diammé,14.28773,-16.28931,Kaolack,Kaolack,0,,,,,,,,,,,1
2252942,Diafar,12.75806,-15.9825,Sedhiou,Sedhiou,0,,,,,,,,,,,1
2252939,Diafilon,12.9275,-15.84694,Sedhiou,Sedhiou,0,,,,,,,,,,,1
2252936,Diaga,16.38009,-14.28379,Saint Louis,Podor,0,,,,,,,,,,,2
2252937,Diaga,14.76667,-15.9,Diourbel,Mbacke,0,,,,,,,,,,,2
2252935,Diaga Diari,14.57513,-12.42665,Tambacounda,Bakel,0,,,,,,,,,,,1
13553639,Diaga Keur Sérigne Niang,14.6212,-15.3088,Kaffrine,Malem Hodar,0,,,serigne,,,,Niang,Wolof,,,1
13505581,Diaga Salaw,14.8256,-16.24626,Diourbel,Diourbel,0,,,,,,,,,,,1
13509094,Diagane Barka,14.01904,-16.29444,Fatick,Foundiougne,0,,,,,,,,,,,1
13657985,Diagane Sader,13.92666,-16.27782,Fatick,Foundiougne,0,,,,,,,,,,,1
13509104,Diagane Sanghane,14.02739,-16.29152,Fatick,Foundiougne,0,,,,,,,,,,,1
2252930,Diaglé,16.20306,-15.69778,Saint Louis,Dagana,0,,,,,,,,,,,4
2252931,Diaglé,14.3753,-16.31054,Fatick,Fatick,0,,,,,,,,,,,4
2252933,Diaglé,14.17481,-15.46004,Kaffrine,Kaffrine,0,,,,,,,,,,,4
2252934,Diaglé,13.84958,-16.36964,Fatick,Foundiougne,0,,,,,,,,,,,4
2252932,Diaglé Ngor,14.19732,-16.10201,Kaolack,Guinguineo,0,,,,,,,,,,,1
13509324,Diagnel,14.02133,-16.02633,Kaolack,Kaolack,0,,,,,,,,,,,1
2252928,Diagnon,12.58083,-15.97417,Ziguinchor,Ziguinchor,0,,,,,,,,,,,1
2252926,Diagon,12.91167,-16.16639,Ziguinchor,Bignona,0,,,,,,,,,,,1
2252925,Diagoubel,12.69972,-16.32639,Ziguinchor,Bignona,0,,,,,,,,,,,1
2252922,Diagour,12.81667,-16.01667,Ziguinchor,Bignona,0,,,,,,,,,,,1
2252921,Diaguéli,15.27552,-14.67086,Louga,Linguere,0,,,,,,,,,,,1
2252917,Diahene Sienté,13.83333,-15.98333,Kaolack,Nioro Du Rip,0,,,,,,,,,,,1
2252918,Diahène Dioubène,13.8,-15.98333,Kaolack,Nioro Du Rip,0,,,,,,,,,,,1
2252915,Diak,14.4,-16.38333,Fatick,Fatick,0,,,,,,,,,,,1
2252908,Diak Mbodokhane,14.69029,-16.71641,Thies,Thies,0,,,,,,,,,,,1
2252879,Diak Saw,15.00212,-16.63636,Thies,Tivaoune,0,,,,,,,,,,,1
2252913,Diakaba,13.31667,-13.08333,Tambacounda,Tambacounda,0,,,,,,,,,,,1
2252912,Diakael,14.63918,-16.15814,Diourbel,Diourbel,0,,,,,,,,,,,1
2252909,Diakali,13.53333,-15.11667,Kolda,Medina Yoroufoula,0,,,,,,,,,,,1
2252653,Diakaw Saloum,14.32613,-15.53283,Kaffrine,Kaffrine,0,,,,,,,,,,,1
13507254,Diakaèl Dig,14.66638,-16.15034,Diourbel,Diourbel,0,,,,,,,,,,,1
13507263,Diakaèl Tokossone,14.65142,-16.14368,Diourbel,Diourbel,0,,,,,,,,,,,1
2252902,Diakha,15.81667,-16.21667,Louga,Louga,0,,,,,,,,,,,1
2252901,Diakha Madina,12.77088,-11.66643,Kedougou,Saraya,0,,,madina,,,,,,,,1
2252914,Diakhaba,12.8159,-12.068,Kedougou,Kedougou,0,,,,,,,,,,,1
13505478,Diakhal,14.86614,-16.46351,Diourbel,Bambey,0,,,,,,,,,,,1
2252910,Diakhaling,13.25457,-11.93268,Kedougou,Saraya,0,,,,,,,,,,,1
2252899,Diakhao,14.46317,-16.28943,Fatick,Fatick,4398,,,,,,,,,,,1
2252898,Diakhaslène,15.71667,-16.15,Louga,Louga,0,,,,,,,,,,,1
2252667,Diakhatil Maram,14.8619,-16.66487,Thies,Thies,0,,,,,,,,,,,1
2252895,Diakhaté,15.51667,-16.21667,Louga,Louga,0,,,,,,,,,,,4
2252896,Diakhaté,15.48333,-16.26667,Louga,Louga,0,,,,,,,,,,,4
2252897,Diakhaté,14.81667,-16.9,Thies,Thies,0,,,,,,,,,,,4
13507444,Diakhaté,14.4325,-16.68815,Thies,Mbour,0,,,,,,,,,,,4
2252894,Diakhaté Ndalom,15.48333,-16.23333,Louga,Louga,0,,,,,,,,,,,1
13554098,Diakhaw Saloum,14.32953,-15.33261,Kaffrine,Malem Hodar,0,,,,,,,,,,,1
2252889,Diakine,13.12241,-16.25888,Ziguinchor,Bignona,0,,,,,,,,,,,2
2252890,Diakine,12.91611,-16.25417,Ziguinchor,Bignona,0,,,,,,,,,,,2
2252888,Diaklé,13.6,-15.53333,Kaolack,Nioro Du Rip,0,,,,,,,,,,,1
2252887,Diakoulané,14.88634,-12.55937,Tambacounda,Bakel,0,,,,,,,,,,,1
2252885,Diakounda,12.96,-15.95944,Sedhiou,Bounkiling,0,kounda,Mandinka,,,,,,,,,1
2252884,Diakoundaré,13.86667,-14.78333,Kaffrine,Koungheul,0,,,,,,,,,,,1
2252881,Diakoye,13.10985,-16.23981,Ziguinchor,Bignona,0,,,,,,,,,,,2
2252883,Diakoye,12.91667,-16.35,Ziguinchor,Bignona,0,,,,,,,,,,,2
2252880,Diakoye Banga,12.99694,-16.21917,Ziguinchor,Bignona,0,,,,,,,,,,,1
13658804,Diakoye Batong,13.01707,-16.22838,Ziguinchor,Bignona,0,,,,,,,,,,,1
2252882,Diakoye Komboli,13.10951,-16.28964,Ziguinchor,Bignona,0,,,,,,,,,,,1
2595460,Diaksaw,14.60648,-17.09544,Thies,Mbour,0,,,,,,,,,,,2
2595782,Diaksaw,14.75287,-17.36744,Dakar,Pikine,0,,,,,,,,,,,2
2595869,Diaksaw Peul,14.77574,-17.18438,Dakar,Rufisque,0,,,,Peul (Fulani),Diaksaw,,,,,,1
2252906,Diakène,12.44278,-16.62944,Ziguinchor,Oussouye,0,,,,,,,,,,,1
2252904,Diakène Ouolof,12.45639,-16.64,Ziguinchor,Oussouye,0,,,,Wolof,Diakène,,,,,,1
2252907,Diaké Samba,14.27453,-15.74502,Kaffrine,Birkelane,0,,,,,,,,,,,1
2595695,Dial Diop,14.66,-17.44028,Dakar,Dakar,0,,,,,,,Diop,Wolof,,,1
6645339,Dial Foulbé,16.11099,-13.51623,Matam,Matam,0,,,,,,,,,,,1
2252877,Dial Soubalbé,16.1158,-13.51384,Matam,Matam,0,,,,,,,,,,,1
2252874,Diala,13.52419,-11.96035,Tambacounda,Bakel,0,,,,,,,,,,,1
6648034,Diala Amadou,14.26332,-12.212,Tambacounda,Bakel,0,,,,,,,,,,,1
2252857,Diala Maka,13.36667,-13.11667,Tambacounda,Tambacounda,0,,,maka,,,,,,,,1
2252872,Dialaba,13.06667,-15.4,Sedhiou,Bounkiling,0,,,,,,,,,,,1
2252867,Dialaba Deux,14.00597,-16.31699,Fatick,Foundiougne,0,,,,,,2,,,,,1
2252869,Dialaba Diéri,13.23333,-15.26667,Kolda,Medina Yoroufoula,0,,,,,,,,,,,1
2252871,Dialaba Un,14.00173,-16.31289,Fatick,Foundiougne,0,,,,,,1,,,,,1
2252866,Dialadian,12.7,-13.75,Kolda,Velingara,0,,,,,,,,,,,1
2252864,Dialakani,13.01667,-14.18333,Kolda,Velingara,0,,,,,,,,,,,1
2252862,Dialakatoba,13.3466,-12.04437,Kedougou,Saraya,0,,,,,,,,,,,1
2252861,Dialakoto,13.31667,-13.3,Tambacounda,Tambacounda,0,,,,,,,,,,,1
2252860,Dialakoumbi,12.68333,-14.6,Kolda,Kolda,0,,,,,,,,,,,1
2252859,Dialali Alisso,13.98333,-13.7,Tambacounda,Goudiry,0,,,,,,,,,,,1
2252854,Dialambéré,13.1,-15.3,Sedhiou,Bounkiling,0,,,,,,,,,,,3
2252855,Dialambéré,12.88333,-14.53333,Kolda,Kolda,0,,,,,,,,,,,3
2252856,Dialambéré,12.81667,-14.23333,Kolda,Velingara,0,,,,,,,,,,,3
2252850,Dialang,12.46667,-16.41667,Ziguinchor,Ziguinchor,0,,,,,,,,,,,1
2252849,Dialankine,13.03333,-15.81667,Sedhiou,Bounkiling,0,,,,,,,,,,,1
2252847,Dialassaba,13.65,-14.1,Tambacounda,Tambacounda,0,,,,,,,,,,,1
2252846,Dialassabakounda,13.65,-14.33333,Tambacounda,Tambacounda,0,kounda,Mandinka,,,,,,,,,1
2252237,Dialassène,14.41642,-16.25888,Fatick,Fatick,0,,,,,,,,,,,1
2252844,Dialata,13.2,-14.18333,Kolda,Velingara,0,,,,,,,,,,,1
2252843,Dialatoye,13.71667,-14.78333,Tambacounda,Koumpentoum,0,,,,,,,,,,,1
2252839,Dialgane Guedji,15.56667,-16.38333,Louga,Kebemer,0,,,,,,,,,,,1
2252838,Dialgane Kane,15.56667,-16.43333,Louga,Kebemer,0,,,,,,,Kane,Pulaar,,,1
2252837,Diali,15.3595,-15.0792,Louga,Linguere,0,,,,,,,,,,,1
2252835,Dialiko,13.36667,-13.65,Tambacounda,Tambacounda,0,,,,,,,,,,,1
2252833,Dialinkine,12.89056,-15.25694,Sedhiou,Sedhiou,0,,,,,,,,,,,1
2252832,Dialit,14.66667,-16.46667,Diourbel,Bambey,0,,,,,,,,,,,1
2252831,Dialka,15.03333,-16.81667,Thies,Tivaoune,0,,,,,,,,,,,1
2252827,Diallo,15.3045,-15.1217,Louga,Linguere,0,,,,,,,Diallo,Pulaar,,,2
6917510,Diallo,15.3163,-15.1337,Louga,Linguere,0,,,,,,,Diallo,Pulaar,,,2
2252828,Dialo,14.73333,-16.55,Diourbel,Bambey,0,,,,,,,,,,,1
2252826,Dialo Kouna,13.76667,-15.61667,Kaolack,Nioro Du Rip,0,,,,,,,,,,,1
2252825,Dialokounda,13.88333,-13.58333,Tambacounda,Goudiry,0,kounda,Mandinka,,,,,,,,,1
2252823,Dialoubé,15.10308,-12.93097,Matam,Kanel,0,,,,,,,,,,,1
2252840,Dialène Mbaye,14.56667,-15.83333,Fatick,Gossas,0,,,,,,,Mbaye,Wolof,,,1
13658788,Dialéo,13.06185,-16.22893,Ziguinchor,Bignona,0,,,,,,,,,,,1
2252781,Diam Bougou,14.56667,-16.3,Fatick,Fatick,0,,,,,,,,,,,1
2252775,Diam Diam,14.14739,-15.28486,Kaffrine,Malem Hodar,0,,,,,,,,,,,2
2252776,Diam Diam,13.86667,-14.66667,Tambacounda,Koumpentoum,0,,,,,,,,,,,2
2252756,Diam Lali,15.67768,-14.04045,Matam,Matam,0,,,,,,,,,,,1
6645345,Diam Oury,16.06768,-13.90514,Saint Louis,Podor,0,,,,,,,,,,,1
2252754,Diama,15.658,-15.5783,Louga,Linguere,0,,,,,,,,,,,4
2252806,Diama,15.78917,-16.35556,Louga,Louga,0,,,,,,,,,,,4
2252817,Diama,16.20306,-16.40389,Saint Louis,Dagana,0,,,,,,,,,,,4
2252818,Diama,15.65,-16.45,Louga,Kebemer,0,,,,,,,,,,,4
2252813,Diama Gadio,13.78333,-15.41667,Kaffrine,Kaffrine,0,,,,,,,,,,,1
2252811,Diama Guène,13.78333,-15.43333,Kaolack,Nioro Du Rip,0,,,,,,,,,,,1
2252797,Diama Palène,13.8,-15.45,Kaolack,Nioro Du Rip,0,,,,,,,,,,,1
2252819,Diama Tiène,15.0478,-16.6743,Thies,Tivaoune,0,,,,,,,,,,,1
2252794,Diama Tiévi,13.75,-15.48333,Kaolack,Nioro Du Rip,0,,,,,,,,,,,1
2596099,Diama Toubé,15.9475,-16.45556,Saint Louis,Saint Louis,0,,,,,,,,,,,1
2252815,Diamadi,13.21667,-13.46667,Tambacounda,Tambacounda,0,,,,,,,,,,,1
2252814,Diamafara,13.93333,-15.61667,Kaffrine,Birkelane,0,,,,,,,,,,,1
2595999,Diamaguene,16.02278,-16.49833,Saint Louis,Saint Louis,0,,,,,,,,,,,1
13657992,Diamagueun,13.87217,-16.34581,Fatick,Foundiougne,0,,,,,,,,,,,1
2252807,Diamaguène,14.93333,-16.76667,Thies,Tivaoune,0,,,,,,,,,,,6
2252808,Diamaguène,14.48333,-16.1,Fatick,Gossas,0,,,,,,,,,,,6
2252809,Diamaguène,14.17658,-15.70988,Kaffrine,Birkelane,0,,,,,,,,,,,6
2252810,Diamaguène,13.85,-14.18333,Tambacounda,Koumpentoum,0,,,,,,,,,,,6
2252812,Diamaguène,13.76667,-15.8,Kaolack,Nioro Du Rip,0,,,,,,,,,,,6
13554675,Diamaguène,14.16636,-15.41651,Kaffrine,Kaffrine,0,,,,,,,,,,,6
13505580,Diamakheul,14.81885,-16.22727,Diourbel,Diourbel,0,,,,,,,,,,,1
2252805,Diamakolong,14.00547,-15.63149,Kaffrine,Birkelane,0,,,,,,,,,,,1
2252802,Diamal,16.51324,-14.50462,Saint Louis,Podor,0,,,,,,,,,,,2
2252803,Diamal,14.10737,-15.76341,Kaffrine,Birkelane,0,,,,,,,,,,,2
2252801,Diamalatiel,13.26667,-15.65,Sedhiou,Bounkiling,0,,,,,,,,,,,1
2252796,Diamar,16.06278,-16.21556,Saint Louis,Dagana,0,,,,,,,,,,,1
2252793,Diamaye,12.6,-15.35,,,0,,,,,,,,,,,1
2252792,Diamaye Inor,13.03333,-15.95,Ziguinchor,Bignona,0,,,,,,,,,,,1
2252791,Diamaye Kadialon,13.03333,-15.93333,Ziguinchor,Bignona,0,,,,,,,,,,,1
2252790,Diamaye Kankandé,13.01667,-15.95,Ziguinchor,Bignona,0,,,,,,,,,,,1
2252789,Diamaye Kansérane,13.05,-15.96667,Ziguinchor,Bignona,0,,,,,,,,,,,1
2252788,Diambadina,13.85,-13.6,Tambacounda,Tambacounda,0,,,,,,,,,,,1
2252288,Diambal,15.4469,-15.2135,Louga,Linguere,0,,,,,,,,,,,2
13507429,Diambal,14.4527,-16.59877,Fatick,Fatick,0,,,,,,,,,,,2
2252786,Diambalo,15.06667,-16.91667,Thies,Tivaoune,0,,,,,,,,,,,1
2252785,Diambaloye,13.95366,-12.10796,Tambacounda,Bakel,0,,,,,,,,,,,1
2252735,Diambalé,15.1826,-15.5905,Louga,Linguere,0,,,,,,,,,,,1
2252784,Diambaty,13.03333,-15.48333,Sedhiou,Bounkiling,0,,,,,,,,,,,1
13509024,Diambey Peul,14.3967,-16.19141,Fatick,Fatick,0,,,,Peul (Fulani),Diambey,,,,,,1
13509034,Diambey Wolof,14.40633,-16.18603,Fatick,Fatick,0,,,,Wolof,Diambey,,,,,,1
2252733,Diambo,16.57018,-14.84575,Saint Louis,Podor,0,,,,,,,,,,,1
2252780,Diambour,13.98333,-15.81667,Kaolack,Kaolack,0,,,,,,,,,,,1
2252777,Diamboye,14.73333,-15.51667,Diourbel,Mbacke,0,,,,,,,,,,,1
2252783,Diambé Dali,14.77946,-15.49288,Diourbel,Mbacke,0,,,,,,,,,,,1
2252782,Diambéli,13.13333,-15.26667,Sedhiou,Bounkiling,0,,,,,,,,,,,1
2252769,Diamel,14.61667,-14.91667,Kaffrine,Koungheul,0,,,,,,,,,,,2
2252770,Diamel,14.41667,-14.33333,Tambacounda,Koumpentoum,0,,,,,,,,,,,2
2252764,Diamel Diayat,16.26295,-14.05645,Saint Louis,Podor,0,,,,,,,,,,,1
2252757,Diamkoulori,13.46667,-14.31667,Tambacounda,Tambacounda,0,,,,,,,,,,,1
2595398,Diamm Bougoum,14.52526,-17.01388,Thies,Mbour,0,,,,,,,,,,,2
13507257,Diamm Bougoum,14.61559,-16.23704,Diourbel,Diourbel,0,,,,,,,,,,,2
2252748,Diamm Séli,14.5938,-16.24148,Diourbel,Diourbel,0,,,,,,,,,,,1
2252820,Diamma,14.73645,-16.17596,Diourbel,Diourbel,0,,,,,,,,,,,1
2595786,Diammagueun,14.7504,-17.36599,Dakar,Pikine,0,,,,,,,,,,,2
2595972,Diammagueun,14.87527,-17.13348,Thies,Thies,0,,,,,,,,,,,2
2252760,Diammel Siré,16.17673,-13.96747,Saint Louis,Podor,0,,,,,,,,,,,1
2252768,Diammél,15.67803,-13.23669,Matam,Matam,0,,,,,,,,,,,1
2252753,Diamniadio,14.06668,-16.57411,Fatick,Fatick,0,,,,,,,,,,,2
2595640,Diamniadio,14.72051,-17.1816,Dakar,Rufisque,47759,,,,,,,,,,,2
2252752,Diamotil,15.13333,-16.45,Thies,Tivaoune,0,,,,,,,,,,,1
2252751,Diamounguel,15.11464,-12.93154,Matam,Kanel,0,,,,,,,,,,,1
2252750,Diamourdala,13.54972,-12.2576,Tambacounda,Bakel,0,,,,,,,,,,,1
13509021,Diamsira,14.3245,-16.23696,Kaolack,Kaolack,0,,,,,,,,,,,1
13509014,Diamsène,14.47669,-16.19095,Fatick,Gossas,0,,,,,,,,,,,1
2252697,Diamvéli,14.94008,-12.60746,Matam,Kanel,0,,,,,,,,,,,3
2252745,Diamvéli,15.39192,-13.04829,Matam,Kanel,0,,,,,,,,,,,3
2252746,Diamvéli,13.05,-13.46667,Tambacounda,Tambacounda,0,,,,,,,,,,,3
2252611,Diamwéli,14.69633,-15.87431,Diourbel,Mbacke,0,,,,,,,,,,,2
6644082,Diamwéli,15.4465,-13.1825,Matam,Kanel,0,,,,,,,,,,,2
2252696,Diamwéli Alassane,14.47732,-15.72837,Kaolack,Guinguineo,0,,,,,,,,,,,1
13551154,Diamwéli Deux,14.91599,-15.95508,Diourbel,Mbacke,0,,,,,,2,,,,,1
2252695,Diamwéli Mor,14.47407,-15.72306,Kaolack,Guinguineo,0,,,,,,,,,,,1
2252771,Diamédioko,14.21738,-12.21808,Tambacounda,Bakel,0,,,,,,,,,,,1
2252762,Diaménar,15.99944,-15.91417,Louga,Louga,0,,,,,,,,,,,1
2252742,Diana,13.53981,-12.86194,Tambacounda,Goudiry,0,,,,,,,,,,,3
2252743,Diana,12.97528,-16.71806,Ziguinchor,Bignona,0,,,,,,,,,,,3
2252744,Diana,12.7,-13.75,Kolda,Velingara,0,,,,,,,,,,,3
2252737,Diana Malari,12.84833,-15.24972,Sedhiou,Sedhiou,3066,,,,,,,,,,,1
2252736,Diana Sonkodou,13.06667,-15.48333,Sedhiou,Bounkiling,0,,,,,,,,,,,1
2252740,Dianafou,12.45417,-15.64944,Sedhiou,Goudomp,0,,,,,,,,,,,1
2252739,Dianag,12.94028,-16.21417,Ziguinchor,Bignona,0,,,,,,,,,,,2
13658766,Dianag,13.10369,-16.14995,Ziguinchor,Bignona,0,,,,,,,,,,,2
2252738,Dianah Ba,12.83111,-15.22639,Sedhiou,Sedhiou,0,,,,,,,Ba,Pulaar,,,1
2252732,Dianbour,13.85,-14.48333,Tambacounda,Koumpentoum,0,,,,,,,,,,,1
2252730,Diandian,13.08333,-13.95,Kolda,Velingara,0,,,,,,,,,,,1
2252729,Diandiaye,12.98333,-14.93333,Kolda,Kolda,0,,,,,,,,,,,1
2252727,Diandioli,15.54132,-13.24831,Matam,Matam,0,,,,,,,,,,,1
2252728,Diandième,12.93278,-15.93778,Sedhiou,Bounkiling,0,,,,,,,,,,,1
2252726,Diandoumé,14.58333,-16.41667,Fatick,Fatick,0,,,,,,,,,,,1
2247771,Diangane Keur Gadji,13.64565,-16.3115,Fatick,Foundiougne,0,,,,,,,,,,,1
2252721,Diangho,12.81056,-16.02861,Ziguinchor,Bignona,0,,,,,,,,,,,1
2252720,Diango,12.88139,-16.06611,Ziguinchor,Bignona,0,,,,,,,,,,,1
2252719,Diangueli,12.85139,-15.07417,Kolda,Kolda,0,,,,,,,,,,,1
2252715,Dianioundi,12.69722,-15.90222,Sedhiou,Sedhiou,0,,,,,,,,,,,1
2252717,Dianiène,13.8,-15.6,Kaolack,Nioro Du Rip,0,,,,,,,,,,,1
2252714,Diankadjoul,12.64222,-16.76944,Ziguinchor,Bignona,0,,,,,,,,,,,1
2252713,Diankankounda,13.03333,-14.4,Kolda,Medina Yoroufoula,0,kounda,Mandinka,,,,,,,,,1
2252712,Diankankounda Mala,13.01667,-14.4,Kolda,Kolda,0,,,,,,,,,,,1
2252711,Diankankounda Ogueul,13.01667,-14.36667,Kolda,Kolda,0,,,,,,,,,,,1
2252707,Dianki,12.8625,-16.46944,Ziguinchor,Bignona,0,,,,,,,,,,,1
2252706,Diankobinni,13.66667,-13.58333,Tambacounda,Tambacounda,0,,,,,,,,,,,1
2252710,Dianké Kaw,14.27766,-15.36523,Kaffrine,Malem Hodar,0,,,,,,,,,,,1
2252709,Dianké Makam,13.67508,-12.66133,Tambacounda,Goudiry,0,,,,,,,,,,,1
2252708,Dianké Souf,14.22965,-15.33539,Kaffrine,Malem Hodar,0,,,,,,,,,,,1
2252705,Diano Kam,15.3,-16.45,Thies,Tivaoune,0,,,,,,,,,,,1
2252704,Dianori,13.96917,-16.75885,Fatick,Fatick,0,,,,,,,,,,,1
2252703,Dianoubé,13.06226,-16.29037,Ziguinchor,Bignona,0,,,,,,,,,,,1
2252702,Dianoundio,12.50917,-16.07972,Ziguinchor,Ziguinchor,0,,,,,,,,,,,1
2252701,Dianrhar,15.08333,-16.75,Thies,Tivaoune,0,,,,,,,,,,,1
2252698,Dianvéli,13.85,-14.18333,Tambacounda,Koumpentoum,0,,,,,,,,,,,2
2252699,Dianvéli,13.21667,-14.06667,Kolda,Velingara,0,,,,,,,,,,,2
2252723,Dianète Tierno,12.83611,-15.08056,Kolda,Kolda,0,,,,,,,,,,,1
2252725,Diané,14.56866,-16.3115,Fatick,Fatick,0,,,,,,,,,,,1
2252724,Dianékounda,13.68333,-14.61667,Tambacounda,Koumpentoum,0,kounda,Mandinka,,,,,,,,,1
2252693,Diao,12.69222,-15.98111,Sedhiou,Sedhiou,0,,,,,,,,,,,1
2252688,Diaorel,14.6,-14.86667,Kaffrine,Koungheul,0,,,,,,,,,,,2
2252689,Diaorel,14.41667,-14.63333,Tambacounda,Koumpentoum,0,,,,,,,,,,,2
2252690,Diaoré,14.61667,-16.13333,Diourbel,Diourbel,0,,,,,,,,,,,1
2252687,Diaoualdi,14.73333,-16.06667,Diourbel,Mbacke,0,,,,,,,,,,,1
2252686,Diaouar,16.48139,-16.06278,Saint Louis,Dagana,0,,,,,,,,,,,1
2252685,Diaoubé,12.91667,-14.16667,Kolda,Velingara,26165,,,,,,,,,,,1
2252684,Diaoulé,14.37587,-16.22174,Fatick,Fatick,0,,,,,,,,,,,1
2252682,Diaounar Doumou,13.21667,-15.73333,Sedhiou,Bounkiling,0,,,,,,,,,,,1
2252681,Diaoune Ndiane,15.46667,-16.55,Louga,Kebemer,0,,,,,,,,,,,1
2252679,Diaourou,12.71917,-15.88556,Sedhiou,Sedhiou,0,,,,,,,,,,,1
2252677,Diapto,13.86667,-14.88333,Kaffrine,Koungheul,0,,,,,,,,,,,1
2252675,Diara,16.5474,-14.59751,Saint Louis,Podor,0,,,,,,,,,,,1
2252670,Diaranté,13.84142,-12.59085,Tambacounda,Goudiry,0,,,,,,,,,,,1
2252666,Diaraye,14.91667,-15.9,Diourbel,Mbacke,0,,,,,,,,,,,1
2252657,Diarfa,12.68139,-15.43528,Sedhiou,Goudomp,0,,,,,,,,,,,1
2252656,Diarga,14.68333,-16.61667,Thies,Thies,0,,,,,,,,,,,1
2252655,Diarga Ka,14.41667,-15.7,Kaolack,Guinguineo,0,,,,,,,Ka,Pulaar,,,1
2252652,Diarhaye,14.9,-16.08333,Diourbel,Mbacke,0,,,,,,,,,,,1
13506777,Diarigne,14.71629,-16.54417,Diourbel,Bambey,0,,,,,,,,,,,1
13504563,Diarkhalé,14.89961,-16.86669,Thies,Tivaoune,0,,,,,,,,,,,1
13509017,Diarno,14.34789,-16.24292,Fatick,Fatick,0,,,,,,,,,,,1
2252645,Diaro,12.61667,-12.88333,Kedougou,Salemata,0,,,,,,,,,,,1
2252644,Diarone,12.8275,-16.17389,Ziguinchor,Bignona,0,,,,,,,,,,,1
2252643,Diaroumé,12.98222,-15.61778,Sedhiou,Bounkiling,0,,,,,,,,,,,1
13658214,Diarèkh,13.99019,-16.12154,Kaolack,Kaolack,0,,,,,,,,,,,1
2252658,Diarèng,12.81139,-15.36333,Sedhiou,Goudomp,0,,,,,,,,,,,1
2252893,Diarère,14.44377,-16.48347,Fatick,Fatick,0,,,,,,,,,,,1
2252659,Diaré Mbolo,14.48709,-12.63409,Tambacounda,Goudiry,0,,,,,,,,,,,1
13506509,Dias Palam,14.65292,-16.941,Thies,Thies,0,,,,,,,,,,,1
2252640,Diassap,15.96667,-16.31667,Saint Louis,Saint Louis,0,,,,,,,,,,,2
2252641,Diassap,14.83012,-16.9022,Thies,Thies,0,,,,,,,,,,,2
2252639,Diassi,12.56667,-16.28333,Ziguinchor,Ziguinchor,0,,,,,,,,,,,1
2252638,Diassina,12.99778,-15.15056,Kolda,Kolda,0,,,,,,,,,,,1
2252637,Diassoum Diamaguène,14.14197,-15.67152,Kaffrine,Birkelane,0,,,,,,,,,,,1
13508985,Diat Mourid Deux,14.3249,-16.19975,Kaolack,Kaolack,0,,,,,,2,,,,,1
13509015,Diat Mourid Un,14.33934,-16.20896,Kaolack,Kaolack,0,,,,,,1,,,,,1
2252636,Diatadaokounda,12.73333,-14.2,Kolda,Velingara,0,kounda,Mandinka,,,,,,,,,1
2252635,Diatafaka,13.93333,-15.51667,Kaffrine,Birkelane,0,,,,,,,,,,,1
2252634,Diatal,16.6325,-14.91342,Saint Louis,Podor,0,,,,,,,,,,,1
2252633,Diatandingkounda,12.75806,-15.8,Sedhiou,Sedhiou,0,kounda,Mandinka,,,,,,,,,1
2252632,Diatang,12.92667,-16.33167,Ziguinchor,Bignona,0,,,,,,,,,,,1
11072096,Diatar,16.63368,-14.91669,Saint Louis,Podor,0,,,,,,,,,,,1
2252628,Diatassaba,13.58333,-14.1,Tambacounda,Tambacounda,0,,,,,,,,,,,1
2252627,Diatbè Niadè,15.8455,-15.8766,Louga,Louga,0,,,,,,,,,,,1
2252626,Diatem,12.46917,-16.62472,Ziguinchor,Oussouye,0,,,,,,,,,,,1
2252625,Diati Mbaye,15.1535,-16.7184,Thies,Tivaoune,0,,,,,,,Mbaye,Wolof,,,1
2252622,Diatmel Moussa,14.41441,-15.75847,Kaolack,Guinguineo,0,,,,,,,,,,,1
2252621,Diatmi,15.0742,-15.9989,Louga,Kebemer,0,,,,,,,,,,,1
13506503,Diatmoury,14.52303,-16.8129,Thies,Mbour,0,,,,,,,,,,,1
2252620,Diatok,12.70778,-16.40611,Ziguinchor,Bignona,0,,,,,,,,,,,1
13504784,Diatong,14.83893,-16.61934,Diourbel,Bambey,0,,,,,,,,,,,1
2252618,Diatouma,13.0,-14.93333,Kolda,Medina Yoroufoula,0,,,,,,,,,,,2
2252619,Diatouma,12.78722,-15.58444,Sedhiou,Sedhiou,0,,,,,,,,,,,2
2252616,Diatourou Kounda,12.83333,-14.9,Kolda,Kolda,0,kounda,Mandinka,,,,,,,,,1
2252615,Diattakounda,12.56972,-15.68417,Sedhiou,Goudomp,4356,kounda,Mandinka,,,,,,,,,1
2252614,Diattamine,12.8,-14.38333,Kolda,Kolda,0,,,,,,,,,,,1
2252607,Diavrigne Amari,15.38333,-16.61667,Louga,Kebemer,0,,,,,,,,,,,1
2252604,Diaw Ba,12.6925,-15.99333,Sedhiou,Sedhiou,0,,,,,,,Ba,Pulaar,,,1
2252606,Diawara,15.02196,-12.54374,Tambacounda,Bakel,7541,,,,,,,,,,,1
2252680,Diawré Kouta,14.61028,-15.91822,Diourbel,Mbacke,0,,,,,,,,,,,1
2252608,Diawène,14.85627,-15.81093,Diourbel,Mbacke,0,,,,,,,,,,,1
13504688,Diawé,14.88668,-16.74055,Thies,Thies,0,,,,,,,,,,,1
2252613,Diawé Sérèr,14.6167,-15.96109,Diourbel,Mbacke,0,,,,Sérèr,Diawé,,,,,,1
2252603,Diawéli,14.34528,-12.37476,Tambacounda,Bakel,0,,,,,,,,,,,1
2252601,Diayane,15.85,-16.8,,,0,,,,,,,,,,,2
2252602,Diayane,14.85939,-16.79003,Thies,Thies,0,,,,,,,,,,,2
2252600,Diaye,13.68333,-15.98333,Kaolack,Nioro Du Rip,0,,,,,,,,,,,1
2252593,Diaye Nianbagaye,15.08333,-16.5,Thies,Tivaoune,0,,,,,,,,,,,1
2252945,Diaène Parba,15.3932,-15.2206,Louga,Linguere,0,,,,,,,,,,,1
2252944,Diaène Tioto,15.40162,-15.21848,Louga,Linguere,0,,,,,,,,,,,1
6917797,Diaéri,12.4493,-12.1781,Kedougou,Kedougou,0,,,,,,,,,,,1
2252916,Diaïga Tioubalo,16.4026,-14.23176,Saint Louis,Podor,0,,,,,,,,,,,1
2252592,Dibane,14.41667,-16.36667,Fatick,Fatick,0,,,,,,,,,,,1
2252590,Dibia,12.7,-11.83333,Kedougou,Kedougou,0,,,,,,,,,,,1
2252589,Dibiko,12.98333,-12.5,Kedougou,Kedougou,0,,,,,,,,,,,1
2252588,Dibito,12.73333,-14.5,Kolda,Kolda,0,,,,,,,,,,,1
2252586,Didioré,12.73333,-14.35,Kolda,Kolda,0,,,,,,,,,,,1
2252587,Didé,13.97055,-12.34431,Tambacounda,Goudiry,0,,,,,,,,,,,1
2252582,Diedéli,13.1,-15.88333,Sedhiou,Bounkiling,0,,,,,,,,,,,1
2252569,Diemballa,13.75,-15.41667,Kaffrine,Kaffrine,0,,,,,,,,,,,1
2252568,Diembéreng,12.46889,-16.78056,Ziguinchor,Oussouye,0,,,,,,,,,,,1
2252562,Dieminguiké,12.95389,-15.10917,Kolda,Kolda,0,,,,,,,,,,,1
2252558,Diender Guedj,14.87482,-17.0801,Thies,Thies,0,,,,,,,,,,,1
2252560,Diendé,12.76861,-15.56194,Sedhiou,Sedhiou,0,,,,,,,,,,,1
2252555,Diengi,12.75111,-16.27639,Ziguinchor,Bignona,0,,,,,,,,,,,1
2247751,Diengui,14.67439,-15.64729,Fatick,Gossas,0,,,,,,,,,,,1
2252554,Diennbar,15.35,-16.01667,Louga,Kebemer,0,,,,,,,,,,,1
2252553,Dienndé,13.56667,-14.38333,Tambacounda,Tambacounda,0,,,,,,,,,,,1
2252552,Dienné,15.28333,-16.48333,Thies,Tivaoune,0,,,,,,,,,,,1
2252551,Dienné Rat,15.26667,-16.45,Thies,Tivaoune,0,,,,,,,,,,,1
2252543,Dietkougne,15.25,-16.76667,Thies,Tivaoune,0,,,,,,,,,,,1
2596095,Dieuleuk,15.945,-16.48444,Saint Louis,Saint Louis,0,,,,,,,,,,,1
2596092,Dieulé Mbam,15.94083,-16.49528,Saint Louis,Saint Louis,0,,,,,,,,,,,1
2252541,Difourou,13.39218,-12.92783,Tambacounda,Tambacounda,0,,,,,,,,,,,1
2252540,Digane,14.83333,-16.05,Diourbel,Mbacke,0,,,,,,,,,,,2
2254433,Digane,14.79278,-15.98585,Diourbel,Mbacke,0,,,,,,,,,,,2
2252538,Digne,15.0712,-16.2479,Thies,Tivaoune,0,,,,,,,,,,,1
2252536,Diguel,15.18333,-16.26667,Thies,Tivaoune,0,,,,,,,,,,,1
2252533,Diguimar,13.65,-15.58333,Kaolack,Nioro Du Rip,0,,,,,,,,,,,1
2252532,Diguine Wolof,14.79289,-15.71521,Diourbel,Mbacke,0,,,,Wolof,Diguine,,,,,,1
2252535,Diguèt,12.6775,-16.75639,Ziguinchor,Bignona,0,,,,,,,,,,,1
2252529,Dik Do,15.601,-15.093,Louga,Linguere,0,,,,,,,,,,,1
2252530,Dika,15.5639,-13.37906,Matam,Matam,0,,,,,,,,,,,1
2252526,Dikounta,12.76667,-16.1,Ziguinchor,Bignona,0,,,,,,,,,,,1
2252528,Dikès,12.80194,-16.20306,Ziguinchor,Bignona,0,,,,,,,,,,,1
2252525,Dilapao,12.61639,-16.38444,Ziguinchor,Bignona,0,,,,,,,,,,,1
2252523,Dili Loum,14.41667,-15.9,Fatick,Gossas,0,,,,,,,,,,,1
2252522,Dimar,16.53333,-15.11667,Saint Louis,Podor,0,,,,,,,,,,,1
13504802,Dimar Kane,14.93293,-16.55078,Diourbel,Bambey,0,,,,,,,Kane,Pulaar,,,1
2252520,Dimassane,12.58167,-16.73,Ziguinchor,Bignona,0,,,,,,,,,,,1
2252518,Dimba Siriel,12.68333,-14.08333,Kolda,Velingara,0,,,,,,,,,,,1
2252519,Dimbadidéré,12.7,-14.03333,Kolda,Velingara,0,,,,,,,,,,,1
2571769,Dimbaya,13.16467,-16.63362,Ziguinchor,Bignona,0,,,,,,,,,,,1
6586397,Dimboli,12.46407,-11.99561,Kedougou,Kedougou,0,,,,,,,,,,,1
2252515,Dimbordé,15.3024,-15.3493,Louga,Linguere,0,,,,,,,,,,,1
2252514,Dimbou,14.84354,-16.26473,Diourbel,Diourbel,0,,,,,,,,,,,1
2252516,Dimbéré,13.98333,-15.75,Kaffrine,Birkelane,0,,,,,,,,,,,1
2252513,Dimessira,14.06667,-16.6,Fatick,Fatick,0,,,,,,,,,,,1
2252498,Dindiari,12.45163,-11.65073,Kedougou,Saraya,0,,,,,,,,,,,1
2247752,Dindjéli,15.4077,-15.4601,Louga,Linguere,0,,,,,,,,,,,1
2252508,Dindoudi,14.65458,-12.9352,Matam,Kanel,0,,,,,,,,,,,1
6647989,Dindoudi Doka,14.27773,-12.60769,Tambacounda,Goudiry,0,,,,,,,,,,,1
2252507,Dindoudi Séydi,14.46667,-13.05,Tambacounda,Goudiry,0,,,,,,,,,,,1
2252510,Dindédié,14.38333,-13.4,Tambacounda,Goudiry,0,,,,,,,,,,,1
2252499,Dindéféllo,12.3816,-12.3248,Kedougou,Kedougou,0,,,,,,,,,,,1
2252494,Dingala,12.482,-12.4665,Kedougou,Kedougou,0,,,,,,,,,,,1
2252500,Dinguiraye,14.97408,-16.42941,Diourbel,Bambey,0,,,,,,,,,,,3
2252502,Dinguiraye,13.3,-14.61667,Kolda,Medina Yoroufoula,0,,,,,,,,,,,3
2252503,Dinguiraye,13.21667,-15.01667,Kolda,Medina Yoroufoula,0,,,,,,,,,,,3
2252501,Dinguiraye Marondé,14.03666,-16.12294,Kaolack,Kaolack,0,,,,,,,,,,,1
13514641,Dinguiraye Youssouf,14.02703,-16.122,Kaolack,Kaolack,0,,,,,,,,,,,1
6659069,Dinkokono,12.79665,-11.46877,Kedougou,Saraya,0,,,,,,,,,,,1
2252497,Dinndi Bala,14.83333,-15.81667,Diourbel,Mbacke,0,,,,,,,,,,,1
2252496,Dinndoudi,13.84043,-12.41984,Tambacounda,Goudiry,0,,,,,,,,,,,1
2252495,Dinndoudi Chédi,14.28024,-12.60872,Tambacounda,Goudiry,0,,,,,,,,,,,1
2252489,Dinnguiraye,13.85,-15.86667,Kaolack,Nioro Du Rip,0,,,,,,,,,,,3
2252490,Dinnguiraye,13.23333,-14.98333,Kolda,Medina Yoroufoula,0,,,,,,,,,,,3
2252491,Dinnguiraye,13.03333,-14.56667,Kolda,Medina Yoroufoula,0,,,,,,,,,,,3
2252476,Diob,14.36564,-16.59154,Fatick,Fatick,0,,,,,,,,,,,1
13508521,Diobaye,14.28729,-16.44246,Fatick,Fatick,0,,,,,,,,,,,1
6648017,Diobili Foulbé,14.47273,-12.20522,Tambacounda,Bakel,0,,,,,,,,,,,1
2252479,Diobène,14.81667,-15.85,Diourbel,Mbacke,0,,,,,,,,,,,4
2252482,Diobène,14.56667,-16.1,Diourbel,Diourbel,0,,,,,,,,,,,4
2252483,Diobène,14.43333,-15.7,Kaolack,Guinguineo,0,,,,,,,,,,,4
2252484,Diobène,12.57361,-15.6425,Sedhiou,Sedhiou,0,,,,,,,,,,,4
2252485,Diobé,16.49758,-14.50722,Saint Louis,Podor,0,,,,,,,,,,,1
2252474,Diofandor,13.82588,-16.61076,Fatick,Foundiougne,0,,,,,,,,,,,1
13507465,Diofane,14.43347,-16.57689,Fatick,Fatick,0,,,,,,,,,,,1
2252473,Diofior,14.1899,-16.66089,Fatick,Fatick,11312,,,,,,,,,,,1
2593142,Diogane,13.87524,-16.64424,Fatick,Foundiougne,0,,,,,,,,,,,1
2593145,Diogane Sossé,13.86305,-16.64863,Fatick,Foundiougne,0,,,,,,,,,,,1
2252471,Diogayo,13.8129,-16.57356,Fatick,Foundiougne,0,,,,,,,,,,,1
2252470,Diognère,12.90139,-15.90111,Sedhiou,Sedhiou,0,,,,,,,,,,,1
2252468,Diogo,15.3002,-16.8196,Thies,Tivaoune,0,,,,,,,,,,,2
2252469,Diogo,14.12359,-15.50784,Kaffrine,Kaffrine,0,,,,,,,,,,,2
6917800,Diogoma,12.3805,-12.3818,Kedougou,Kedougou,0,,,,,,,,,,,1
2252465,Diogop,14.88333,-14.51667,Matam,Ranerou,0,,,,,,,,,,,1
2252464,Diogoula,14.18701,-12.34577,Tambacounda,Bakel,0,,,,,,,,,,,1
2252463,Diogoye,14.56667,-16.95,Thies,Mbour,0,,,,,,,,,,,1
2252462,Diogué,12.57444,-16.7525,Ziguinchor,Bignona,0,,,,,,,,,,,1
2252460,Diohine,14.50282,-16.50219,Fatick,Fatick,0,,,,,,,,,,,1
13508552,Diok,14.43596,-16.31165,Fatick,Fatick,0,,,,,,,,,,,1
2252459,Diokadou,13.13341,-16.11301,Ziguinchor,Bignona,0,,,,,,,,,,,1
2252397,Diokam,14.55658,-16.10153,Diourbel,Diourbel,0,,,,,,,,,,,1
13504789,Diokane,14.85468,-16.56779,Diourbel,Bambey,0,,,,,,,,,,,2
13507259,Diokane,14.62057,-16.02786,Diourbel,Mbacke,0,,,,,,,,,,,2
2252457,Diokara,15.51667,-16.55,Louga,Kebemer,0,,,,,,,,,,,1
2252455,Diokdou,14.68411,-12.53337,Tambacounda,Bakel,0,,,,,,,,,,,1
2252386,Diokhar,14.4165,-16.76628,Thies,Mbour,0,,,,,,,,,,,2
11288476,Diokhar,14.415,-16.766,Thies,Mbour,0,,,,,,,,,,,2
2252384,Diokoul,14.49817,-16.44296,Fatick,Fatick,0,,,,,,,,,,,17
2252411,Diokoul,15.969,-15.9646,Louga,Louga,0,,,,,,,,,,,17
2252440,Diokoul,15.78389,-16.43639,Louga,Louga,0,,,,,,,,,,,17
2252441,Diokoul,15.63333,-16.45,Louga,Kebemer,0,,,,,,,,,,,17
2252442,Diokoul,15.46667,-16.15,Louga,Louga,0,,,,,,,,,,,17
2252443,Diokoul,15.41667,-16.35,Louga,Kebemer,0,,,,,,,,,,,17
2252444,Diokoul,15.23333,-16.41667,Thies,Tivaoune,0,,,,,,,,,,,17
2252445,Diokoul,15.11667,-16.7,Thies,Tivaoune,0,,,,,,,,,,,17
2252447,Diokoul,14.73004,-16.64701,Thies,Thies,0,,,,,,,,,,,17
2252448,Diokoul,14.71691,-17.29038,Dakar,Rufisque,0,,,,,,,,,,,17
2252449,Diokoul,14.70913,-16.3491,Diourbel,Bambey,0,,,,,,,,,,,17
2252450,Diokoul,14.36667,-16.43333,Fatick,Fatick,0,,,,,,,,,,,17
2252451,Diokoul,14.25886,-16.19262,Kaolack,Kaolack,0,,,,,,,,,,,17
2252452,Diokoul,13.95,-15.28333,Kaffrine,Kaffrine,0,,,,,,,,,,,17
2252453,Diokoul,13.83333,-15.65,Kaffrine,Birkelane,0,,,,,,,,,,,17
2252454,Diokoul,13.81667,-15.4,Kaffrine,Kaffrine,0,,,,,,,,,,,17
13505437,Diokoul,14.86784,-16.336,Diourbel,Diourbel,0,,,,,,,,,,,17
2252439,Diokoul Diavrigne,15.3692,-16.5154,Louga,Kebemer,0,,,,,,,,,,,1
2252438,Diokoul Mbaye,15.18333,-16.53333,Thies,Tivaoune,0,,,,,,,Mbaye,Wolof,,,1
2252437,Diokoul Ndiaye,15.45,-16.56667,Louga,Kebemer,0,,,,,,,Ndiaye,Wolof,,,1
2252436,Diokoul Sob,14.26667,-16.16667,Kaolack,Kaolack,0,,,,,,,,,,,1
2252434,Diol,14.71667,-16.3,Diourbel,Bambey,0,,,,,,,,,,,1
2252431,Diol Ndiaye,14.68457,-16.69674,Thies,Thies,0,,,,,,,Ndiaye,Wolof,,,1
2252433,Diola,12.50917,-16.30083,Ziguinchor,Ziguinchor,0,,,,Diola (Jola),,,,,,,2
13505379,Diola,14.99822,-16.4901,Diourbel,Bambey,0,,,,Diola (Jola),,,,,,,2
2252432,Diolakounda,13.26667,-15.8,Sedhiou,Bounkiling,0,kounda,Mandinka,,,,,,,,,1
2252430,Dioldiolète,15.4921,-15.6185,Louga,Linguere,0,,,,,,,,,,,1
2252429,Dioli,13.98333,-15.33333,Kaffrine,Kaffrine,0,,,,,,,,,,,1
2252428,Dioli Mbaba,13.88333,-15.5,Kaffrine,Kaffrine,0,,,,,,,,,,,1
13507331,Diolofira Séko,14.38546,-16.76326,Thies,Mbour,0,,,,,,,,,,,1
13507318,Diolofira Sérèr,14.38767,-16.79044,Thies,Mbour,0,,,,Sérèr,Diolofira,,,,,,1
13507320,Diolofira Wolof,14.38113,-16.77296,Thies,Mbour,0,,,,Wolof,Diolofira,,,,,,1
2252424,Diolol Diaoubé,15.83758,-13.50146,Matam,Matam,0,,,,,,,,,,,1
2244043,Diolol Yalalbé,15.84809,-13.50298,Matam,Matam,0,,,,,,,,,,,1
2252421,Diom,15.01667,-16.05,Louga,Kebemer,0,,,,,,,,,,,1
2252419,Diom Bassatakh,15.81667,-16.11667,Louga,Louga,0,,,,,,,,,,,1
2252420,Diomandou,16.50907,-14.43406,Saint Louis,Podor,0,,,,,,,,,,,1
2252414,Diomegueul,14.33333,-16.63333,Fatick,Fatick,0,,,,,,,,,,,1
2252412,Diomgandou-Diéri,16.49362,-14.39813,Saint Louis,Podor,0,,,,,,,,,,,1
2247713,Diomkhél,14.64737,-16.31028,Diourbel,Diourbel,0,,,,,,,,,,,2
2252401,Diomkhél,14.2087,-16.13177,Kaolack,Kaolack,0,,,,,,,,,,,2
2247981,Diomkhél Peul,14.19784,-16.12541,Kaolack,Kaolack,0,,,,Peul (Fulani),Diomkhél,,,,,,1
2252410,Diomoye,15.4785,-16.0875,Louga,Louga,0,,,,,,,,,,,1
2252409,Diondène,12.85722,-16.12806,Ziguinchor,Bignona,0,,,,,,,,,,,1
2252486,Dionewar,13.88792,-16.72997,Fatick,Foundiougne,0,,,,,,,,,,,1
2252407,Dionfana,12.9,-14.88333,Kolda,Kolda,0,,,,,,,,,,,1
2252406,Diongo,14.85532,-16.21096,Diourbel,Diourbel,0,,,,,,,,,,,1
2252405,Diongol,13.04468,-16.30206,Ziguinchor,Bignona,0,,,,,,,,,,,1
2252403,Dionguer,12.91083,-15.90694,Sedhiou,Sedhiou,0,,,,,,,,,,,1
2252400,Diongui,16.17134,-13.98326,Saint Louis,Podor,0,,,,,,,,,,,1
2252399,Dionvelli,13.85,-15.8,Kaolack,Nioro Du Rip,0,,,,,,,,,,,1
2252398,Diop,14.4997,-16.6263,Thies,Mbour,0,,,,,,,Diop,Wolof,,,1
2252396,Diop Diofène,14.33333,-16.6,Fatick,Fatick,0,,,,,,,,,,,1
2252394,Diop Kounda,13.26667,-15.75,Sedhiou,Bounkiling,0,kounda,Mandinka,,,,,,,,,2
2252395,Diop Kounda,12.86722,-15.28333,Sedhiou,Sedhiou,0,kounda,Mandinka,,,,,,,,,2
2248110,Diop Ndofène,14.39564,-16.53783,Fatick,Fatick,0,,,,,,,,,,,1
2252392,Dior,15.1,-16.5,Thies,Tivaoune,0,,,,,,,,,,,1
2252391,Dioral,14.34195,-16.4821,Fatick,Fatick,0,,,,,,,,,,,1
2252390,Diorbivol,16.10251,-13.70132,Matam,Matam,0,,,,,,,,,,,1
6645344,Diorbivol Station,16.1166,-13.71983,Matam,Matam,0,,,,,,,,,,,1
2252388,Diorel Assana,14.31667,-13.51667,Tambacounda,Tambacounda,0,,,,,,,,,,,1
2252385,Diorhor,16.11833,-15.99111,Saint Louis,Dagana,0,,,,,,,,,,,1
2252383,Diori,15.3822,-15.112,Louga,Linguere,0,,,,,,,,,,,1
2252382,Diorno,16.16139,-16.06444,Saint Louis,Dagana,0,,,,,,,,,,,1
2252381,Dioro,15.38333,-16.03333,Louga,Kebemer,0,,,,,,,,,,,1
13505482,Diorou,14.86765,-16.47662,Diourbel,Bambey,0,,,,,,,,,,,1
2252387,Diorène,13.23333,-14.66667,Kolda,Medina Yoroufoula,0,,,,,,,,,,,1
2596002,Dios Peul,16.19722,-16.36333,Saint Louis,Dagana,0,,,,Peul (Fulani),Dios,,,,,,1
2252378,Diossong,13.92952,-16.33449,Fatick,Foundiougne,0,,,,,,,,,,,1
2252375,Diouane,15.15,-16.48333,Thies,Tivaoune,0,,,,,,,,,,,1
13507030,Dioub Sérèr,14.54345,-16.34978,Fatick,Fatick,0,,,,Sérèr,Dioub,,,,,,1
13506979,Dioub Toucouleur,14.54563,-16.37105,Fatick,Fatick,0,,,,Toucouleur (Haalpulaar),Dioub,,,,,,1
2252371,Dioubour,12.66667,-16.13333,Ziguinchor,Bignona,0,,,,,,,,,,,1
2252372,Dioubène Taïba,13.9,-15.53333,Kaffrine,Birkelane,0,,,taiba,,,,,,,,1
2252374,Dioubéla,13.75531,-12.11091,Tambacounda,Bakel,0,,,,,,,,,,,1
2252373,Dioubéne Diaklé,13.88333,-15.55,Kaffrine,Birkelane,0,,,,,,,,,,,1
13554075,Dioud Nguel Deux,14.36001,-15.57664,Kaffrine,Kaffrine,0,,,,,,2,,,,,1
2252320,Dioud Nguel Un,14.35452,-15.58201,Kaffrine,Kaffrine,0,,,,,,1,,,,,1
2252408,Dioud Nguèl,14.42449,-16.00889,Fatick,Gossas,0,,,,,,,,,,,1
2252370,Dioude,16.58333,-14.86667,Saint Louis,Podor,0,,,,,,,,,,,1
2252368,Dioudian Kalou,13.0838,-16.02557,Ziguinchor,Bignona,0,,,,,,,,,,,1
2252367,Dioudian Kantapor,13.06222,-16.04199,Ziguinchor,Bignona,0,,,,,,,,,,,1
2252363,Dioudiourinndé,12.62944,-15.41333,Sedhiou,Goudomp,0,,,,,,,,,,,1
2252362,Dioudoubou,12.70972,-15.48083,Sedhiou,Goudomp,0,,,,,,,,,,,1
13554027,Dioudy Peul,14.46265,-15.8995,Fatick,Gossas,0,,,,Peul (Fulani),Dioudy,,,,,,1
2252369,Dioudé Diabé,16.32727,-13.98221,Saint Louis,Podor,0,,,,,,,,,,,1
2252361,Dioufana,12.92306,-15.24917,Sedhiou,Sedhiou,0,,,,,,,,,,,1
13554040,Dioufène,14.42042,-15.93988,Fatick,Gossas,0,,,,,,,,,,,1
13507311,Diougal Wolof,14.68766,-16.08822,Diourbel,Diourbel,0,,,,Wolof,Diougal,,,,,,1
13506491,Diougane,14.69801,-16.91733,Thies,Thies,0,,,,,,,,,,,1
2252355,Diougol,12.5071,-12.6408,Kedougou,Salemata,0,,,,,,,,,,,1
2252356,Diougol Diara,12.48333,-12.6,Kedougou,Salemata,0,,,,,,,,,,,1
2596027,Diougop Peul,16.04861,-16.42611,Saint Louis,Saint Louis,0,,,,Peul (Fulani),Diougop,,,,,,1
2252354,Diouguel,14.4,-14.41667,Tambacounda,Koumpentoum,0,,,,,,,,,,,1
2252350,Diougueul Sanarabé,15.4236,-14.3939,Matam,Ranerou,0,,,,,,,,,,,1
2252352,Diouguène,15.38333,-16.13333,Louga,Kebemer,0,,,,,,,,,,,1
2252349,Diouk,16.01111,-16.4725,Saint Louis,Saint Louis,0,,,,,,,,,,,1
2252347,Diouking,12.53833,-15.8625,Sedhiou,Goudomp,0,,,,,,,,,,,1
2252345,Dioukoul Sob,14.3,-16.2,Kaolack,Kaolack,0,,,,,,,,,,,1
2252344,Dioulacolon,12.81667,-14.86667,Kolda,Kolda,0,,,,,,,,,,,1
6658884,Dioulafoundou,12.80106,-11.8672,Kedougou,Saraya,0,,,,,,,,,,,1
2252343,Dioulagueul Banta,13.21667,-14.43333,Kolda,Medina Yoroufoula,0,,,,,,,,,,,1
2252342,Dioulangueul,13.9,-13.3,Tambacounda,Goudiry,0,,,,,,,,,,,1
2252339,Dioulmake Diabel,14.38333,-14.85,Kaffrine,Koungheul,0,,,,,,,,,,,1
2252337,Dioulou Kogné,14.95,-15.75,Louga,Linguere,0,,,,,,,,,,,1
2252336,Diouloulou,13.05009,-16.59978,Ziguinchor,Bignona,5920,,,,,,,,,,,1
2252324,Dioum Diaré,13.83333,-13.13333,Tambacounda,Goudiry,0,,,,,,,,,,,1
2252331,Diouma,14.63333,-16.18333,Diourbel,Diourbel,0,,,,,,,,,,,1
2252327,Diouma Ndiaguel,15.7534,-15.7748,Louga,Louga,0,,,,,,,,,,,1
2252330,Dioumana Bakari Baldé,13.03333,-15.13333,Kolda,Kolda,0,,,,,,,,,,,1
2252329,Dioumana Bakari Pata,13.06667,-15.11667,Kolda,Medina Yoroufoula,0,,,,,,,,,,,1
2252328,Dioumanan,15.2797,-14.6017,Louga,Linguere,0,,,,,,,,,,,1
2252326,Dioumanegar,14.01667,-16.61667,Fatick,Fatick,0,,,,,,,,,,,1
13554074,Dioumâda,14.3692,-15.65088,Kaffrine,Kaffrine,0,,,,,,,,,,,1
2252321,Dioung,14.76667,-16.95,Thies,Thies,0,,,,,,,,,,,2
13504764,Dioung,14.91373,-16.57258,Diourbel,Bambey,0,,,,,,,,,,,2
13554079,Dioungui Kandiané,14.31258,-15.46048,Kaffrine,Kaffrine,0,,,,,,,,,,,1
2252319,Diounkoré,13.71667,-13.68333,Tambacounda,Tambacounda,0,,,,,,,,,,,1
2252318,Diounkoré Dutou,13.7,-13.66667,Tambacounda,Tambacounda,0,,,,,,,,,,,1
2252317,Diounougé,12.91667,-16.37417,Ziguinchor,Bignona,0,,,,,,,,,,,1
2252316,Diountou Guéyène,14.05,-14.83333,Kaffrine,Koungheul,0,,,,,,,,,,,1
2571789,Diouonkène,13.15632,-16.1703,Ziguinchor,Bignona,0,,,,,,,,,,,1
2252315,Diouragon,12.945,-15.90139,Sedhiou,Bounkiling,0,,,,,,,,,,,1
2252314,Dioural,15.2098,-15.6136,Louga,Linguere,0,,,,,,,,,,,1
2252313,Diourane,14.71667,-16.45,Diourbel,Bambey,0,,,,,,,,,,,1
2252309,Diourbel,14.64792,-16.24363,Diourbel,Diourbel,157554,,,,,,,,,,,2
2252310,Diourbel,14.23333,-16.18333,Kaolack,Kaolack,0,,,,,,,,,,,2
2252306,Diourki,14.83333,-14.81667,Louga,Linguere,0,,,,,,,,,,,1
2252305,Diourmel,15.4,-16.76667,,,0,,,,,,,,,,,1
2252304,Diourou,12.80222,-16.27306,Ziguinchor,Bignona,0,,,,,,,,,,,1
2252302,Diouroup,14.36713,-16.52536,Fatick,Fatick,0,,,,,,,,,,,1
13514624,Diouroup Famak,14.34926,-16.53026,Fatick,Fatick,0,,,,,,,,,,,1
2252338,Diouroup Ndoundour,14.34341,-16.52409,Fatick,Fatick,0,,,,,,,,,,,1
2252301,Diourourou,13.05,-15.75,Sedhiou,Bounkiling,0,,,,,,,,,,,1
2593140,Diouré,13.90159,-16.64746,Fatick,Foundiougne,0,,,,,,,,,,,1
2252299,Dioutabassi,13.61667,-14.01667,Tambacounda,Tambacounda,0,,,,,,,,,,,1
2252461,Diowguel,16.09892,-13.69629,Matam,Matam,0,,,,,,,,,,,1
2252296,Dioyal,12.96667,-13.75,Kolda,Velingara,0,,,,,,,,,,,1
2252475,Dioère,12.45694,-16.41944,Ziguinchor,Ziguinchor,0,,,,,,,,,,,1
2252295,Dirimaro,13.08333,-14.4,Kolda,Medina Yoroufoula,0,,,,,,,,,,,1
2252294,Dirimbodial,16.07771,-13.79785,Saint Louis,Podor,0,,,,,,,,,,,1
2252293,Dirimé,13.61667,-13.86667,Tambacounda,Tambacounda,0,,,,,,,,,,,1
13552817,Diroye,14.69828,-15.93877,Diourbel,Mbacke,0,,,,,,,,,,,1
13658782,Ditéli,13.1058,-16.06038,Ziguinchor,Bignona,0,,,,,,,,,,,1
2252290,Diwane,14.97652,-16.11803,Louga,Kebemer,0,,,,,,,,,,,1
2252998,Diâba,16.0383,-13.73095,Matam,Matam,0,,,,,,,,,,,1
2252997,Diâba Déklé,16.0551,-13.76202,Saint Louis,Podor,0,,,,,,,,,,,1
2252991,Diâba Maoundé,16.05845,-13.76896,Saint Louis,Podor,0,,,,,,,,,,,1
13551637,Diâbi,14.81464,-15.4981,Diourbel,Mbacke,0,,,,,,,,,,,1
2252981,Diâbèl,14.58646,-15.57412,Fatick,Gossas,0,,,,,,,,,,,1
2252671,Diâranguel,16.21319,-13.92526,Saint Louis,Podor,0,,,,,,,,,,,1
13509326,Dièmoul,14.1822,-16.09465,Kaolack,Kaolack,0,,,,,,,,,,,1
2252559,Dièndér,14.45754,-16.11256,Fatick,Gossas,0,,,,,,,,,,,1
2252557,Diène,15.03333,-16.35,Thies,Tivaoune,0,,,,,,,,,,,1
2252585,Diéba,12.81667,-14.91667,Kolda,Kolda,0,,,,,,,,,,,1
2252584,Diébel Loro,15.3,-16.08333,Louga,Kebemer,0,,,,,,,,,,,1
13658806,Diédiel,13.01216,-16.20247,Ziguinchor,Bignona,0,,,,,,,,,,,1
2252579,Diégoun,12.83667,-16.3675,Ziguinchor,Bignona,0,,,,,,,,,,,1
2252722,Diégue,15.64452,-13.39646,Matam,Matam,0,,,,,,,,,,,1
2252578,Diégué,13.01936,-16.18893,Ziguinchor,Bignona,0,,,,,,,,,,,1
13504702,Diékinane,14.96707,-16.50547,Diourbel,Bambey,0,,,,,,,,,,,1
2252577,Diéla,15.24296,-12.89888,Matam,Kanel,0,,,,,,,,,,,1
2252576,Diélani,13.91106,-12.69451,Tambacounda,Goudiry,0,,,,,,,,,,,1
2595941,Diéleuk Peul,14.96778,-17.03785,Thies,Tivaoune,0,,,,Peul (Fulani),Diéleuk,,,,,,1
2247796,Diéleuk Wolof,14.96997,-17.03292,Thies,Tivaoune,0,,,,Wolof,Diéleuk,,,,,,1
2252574,Diéling,14.62164,-16.8158,Thies,Thies,0,,,,,,,,,,,1
2252572,Diélinkine,13.08055,-16.08178,Ziguinchor,Bignona,0,,,,,,,,,,,2
2252573,Diélinkine,13.05962,-16.10069,Ziguinchor,Bignona,0,,,,,,,,,,,2
2252570,Diélmon,13.72604,-16.41302,Fatick,Foundiougne,0,,,,,,,,,,,1
2252285,Diélé,15.2343,-15.6421,Louga,Linguere,0,,,,,,,,,,,1
2252575,Diélékénoum,12.51667,-16.41667,Ziguinchor,Ziguinchor,0,,,,,,,,,,,1
2595545,Diémbès,14.73432,-17.11675,Thies,Thies,0,,,,,,,,,,,1
2252563,Diémi,12.95,-16.0,Ziguinchor,Bignona,0,,,,,,,,,,,1
2252561,Diémoul,15.2287,-16.3366,Thies,Tivaoune,0,,,,,,,,,,,1
2252565,Diémékounda,12.86667,-15.23333,Sedhiou,Sedhiou,0,kounda,Mandinka,,,,,,,,,1
13658727,Diénoukounda,13.14381,-16.5635,Ziguinchor,Bignona,0,kounda,Mandinka,,,,,,,,,1
2252550,Diénoun Diala,13.21667,-13.11667,Tambacounda,Tambacounda,0,,,,,,,,,,,1
13504586,Diéné,14.91372,-16.8391,Thies,Tivaoune,0,,,,,,,,,,,1
2252547,Diéri Birane,15.3919,-15.3585,Louga,Linguere,0,,,,,,,,,,,1
2252546,Diéri Douga,16.43187,-14.42599,Saint Louis,Podor,0,,,,,,,,,,,1
2252545,Diéri Kao,13.61667,-15.58333,Kaolack,Nioro Du Rip,0,,,,,,,,,,,1
2252549,Diéré,14.9,-16.45,Diourbel,Bambey,0,,,,,,,,,,,2
13505427,Diéré,14.9913,-16.3086,Diourbel,Diourbel,0,,,,,,,,,,,2
2252389,Diôrel,14.7547,-16.35024,Diourbel,Bambey,0,,,,,,,,,,,1
2252287,Djambou,14.71667,-15.56667,Diourbel,Mbacke,0,,,,,,,,,,,1
2248568,Djamé,14.67016,-15.59566,Fatick,Gossas,0,,,,,,,,,,,1
6917794,Djendji,12.6758,-12.1775,Kedougou,Kedougou,0,,,,,,,,,,,1
2252283,Djené,14.55,-15.75,Fatick,Gossas,0,,,,,,,,,,,1
2252280,Djibabouya,12.79194,-15.96778,Sedhiou,Sedhiou,0,,,,,,,,,,,1
2252277,Djibakounda,13.3952,-12.4311,Tambacounda,Goudiry,0,kounda,Mandinka,,,,,,,,,1
2252278,Djibakéné,13.05,-15.26667,Sedhiou,Bounkiling,0,,,,,,,,,,,1
13658729,Djibali,13.05982,-16.59562,Ziguinchor,Bignona,0,,,,,,,,,,,1
2252275,Djibanar,12.54556,-16.25917,Ziguinchor,Ziguinchor,0,,,,,,,,,,,2
2252276,Djibanar,12.5425,-15.81056,Sedhiou,Goudomp,0,,,,,,,,,,,2
2251268,Djibara,13.10268,-16.4087,Ziguinchor,Bignona,0,,,,,,,,,,,1
2252274,Djibaya,14.23832,-16.01151,Kaolack,Guinguineo,0,,,,,,,,,,,1
2252269,Djibiam,13.07023,-16.28161,Ziguinchor,Bignona,0,,,,,,,,,,,1
2252270,Djibidione,13.06173,-16.2623,Ziguinchor,Bignona,0,,,,,,,,,,,1
2252268,Djibohère,12.53333,-16.35,Ziguinchor,Ziguinchor,0,,,,,,,,,,,1
2252267,Djibonker,12.53333,-16.35,Ziguinchor,Ziguinchor,0,,,,,,,,,,,1
2252273,Djibélor,12.55528,-16.325,Ziguinchor,Ziguinchor,0,,,,,,,,,,,1
2252271,Djibélor Baïnouk,12.55,-16.3,Ziguinchor,Ziguinchor,0,,,,,,,,,,,1
13551156,Djibéré Diamwéli,14.90168,-15.89209,Diourbel,Mbacke,0,,,,,,,,,,,1
2252265,Djida,14.2162,-15.10194,Kaffrine,Malem Hodar,0,,,,,,,,,,,4
2252266,Djida,13.41667,-14.9,Kolda,Medina Yoroufoula,0,,,,,,,,,,,4
2571742,Djida,13.59461,-16.37127,Fatick,Foundiougne,0,,,,,,,,,,,4
13554685,Djida,14.14479,-15.42325,Kaffrine,Kaffrine,0,,,,,,,,,,,4
2252264,Djidadji,12.54139,-15.43611,Sedhiou,Goudomp,0,,,,,,,,,,,1
11101623,Djidah thiaroye kao,14.76277,-17.38385,Dakar,Pikine,0,,,,,,,,,,,1
2252263,Djidje Kounda,13.75,-13.66667,Tambacounda,Tambacounda,0,kounda,Mandinka,,,,,,,,,1
2252261,Djifanga,13.16339,-16.19128,Ziguinchor,Bignona,0,,,,,,,,,,,1
2252260,Djifangor,12.56583,-16.22528,Ziguinchor,Ziguinchor,0,,,,,,,,,,,1
2252258,Djifine Téko,13.13333,-15.23333,Kolda,Medina Yoroufoula,0,,,,,,,,,,,1
2252259,Djifèr,13.93715,-16.76248,Fatick,Fatick,0,,,,,,,,,,,1
2252256,Djigane,13.93333,-15.36667,Kaffrine,Kaffrine,0,,,,,,,,,,,1
2252255,Djigirone,12.99417,-15.9675,Ziguinchor,Bignona,0,,,,,,,,,,,1
2252254,Djigné,15.01667,-16.83333,Thies,Tivaoune,0,,,,,,,,,,,1
2252253,Djigoyèr,13.13944,-16.14526,Ziguinchor,Bignona,0,,,,,,,,,,,1
2252250,Djiguinoume,12.67361,-16.19694,Ziguinchor,Bignona,0,,,,,,,,,,,1
2252249,Djiguipoum,12.73333,-16.05,Ziguinchor,Bignona,0,,,,,,,,,,,1
2252248,Djiguirone,13.10512,-16.24691,Ziguinchor,Bignona,0,,,,,,,,,,,1
2252247,Djihaba,12.67444,-15.51778,Sedhiou,Goudomp,0,,,,,,,,,,,1
2252246,Djiké,15.2743,-15.8754,Louga,Kebemer,0,,,,,,,,,,,1
2252244,Djilakh,14.5243,-16.88775,Thies,Mbour,0,,,,,,,,,,,2
2595466,Djilakh,14.62779,-17.10339,Thies,Mbour,0,,,,,,,,,,,2
2251247,Djilakoun,13.08559,-16.52058,Ziguinchor,Bignona,0,,,,,,,,,,,1
2252243,Djilakounda,13.15404,-16.25497,Ziguinchor,Bignona,0,kounda,Mandinka,,,,,,,,,1
2252241,Djilakoune,12.65444,-16.21361,Ziguinchor,Bignona,0,,,,,,,,,,,1
2252240,Djilakoune Boundao,12.65,-16.21667,Ziguinchor,Bignona,0,,,,,,,,,,,1
2252239,Djilanfalé,13.16374,-16.1418,Ziguinchor,Bignona,0,,,,,,,,,,,1
2252238,Djilas,14.24994,-16.63364,Fatick,Fatick,0,,,,,,,,,,,1
2252236,Djililo,12.45,-16.28333,Ziguinchor,Ziguinchor,0,,,,,,,,,,,1
2252235,Djilondine,12.91667,-16.26667,Ziguinchor,Bignona,0,,,,,,,,,,,1
2252234,Djilonguéa,12.8775,-15.98444,Ziguinchor,Bignona,0,,,,,,,,,,,1
2251243,Djilor,14.11607,-16.6573,Fatick,Fatick,0,,,,,,,,,,,2
2252233,Djilor,14.0576,-16.33434,Fatick,Foundiougne,0,,,,,,,,,,,2
2251246,Djilékhar,13.87349,-16.09718,Kaolack,Kaolack,0,,,,,,,,,,,1
2252231,Djimakakor,12.8175,-16.29194,Ziguinchor,Bignona,0,,,,,,,,,,,1
2252230,Djimandé,12.785,-16.39667,Ziguinchor,Bignona,0,,,,,,,,,,,1
2252229,Djimassar,12.55417,-15.72222,Sedhiou,Goudomp,0,,,,,,,,,,,1
2252228,Djimbana,12.50944,-15.70028,Sedhiou,Goudomp,0,,,,,,,,,,,1
2252226,Djimbé,14.61795,-12.1661,Tambacounda,Bakel,0,,,,,,,,,,,1
2593152,Djinak Bara,13.60111,-16.54889,,,0,,,,,,,,,,,1
2252224,Djinak Diatako,13.60188,-16.54092,Fatick,Foundiougne,0,,,,,,,,,,,1
2252222,Djinake,12.94667,-16.46278,Ziguinchor,Bignona,0,,,,,,,,,,,1
2252223,Djinakh,15.36667,-16.55,Louga,Kebemer,0,,,,,,,,,,,1
13658811,Djinal,13.02721,-16.17565,Ziguinchor,Bignona,0,,,,,,,,,,,1
2252221,Djinani I,13.23333,-15.73333,Sedhiou,Bounkiling,0,,,,,,1,,,,,1
2252220,Djinani II,13.21667,-15.56667,Sedhiou,Bounkiling,0,,,,,,2,,,,,1
2252219,Djindé,12.76667,-15.56667,Sedhiou,Sedhiou,0,,,,,,,,,,,1
2252218,Djinimine,12.96611,-16.575,Ziguinchor,Bignona,0,,,,,,,,,,,1
2252217,Djiniper,13.06667,-15.88333,Sedhiou,Bounkiling,0,,,,,,,,,,,1
2252216,Djinnthiang,15.36323,-12.95073,Matam,Kanel,0,,,,,,,,,,,1
2252214,Djinokouna,12.56667,-16.15778,Ziguinchor,Ziguinchor,0,,,,,,,,,,,1
2251237,Djinol,13.0003,-16.39899,Ziguinchor,Bignona,0,,,,,,,,,,,2
13658745,Djinol,13.00647,-16.37615,Ziguinchor,Bignona,0,,,,,,,,,,,2
2252213,Djinonaye,12.98333,-16.13333,Ziguinchor,Bignona,0,,,,,,,,,,,1
2251224,Djinoungué,13.02227,-16.31938,Ziguinchor,Bignona,0,,,,,,,,,,,1
2252212,Djioundji,13.08945,-16.20832,Ziguinchor,Bignona,0,,,,,,,,,,,1
2252211,Djipakoum,12.91306,-16.0625,Ziguinchor,Bignona,0,,,,,,,,,,,1
2252209,Djirak,12.35889,-16.62611,Ziguinchor,Oussouye,0,,,,,,,,,,,1
2251218,Djiral,13.09957,-16.32911,Ziguinchor,Bignona,0,,,,,,,,,,,1
6917776,Djirine,12.5513,-12.7901,Kedougou,Salemata,0,,,,,,,,,,,1
2252207,Djirnda,13.98015,-16.60799,Fatick,Foundiougne,0,,,,,,,,,,,1
2252206,Djiromaït,12.5475,-16.52778,Ziguinchor,Oussouye,0,,,,,,,,,,,1
2251215,Djirèm,13.02466,-16.26355,Ziguinchor,Bignona,0,,,,,,,,,,,1
2252208,Djirédi,12.61611,-15.78611,Sedhiou,Sedhiou,0,,,,,,,,,,,1
13658193,Djissa Aliou,13.80691,-16.18809,Kaolack,Nioro Du Rip,0,,,,,,,,,,,1
13658226,Djissa Sadio,13.82115,-16.18814,Kaolack,Nioro Du Rip,0,,,,,,,,,,,1
2252205,Djita,14.37543,-12.22578,Tambacounda,Bakel,0,,,,,,,,,,,1
13658739,Djiter,13.1129,-16.30973,Ziguinchor,Bignona,0,,,,,,,,,,,1
2252204,Djitoukoubon,12.80417,-16.17944,Ziguinchor,Bignona,0,,,,,,,,,,,1
2252203,Djiva,12.81667,-16.2,Ziguinchor,Bignona,0,,,,,,,,,,,1
2252262,Djièye,13.11031,-16.21573,Ziguinchor,Bignona,0,,,,,,,,,,,1
2252195,Djoumbel,12.935,-16.31722,Ziguinchor,Bignona,0,,,,,,,,,,,1
2252297,Djowel Ouorgo,16.04747,-13.38082,Matam,Matam,0,,,,,,,,,,,1
2252194,Djringoumane,12.85528,-16.01806,Ziguinchor,Bignona,0,,,,,,,,,,,1
2252580,Djégou,13.25989,-11.88351,Kedougou,Saraya,0,,,,,,,,,,,1
2252284,Djéné,14.5,-15.71667,Fatick,Gossas,0,,,,,,,,,,,1
2252193,Dobour,14.63819,-17.03289,Thies,Mbour,0,,,,,,,,,,,1
2252192,Dodel,16.48549,-14.42846,Saint Louis,Podor,0,,,,,,,,,,,1
2252191,Dodji,15.5315,-14.9517,Louga,Linguere,0,,,,,,,,,,,1
2252187,Doga,13.73333,-13.96667,Tambacounda,Tambacounda,0,,,,,,,,,,,2
2253393,Doga,14.83168,-15.50962,Diourbel,Mbacke,0,,,,,,,,,,,2
2252186,Dogade,14.9798,-15.79831,Louga,Linguere,0,,,,,,,,,,,1
2252185,Dogakè,15.3542,-15.7614,Louga,Linguere,0,,,,,,,,,,,1
13504728,Dogal Fal,14.9742,-16.558,Diourbel,Bambey,0,,,,,,,Fal,Wolof,,,1
2252181,Dogol,15.58333,-16.1,Louga,Louga,0,,,,,,,,,,,1
2252152,Dogui Dombi,16.26959,-14.07099,Saint Louis,Podor,0,,,,,,,,,,,1
13507464,Dokh,14.39061,-16.66065,Fatick,Fatick,0,,,,,,,,,,,1
2252173,Dokhali,15.5152,-15.8829,Louga,Louga,0,,,,,,,,,,,2
2252174,Dokhali,15.4831,-15.8385,Louga,Louga,0,,,,,,,,,,,2
2252179,Doladji,15.1732,-15.8914,Louga,Kebemer,0,,,,,,,,,,,1
2252169,Doli,14.78555,-15.82869,Diourbel,Mbacke,0,,,,,,,,,,,1
2252166,Dolol,15.57985,-13.09001,Matam,Kanel,0,,,,,,,,,,,1
2252164,Domak,14.73333,-14.83333,Louga,Linguere,0,,,,,,,,,,,1
2252418,Domb,14.6534,-16.27529,Diourbel,Diourbel,0,,,,,,,,,,,1
13507052,Domb Ndiagne,14.66526,-16.2838,Diourbel,Diourbel,0,,,,,,,,,,,1
2252163,Dombondir,13.13656,-16.69289,Ziguinchor,Bignona,0,,,,,,,,,,,1
2252162,Donaye,16.63982,-14.86852,Saint Louis,Podor,0,,,,,,,,,,,1
2252159,Donbondir,13.13611,-16.69528,Ziguinchor,Bignona,0,,,,,,,,,,,1
2252156,Dongo,15.2036,-15.4915,Louga,Linguere,0,,,,,,,,,,,1
6917786,Dongol Nialbi,12.5005,-12.4949,Kedougou,Kedougou,0,,,,,,,,,,,1
2252155,Dongoli,15.86667,-13.85,Matam,Matam,0,,,,,,,,,,,1
2252153,Dongoro,13.65,-15.63333,Kaolack,Nioro Du Rip,0,,,,,,,,,,,2
2252154,Dongoro,13.3,-15.48333,Sedhiou,Bounkiling,0,,,,,,,,,,,2
2252149,Doni Taïf,14.86667,-15.63333,Diourbel,Mbacke,0,,,,,,,,,,,1
2252145,Doro,15.7224,-15.3628,Louga,Linguere,0,,,,,,,,,,,1
2252144,Doubel,14.41667,-14.75,Kaffrine,Koungheul,0,,,,,,,,,,,1
2252143,Doubel Badiel,12.46667,-12.6,Kedougou,Salemata,0,,,,,,,,,,,1
2252142,Doubel Baïdi Cissé,14.51215,-12.99914,Tambacounda,Goudiry,0,,,,,,,Cissé,Mandinka,,,1
2252141,Doubi,14.40176,-12.95001,Tambacounda,Goudiry,0,,,,,,,,,,,1
2252140,Doubirou,13.18333,-14.23333,Kolda,Velingara,0,,,,,,,,,,,1
2252139,Doubourou,13.82835,-16.12216,Kaolack,Nioro Du Rip,0,,,,,,,,,,,1
2252137,Doudam,14.38398,-16.51109,Fatick,Fatick,0,,,,,,,,,,,1
2252138,Doudame,12.38333,-16.51667,Ziguinchor,Oussouye,0,,,,,,,,,,,1
13504771,Doudoul,14.8295,-16.64516,Thies,Thies,0,,,,,,,,,,,1
2252133,Dougal,12.9,-13.7,Kolda,Velingara,0,,,,,,,,,,,1
2252184,Dougar,14.71579,-17.15998,Dakar,Rufisque,0,,,,,,,,,,,1
2595218,Dougar Deuxiéme,14.70029,-17.1628,Dakar,Rufisque,0,,,,,,,,,,,1
8541567,Dougar Kadaga,14.69348,-17.1556,Dakar,Rufisque,0,,,,,,,,,,,1
2595632,Dougar Peul,14.71414,-17.16131,Dakar,Rufisque,0,,,,Peul (Fulani),Dougar,,,,,,1
2595625,Dougar-Ouest,14.70306,-17.16278,Dakar,Rufisque,0,,,,,,,,,,,1
2252132,Dougnane,14.95856,-16.86999,Thies,Tivaoune,69556,,,,,,,,,,,1
2252131,Dougou,16.35509,-14.20314,Saint Louis,Podor,0,,,,,,,,,,,2
6645343,Dougou,16.14866,-13.72474,Saint Louis,Podor,0,,,,,,,,,,,2
2252130,Dougoubène,14.13333,-15.58333,Kaffrine,Kaffrine,0,,,,,,,,,,,1
13507284,Dougoul Peul,14.61293,-16.09789,Diourbel,Diourbel,0,,,,Peul (Fulani),Dougoul,,,,,,1
13507232,Dougoul Samba Guènt,14.6229,-16.11725,Diourbel,Diourbel,0,,,,,,,,,,,1
13514617,Dougoul Sérèr,14.59018,-16.11411,Diourbel,Diourbel,0,,,,Sérèr,Dougoul,,,,,,1
2252129,Dougoul Wolof,14.60464,-16.11445,Diourbel,Diourbel,0,,,,Wolof,Dougoul,,,,,,1
2252128,Dougouné,13.06667,-16.26667,Ziguinchor,Bignona,0,,,,,,,,,,,2
13658742,Dougouné,13.06824,-16.42737,Ziguinchor,Bignona,0,,,,,,,,,,,2
2252126,Dougué,13.98794,-12.66835,Tambacounda,Goudiry,0,,,,,,,,,,,1
2252122,Doulayel,12.83333,-14.88333,Kolda,Kolda,0,,,,,,,,,,,1
2252120,Douloubal,16.01857,-13.45259,Matam,Matam,0,,,,,,,,,,,1
2252119,Doulouyabé,14.09929,-12.6115,Tambacounda,Goudiry,0,,,,,,,,,,,1
6659087,Doumakhia,12.49645,-11.49797,Kedougou,Saraya,0,,,,,,,,,,,1
2252115,Doumga,16.33294,-14.22137,Saint Louis,Podor,0,,,,,,,,,,,1
2252113,Doumga Bosséré,15.86641,-13.46901,Matam,Matam,0,,,,,,,,,,,1
2252114,Doumga Ouro Alfa,15.83038,-13.45144,Matam,Matam,0,,,,,,,,,,,1
2252112,Doumga Ouro Tierno,15.84641,-13.46269,Matam,Matam,0,,,,,,,,,,,1
2596031,Doun,15.94751,-16.50337,Saint Louis,Saint Louis,0,,,,,,,,,,,1
2252108,Doundodji,15.4701,-15.1981,Louga,Linguere,0,,,,,,,,,,,1
2252107,Doundodji Guèyène,15.4746,-15.1845,Louga,Linguere,0,,,,,,,,,,,1
2252106,Doundodji Nianguène,15.4672,-15.1774,Louga,Linguere,0,,,,,,,,,,,1
2252105,Doundodji Tiako,15.4795,-15.1963,Louga,Linguere,0,,,,,,,,,,,1
2252103,Doundoun Latié,15.5442,-14.8848,Louga,Linguere,0,,,,,,,,,,,1
2252104,Doundoun-Djolof,15.5539,-14.8871,Louga,Linguere,0,,,,,,,,,,,1
2252111,Doundé,14.29813,-12.23818,Tambacounda,Bakel,0,,,,,,,,,,,1
2252110,Doundé Bagué,14.63261,-12.92719,Matam,Kanel,0,,,,,,,,,,,1
2252109,Doundé Koussem,15.08752,-12.9003,Matam,Kanel,0,,,,,,,,,,,1
2252101,Dounguel,16.34121,-14.02785,Saint Louis,Podor,0,,,,,,,,,,,2
2252102,Dounguel,14.64647,-16.83125,Thies,Thies,0,,,,,,,,,,,2
2252147,Dounkita,12.45535,-11.91446,Kedougou,Kedougou,0,,,,,,,,,,,1
2252099,Dounoubel,14.48333,-13.71667,Matam,Ranerou,0,,,,,,,,,,,1
2252095,Doupi Doro,14.7,-13.75,Matam,Ranerou,0,,,,,,,,,,,1
13504638,Douram,14.91291,-16.55802,Diourbel,Bambey,0,,,,,,,,,,,1
2252094,Dourou,12.50417,-16.37417,Ziguinchor,Ziguinchor,0,,,,,,,,,,,1
2252093,Douroubaléfoutou,13.0,-14.23333,Kolda,Kolda,0,,,,,,,,,,,1
2252092,Doussoudi,15.73333,-13.85,Matam,Matam,0,,,,,,,,,,,1
6659100,Douta,13.01903,-11.87755,Kedougou,Saraya,0,,,,,,,,,,,1
2252090,Douta Diara Samba Balde,13.05,-14.55,Kolda,Medina Yoroufoula,0,,,,,,,,,,,1
13507008,Doutki,14.68768,-16.47494,Diourbel,Bambey,0,,,,,,,,,,,1
2252089,Doutoto,13.61667,-13.85,Tambacounda,Tambacounda,0,,,,,,,,,,,1
2252136,Doué,16.63333,-15.05,,,0,,,,,,,,,,,1
2252088,Doyal,15.2,-16.53333,Thies,Tivaoune,0,,,,,,,,,,,1
2252087,Doyoli,14.45463,-16.02228,Fatick,Gossas,0,,,,,,,,,,,2
13507210,Doyoli,14.65917,-16.05059,Diourbel,Mbacke,0,,,,,,,,,,,2
2252085,Dramé Dimbou,13.6,-15.96667,Kaolack,Nioro Du Rip,0,,,,,,,,,,,1
2252082,Duambouti,14.81667,-16.31667,Diourbel,Diourbel,0,,,,,,,,,,,1
2253000,Dya,14.23932,-16.16753,Kaolack,Kaolack,0,,,,,,,,,,,1
2253070,Dèbolaté,15.4769,-15.9458,Louga,Louga,0,,,,,,,,,,,1
2253055,Dèk Lès,15.5476,-15.1213,Louga,Linguere,0,,,,,,,,,,,1
2253053,Dèk Rèye,15.6026,-15.4579,Louga,Linguere,0,,,,,,,,,,,1
2253049,Dèm,14.85,-16.1,Diourbel,Mbacke,0,,,,,,,,,,,1
2595643,Dèni Baboukar Diop,14.73783,-17.17689,Dakar,Rufisque,0,,,,,,,Diop,Wolof,,,1
2253025,Dèni Biram Ndaw,14.84872,-17.17343,Dakar,Rufisque,0,,,,,,,,,,,1
2595857,Dèni Guèdj,14.84066,-17.20094,Dakar,Rufisque,0,,,,,,,,,,,3
2595858,Dèni Guèdj,14.85521,-17.19122,Dakar,Rufisque,0,,,,,,,,,,,3
2595860,Dèni Guèdj,14.86777,-17.19803,Dakar,Rufisque,0,,,,,,,,,,,3
2253023,Dèni Malik Guèye,14.74226,-17.18295,Dakar,Rufisque,0,,,,,,,Guèye,Wolof,,,1
2253024,Dèni Ndiarkhéth,14.72158,-17.18371,Dakar,Rufisque,0,,,,,,,,,,,1
2253022,Dèni Niaye,14.84365,-17.18038,Dakar,Rufisque,0,,,,,,,,,,,1
2595877,Dèni Youssou,14.76395,-17.15549,Dakar,Rufisque,0,,,,,,,,,,,1
2253001,Dèye Sangou,14.7535,-15.97824,Diourbel,Mbacke,0,,,,,,,,,,,1
2253075,Déali,15.0509,-15.7156,Louga,Linguere,0,,,,,,,,,,,1
2253071,Débi,16.46722,-16.28667,Saint Louis,Dagana,0,,,,,,,,,,,1
2253069,Débou Diaoubé,14.29696,-12.22472,Tambacounda,Bakel,0,,,,,,,,,,,1
2253068,Débou Fadéla,14.33252,-12.2503,Tambacounda,Bakel,0,,,,,,,,,,,1
2253067,Dédali,15.2852,-15.9906,Louga,Kebemer,0,,,,,,,,,,,1
2253066,Dédané Sékou Drané,13.45,-15.03333,Kolda,Medina Yoroufoula,0,,,,,,,,,,,1
2253065,Dédiorou,14.46667,-13.68333,Matam,Ranerou,0,,,,,,,,,,,1
2253063,Dégou Niaye,15.82444,-16.51861,Louga,Louga,0,,,,,,,,,,,1
13553448,Déguère Deux,14.5514,-15.68754,Fatick,Gossas,0,,,,,,2,,,,,1
2244882,Déiba,15.35922,-13.10118,Matam,Kanel,0,,,,,,,,,,,1
2253012,Dékhaye,14.46654,-15.84292,Fatick,Gossas,0,,,,,,,,,,,1
2252891,Dékheulé,15.3948,-16.1022,Louga,Louga,0,,,,,,,,,,,1
2253057,Dékébré,15.2839,-15.3078,Louga,Linguere,0,,,,,,,,,,,1
13554052,Délé,14.26849,-15.83378,Kaolack,Guinguineo,0,,,,,,,,,,,1
2253047,Démadou,15.3024,-15.3241,Louga,Linguere,0,,,,,,,,,,,1
2253032,Démissira,13.91667,-15.16667,Kaffrine,Kaffrine,0,,,,,,,,,,,1
2253029,Démousso Kounda,13.21667,-13.78333,Kolda,Velingara,0,kounda,Mandinka,,,,,,,,,1
2252564,Démèt,16.56442,-14.28065,Saint Louis,Podor,3042,,,,,,,,,,,1
2253026,Déndoudi,15.4,-13.53333,Matam,Matam,0,,,,,,,,,,,1
2253017,Déntiali,15.9797,-14.209,Saint Louis,Podor,0,,,,,,,,,,,1
2253015,Dépenndakounda,12.98333,-13.38333,Tambacounda,Tambacounda,0,kounda,Mandinka,,,,,,,,,1
13553632,Dépé,14.68888,-15.4082,Kaffrine,Malem Hodar,0,,,,,,,,,,,1
13552824,Dépé Wolof,14.59362,-15.98643,Diourbel,Mbacke,0,,,,Wolof,Dépé,,,,,,1
2253005,Détali,15.2533,-15.8798,Louga,Kebemer,0,,,,,,,,,,,1
2253004,Détié Dione,14.95251,-15.69889,Louga,Linguere,0,,,,,,,,,,,1
2252157,Dôndou,16.02115,-13.38453,Matam,Matam,0,,,,,,,,,,,1
2595504,Dôtor,14.68401,-17.09722,Thies,Mbour,0,,,,,,,,,,,1
2595473,D’angd’ang,14.60314,-17.07593,Thies,Mbour,0,,,,,,,,,,,1
2252642,D’ias,14.64141,-17.08429,Thies,Mbour,0,,,,,,,,,,,1
2595997,Eau Claire,16.01722,-16.4875,Saint Louis,Saint Louis,0,,,,,,,,,,,1
2252079,Ebato,13.00889,-16.32821,Ziguinchor,Bignona,0,,,,,,,,,,,1
2252077,Ebinako,12.96667,-16.48333,Ziguinchor,Bignona,0,,,,,,,,,,,1
13658805,Ebol,13.04151,-16.21548,Ziguinchor,Bignona,0,,,,,,,,,,,1
2252076,Edalé,12.66667,-13.05,Kedougou,Salemata,0,,,,,,,,,,,1
2252072,Ediamat,12.74028,-16.47,Ziguinchor,Bignona,0,,,,,,,,,,,1
2252069,Ediouma,12.46194,-16.36,Ziguinchor,Ziguinchor,0,,,,,,,,,,,1
13554420,Edy,14.08699,-15.92083,Kaolack,Kaolack,0,,,,,,,,,,,1
2252074,Edé,15.1554,-15.52535,Louga,Linguere,0,,,,,,,,,,,9
2252075,Edé,15.0214,-15.7635,Louga,Linguere,0,,,,,,,,,,,9
6917522,Edé,15.0092,-15.8145,Louga,Kebemer,0,,,,,,,,,,,9
6917523,Edé,15.0113,-15.7968,Louga,Linguere,0,,,,,,,,,,,9
6917524,Edé,15.0012,-15.7751,Louga,Linguere,0,,,,,,,,,,,9
6917525,Edé,15.0077,-15.7661,Louga,Linguere,0,,,,,,,,,,,9
6917526,Edé,15.0318,-15.7968,Louga,Linguere,0,,,,,,,,,,,9
6917527,Edé,15.0614,-15.7541,Louga,Linguere,0,,,,,,,,,,,9
13553447,Edé,14.72337,-15.59917,Diourbel,Mbacke,0,,,,,,,,,,,9
2252068,Efok,12.40778,-16.52,Ziguinchor,Oussouye,0,,,,,,,,,,,1
2252067,Efok Etouta,12.62889,-16.76167,Ziguinchor,Bignona,0,,,,,,,,,,,1
2252066,Efrane Elinkine,12.51667,-16.7,Ziguinchor,Oussouye,0,,,,,,,,,,,1
2252065,Efrane Kachiouane,12.51667,-16.71667,Ziguinchor,Oussouye,0,,,,,,,,,,,1
2252061,Eguilaye,12.87972,-16.28472,Ziguinchor,Bignona,0,,,,,,,,,,,1
2252062,Eguiénor,13.0,-16.25,Ziguinchor,Bignona,0,,,,,,,,,,,1
2252060,Ehidj,12.46139,-16.69833,Ziguinchor,Oussouye,0,,,,,,,,,,,1
2252058,Ekonète,12.93333,-16.25,Ziguinchor,Bignona,0,,,,,,,,,,,1
2254731,El Hadj Ali,15.2854,-15.8974,Louga,Kebemer,0,,,,,,,,,,,1
2252057,Elana,12.675,-16.43694,Ziguinchor,Bignona,0,,,,,,,,,,,1
2252052,Elinkinde,12.50583,-16.66611,Ziguinchor,Oussouye,0,,,,,,,,,,,1
2252051,Eloaye,12.80056,-16.75194,Ziguinchor,Bignona,0,,,,,,,,,,,1
2252049,Elol,13.11437,-16.34051,Ziguinchor,Bignona,0,,,,,,,,,,,2
2252050,Elol,13.09793,-16.19049,Ziguinchor,Bignona,0,,,,,,,,,,,2
2252048,Elora,12.60583,-16.37222,Ziguinchor,Bignona,0,,,,,,,,,,,1
2252046,Emaye,12.43722,-16.56694,Ziguinchor,Oussouye,0,,,,,,,,,,,1
2252045,Enanpor,12.51167,-16.44889,Ziguinchor,Ziguinchor,0,,,,,,,,,,,1
2252040,Eramakono,13.28333,-13.91667,Kolda,Velingara,0,,,,,,,,,,,1
2252036,Ering,12.56222,-16.11806,Ziguinchor,Ziguinchor,0,,,,,,,,,,,3
2252037,Ering,12.51667,-16.36667,Ziguinchor,Ziguinchor,0,,,,,,,,,,,3
2252038,Ering,12.37611,-16.63139,Ziguinchor,Oussouye,0,,,,,,,,,,,3
2252035,Erinndian,12.89972,-16.2275,Ziguinchor,Bignona,0,,,,,,,,,,,1
2251140,Erémokono,13.43294,-12.0022,Tambacounda,Bakel,0,,,,,,,,,,,1
2252032,Essanholou,12.5825,-16.75083,Ziguinchor,Bignona,0,,,,,,,,,,,1
2252031,Essaoul,12.41222,-16.62861,Ziguinchor,Oussouye,0,,,,,,,,,,,1
2252030,Essil,12.51944,-16.42611,Ziguinchor,Ziguinchor,0,,,,,,,,,,,1
2252029,Essofol,12.9,-16.25,Ziguinchor,Bignona,0,,,,,,,,,,,1
2252028,Essom,13.06252,-16.38689,Ziguinchor,Bignona,0,,,,,,,,,,,1
2252026,Essoukoudiak,12.36028,-16.62917,Ziguinchor,Oussouye,0,,,,,,,,,,,1
2252024,Etafoune,12.43333,-16.4,Ziguinchor,Ziguinchor,0,,,,,,,,,,,1
2252022,Etama,12.88333,-16.2,Ziguinchor,Bignona,0,,,,,,,,,,,2
2252023,Etama,12.55361,-16.47833,Ziguinchor,Ziguinchor,0,,,,,,,,,,,2
2252015,Etomé,12.47528,-16.36389,Ziguinchor,Ziguinchor,0,,,,,,,,,,,1
2252014,Etouta,12.72306,-16.64722,Ziguinchor,Bignona,0,,,,,,,,,,,1
2252020,Etékome,12.76667,-16.35,Ziguinchor,Bignona,0,,,,,,,,,,,1
2252013,Faboli,15.47676,-13.21897,Matam,Matam,0,,,,,,,,,,,1
2252012,Fadanga,12.71667,-14.7,Kolda,Kolda,0,,,,,,,,,,,1
2252008,Fadia,13.66667,-14.73333,Tambacounda,Koumpentoum,0,,,,,,,,,,,1
2252007,Fadial,14.16291,-16.76857,Thies,Mbour,0,,,,,,,,,,,1
2252011,Fadiara,15.07923,-12.8074,Matam,Kanel,0,,,,,,,,,,,1
2252081,Fadiga,12.5535,-12.2039,Kedougou,Kedougou,0,,,,,,,,,,,1
2252006,Fadiounkar,12.6,-15.36667,Sedhiou,Goudomp,0,,,,,,,,,,,1
2252005,Fadiout,14.65,-16.81667,Thies,Thies,0,,,,,,,,,,,1
2252003,Fadiyakounda,13.65,-14.16667,Tambacounda,Tambacounda,0,kounda,Mandinka,,,,,,,,,1
2252009,Fadème,15.5589,-15.9273,Louga,Louga,0,,,,,,,,,,,1
2252002,Fafakourou,13.06667,-14.56667,Kolda,Medina Yoroufoula,0,,,,,,,,,,,1
2251996,Fal Dioung,15.88333,-16.28333,Saint Louis,Saint Louis,0,,,,,,,,,,,1
2251994,Falia,13.91816,-16.68024,Fatick,Foundiougne,0,,,,,,,,,,,1
2251993,Falifa,13.6,-15.71667,Kaolack,Nioro Du Rip,0,,,,,,,,,,,1
2251992,Falméré,12.81861,-16.18639,Ziguinchor,Bignona,0,,,,,,,,,,,1
2252000,Falokh,14.43797,-16.94456,Thies,Mbour,0,,,,,,,,,,,1
2251990,Falombo,13.20965,-12.10381,Kedougou,Saraya,0,,,,,,,,,,,1
2251989,Famara,13.85,-13.6,Tambacounda,Tambacounda,0,,,,,,,,,,,1
13508590,Fambe,14.43814,-16.27984,Fatick,Fatick,0,,,,,,,,,,,1
2593136,Fambine,13.99697,-16.59571,Fatick,Foundiougne,0,,,,,,,,,,,1
2251987,Fana Keur Abdou,13.9,-14.68333,Kaffrine,Koungheul,0,,,,,,,,,,,1
2251979,Fanaye,14.96581,-16.53801,Diourbel,Bambey,0,,,,,,,,,,,1
2251986,Fanaye Diéri,16.53333,-15.23333,Saint Louis,Podor,0,,,,,,,,,,,1
2251985,Fanaye Oualo,16.55,-15.23333,Saint Louis,Podor,0,,,,,,,,,,,1
2251983,Fanda,12.57972,-16.13639,Ziguinchor,Ziguinchor,0,,,,,,,,,,,1
2251981,Fandane,14.46133,-16.92297,Thies,Mbour,0,,,,,,,,,,,2
2251982,Fandane,14.45472,-16.2273,Fatick,Fatick,0,,,,,,,,,,,2
13645343,Fandiandia,12.45461,-11.44205,Kedougou,Saraya,0,,,,,,,,,,,1
13506750,Fandor,14.62094,-16.73305,Thies,Mbour,0,,,,,,,,,,,1
2251980,Fandène,14.80653,-16.85212,Thies,Thies,0,,,,,,,,,,,1
13514608,Fandène Lamane Ndiour,14.81298,-16.87578,Thies,Thies,0,,,,,,,,,,,1
13504593,Fandène Peul,14.82368,-16.83997,Thies,Thies,0,,,,Peul (Fulani),Fandène,,,,,,1
13507452,Fangane,14.35965,-16.56355,Fatick,Fatick,0,,,,,,,,,,,1
2251978,Fanghote,12.53472,-16.16167,Ziguinchor,Ziguinchor,0,,,,,,,,,,,1
2251977,Fanghote Mankagne,12.51667,-16.16667,Ziguinchor,Ziguinchor,0,,,,,,,,,,,1
2251976,Fangoumé,12.71333,-16.14028,Ziguinchor,Bignona,0,,,,,,,,,,,1
2251974,Fanira,14.17789,-12.22326,Tambacounda,Bakel,0,,,,,,,,,,,1
2251975,Fanié,15.1351,-15.9173,Louga,Kebemer,0,,,,,,,,,,,1
2251973,Fanka Bantan,12.7,-15.06667,Kolda,Kolda,0,,,,,,,,,bantan,tree,1
2251970,Fann-Hok,14.68054,-17.4648,Dakar,Dakar,0,,,,,,,,,,,1
2251972,Fann-Résidence,14.69004,-17.47177,Dakar,Dakar,0,,,,,,,,,,,1
2251967,Faoune Kaïnako,13.08333,-15.61667,Sedhiou,Bounkiling,0,,,,,,,,,,,1
2251965,Faoye,14.22808,-16.57565,Fatick,Fatick,0,,,,,,,,,,,1
2251961,Faraba,12.88333,-14.91667,Kolda,Kolda,0,,,,,,,,,,,3
2251962,Faraba,12.81609,-11.69612,Kedougou,Saraya,0,,,,,,,,,,,3
2251963,Faraba,12.48806,-15.73917,Sedhiou,Goudomp,0,,,,,,,,,,,3
2251960,Farabougou,14.13023,-15.96302,Kaolack,Guinguineo,0,,,,,,,,,,,1
2251959,Faragnima,13.31667,-15.41667,Sedhiou,Bounkiling,0,,,,,,,,,,,1
2251954,Faramba,12.86667,-14.96667,Kolda,Kolda,0,,,,,,,,,,,1
2251953,Farandi,13.01667,-11.41667,Kedougou,Saraya,0,,,,,,,,,,,1
2251952,Farandiang,12.46694,-15.60139,Sedhiou,Goudomp,0,,,,,,,,,,,1
2251948,Farankounda,12.83333,-16.2,Ziguinchor,Bignona,0,kounda,Mandinka,,,,,,,,,4
2251949,Farankounda,12.71306,-15.89889,Sedhiou,Sedhiou,0,kounda,Mandinka,,,,,,,,,4
2251950,Farankounda,12.6375,-15.67472,Sedhiou,Sedhiou,0,kounda,Mandinka,,,,,,,,,4
2251951,Farankounda,12.60583,-15.38889,Sedhiou,Goudomp,0,kounda,Mandinka,,,,,,,,,4
2251947,Farao,16.51772,-14.89734,Saint Louis,Podor,0,,,,,,,,,,,1
2251946,Farar,14.50977,-16.23959,Fatick,Fatick,0,,,,,,,,,,,1
2251945,Farato,14.01997,-15.34691,Kaffrine,Kaffrine,0,,,,,,,,,,,1
2251944,Farikounda,13.96667,-13.85,Tambacounda,Tambacounda,0,kounda,Mandinka,,,,,,,,,1
2251925,Fas,14.69011,-17.45401,Dakar,Dakar,0,,,,,,,,,,,9
2251927,Fas,15.0593,-16.1457,Louga,Kebemer,0,,,,,,,,,,,9
2251928,Fas,14.13388,-15.20529,Kaffrine,Malem Hodar,0,,,,,,,,,,,9
2251934,Fas,14.99027,-16.65827,Thies,Tivaoune,0,,,,,,,,,,,9
2251935,Fas,14.36,-15.79311,Kaolack,Guinguineo,0,,,,,,,,,,,9
2251936,Fas,14.35379,-16.03434,Kaolack,Guinguineo,3904,,,,,,,,,,,9
2251939,Fas,13.99917,-15.86749,Kaolack,Kaolack,0,,,,,,,,,,,9
2251942,Fas,13.71667,-15.51667,Kaolack,Nioro Du Rip,0,,,,,,,,,,,9
2595803,Fas,14.72563,-17.27833,Dakar,Rufisque,0,,,,,,,,,,,9
2251933,Fas Boye,15.2701,-16.8379,Thies,Tivaoune,0,,,,,,,,,,,1
2595991,Fas Dièye,16.00639,-16.51083,,,0,,,,,,,,,,,2
2596030,Fas Dièye,15.99948,-16.50957,Saint Louis,Saint Louis,0,,,,,,,,,,,2
13554064,Fas Goulokoum,14.33214,-15.61616,Kaffrine,Kaffrine,0,,,,,,,,,,,1
2250376,Fas Guéladio,14.00603,-16.10497,Kaolack,Kaolack,0,,,,,,,,,,,1
13509336,Fas Kahone,14.16145,-16.04628,Kaolack,Guinguineo,0,,,,,,,,,,,1
2251931,Fas Kaèl,14.65241,-15.92776,Diourbel,Mbacke,0,,,,,,,,,,,1
13553600,Fas Loli,14.66951,-15.27627,Louga,Linguere,0,,,,,,,,,,,1
13554115,Fas Léwé,14.32415,-15.3027,Kaffrine,Malem Hodar,0,,,,,,,,,,,1
13554425,Fas Mactar,14.12466,-15.75797,Kaffrine,Birkelane,0,,,,,,,,,,,1
2251940,Fas Matar,13.93395,-16.21335,Fatick,Foundiougne,0,,,,,,,,,,,1
2250127,Fas Moussa Naye,14.00254,-16.05391,Kaolack,Kaolack,0,,,,,,,,,,,1
2251932,Fas Ndiayène,14.12592,-15.09759,Kaffrine,Koungheul,0,,,,,,,,,,,1
13658718,Fas Ngayène,13.73898,-16.09875,Kaolack,Nioro Du Rip,0,,,,,,,,,,,1
13554690,Fas Ngodiba,14.07753,-15.46589,Kaffrine,Kaffrine,0,,,,,,,,,,,1
2251941,Fas Nguindor,13.92438,-16.02676,Kaolack,Kaolack,0,,,,,,,,,,,1
13658169,Fas Nguéyène,13.79295,-16.13707,Kaolack,Nioro Du Rip,0,,,,,,,,,,,1
2251937,Fas Sy,14.15397,-15.69752,Kaffrine,Birkelane,0,,,,,,,Sy,Pulaar,,,1
13658201,Fas Tiâmène,13.87281,-16.05712,Kaolack,Kaolack,0,,,,,,,,,,,1
13658325,Fas Tiékène,13.60812,-16.25754,Fatick,Foundiougne,0,,,,,,,,,,,2
13658339,Fas Tiékène,13.65542,-16.34572,Fatick,Foundiougne,0,,,,,,,,,,,2
13553630,Fas Tiénène,14.59352,-15.27706,Kaffrine,Malem Hodar,0,,,,,,,,,,,1
2251938,Fas Toucouleur,13.99956,-16.09504,Kaolack,Kaolack,0,,,,Toucouleur (Haalpulaar),Fas,,,,,,1
13551956,Fas Touré,14.77655,-15.23236,Louga,Linguere,0,,,,,,,Touré,Mandinka,,,1
2251926,Fass,15.9275,-16.3202,Saint Louis,Saint Louis,0,,,,,,,,,,,3
2251929,Fass,13.66667,-14.73333,Tambacounda,Koumpentoum,0,,,,,,,,,,,3
2251930,Fass,13.05,-13.86667,Kolda,Velingara,0,,,,,,,,,,,3
2251920,Fass Thiam,15.1276,-15.9011,Louga,Kebemer,0,,,,,,,Thiam,Wolof,,,1
2251919,Fass Touré,15.11667,-16.48333,Thies,Tivaoune,0,,,,,,,Touré,Mandinka,,,1
2251924,Fassada,12.50806,-15.53806,Sedhiou,Goudomp,0,,,,,,,,,,,1
2251923,Fassane,12.49111,-15.58167,Sedhiou,Goudomp,0,,,,,,,,,,,1
2251921,Fassé Oumar,13.35,-14.7,Kolda,Medina Yoroufoula,0,,,,,,,,,,,1
2251922,Fassél,14.95359,-16.62756,Diourbel,Bambey,0,,,,,,,,,,,1
2251917,Fataïa,12.86667,-11.4,Kedougou,Saraya,0,,,,,,,,,,,1
2251911,Fatick,14.33236,-16.40513,Fatick,Fatick,39361,,,,,,,,,,,1
2251909,Fatié,13.36066,-11.60492,Kedougou,Saraya,0,,,,,,,,,,,1
2251968,Faw,14.48148,-16.70327,Thies,Mbour,0,,,,,,,,,,,1
2251908,Fayako,14.1958,-16.41782,Fatick,Fatick,0,,,,,,,,,,,1
2251907,Fayil,14.28828,-16.48749,Fatick,Fatick,0,,,,,,,,,,,1
13507348,Faylar Deux,14.43224,-16.77469,Thies,Mbour,0,,,,,,2,,,,,1
2251999,Faylar Un,14.44728,-16.77589,Thies,Mbour,0,,,,,,1,,,,,1
2251898,Femboul,15.16667,-16.61667,Thies,Tivaoune,0,,,,,,,,,,,1
2595745,Fenêtre Mermoz,14.7025,-17.47361,Dakar,Dakar,0,,,,,,,,,,,1
2251894,Fergo,14.16288,-12.71623,Tambacounda,Goudiry,0,,,,,,,,,,,1
2251893,Ferlo Tyikkité,16.13035,-14.00142,Saint Louis,Podor,0,,,,,,,,,,,1
2251889,Fesséné,13.27171,-12.07296,Kedougou,Saraya,0,,,,,,,,,,,1
2251848,Fidiobidji,14.22248,-12.46479,Tambacounda,Bakel,0,,,,,,,,,,,1
2251852,Fidé Diakhaté,15.13333,-16.25,Thies,Tivaoune,0,,,,,,,,,,,1
2251847,Figo,16.51667,-15.01667,Saint Louis,Podor,0,,,,,,,,,,,1
2251846,Figrome,12.68333,-16.21667,Ziguinchor,Bignona,0,,,,,,,,,,,1
2595502,Filèn,14.6877,-17.0978,Thies,Mbour,0,,,,,,,,,,,1
2251845,Fimla,14.13319,-16.66152,Fatick,Fatick,0,,,,,,,,,,,1
2251843,Finntiok,12.65889,-16.115,Ziguinchor,Bignona,0,,,,,,,,,,,1
2251844,Fintèl Somb,14.58757,-16.28906,Diourbel,Diourbel,0,,,,,,,,,,,1
13505512,Fintél,14.79,-16.03138,Diourbel,Mbacke,0,,,,,,,,,,,1
2251842,Firdaossi,15.0194,-15.888,Louga,Kebemer,0,,,,,,,,,,,1
13658030,Firdawsi,13.76329,-16.45127,Fatick,Foundiougne,0,,,,,,,,,,,1
2251841,Firgui,13.7,-15.68333,Kaolack,Nioro Du Rip,0,,,,,,,,,,,1
2251840,Fissa,14.41421,-12.39519,Tambacounda,Bakel,0,,,,,,,,,,,1
6648039,Fissa II,14.42002,-12.45686,Tambacounda,Bakel,0,,,,,,2,,,,,1
2251839,Fissel,14.54177,-16.61538,Thies,Mbour,0,,,,,,,,,,,1
2251837,Fitaba,12.71774,-11.80591,Kedougou,Saraya,0,,,,,,,,,,,1
13551642,Fitio Bâli Deux,14.75363,-15.30712,Louga,Linguere,0,,,,,,2,,,,,1
2251850,Fitio Bâli Un,14.74378,-15.28113,Louga,Linguere,0,,,,,,1,,,,,1
13504664,Fiâye,14.85165,-16.68997,Thies,Thies,0,,,,,,,,,,,1
2251835,Fodé Bayo,12.96667,-14.43333,Kolda,Kolda,0,,,,,,,,,,,1
2251834,Fodé Binéya,12.78551,-11.70645,Kedougou,Saraya,0,,,,,,,,,,,1
2251832,Fodé Kounda,13.55,-13.88333,Tambacounda,Tambacounda,0,kounda,Mandinka,,,,,,,,,1
2251833,Fodékounda,12.56615,-11.88521,Kedougou,Kedougou,0,kounda,Mandinka,,,,,,,,,1
2251831,Fofi,14.9,-15.66667,Louga,Linguere,0,,,,,,,,,,,1
2251828,Fogni,15.0845,-15.3557,Louga,Linguere,0,,,,,,,,,,,2
2251829,Fogni,12.52806,-16.23278,Ziguinchor,Ziguinchor,0,,,,,,,,,,,2
2251827,Fogolou Paté,13.41667,-13.45,Tambacounda,Tambacounda,0,,,,,,,,,,,1
2251826,Fogoulou Opa,13.41667,-13.45,Tambacounda,Tambacounda,0,,,,,,,,,,,1
6645002,Fondé Diarangel,16.20933,-13.93177,Saint Louis,Podor,0,,,,,,,,,,,1
2251822,Fondé Gandé,16.23557,-14.05098,Saint Louis,Podor,0,,,,,,,,,,,1
6645010,Fondé Ngouri,16.13527,-13.92471,Saint Louis,Podor,0,,,,,,,,,,,1
6645346,Fondé Thiéwo,16.07103,-13.79833,Saint Louis,Podor,0,,,,,,,,,,,1
2251821,Fongolembi,12.4225,-12.0102,Kedougou,Kedougou,0,,,,,,,,,,,1
2251819,Fontama,12.7025,-16.41667,Ziguinchor,Bignona,0,,,,,,,,,,,1
2251818,Fora,15.42323,-13.10974,Matam,Kanel,0,,,,,,,,,,,1
6644081,Fora Galoya,15.41863,-13.10582,Matam,Kanel,0,,,,,,,,,,,1
2251817,Forbote,15.0953,-16.4684,Thies,Tivaoune,0,,,,,,,,,,,1
2251816,Fordiok,15.5,-16.51667,Louga,Kebemer,0,,,,,,,,,,,1
2251815,Forou,13.86667,-15.91667,Kaolack,Nioro Du Rip,0,,,,,,,,,,,1
2251812,Fos,16.15,-15.85139,Louga,Louga,0,,,,,,,,,,,1
2251811,Fos Ndiarhaye,16.09778,-15.69139,Saint Louis,Dagana,0,,,,,,,,,,,1
2595573,Fotnâri,14.7077,-17.12195,Thies,Thies,0,,,,,,,,,,,1
2251809,Foua Deux,14.29711,-16.73,Thies,Mbour,0,,,,,,2,,,,,1
2251810,Foua Mbégnar,14.33876,-16.71515,Thies,Mbour,0,,,,,,,,,,,1
2251808,Foua Un,14.31804,-16.73013,Thies,Mbour,0,,,,,,1,,,,,1
2595481,Fouk,14.67654,-17.04048,Thies,Mbour,0,,,,,,,,,,,1
2251798,Foula Mori,13.06667,-14.03333,Kolda,Velingara,0,,,,,,,,,,,1
2251803,Fouladou Samba,13.28333,-14.73333,Kolda,Medina Yoroufoula,0,,,,,,,,,,,1
2251802,Fouladou Yéro,12.86667,-14.28333,Kolda,Kolda,0,,,,,,,,,,,1
2251800,Foulakounda,12.95,-16.55028,Ziguinchor,Bignona,0,kounda,Mandinka,,,,,,,,,2
2251801,Foulakounda,12.53722,-16.30278,Ziguinchor,Ziguinchor,0,kounda,Mandinka,,,,,,,,,2
2251797,Fouldé,14.22366,-12.16256,Tambacounda,Bakel,0,,,,,,,,,,,1
2251796,Foulo,12.75,-16.28333,Ziguinchor,Bignona,0,,,,,,,,,,,1
2251795,Fouloum,14.86739,-17.01953,Thies,Tivaoune,0,,,,,,,,,,,1
13504574,Fouloun,14.91058,-16.99121,Thies,Tivaoune,0,,,,,,,,,,,1
2251793,Foumé Hara Diobé,15.44068,-13.20423,Matam,Kanel,0,,,,,,,,,,,1
2251794,Foumé Hara Démboubé,15.43768,-13.18582,Matam,Kanel,0,,,,,,,,,,,1
2251791,Foundiougne,14.12272,-16.46916,Fatick,Foundiougne,6824,,,,,,,,,,,1
2593146,Foura,13.77972,-16.61225,Fatick,Foundiougne,0,,,,,,,,,,,1
2251790,Fourdou,15.2211,-14.1502,Matam,Ranerou,0,,,,,,,,,,,1
2251785,Fout,15.38333,-16.78333,,,0,,,,,,,,,,,1
2251783,Foutayel,14.2,-14.65,Kaffrine,Koungheul,0,,,,,,,,,,,1
2595491,Foutouka,14.65053,-17.12022,Thies,Mbour,0,,,,,,,,,,,1
2251825,Foïlodé,14.86879,-15.47932,Louga,Linguere,0,,,,,,,,,,,1
2251782,Franding,13.02456,-11.41934,Kedougou,Saraya,0,,,,,,,,,,,1
2571771,Fufo,13.16722,-16.59361,,,0,,,,,,,,,,,1
2251901,Félane,14.39462,-16.25694,Fatick,Fatick,0,,,,,,,,,,,2
2251902,Félane,14.02618,-16.44291,Fatick,Foundiougne,0,,,,,,,,,,,2
6645342,Félou,16.12285,-13.72031,Matam,Matam,0,,,,,,,,,,,1
2251895,Féralo,14.95,-15.75,Louga,Linguere,0,,,,,,,,,,,1
2251896,Féré Alo,14.96836,-15.69245,Louga,Linguere,0,,,,,,,,,,,1
2251854,Féto,13.67255,-16.05357,Kaolack,Nioro Du Rip,0,,,,,,,,,,,2
2251869,Féto,14.83333,-15.86667,Diourbel,Mbacke,0,,,,,,,,,,,2
2251865,Féto Diami,15.5364,-14.2998,Saint Louis,Podor,0,,,,,,,,,,,1
2251858,Féto Niébé,14.22083,-12.67523,Tambacounda,Goudiry,0,,,,,,,,,,,1
2251857,Féto Paté,14.26838,-12.76346,Tambacounda,Goudiry,0,,,,,,,,,,,1
2251864,Fétodié,14.97687,-16.26991,Diourbel,Diourbel,0,,,,,,,,,,,1
6647966,Fétou Kodioli,14.94959,-12.99534,Matam,Kanel,0,,,,,,,,,,,1
2251885,Fété Bowal,14.9,-13.38333,Matam,Kanel,0,,,,,,,,,,,1
2251884,Fété Bowé,14.93333,-13.5,Matam,Ranerou,0,,,,,,,,,,,1
2251879,Fété Fovrou,15.03333,-13.61667,Matam,Ranerou,0,,,,,,,,,,,1
2251878,Fété Galambi,14.56038,-12.44799,Tambacounda,Bakel,0,,,,,,,,,,,1
2251875,Fété Niarval,15.18333,-13.7,Matam,Ranerou,0,,,,,,,,,,,1
2251915,Fété Niébé,15.648,-13.39803,Matam,Matam,0,,,,,,,,,,,1
2251823,Fôndé Elimane,16.31183,-13.98177,Saint Louis,Podor,0,,,,,,,,,,,1
13507471,Gab Diamm,14.33593,-16.61967,Fatick,Fatick,0,,,,,,,,,,,1
2251781,Gababé,16.12561,-13.54267,Matam,Matam,0,,,,,,,,,,,1
2251780,Gabane,15.73333,-16.46667,Louga,Louga,0,,,,,,,,,,,1
2596040,Gabane Peul II,15.76389,-16.47306,Louga,Louga,0,,,,,,2,,,,,1
2251779,Gabar Diop,15.76869,-16.53365,Louga,Louga,0,,,,,,,Diop,Wolof,,,1
2251778,Gabassé,14.55,-13.48333,Matam,Kanel,0,,,,,,,,,,,1
2251775,Gabou,14.73333,-12.7,Matam,Kanel,0,,,,,,,,,,,3
2251776,Gabou,14.72775,-12.52537,Tambacounda,Bakel,0,,,,,,,,,,,3
2251777,Gabou,14.71709,-12.41066,Tambacounda,Bakel,0,,,,,,,,,,,3
2251774,Gad,15.83333,-16.25,Louga,Louga,0,,,,,,,,,,,1
2251771,Gad Afé,15.35,-16.41667,Louga,Kebemer,0,,,,,,,,,,,2
13505445,Gad Afé,14.94846,-16.29193,Diourbel,Diourbel,0,,,,,,,,,,,2
13504709,Gad Bissik,14.88791,-16.53612,Diourbel,Bambey,0,,,,,,,,,,,1
2251768,Gad Bitiou,15.3,-16.48333,Thies,Tivaoune,0,,,,,,,,,,,1
2251767,Gad Brama,15.46667,-16.38333,Louga,Kebemer,0,,,,,,,,,,,1
13504639,Gad Dianga,14.87671,-16.53418,Diourbel,Bambey,0,,,,,,,,,,,1
2251766,Gad Dior,15.16667,-16.4,Thies,Tivaoune,0,,,,,,,,,,,1
13505432,Gad Fal,14.99678,-16.39961,Diourbel,Bambey,0,,,,,,,Fal,Wolof,,,1
2251764,Gad Gomène,15.05,-16.83333,Thies,Tivaoune,0,,,,,,,,,,,1
13505456,Gad Khapsou,14.92571,-16.27706,Diourbel,Diourbel,0,,,,,,,,,,,1
2251770,Gad Khaye,14.82429,-16.68588,Thies,Thies,0,,,,,,,,,,,1
13507310,Gad Khoulé,14.73321,-16.08247,Diourbel,Mbacke,0,,,,,,,,,,,1
2251755,Gad Kébé,15.36667,-16.48333,Louga,Kebemer,0,,,,,,,,,,,1
2596076,Gad Nar,15.83583,-16.34389,Louga,Louga,0,,,,,,,,,,,1
2251754,Gad Niakhar,15.16667,-16.31667,Thies,Tivaoune,0,,,,,,,,,,,1
2251752,Gad Peul,15.33333,-16.73333,Louga,Kebemer,0,,,,Peul (Fulani),Gad,,,,,,1
2251751,Gad Tiendé,14.93333,-16.48333,Diourbel,Bambey,0,,,,,,,,,,,1
2251769,Gadapara,13.2,-13.48333,Tambacounda,Tambacounda,0,,,,,,,,,,,1
2251765,Gade Escale,14.90945,-16.3523,Diourbel,Diourbel,0,,,,,,,,,,,1
2251758,Gade Yelle,15.1609,-16.3886,Thies,Tivaoune,0,,,,,,,,,,,1
2251763,Gadi,15.1156,-15.4917,Louga,Linguere,0,,,,,,,,,,,1
2251760,Gadiak,14.5567,-16.5216,Fatick,Fatick,0,,,,,,,,,,,1
6645012,Gadiobé,16.1145,-13.96867,Saint Louis,Podor,0,,,,,,,,,,,1
2251756,Gadji,14.36667,-16.1,Kaolack,Fatick,0,,,,,,,,,,,1
2251757,Gadjédji,14.76021,-15.7722,Diourbel,Mbacke,0,,,,,,,,,,,1
2251746,Gagnar,15.58333,-16.18333,Louga,Louga,0,,,,,,,,,,,1
2251745,Gagnar Fal,15.41667,-16.26667,Louga,Kebemer,0,,,,,,,Fal,Wolof,,,1
2251676,Gagnik,14.34189,-15.98544,Kaolack,Guinguineo,0,,,,,,,,,,,1
13554032,Gagnik Keur Sérigne Ndiaga,14.333,-15.98149,Kaolack,Guinguineo,0,,,serigne,,,,,,,,1
2251677,Gagnik Khodjil,14.31107,-16.00458,Kaolack,Guinguineo,0,,,,,,,,,,,1
2251334,Gagué Bokar,14.13405,-16.3879,Fatick,Foundiougne,0,,,,,,,,,,,1
2251333,Gagué Chérif,14.1173,-16.35132,Fatick,Foundiougne,0,,,,,,,,,,,1
2251332,Gagué Modi,14.13176,-16.39693,Fatick,Foundiougne,0,,,,,,,,,,,1
2251741,Gailbandoa,14.30602,-12.45634,Tambacounda,Bakel,0,,,,,,,,,,,1
11101807,Gainthe pathe,14.22245,-14.8082,Kaffrine,Koungheul,0,,,,,,,,,,,1
2251728,Gal Beut,15.35,-16.46667,Louga,Kebemer,0,,,,,,,,,,,1
2251735,Gala Mbingue,15.38333,-16.45,Louga,Kebemer,0,,,,,,,,,,,1
2251737,Galadi,15.08408,-12.62695,Tambacounda,Bakel,0,,,,,,,,,,,1
2251734,Galandou,12.9,-14.16667,Kolda,Velingara,0,,,,,,,,,,,1
2595909,Galane,14.8003,-17.04444,Thies,Thies,0,,,,,,,,,,,1
2251733,Galangal,15.4514,-14.3054,Matam,Ranerou,0,,,,,,,,,,,1
2247531,Galangué,14.35291,-16.22081,Fatick,Fatick,0,,,,,,,,,,,1
2251731,Galayabé Foulbé,15.52124,-13.34258,Matam,Matam,0,,,,,,,,,,,1
2251730,Galayabé Torobé,15.51975,-13.33215,Matam,Matam,0,,,,,,,,,,,1
6645019,Galdadi,16.05182,-13.94358,Saint Louis,Podor,0,,,,,,,,,,,1
2251722,Gali Ndiang,15.41667,-16.36667,Louga,Kebemer,0,,,,,,,,,,,1
6586394,Galinding,12.43609,-11.85403,Kedougou,Saraya,0,,,,,,,,,,,1
2251718,Gallo Koye,13.68333,-14.76667,Tambacounda,Koumpentoum,0,,,,,,,,,,,1
13505536,Gallé,14.86362,-16.14315,Diourbel,Diourbel,0,,,,,,,,,,,1
2251719,Gallé Mamadou,13.3,-14.63333,Kolda,Medina Yoroufoula,0,,,,,,,,,,,1
2251717,Galmbas,14.53333,-14.38333,Tambacounda,Koumpentoum,0,,,,,,,,,,,1
2251716,Galo,13.37471,-12.44289,Tambacounda,Goudiry,0,,,,,,,,,,,1
2251715,Galo Marou,13.4,-14.93333,Kolda,Medina Yoroufoula,0,,,,,,,,,,,1
6645327,Galoya Foulbé,16.07258,-13.87392,Saint Louis,Podor,0,,,,,,,,,,,1
2251713,Galoya Toucouleur,16.07397,-13.85894,Saint Louis,Podor,5288,,,,Toucouleur (Haalpulaar),Galoya,,,,,,1
6646782,Galoya Tôrobbé,16.06222,-13.87157,Saint Louis,Podor,0,,,,,,,,,,,1
2251723,Galène Ndjououndjou,15.3092,-15.8396,Louga,Kebemer,0,,,,,,,,,,,1
2251726,Galé,15.5466,-14.5775,Matam,Ranerou,0,,,,,,,,,,,2
2251727,Galé,13.88333,-14.41667,Tambacounda,Koumpentoum,0,,,,,,,,,,,2
2251725,Galéabé,14.27857,-12.75774,Tambacounda,Goudiry,0,,,,,,,,,,,1
2251705,Gam,15.2964,-15.6081,Louga,Linguere,0,,,,,,,,,,,1
2251712,Gama Moukhoumé,14.07867,-15.64586,Kaffrine,Birkelane,0,,,,,,,,,,,1
2251711,Gamadji,16.51592,-14.69846,Saint Louis,Podor,0,,,,,,,,,,,1
2251710,Gambaya,13.08333,-13.45,Tambacounda,Tambacounda,0,,,,,,,,,,,1
2251709,Gambi,13.95,-13.48333,Tambacounda,Goudiry,0,,,,,,,,,,,1
2251699,Gambi Diaoubé,14.48547,-12.46261,Tambacounda,Bakel,0,,,,,,,,,,,1
2251708,Gambissa Aldouma,12.8,-14.18333,Kolda,Velingara,0,,,,,,,,,,,1
2251706,Gambissara,13.31667,-13.95,Kolda,Velingara,0,,,,,,,,,,,2
2251707,Gambissara,13.23333,-14.31667,Kolda,Velingara,0,,,,,,,,,,,2
2251696,Gamboul,14.21623,-16.22168,Kaolack,Kaolack,0,,,,,,,,,,,1
2251695,Gamboul Keur Matar,14.22912,-16.23446,Kaolack,Kaolack,0,,,,,,,,,,,1
2595444,Gamboulèm,14.56396,-17.09717,Thies,Mbour,0,,,,,,,,,,,1
2595464,Gamlaye,14.62779,-17.10561,Thies,Mbour,0,,,,,,,,,,,1
2251704,Gamon,13.34271,-12.9173,Tambacounda,Tambacounda,0,,,,,,,,,,,1
6644101,Gana Balo,15.51379,-13.20525,Matam,Matam,0,,,,,,,,,,,1
2251701,Ganao,15.16667,-16.03333,Louga,Kebemer,0,,,,,,,,,,,1
2251697,Ganboul Escale,14.2,-16.23333,Kaolack,Kaolack,0,,,,,,,,,,,1
2251694,Ganda,13.95,-15.9,Kaolack,Kaolack,0,,,,,,,,,,,1
2251693,Gandal,14.89961,-16.54106,Diourbel,Bambey,0,,,,,,,,,,,1
2251685,Gandek,15.2471,-16.3198,Thies,Tivaoune,0,,,,,,,,,,,1
2251688,Gandiaye,14.24362,-16.27231,Kaolack,Kaolack,18239,,,,,,,,,,,1
2251687,Gandigal,14.47221,-16.98985,Thies,Mbour,0,,,,,,,,,,,1
2251686,Gandio,14.81667,-16.23333,Diourbel,Diourbel,0,,,,,,,,,,,1
13505565,Gandiol,14.81774,-16.06321,Diourbel,Mbacke,0,,,,,,,,,,,2
13507314,Gandiol,14.35798,-16.92142,Thies,Mbour,0,,,,,,,,,,,2
6647976,Gandji,14.71918,-12.555,Tambacounda,Bakel,0,,,,,,,,,,,1
6917779,Gandjiri,12.6337,-12.826,Kedougou,Salemata,0,,,,,,,,,,,1
2251684,Gandon,15.962,-16.4384,Saint Louis,Saint Louis,0,,,,,,,,,,,1
2246562,Gandoul,14.71494,-17.13056,Thies,Thies,0,,,,,,,,,,,2
2595576,Gandoul,14.70313,-17.11835,Thies,Thies,0,,,,,,,,,,,2
2595567,Gandoul Bambara,14.70994,-17.13398,Dakar,Rufisque,0,,,,Bambara,Gandoul,,,,,,1
2595568,Gandoul Sérère,14.71632,-17.12639,Thies,Thies,0,,,,Sérèr,Gandoul,,,,,,1
2251690,Gandé,15.5787,-15.8356,Louga,Louga,0,,,,,,,,,,,2
2251691,Gandé,15.09713,-12.65636,Tambacounda,Bakel,0,,,,,,,,,,,2
2251689,Gandé Kô,15.5845,-15.7731,Louga,Louga,0,,,,,,,,,,,1
6648013,Gangala,14.70605,-12.21692,Tambacounda,Bakel,0,,,,,,,,,,,1
2251682,Gangali,13.72829,-12.73098,Tambacounda,Goudiry,0,,,,,,,,,,,1
2251227,Gangara,12.5918,-12.3605,Kedougou,Kedougou,0,,,,,,,,,,,1
6645325,Ganguel,16.09226,-13.84443,Saint Louis,Podor,0,,,,,,,,,,,1
2251679,Ganguel Maka,14.94439,-12.73585,Matam,Kanel,0,,,maka,,,,,,,,1
2251678,Ganguel-Soulé,15.38647,-12.952,Matam,Kanel,0,,,,,,,,,,,1
2251747,Gania Bougou,14.34974,-16.90542,Thies,Mbour,0,,,,,,,,,,,1
2251674,Ganina,15.9947,-15.1895,Louga,Linguere,0,,,,,,,,,,,2
2251675,Ganina,15.9642,-15.3955,Louga,Linguere,0,,,,,,,,,,,2
2251670,Ganiniel,15.891,-15.2793,Louga,Linguere,0,,,,,,,,,,,1
2251667,Ganki,14.15479,-15.74624,Kaffrine,Birkelane,0,,,,,,,,,,,1
2251666,Ganki Boubouyel,15.50591,-13.13975,Matam,Kanel,0,,,,,,,,,,,1
2251665,Ganki Doumbodjé,16.08351,-13.51565,Matam,Matam,0,,,,,,,,,,,1
2251669,Gankèt,15.9792,-15.9277,Louga,Louga,0,,,,,,,,,,,1
2251668,Gankèt Guent,15.9076,-15.9421,Louga,Louga,0,,,,,,,,,,,1
2251664,Gantour,15.8848,-16.4234,Saint Louis,Saint Louis,0,,,,,,,,,,,1
2251660,Gaolamboura,14.45,-16.61667,Thies,Mbour,0,,,,,,,,,,,1
2251659,Gaouane,14.1,-14.48333,Tambacounda,Koumpentoum,0,,,,,,,,,,,1
13504597,Gaout,14.95613,-16.95986,Thies,Tivaoune,0,,,,,,,,,,,1
2251652,Gap,14.88893,-16.39767,Diourbel,Bambey,0,,,,,,,,,,,2
2251653,Gap,14.74435,-17.05083,Thies,Thies,0,,,,,,,,,,,2
2595525,Gap Ndioufène,14.74126,-17.0493,Thies,Thies,0,,,,,,,,,,,1
2251651,Gapas,14.63733,-16.02201,Diourbel,Mbacke,0,,,,,,,,,,,1
2251650,Gapassél,14.52961,-16.08802,Fatick,Gossas,0,,,,,,,,,,,1
2251649,Gapo,14.6818,-16.20291,Diourbel,Diourbel,0,,,,,,,,,,,1
2251648,Gara Mbaye,15.11667,-16.13333,Louga,Kebemer,0,,,,,,,Mbaye,Wolof,,,1
13507474,Garage Bambara,14.41824,-16.63274,Fatick,Fatick,0,,,,Bambara,Garage,,,,,,1
13507342,Garage Diakhèr,14.43849,-16.81409,Thies,Mbour,0,,,,,,,,,,,1
6647981,Garala,14.49961,-12.68596,Tambacounda,Goudiry,0,,,,,,,,,,,1
2251646,Garan,13.73333,-15.58333,Kaolack,Nioro Du Rip,0,,,,,,,,,,,1
2595496,Garas,14.67482,-17.11112,Thies,Mbour,0,,,,,,,,,,,4
2595548,Garas,14.73784,-17.11885,Thies,Thies,0,,,,,,,,,,,4
13505425,Garas,14.79852,-16.48836,Diourbel,Bambey,0,,,,,,,,,,,4
13505494,Garas,14.84336,-16.41457,Diourbel,Bambey,0,,,,,,,,,,,4
2595399,Garas Peul,14.52782,-17.00878,Thies,Mbour,0,,,,Peul (Fulani),Garas,,,,,,1
2251645,Garhane,14.68333,-16.26667,Diourbel,Diourbel,0,,,,,,,,,,,1
2251644,Garli,15.61739,-13.175,Matam,Matam,0,,,,,,,,,,,1
2251643,Garuel,13.75,-13.33333,Tambacounda,Goudiry,0,,,,,,,,,,,1
2251329,Garébouréya,12.66346,-11.45439,Kedougou,Saraya,0,,,,,,,,,,,1
2251642,Gas,14.59034,-16.76411,Thies,Mbour,0,,,,,,,,,,,1
2251641,Gasikitt,12.7,-12.85,Kedougou,Salemata,0,,,,,,,,,,,1
2251639,Gaskor,14.46667,-16.63333,Thies,Mbour,0,,,,,,,,,,,1
2247493,Gassama,14.70543,-15.81043,Diourbel,Mbacke,0,,,,,,,Gassama,Mandinka,,,2
13553444,Gassama,14.72807,-15.53638,Diourbel,Mbacke,0,,,,,,,Gassama,Mandinka,,,2
2251638,Gassambéri,15.24386,-12.93185,Matam,Kanel,0,,,,,,,,,,,1
2251637,Gassane,14.82051,-15.29489,Louga,Linguere,0,,,,,,,,,,,1
13551641,Gassane Khaïré,14.86035,-15.38049,Louga,Linguere,0,,,,,,,,,,,1
13553594,Gassane Séye,14.72067,-15.34278,Louga,Linguere,0,,,,,,,,,,,1
2251630,Gassel,15.9936,-14.5191,Saint Louis,Podor,0,,,,,,,,,,,3
2251631,Gassel,15.3056,-14.0138,Matam,Ranerou,0,,,,,,,,,,,3
2251636,Gassel,15.3463,-15.0837,Louga,Linguere,0,,,,,,,,,,,3
2251626,Gassel Doro,15.29411,-14.03896,Matam,Ranerou,0,,,,,,,,,,,1
2251625,Gassel Doulo,15.1746,-14.6363,Louga,Linguere,0,,,,,,,,,,,1
13551633,Gassel Kohé,14.77016,-15.4525,Diourbel,Mbacke,0,,,,,,,,,,,1
2251635,Gassé,15.4626,-15.4183,Louga,Linguere,0,,,,,,,,,,,1
2251633,Gassé Diabé,15.2636,-14.3548,Matam,Ranerou,0,,,,,,,,,,,1
2251632,Gassél,14.43634,-15.81746,Fatick,Gossas,0,,,,,,,,,,,1
2251621,Gat,14.69308,-16.5356,Diourbel,Bambey,0,,,,,,,,,,,1
2251618,Gati,15.41667,-16.16667,Louga,Kebemer,0,,,,,,,,,,,2
2251619,Gati,15.1,-16.56667,Thies,Tivaoune,0,,,,,,,,,,,2
2251616,Gati Baba Ndiaye,15.4856,-15.9073,Louga,Louga,0,,,,,,,Ndiaye,Wolof,,,1
2251612,Gati II,15.25,-16.06667,Louga,Kebemer,0,,,,,,2,,,,,1
2251610,Gati Loumène,15.5039,-15.8698,Louga,Louga,0,,,,,,,,,,,1
2251609,Gati Mori,15.55,-16.46667,Louga,Kebemer,0,,,,,,,,,,,1
2251608,Gati Ndiongo,15.23333,-16.46667,Thies,Tivaoune,0,,,,,,,,,,,1
2251606,Gati Ngaraf,15.1578,-16.4475,Thies,Tivaoune,0,,,,,,,,,,,1
2251607,Gati Ngaye,15.4,-16.16667,Louga,Kebemer,0,,,,,,,,,,,1
2251605,Gati Oumar,15.28333,-16.56667,Louga,Kebemer,0,,,,,,,,,,,1
2251604,Gati Pakha,15.71667,-16.05,Louga,Louga,0,,,,,,,,,,,1
2251603,Gati Rat,15.21667,-16.63333,Thies,Tivaoune,0,,,,,,,,,,,1
2251601,Gati Saké,15.25,-16.71667,Thies,Tivaoune,0,,,,,,,,,,,2
2251602,Gati Saké,15.25,-16.65,Louga,Kebemer,0,,,,,,,,,,,2
2251600,Gati Sir Ndiaye,14.8,-15.83333,Diourbel,Mbacke,0,,,,,,,Ndiaye,Wolof,,,1
2251599,Gati Tila,15.1,-16.76667,Thies,Tivaoune,0,,,,,,,,,,,1
2251598,Gati Toye,15.78278,-16.39639,Louga,Louga,0,,,,,,,,,,,1
2596025,Gati-Tèf,16.00389,-16.27306,Saint Louis,Saint Louis,0,,,,,,,,,,,1
2251617,Gatiari,14.30893,-12.10417,Tambacounda,Bakel,0,,,,,,,,,,,1
2251611,Gatilé,15.2886,-14.95916,Louga,Linguere,0,,,,,,,,,,,1
2251615,Gatié,14.33333,-15.9,Kaolack,Guinguineo,0,,,,,,,,,,,1
2251597,Gattègne,15.11667,-16.6,Thies,Tivaoune,0,,,,,,,,,,,1
2251596,Gavane Djida,14.26784,-15.71673,Kaffrine,Birkelane,0,,,,,,,,,,,1
2251595,Gawane,14.85412,-16.38975,Diourbel,Bambey,0,,,,,,,,,,,1
2251658,Gawdal I,16.0483,-13.43184,Matam,Matam,0,,,,,,1,,,,,1
6645334,Gawdal II,16.06551,-13.41532,Matam,Matam,0,,,,,,2,,,,,1
13504650,Gayam,14.90002,-16.61557,Diourbel,Bambey,0,,,,,,,,,,,1
2251594,Gaye,14.7,-15.68333,Diourbel,Mbacke,0,,,,,,,Gaye,Wolof,,,1
13505401,Gaye Khakhom,14.81911,-16.36675,Diourbel,Bambey,0,,,,,,,,,,,1
2251589,Gaye Paradji,14.2,-13.3,Tambacounda,Goudiry,0,,,,,,,,,,,1
2251588,Gaye Tiali,14.35,-13.4,Tambacounda,Goudiry,0,,,,,,,,,,,1
2251591,Gayene,13.38333,-14.81667,Kolda,Medina Yoroufoula,0,,,,,,,,,,,1
2251584,Gazel,14.41667,-16.15,Fatick,Gossas,0,,,,,,,,,,,1
2251750,Gaé,16.56667,-15.45,Saint Louis,Dagana,7148,,,,,,,,,,,1
2251749,Gaégui,12.6286,-12.8381,Kedougou,Salemata,0,,,,,,,,,,,1
2251744,Gaïdé,12.9,-14.95,Kolda,Kolda,0,,,,,,,,,,,1
2251739,Gaïna Mbar,14.69686,-15.64689,Fatick,Gossas,0,,,,,,,,,,,1
2246553,Gheune,16.52805,-16.10587,Saint Louis,Dagana,0,,,,,,,,,,,1
2595756,Gibraltar,14.68667,-17.44389,Dakar,Dakar,0,,,,,,,,,,,1
2251580,Girigara,13.81667,-13.9,Tambacounda,Tambacounda,0,,,,,,,,,,,1
2251577,Gnayam,15.75,-16.53333,Louga,Louga,0,,,,,,,,,,,1
2251576,Gnibi,14.43109,-15.65609,Kaffrine,Kaffrine,0,,,,,,,,,,,1
13507034,Gnignakh,14.60756,-16.36227,Diourbel,Bambey,0,,,,,,,,,,,1
2247187,Gnigning,14.55338,-16.76542,Thies,Mbour,0,,,,,,,,,,,1
2251573,Gniguène,15.2073,-15.5023,Louga,Linguere,0,,,,,,,,,,,2
2251574,Gniguène,14.7,-15.85,Diourbel,Mbacke,0,,,,,,,,,,,2
13658199,Gniline Goumak,13.88627,-16.04872,Kaolack,Kaolack,0,,,,,,,,,,,1
13658181,Gniline Santhie,13.91309,-16.05784,Kaolack,Kaolack,0,,,,,,,,,,,1
13505451,Gninguène Salaw,14.80756,-16.25049,Diourbel,Diourbel,0,,,,,,,,,,,1
13509351,Gnolanèm,14.18674,-16.05884,Kaolack,Kaolack,0,,,,,,,,,,,1
2251571,Gnongnoya,13.45732,-12.4918,Tambacounda,Goudiry,0,,,,,,,,,,,1
2251568,Gobak,14.56536,-16.057,Diourbel,Diourbel,0,,,,,,,,,,,3
2251569,Gobak,13.93333,-15.88333,Kaolack,Kaolack,0,,,,,,,,,,,3
2596020,Gobak,16.07917,-16.2875,Saint Louis,Dagana,0,,,,,,,,,,,3
2251567,Gobak Soukoum,14.03987,-15.61689,Kaffrine,Birkelane,0,,,,,,,,,,,1
2251566,Gobar,16.11667,-16.24986,Saint Louis,Dagana,0,,,,,,,,,,,1
2251565,Gobarène,15.3,-16.05,Louga,Kebemer,0,,,,,,,,,,,1
2595572,Gobi,14.70991,-17.12058,Thies,Thies,0,,,,,,,,,,,1
2251564,Gobé,14.6,-16.0,Diourbel,Mbacke,0,,,,,,,,,,,1
2596054,God Demba Ouolof,15.84194,-16.25194,Louga,Louga,0,,,,Wolof,God Demba,,,,,,1
2251563,Godaguèn,14.52702,-16.74426,Thies,Mbour,0,,,,,,,,,,,3
13507338,Godaguèn,14.48452,-16.77371,Thies,Mbour,0,,,,,,,,,,,3
13508523,Godaguèn,14.41313,-16.3859,Fatick,Fatick,0,,,,,,,,,,,3
2251753,Godaguèn Dak,14.48779,-16.36235,Fatick,Fatick,0,,,,,,,,,,,1
13506719,Godel,14.51301,-16.55015,Thies,Mbour,0,,,,,,,,,,,1
6611624,Godiovel,15.14417,-12.84972,Matam,Kanel,0,,,,,,,,,,,1
2251560,Godiyel,13.68333,-13.43333,Tambacounda,Goudiry,0,,,,,,,,,,,1
2251559,Godj,14.01981,-15.62129,Kaffrine,Birkelane,0,,,,,,,,,,,1
2251556,Godo,15.98333,-13.65,Matam,Matam,0,,,,,,,,,,,1
2595594,Godofèl,14.63408,-17.13242,Thies,Mbour,0,,,,,,,,,,,1
2251553,Gohé,14.6,-16.01667,Diourbel,Mbacke,0,,,,,,,,,,,1
13514625,Gohé Deux,14.46359,-16.74561,Thies,Mbour,0,,,,,,2,,,,,1
2251554,Gohé Un,14.4448,-16.75626,Thies,Mbour,0,,,,,,1,,,,,1
2596102,Gokh Mbath,16.04528,-16.50889,Saint Louis,Saint Louis,0,,,,,,,,,,,1
2251549,Gol,14.96425,-16.43693,Diourbel,Bambey,0,,,,,,,,,,,2
13504746,Gol,14.7602,-16.55008,Diourbel,Bambey,0,,,,,,,,,,,2
2595638,Gola,14.71636,-17.15055,Dakar,Rufisque,0,,,,,,,,,,,1
2251548,Golam,14.8302,-17.11754,Thies,Thies,0,,,,,,,,,,,1
2251729,Golbi Assane,14.9469,-16.58017,Diourbel,Bambey,0,,,,,,,,,,,1
13504682,Golbi Keur Sérigne Mbaye,14.95393,-16.57718,Diourbel,Bambey,0,,,serigne,,,,Mbaye,Wolof,,,1
13504667,Golbi Modoki,14.95606,-16.5856,Diourbel,Bambey,0,,,,,,,,,,,1
13504811,Golbi Teug,14.94207,-16.56974,Diourbel,Bambey,0,,,,,,,,,,,1
2251547,Golbé,14.91667,-16.68333,Thies,Thies,0,,,,,,,,,,,1
2251546,Gold Gaïndé,15.25,-16.85,Thies,Tivaoune,0,,,,,,,,,,,1
11101612,Golf sud,14.77036,-17.4185,Dakar,Dakar,0,,,,,,,,,,,1
13507337,Golkhossane,14.48805,-16.7991,Thies,Mbour,0,,,,,,,,,,,1
13504654,Golkoté,14.80702,-16.51586,Diourbel,Bambey,0,,,,,,,,,,,1
2251540,Golmi,14.81967,-12.34599,Tambacounda,Bakel,0,,,,,,,,,,,1
2251537,Golon,16.08139,-16.00278,Saint Louis,Dagana,0,,,,,,,,,,,2
2251538,Golon,16.0325,-15.88167,Louga,Louga,0,,,,,,,,,,,2
2251544,Goléré,16.25575,-14.10165,Saint Louis,Podor,6373,,,,,,,,,,,1
2251535,Gombol,13.13333,-15.81667,Sedhiou,Bounkiling,0,,,,,,,,,,,1
2251533,Gomone,14.27784,-16.13935,Kaolack,Kaolack,0,,,,,,,,,,,1
6647980,Gonado,14.50167,-12.72932,Tambacounda,Goudiry,0,,,,,,,,,,,1
2251531,Gonaké,15.95,-16.05,Louga,Louga,0,,,,,,,,,,,2
2251532,Gonaké,15.9,-16.05,Louga,Louga,0,,,,,,,,,,,2
2251529,Gondiourou,14.24064,-12.34292,Tambacounda,Bakel,0,,,,,,,,,,,1
2251528,Gonedom,15.68333,-16.46667,Louga,Louga,0,,,,,,,,,,,1
2251525,Gongoulou,12.935,-16.08417,Ziguinchor,Bignona,0,,,,,,,,,,,1
2251524,Goniam,13.05137,-16.33001,Ziguinchor,Bignona,0,,,,,,,,,,,1
2251522,Gonio,16.02111,-16.21861,Saint Louis,Saint Louis,0,,,,,,,,,,,1
2251523,Goniédji,14.3957,-12.75982,Tambacounda,Goudiry,0,,,,,,,,,,,1
2251521,Gonkol,15.9572,-14.3984,Saint Louis,Podor,0,,,,,,,,,,,1
2251519,Gonkol Kodioli Safalbé,15.9492,-14.4113,Saint Louis,Podor,0,,,,,,,,,,,1
2251518,Gonoum,12.59861,-16.03528,Ziguinchor,Ziguinchor,0,,,,,,,,,,,1
2251517,Gonriki Samba Diom,15.43772,-12.95002,Matam,Kanel,0,,,,,,,,,,,1
2251527,Gonène,14.6,-16.58333,Thies,Mbour,0,,,,,,,,,,,1
2251516,Gopé,12.83333,-14.25,Kolda,Kolda,0,,,,,,,,,,,1
2251509,Gor Ouadi 1,15.2737,-15.247,Louga,Linguere,0,,,,,,,,,,,1
2251508,Gor Ouadi 2,15.3022,-15.2476,Louga,Linguere,0,,,,,,,,,,,1
2251507,Gor Tiongo,15.3129,-15.2309,Louga,Linguere,0,,,,,,,,,,,1
2251514,Gorbel,15.5627,-15.8608,Louga,Louga,0,,,,,,,,,,,1
13554559,Gordjilène Mouride,14.10601,-15.65327,Kaffrine,Birkelane,0,,,,,,,,,,,1
2251513,Gordjilène Wilanène,14.10131,-15.64999,Kaffrine,Birkelane,0,,,,,,,,,,,1
13505515,Goreté Un,14.92205,-16.06992,Diourbel,Mbacke,0,,,,,,1,,,,,1
2251506,Gorgui Diouf,14.43333,-15.95,Fatick,Gossas,0,,,,,,,Diouf,Sérèr,,,1
2251504,Gori,13.25,-13.91667,Kolda,Velingara,0,,,,,,,,,,,1
2251501,Gori Mband,14.16592,-15.67036,Kaffrine,Birkelane,0,,,,,,,,,,,2
2254290,Gori Mband,14.14027,-15.69467,Kaffrine,Birkelane,0,,,,,,,,,,,2
2251503,Goria,13.73333,-15.98333,Kaolack,Nioro Du Rip,0,,,,,,,,,,,1
2251500,Gorko Goto,16.51667,-15.35,Saint Louis,Dagana,0,,,,,,,,,,,1
2251496,Gorom Deux,14.81222,-17.17139,Dakar,Rufisque,0,,,,,,2,,,,,1
2251495,Gorom Trois,14.79552,-17.17387,Dakar,Rufisque,0,,,,,,3,,,,,1
2251497,Gorom Un,14.82071,-17.1546,Dakar,Rufisque,0,,,,,,1,,,,,1
2251493,Gorou,14.37425,-16.73371,Thies,Mbour,0,,,,,,,,,,,1
2251494,Gorou Diob,14.4,-16.78333,Thies,Mbour,0,,,,,,,,,,,1
2251512,Gorée,14.66757,-17.39867,Dakar,Dakar,0,,,,,,,,,,,1
2251490,Gossas Village,14.48409,-16.11377,Fatick,Gossas,15630,,,,,,,,,,,1
2251489,Got,14.69397,-16.8583,Thies,Thies,0,,,,,,,,,,,1
2251485,Gouba Samba Loum,13.18333,-15.58333,Sedhiou,Bounkiling,0,,,,,,,,,,,1
2251486,Goubanba,13.31667,-15.43333,Sedhiou,Bounkiling,0,,,,,,,,,,,1
2251481,Goubi,15.6174,-15.6078,Louga,Linguere,0,,,,,,,,,,,3
2251482,Goubi,14.26268,-15.19962,Kaffrine,Malem Hodar,0,,,,,,,,,,,3
2251483,Goubi,13.86667,-14.7,Tambacounda,Koumpentoum,0,,,,,,,,,,,3
13658755,Goubo,13.0477,-16.04833,Ziguinchor,Bignona,0,,,,,,,,,,,1
13552834,Goubé,14.67387,-15.94841,Diourbel,Mbacke,0,,,,,,,,,,,1
13551570,Goudiguèl,14.85364,-15.60669,Diourbel,Mbacke,0,,,,,,,,,,,1
2251474,Goudinseini,13.6244,-12.99203,Tambacounda,Goudiry,0,,,,,,,,,,,1
2251471,Goudiri Foulbé,14.1418,-12.71156,Tambacounda,Goudiry,0,,,,,,,,,,,1
2251473,Goudiry,14.18146,-12.71803,Tambacounda,Goudiry,6867,,,,,,,,,,,1
2251476,Goudié,14.08394,-15.32989,Kaffrine,Malem Hodar,0,,,,,,,,,,,1
2251470,Goudomp,12.57778,-15.87222,Sedhiou,Goudomp,18239,,,,,,,,,,,1
2251468,Goudoudé Ndouétbé,15.88333,-13.58333,Matam,Matam,0,,,,,,,,,,,1
2251467,Goudoumé,12.4825,-16.33917,Ziguinchor,Ziguinchor,0,,,,,,,,,,,1
2251478,Goudèm Sidi,14.0092,-16.39526,Fatick,Foundiougne,0,,,,,,,,,,,1
13514635,Goudèm Sonar,14.00583,-16.38459,Fatick,Foundiougne,0,,,,,,,,,,,1
2251480,Goudé,14.75,-16.15,Diourbel,Diourbel,0,,,,,,,,,,,1
2251466,Goufo,15.13333,-16.43333,Thies,Tivaoune,0,,,,,,,,,,,1
2251465,Goui Bang,13.83333,-14.96667,Kaffrine,Koungheul,0,,,,,,,,,,,1
2251459,Goui Madi Bouri,13.86667,-15.51667,Kaffrine,Kaffrine,0,,,,,,,,,,,1
2251464,Gouidak,15.15,-16.25,Thies,Tivaoune,0,,,,,,,,,,,1
2251463,Gouidi,14.05,-13.93333,Tambacounda,Tambacounda,0,,,,,,,,,,,1
2251462,Gouigal,15.33333,-16.2,Louga,Kebemer,0,,,,,,,,,,,1
2251460,Gouima,15.46667,-16.05,Louga,Louga,0,,,,,,,,,,,1
2251457,Gouk,13.87091,-16.53107,Fatick,Foundiougne,0,,,,,,,,,,,1
2251456,Gouli,15.05,-16.66667,Thies,Tivaoune,0,,,,,,,,,,,1
2251454,Goulokoum,14.31376,-15.64067,Kaffrine,Kaffrine,0,,,,,,,,,,,1
2251452,Goulouguina,13.76791,-12.12867,Tambacounda,Bakel,0,,,,,,,,,,,1
2247406,Gouloum,15.4716,-15.2829,Louga,Linguere,0,,,,,,,,,,,1
2251449,Gouloumbou,13.49772,-13.74317,Tambacounda,Tambacounda,0,,,,,,,,,,,1
2251447,Gouloungua,13.75204,-12.28631,Tambacounda,Bakel,0,,,,,,,,,,,1
6611638,Goumal,15.32056,-12.85,,,0,,,,,,,,,,,1
2251432,Goumbambéré,12.4159,-12.5139,Kedougou,Salemata,0,,,,,,,,,,,1
2251443,Goumbayél,13.68333,-13.16667,Tambacounda,Goudiry,0,,,,,,,,,,,1
2251441,Goumbo,14.30873,-12.58427,Tambacounda,Goudiry,0,,,,,,,,,,,2
2251442,Goumbo,12.98333,-14.05,Kolda,Velingara,0,,,,,,,,,,,2
2251438,Goumel,16.61872,-14.99547,Saint Louis,Podor,0,,,,,,,,,,,2
2251439,Goumel,14.1713,-12.98,Tambacounda,Goudiry,0,,,,,,,,,,,2
2251434,Goumiéla,16.51667,-15.35,Saint Louis,Dagana,0,,,,,,,,,,,1
2251306,Goumo,12.5913,-12.8053,Kedougou,Salemata,0,,,,,,,,,,,1
13504792,Goumoun,14.86262,-16.5684,Diourbel,Bambey,0,,,,,,,,,,,1
2251433,Goumpéni,14.5059,-12.26227,Tambacounda,Bakel,0,,,,,,,,,,,1
2251429,Goundafa,13.83654,-12.30996,Tambacounda,Bakel,0,,,,,,,,,,,1
2251427,Goundaga,12.98333,-14.26667,Kolda,Kolda,0,,,,,,,,,,,2
2251428,Goundaga,12.86667,-14.06667,Kolda,Velingara,0,,,,,,,,,,,2
2251426,Goundaga Diro,12.73333,-13.96667,Kolda,Velingara,0,,,,,,,,,,,1
2251425,Goundi,13.9,-15.98333,Kaolack,Kaolack,0,,,,,,,,,,,1
2251420,Goundiour,13.98333,-14.43333,Tambacounda,Koumpentoum,0,,,,,,,,,,,1
2251419,Goundioura,15.53333,-16.13333,Louga,Louga,0,,,,,,,,,,,1
2251424,Goundièr Diop,15.51667,-16.18333,Louga,Louga,0,,,,,,,Diop,Wolof,,,1
2251469,Goundoudé Diobé,15.86667,-13.55,Matam,Matam,0,,,,,,,,,,,1
2251415,Gounia,14.82093,-12.43616,Tambacounda,Bakel,0,,,,,,,,,,,1
2251414,Gounta Diayer,13.75,-14.8,Tambacounda,Koumpentoum,0,,,,,,,,,,,1
2251409,Goura Sadiégal,15.8637,-15.2995,Louga,Linguere,0,,,,,,,,,,,1
2251411,Gouraf,12.55,-16.21667,Ziguinchor,Ziguinchor,0,,,,,,,,,,,1
13553467,Gouraye,14.7076,-15.58749,Diourbel,Mbacke,0,,,,,,,,,,,1
6648002,Gourel Ablaye Diaw,14.40946,-12.29626,Tambacounda,Bakel,0,gourel,Pulaar,,,,,,,,,1
2251406,Gourel Amadi Bokar,14.05,-13.7,Tambacounda,Tambacounda,0,gourel,Pulaar,,,,,,,,,1
2251405,Gourel Amadi Boubou,14.06667,-13.68333,Tambacounda,Tambacounda,0,gourel,Pulaar,,,,,,,,,1
6648003,Gourel Ari Khara,14.32754,-12.26246,Tambacounda,Bakel,0,gourel,Pulaar,,,,,,,,,1
2251403,Gourel Babadar,16.46394,-14.18995,Saint Louis,Podor,0,gourel,Pulaar,,,,,,,,,1
2251402,Gourel Badi,15.3,-13.95,Matam,Ranerou,0,gourel,Pulaar,,,,,,,,,1
6647968,Gourel Bamba,14.95897,-12.66762,Matam,Kanel,0,gourel,Pulaar,,,,,,,,,1
6645323,Gourel Bey,16.09468,-13.85748,Saint Louis,Podor,0,gourel,Pulaar,,,,,,,,,1
2251401,Gourel Bink,15.76193,-13.29049,Matam,Matam,0,gourel,Pulaar,,,,,,,,,1
2251400,Gourel Bokari,13.45,-13.43333,Tambacounda,Tambacounda,0,gourel,Pulaar,,,,,,,,,1
2251398,Gourel Bouli,15.3,-13.48333,Matam,Ranerou,0,gourel,Pulaar,,,,,,,,,3
2251399,Gourel Bouli,14.35665,-12.45435,Tambacounda,Bakel,0,gourel,Pulaar,,,,,,,,,3
6648040,Gourel Bouli,14.38146,-12.45464,Tambacounda,Bakel,0,gourel,Pulaar,,,,,,,,,3
2251397,Gourel Bouna,14.58462,-12.4381,Tambacounda,Bakel,0,gourel,Pulaar,,,,,,,,,1
6645003,Gourel Dani,16.1793,-13.95199,Saint Louis,Podor,0,gourel,Pulaar,,,,,,,,,1
2251396,Gourel Dara,15.19337,-12.84621,Matam,Kanel,0,gourel,Pulaar,,,,,,,,,1
11497856,Gourel Diadie,13.77423,-13.68822,Tambacounda,Tambacounda,0,gourel,Pulaar,,,,,,,,,1
2251395,Gourel Dialoudé,14.78656,-12.57389,Tambacounda,Bakel,0,gourel,Pulaar,,,,,,,,,1
6647950,Gourel Diawambé,14.08955,-12.89846,Tambacounda,Goudiry,0,gourel,Pulaar,,,,,,,,,1
6647982,Gourel Guiréye,14.49618,-12.65257,Tambacounda,Goudiry,0,gourel,Pulaar,,,,,,,,,1
2251388,Gourel Kéa,14.13333,-13.66667,Tambacounda,Tambacounda,0,gourel,Pulaar,,,,,,,,,1
6647960,Gourel Maka,14.53108,-12.99624,Tambacounda,Goudiry,0,gourel,Pulaar,maka,,,,,,,,1
2251681,Gourel Mama Demba,14.89431,-12.70095,Matam,Kanel,0,gourel,Pulaar,,,,,,,,,1
2251387,Gourel Mama Ndiaye,14.54332,-12.45004,Tambacounda,Bakel,0,gourel,Pulaar,,,,,Ndiaye,Wolof,,,1
6648001,Gourel Mamadou Barra,14.40208,-12.29573,Tambacounda,Bakel,0,gourel,Pulaar,,,,,,,,,1
2251385,Gourel Mandiou,14.70328,-12.35537,Tambacounda,Bakel,0,gourel,Pulaar,,,,,,,,,1
6648007,Gourel Matioudo,14.32508,-12.55014,Tambacounda,Goudiry,0,gourel,Pulaar,,,,,,,,,1
2251383,Gourel Omar,14.3799,-12.81609,Tambacounda,Goudiry,0,gourel,Pulaar,,,,,,,,,1
6647992,Gourel Sada Lilé,14.20456,-12.77323,Tambacounda,Goudiry,0,gourel,Pulaar,,,,,,,,,1
6648008,Gourel Sadio,14.10423,-12.75217,Tambacounda,Goudiry,0,gourel,Pulaar,,,,,,,,,1
6650663,Gourel Sakédji,16.60545,-14.5099,Saint Louis,Podor,0,gourel,Pulaar,,,,,,,,,1
2251380,Gourel Samba Abou,14.2,-13.96667,Tambacounda,Koumpentoum,0,gourel,Pulaar,,,,,,,,,1
2251379,Gourel Samba Coulibali,14.38117,-12.46789,Tambacounda,Bakel,0,gourel,Pulaar,,,,,,,,,1
6647963,Gourel Samba Kétiéli,14.92063,-12.98813,Matam,Kanel,0,gourel,Pulaar,,,,,,,,,1
2251378,Gourel Sambara Maka,14.26409,-12.56571,Tambacounda,Goudiry,0,gourel,Pulaar,maka,,,,,,,,1
2251382,Gourel Saédi Mali,14.12921,-12.68459,Tambacounda,Goudiry,0,gourel,Pulaar,,,,,,,,,1
2251376,Gourel Seliki,14.76462,-12.5778,Tambacounda,Bakel,0,gourel,Pulaar,,,,,,,,,1
6648005,Gourel Seydou Ndoula,14.31795,-12.45505,Tambacounda,Bakel,0,gourel,Pulaar,,,,,,,,,1
2251375,Gourel Slimané Dia,14.15691,-12.61879,Tambacounda,Goudiry,0,gourel,Pulaar,,,,,Dia,Pulaar,,,1
6647979,Gourel Tiama,14.53486,-12.73879,Tambacounda,Goudiry,0,gourel,Pulaar,,,,,,,,,1
2251372,Gourel Yoba,13.41667,-13.41667,Tambacounda,Tambacounda,0,gourel,Pulaar,,,,,,,,,1
2251371,Gourgourèn,14.66283,-16.37067,Diourbel,Bambey,0,,,,,,,,,,,1
2251370,Gouriki Koliabé,15.44412,-12.96409,Matam,Kanel,0,,,,,,,,,,,1
2251368,Gourkel,15.7768,-15.693,Louga,Louga,0,,,,,,,,,,,1
2251366,Gouro Matuldé,16.095,-15.73,Saint Louis,Dagana,0,,,,,,,,,,,1
13507330,Gourèl,14.32615,-16.92085,Thies,Mbour,0,gourel,Pulaar,,,,,,,,,1
2251407,Gourél Guéda,15.28007,-13.45882,Matam,Ranerou,0,gourel,Pulaar,,,,,,,,,1
2249745,Gourénétéré,12.4013,-12.5316,Kedougou,Salemata,0,,,,,,,,,,,1
2251365,Gouta,13.62028,-12.71577,Tambacounda,Goudiry,0,,,,,,,,,,,1
2251364,Goutou Dimba Ba,13.23333,-15.36667,Sedhiou,Bounkiling,0,,,,,,,Ba,Pulaar,,,1
2251363,Gouyanabé,14.86667,-16.08333,Diourbel,Mbacke,0,,,,,,,,,,,1
2251360,Gouyar,14.39821,-15.27251,Kaffrine,Malem Hodar,0,,,,,,,,,,,4
2251361,Gouyar,15.58333,-16.15,Louga,Louga,0,,,,,,,,,,,4
2251362,Gouyar,15.2,-16.28333,Thies,Tivaoune,0,,,,,,,,,,,4
13504737,Gouyar,14.83256,-16.71331,Thies,Thies,0,,,,,,,,,,,4
2251359,Gouyar Sar,15.7144,-16.2085,Louga,Louga,0,,,,,,,Sar,Wolof,,,1
2251357,Gouye Bara,15.33333,-16.65,Louga,Kebemer,0,,,,,,,,,gouye,tree,1
2251356,Gouye Diallo,15.3945,-15.9268,Louga,Louga,0,,,,,,,Diallo,Pulaar,gouye,tree,1
8430870,Gouye Diama,14.98147,-17.01485,Thies,Tivaoune,0,,,,,,,,,gouye,tree,1
2250651,Gouye Dior,14.81701,-16.34434,Diourbel,Diourbel,0,,,,,,,,,gouye,tree,1
13504673,Gouye Dok,14.88048,-16.54997,Diourbel,Bambey,0,,,,,,,,,gouye,tree,1
2251354,Gouye Gal,15.48333,-16.35,Louga,Kebemer,0,,,,,,,,,gouye,tree,1
2251593,Gouye Gaye,14.88303,-16.22506,Diourbel,Diourbel,0,,,,,,,Gaye,Wolof,gouye,tree,1
13507244,Gouye Gui,14.74064,-16.03954,Diourbel,Mbacke,0,,,,,,,,,gouye,tree,1
2251358,Gouye Mbam,14.81257,-15.76102,Diourbel,Mbacke,0,,,,,,,,,gouye,tree,1
2251353,Gouye Mbaye,15.5,-16.4,Louga,Kebemer,0,,,,,,,Mbaye,Wolof,gouye,tree,1
2251352,Gouye Mbeute,15.6743,-16.0303,Louga,Louga,0,,,,,,,,,gouye,tree,1
2251350,Gouye Méo,15.25,-16.6,Louga,Kebemer,0,,,,,,,,,gouye,tree,1
2251351,Gouye Méw,14.49314,-15.92726,Fatick,Gossas,0,,,,,,,,,gouye,tree,1
13505471,Gouye Ndiaye,14.76973,-16.27826,Diourbel,Diourbel,0,,,,,,,Ndiaye,Wolof,gouye,tree,1
2251349,Gouye Ndioro,15.05,-16.51667,Thies,Tivaoune,0,,,,,,,,,gouye,tree,1
2251422,Gouye Ndiougou,14.76953,-16.42449,Diourbel,Bambey,0,,,,,,,,,gouye,tree,1
13505529,Gouye Nguène,14.75864,-16.05103,Diourbel,Mbacke,0,,,,,,,,,gouye,tree,1
2251348,Gouye Poulo,15.95,-16.1,Louga,Louga,0,,,,,,,,,gouye,tree,1
2596088,Gouye Rène,15.85196,-16.49028,Saint Louis,Saint Louis,0,,,,,,,,,gouye,tree,1
13504680,Gouye Sagal,14.98206,-16.66237,Thies,Tivaoune,0,,,,,,,,,gouye,tree,1
2251347,Gouye Sambabane,14.58333,-15.68333,Fatick,Gossas,0,,,,,,,,,gouye,tree,1
2251346,Gouye Seg,15.56667,-16.53333,Louga,Kebemer,0,,,,,,,,,gouye,tree,1
2595770,Gouye Sor,14.7186,-17.48358,Dakar,Dakar,0,,,,,,,,,gouye,tree,1
13505457,Gouye Tan,14.75355,-16.46902,Diourbel,Bambey,0,,,,,,,,,gouye,tree,1
2251345,Gouye Teude,15.414,-15.4915,Louga,Linguere,0,,,,,,,,,gouye,tree,1
2251344,Gouye Tiébé,14.38333,-15.68333,Kaffrine,Kaffrine,0,,,,,,,,,gouye,tree,1
2596068,Gouye Touré,15.93333,-16.39417,Saint Louis,Saint Louis,0,,,,,,,Touré,Mandinka,gouye,tree,1
2251461,Gouï Leum,14.31667,-15.73333,Kaolack,Guinguineo,0,,,,,,,,,,,1
2251341,Gowane Peul,14.68361,-16.01084,Diourbel,Mbacke,0,,,,Peul (Fulani),Gowane,,,,,,1
2251570,Gowane Sérèr,14.66426,-16.02079,Diourbel,Mbacke,0,,,,Sérèr,Gowane,,,,,,1
13507256,Gowane Wolof,14.67225,-16.02981,Diourbel,Mbacke,0,,,,Wolof,Gowane,,,,,,1
2251342,Gowothie Nguéyène,14.34282,-16.09797,Kaolack,Guinguineo,0,,,,,,,,,,,1
13508977,Gowothie Sérèr,14.3265,-16.09483,Kaolack,Guinguineo,0,,,,Sérèr,Gowothie,,,,,,1
2247080,Gowothie Wadène,14.34036,-16.10028,Kaolack,Guinguineo,0,,,,,,,,,,,1
2251343,Gowé,14.14102,-15.13678,Kaffrine,Malem Hodar,0,,,,,,,,,,,1
2251552,Goïdiama,15.18333,-16.11667,Louga,Kebemer,0,,,,,,,,,,,1
2251647,Gram Fal,14.96312,-16.41136,Diourbel,Bambey,0,,,,,,,Fal,Wolof,,,1
2251339,Grand Dakar,14.71331,-17.45472,Dakar,Dakar,0,,,,,,,,,,,1
2251337,Grand Médine,14.74795,-17.44715,Dakar,Dakar,0,,,madina,,,,,,,,1
2595697,Grand Yof,14.73628,-17.44717,Dakar,Dakar,0,,,,,,,,,,,1
2250896,Grand-Kanao,13.1615,-16.29819,Ziguinchor,Bignona,0,,,,,,,,,,,1
13507221,Grimbaye,14.65393,-16.1014,Diourbel,Diourbel,0,,,,,,,,,,,1
13507222,Grimbaye Sérèr,14.66008,-16.09592,Diourbel,Diourbel,0,,,,Sérèr,Grimbaye,,,,,,1
2251335,Griniel,14.69716,-15.81359,Diourbel,Mbacke,0,,,,,,,,,,,1
2251309,Guembeul,15.93333,-16.46667,Saint Louis,Saint Louis,0,,,,,,,,,,,1
2251311,Guembé,14.63333,-16.75,Thies,Mbour,0,,,,,,,,,,,1
2251307,Guemessoutou,13.68333,-14.05,Tambacounda,Tambacounda,0,,,,,,,,,,,1
2251302,Guennguer,15.21667,-16.01667,Louga,Kebemer,0,,,,,,,,,,,1
2251299,Guenntiéli,15.4131,-15.3521,Louga,Linguere,0,,,,,,,,,,,1
2251296,Guenté Tiélènka,15.9895,-14.5857,Saint Louis,Podor,0,,,,,,,,,,,1
11238490,Gueoul Saloum,14.25473,-15.35391,Kaffrine,Malem Hodar,0,,,,,,,,,,,1
2251291,Guer,14.71667,-15.65,Diourbel,Mbacke,0,,,,,,,,,,,1
2251286,Guerki,15.43333,-16.05,Louga,Louga,0,,,,,,,,,,,1
2251284,Guerlé Peul,14.81533,-15.45451,Diourbel,Mbacke,0,,,,Peul (Fulani),Guerlé,,,,,,1
2251285,Guerlé Wolof,14.81925,-15.45201,Diourbel,Mbacke,0,,,,Wolof,Guerlé,,,,,,1
2251283,Guesdiam,15.31667,-16.16667,Louga,Kebemer,0,,,,,,,,,,,1
2251280,Guet,15.4806,-15.3847,Louga,Linguere,0,,,,,,,,,,,1
2251278,Guet Ndar,16.02311,-16.50857,Saint Louis,Saint Louis,0,,,,,,,,,,,1
11497864,Gueule Tapee 3,14.68108,-17.45774,Dakar,Dakar,0,,,,,,,,,,,1
2251274,Gueule Tapée,14.68122,-17.45837,Dakar,Dakar,0,,,,,,,,,,,1
2251310,Gueumbeung,15.93417,-16.47028,Saint Louis,Saint Louis,0,,,,,,,,,,,1
2251267,Guibolaté,15.1098,-15.9325,Louga,Kebemer,0,,,,,,,,,,,1
2251265,Guida,13.2,-14.25,Kolda,Velingara,0,,,,,,,,,,,1
2251264,Guidakar,16.5,-15.61667,Saint Louis,Dagana,0,,,,,,,,,,,1
2251261,Guidel,12.49306,-16.17167,Ziguinchor,Ziguinchor,0,,,,,,,,,,,1
2251258,Guidinnki,12.81389,-15.42389,Sedhiou,Goudomp,0,,,,,,,,,,,1
13554093,Guidéyèl,14.48863,-15.12002,Kaffrine,Malem Hodar,0,,,,,,,,,,,1
2251255,Guienté Kaye,13.83333,-15.96667,Kaolack,Nioro Du Rip,0,,,,,,,,,,,1
13554058,Guigne,14.31111,-15.89808,Kaolack,Guinguineo,0,,,,,,,,,,,1
2251251,Guiguiankounda,12.97167,-15.65583,Sedhiou,Bounkiling,0,kounda,Mandinka,,,,,,,,,1
2251250,Guikès Kankamba,13.11667,-16.1,Ziguinchor,Bignona,0,,,,,,,,,,,1
2251249,Guilafaguène,12.53389,-16.7275,Ziguinchor,Oussouye,0,,,,,,,,,,,1
2251248,Guilakounda,12.98333,-16.25,Ziguinchor,Bignona,0,kounda,Mandinka,,,,,,,,,1
2251199,Guiliter,13.13088,-16.32145,Ziguinchor,Bignona,0,,,,,,,,,,,1
6647986,Guima,14.39845,-12.81174,Tambacounda,Goudiry,0,,,,,,,,,,,1
13658750,Guimbal,13.03065,-16.31741,Ziguinchor,Bignona,0,,,,,,,,,,,1
2251240,Guimel,12.93333,-16.15,Ziguinchor,Bignona,0,,,,,,,,,,,1
2251239,Guimsam,13.95866,-16.73712,Fatick,Foundiougne,0,,,,,,,,,,,1
2251238,Guinal,12.99806,-16.40139,Ziguinchor,Bignona,0,,,,,,,,,,,1
8581534,Guinaw Rails Nord,14.75339,-17.38393,Dakar,Pikine,0,,,,,,,,,,,1
2595780,Guinaw-Rails,14.75355,-17.38192,Dakar,Pikine,0,,,,,,,,,,,1
2251230,Guinguinéo,14.2695,-15.94508,Kaolack,Guinguineo,20340,,,,,,,,,,,1
2251231,Guinguéneo,13.48333,-13.58333,Tambacounda,Tambacounda,0,,,,,,,,,,,1
2251228,Guinipé,12.96667,-16.13333,Ziguinchor,Bignona,0,,,,,,,,,,,1
2251225,Guinongué,12.99611,-16.34139,Ziguinchor,Bignona,0,,,,,,,,,,,1
13658808,Guinèye,13.0294,-16.20647,Ziguinchor,Bignona,0,,,,,,,,,,,1
2251234,Guiné,14.51667,-16.01667,Fatick,Gossas,0,,,,,,,,,,,2
2251235,Guiné,13.78078,-16.06186,Kaolack,Nioro Du Rip,0,,,,,,,,,,,2
2251233,Guinéa,13.15694,-16.26167,Ziguinchor,Bignona,0,,,,,,,,,,,1
2251232,Guinéa Djiadibé,13.09295,-16.2405,Ziguinchor,Bignona,0,,,,,,,,,,,1
13658809,Guinéen,13.03595,-16.20064,Ziguinchor,Bignona,0,,,,,,,,,,,1
2251221,Guira,13.84372,-16.51776,Fatick,Foundiougne,0,,,,,,,,,,,1
2251219,Guiragor,13.01663,-16.07192,Ziguinchor,Bignona,0,,,,,,,,,,,1
2251217,Guiraye Ouorgo,16.07526,-13.44583,Matam,Matam,0,,,,,,,,,,,1
2251216,Guirdé,15.59452,-14.44583,Matam,Ranerou,0,,,,,,,,,,,1
13658814,Guirin,13.0134,-16.11665,Ziguinchor,Bignona,0,,,,,,,,,,,1
2251214,Guirinnhol,12.58278,-16.11694,Ziguinchor,Ziguinchor,0,,,,,,,,,,,1
2251213,Guirio,12.97472,-16.58028,Ziguinchor,Bignona,0,,,,,,,,,,,1
13505539,Guirir,14.96284,-16.09069,Louga,Kebemer,0,,,,,,,,,,,1
2251212,Guirnda,13.98333,-16.61667,Fatick,Foundiougne,0,,,,,,,,,,,1
2251211,Guiro,13.06248,-16.07346,Ziguinchor,Bignona,0,,,,,,,,,,,1
2251210,Guiro Bokari,12.76667,-14.83333,Kolda,Kolda,0,,,,,,,,,,,1
2251209,Guiro Mandou,12.76667,-14.83333,Kolda,Kolda,0,,,,,,,,,,,1
2251208,Guiro Nandou,14.76667,-14.85,Louga,Linguere,0,,,,,,,,,,,1
2251207,Guiro Samba,12.75,-14.85,Kolda,Kolda,0,,,,,,,,,,,1
2251206,Guiro Samba Koudel,12.78333,-14.86667,Kolda,Kolda,0,,,,,,,,,,,1
2251205,Guiro Yoro,12.78333,-14.85,Kolda,Kolda,0,,,,,,,,,,,1
2251579,Guirobé,14.46915,-12.26482,Tambacounda,Bakel,0,,,,,,,,,,,1
2251204,Guirvas,15.7846,-14.1653,Saint Louis,Podor,0,,,,,,,,,,,1
13658817,Guisaila,13.0362,-16.09772,Ziguinchor,Bignona,0,,,,,,,,,,,1
2251203,Guissam,14.07923,-15.57999,Kaffrine,Birkelane,0,,,,,,,,,,,1
13658792,Guitet,13.07693,-16.1204,Ziguinchor,Bignona,0,,,,,,,,,,,1
13514615,Guitir Niamar,14.56232,-16.66828,Thies,Mbour,0,,,,,,,,,,,1
2251198,Guitir Sérèr,14.53211,-16.67528,Thies,Mbour,0,,,,Sérèr,Guitir,,,,,,1
13506729,Guitir Wolof,14.5313,-16.65143,Thies,Mbour,0,,,,Wolof,Guitir,,,,,,1
2251197,Guitiré,14.71667,-16.51667,Diourbel,Bambey,0,,,,,,,,,,,1
2251196,Guitonhat,12.47667,-16.67222,Ziguinchor,Oussouye,0,,,,,,,,,,,1
2251195,Guizo,12.45889,-16.68417,Ziguinchor,Oussouye,0,,,,,,,,,,,1
2251194,Guyia,16.59908,-14.92876,Saint Louis,Podor,0,,,,,,,,,,,1
2251331,Guèb,14.9,-16.01667,Diourbel,Mbacke,0,,,,,,,,,,,1
2247545,Guèb Fal,14.89402,-16.0551,Diourbel,Mbacke,0,,,,,,,Fal,Wolof,,,1
13507344,Guèdj Martin,14.29712,-16.82813,Thies,Mbour,0,,,,,,,,,,,1
13507322,Guèdj Mat,14.27857,-16.84146,Thies,Mbour,0,,,,,,,,,,,1
2251304,Guène Goudi,15.9,-16.03333,Louga,Louga,0,,,,,,,,,,,1
2247332,Guènt,14.6356,-16.80579,Thies,Thies,0,,,,,,,,,,,1
2251301,Guènt Boye,14.09372,-15.81387,Kaffrine,Birkelane,0,,,,,,,,,,,1
2251300,Guènt Gouye,14.05301,-15.57421,Kaffrine,Kaffrine,0,,,,,,,,,gouye,tree,1
13554665,Guènt Peul Deux,14.01202,-15.40946,Kaffrine,Kaffrine,0,,,,,,2,,,,,1
2251487,Guènt Peul Un,14.00501,-15.44862,Kaffrine,Kaffrine,0,,,,,,1,,,,,1
8430305,Guèntaba,14.76281,-17.42063,Dakar,Guediawaye,0,,,,,,,,,,,1
2251294,Guèntou,15.9868,-14.5675,Saint Louis,Podor,0,,,,,,,,,,,1
2251297,Guènté Paté,14.28333,-14.93333,Kaffrine,Koungheul,0,,,,,,,,,,,1
2251295,Guènté Vélingara,14.05,-14.35,Tambacounda,Koumpentoum,0,,,,,,,,,,,1
2595911,Guèr,14.81167,-17.08802,Thies,Thies,0,,,,,,,,,,,1
2251279,Guèt Ardo,15.4,-16.08333,Louga,Louga,0,,,,,,,,,,,1
2251277,Guète,14.7,-16.38333,Diourbel,Bambey,0,,,,,,,,,,,1
2596034,Guèthie,15.8728,-16.51004,Saint Louis,Saint Louis,0,,,,,,,,,,,1
2251275,Guèto,15.2882,-15.3341,Louga,Linguere,0,,,,,,,,,,,1
13505524,Guèye Guèye,14.85715,-16.15745,Diourbel,Diourbel,0,,,,,,,Guèye,Wolof,,,2
13507054,Guèye Guèye,14.62478,-16.45079,Diourbel,Bambey,0,,,,,,,Guèye,Wolof,,,2
2251269,Guèye Kadar,15.8649,-14.3351,Saint Louis,Podor,0,,,,,,,,,,,1
13505556,Guèyène,14.8467,-16.21913,Diourbel,Diourbel,0,,,,,,,,,,,1
6647978,Guéda,14.59199,-12.72411,Tambacounda,Goudiry,0,,,,,,,,,,,1
2251759,Guédiali,14.86099,-16.0628,Diourbel,Mbacke,0,,,,,,,,,,,1
13505544,Guédiali Deux,14.8452,-16.07142,Diourbel,Mbacke,0,,,,,,2,,,,,1
2595778,Guédiawaye,14.77446,-17.40212,Dakar,Guediawaye,329659,,,,,,,,,,,1
2251322,Guédioumane,15.91667,-16.03333,Louga,Louga,0,,,,,,,,,,,1
2251327,Guédé,16.53839,-14.80412,Saint Louis,Podor,5600,,,,,,,,,,,1
2251326,Guédé Chantiers,16.54348,-14.75945,Saint Louis,Podor,0,,,,,,,,,,,1
2251324,Guédé Ouro,16.62429,-14.79462,Saint Louis,Podor,0,,,,,,,,,,,1
2251325,Guédékou,14.25454,-12.23306,Tambacounda,Bakel,0,,,,,,,,,,,1
2251317,Guéli,15.4649,-15.8356,Louga,Louga,0,,,,,,,,,,,2
2251318,Guéli,15.2103,-15.4384,Louga,Linguere,0,,,,,,,,,,,2
2251314,Guélodé,14.88333,-16.03333,Diourbel,Mbacke,0,,,,,,,,,,,4
2251315,Guélodé,14.07705,-12.76341,Tambacounda,Goudiry,0,,,,,,,,,,,4
13551146,Guélodé,14.91586,-15.9441,Diourbel,Mbacke,0,,,,,,,,,,,4
13551639,Guélodé,14.81486,-15.25834,Louga,Linguere,0,,,,,,,,,,,4
13551964,Guélodé Diop,14.80679,-15.22735,Louga,Linguere,0,,,,,,,Diop,Wolof,,,1
13551960,Guélodé Sowène,14.8219,-15.2232,Louga,Linguere,0,,,,,,,,,,,1
2251313,Guélor Sérèr,14.62925,-16.76186,Thies,Thies,0,,,,Sérèr,Guélor,,,,,,1
13506704,Guélor Wolof,14.61311,-16.73543,Thies,Mbour,0,,,,Wolof,Guélor,,,,,,1
2251319,Guélé,14.84676,-15.99478,Diourbel,Mbacke,0,,,,,,,,,,,1
2251308,Guémédji,12.44247,-11.37802,Kedougou,Saraya,0,,,,,,,,,,,1
13658743,Guénaré,13.08885,-16.30013,Ziguinchor,Bignona,0,,,,,,,,,,,1
2595800,Guéndel,14.71897,-17.27554,Dakar,Rufisque,0,,,,,,,,,,,1
2251303,Guénes,14.65,-16.61667,Diourbel,Bambey,0,,,,,,,,,,,1
2596035,Guéngué,15.84456,-16.50516,Saint Louis,Saint Louis,0,,,,,,,,,,,1
2251292,Guéoul,15.48333,-16.35,Louga,Kebemer,8003,,,,,,,,,,,1
13507216,Guéral,14.63186,-16.03588,Diourbel,Mbacke,0,,,,,,,,,,,1
2251290,Guérane Goumak,14.08158,-15.01626,Kaffrine,Koungheul,0,,,,,,,,,,,1
2251288,Guérina,12.76694,-16.24889,Ziguinchor,Bignona,0,,,,,,,,,,,1
2251287,Guéringoumane,12.86667,-16.05,Ziguinchor,Bignona,0,,,,,,,,,,,1
2251289,Guérèw,14.52467,-17.09458,Thies,Mbour,0,,,,,,,,,,,1
2595421,Guérèw Sérèr,14.51952,-17.09255,Thies,Mbour,0,,,,Sérèr,Guérèw,,,,,,1
2251281,Guéssel,14.86622,-15.67868,Diourbel,Mbacke,0,,,,,,,,,,,1
2251282,Guéssébové,13.59302,-12.02841,Tambacounda,Bakel,0,,,,,,,,,,,1
2251276,Guétié,14.76406,-12.37562,Tambacounda,Bakel,0,,,,,,,,,,,1
6916592,Guéye Kadar,15.8733,-14.3271,Saint Louis,Podor,0,,,,,,,,,,,1
13505573,Guéyène Pal,14.77183,-16.16774,Diourbel,Diourbel,0,,,,,,,,,,,1
2251321,Guéène,14.85,-15.83333,Diourbel,Mbacke,0,,,,,,,,,,,1
2251662,Gâwol,16.07302,-13.49176,Matam,Matam,0,,,,,,,,,,,1
2251582,Génoto,13.55,-13.81667,Tambacounda,Tambacounda,0,,,,,,,,,,,1
6611627,Géwel,15.1275,-12.81556,Matam,Kanel,0,,,,,,,,,,,1
2251572,G’Nit,16.17278,-15.91472,Saint Louis,Dagana,0,,,,,,,,,,,1
2595720,H.L.M. Deux,14.715,-17.44472,Dakar,Dakar,0,,,,,,2,,,,,1
2595723,H.L.M. Quatre,14.71,-17.44528,Dakar,Dakar,0,,,,,,4,,,,,1
2595725,H.L.M. Six Nimzat,14.70285,-17.44483,Dakar,Dakar,0,,,,,,,,,,,1
2595721,H.L.M. Trois,14.71194,-17.445,Dakar,Dakar,0,,,,,,3,,,,,1
2595719,H.L.M. Un,14.71833,-17.44444,Dakar,Dakar,0,,,,,,1,,,,,1
2595724,H.L.M. Çinq,14.70722,-17.44528,Dakar,Dakar,0,,,,,,,,,,,1
6917791,Habibou,12.4918,-12.2803,Kedougou,Kedougou,0,,,,,,,,,,,1
2251187,Hafel,15.38333,-16.23333,Louga,Kebemer,0,,,,,,,,,,,1
2251189,Hafé,15.08333,-16.23333,Thies,Tivaoune,0,,,,,,,,,,,2
13658140,Hafé,13.9066,-16.17699,Kaolack,Kaolack,0,,,,,,,,,,,2
2251176,Halvar,16.58527,-14.65693,Saint Louis,Podor,0,,,,,,,,,,,1
11072097,Halwar,16.58333,-14.65,Saint Louis,Podor,0,,,,,,,,,,,1
6644102,Hamarabé,15.50858,-13.33335,Matam,Matam,0,,,,,,,,,,,1
2251168,Hamdalaye,13.83333,-15.38333,Kaffrine,Kaffrine,0,,,,,,,,,,,7
2251169,Hamdalaye,13.8,-15.81667,Kaolack,Nioro Du Rip,0,,,,,,,,,,,7
2251170,Hamdalaye,13.76667,-13.11667,Tambacounda,Goudiry,0,,,,,,,,,,,7
2251171,Hamdalaye,13.58333,-14.45,Tambacounda,Koumpentoum,0,,,,,,,,,,,7
2251172,Hamdalaye,13.58333,-13.55,Tambacounda,Tambacounda,0,,,,,,,,,,,7
2251173,Hamdalaye,13.56667,-15.1,Kolda,Medina Yoroufoula,0,,,,,,,,,,,7
2251174,Hamdalaye,12.54722,-15.67333,Sedhiou,Goudomp,0,,,,,,,,,,,7
2251166,Hamdalaye Abiou,12.78333,-15.08333,Kolda,Kolda,0,,,,,,,,,,,1
2251165,Hamdalaye Alfa,13.33333,-14.6,Kolda,Medina Yoroufoula,0,,,,,,,,,,,1
2251164,Hamdalaye I,13.28333,-15.56667,Sedhiou,Bounkiling,0,,,,,,1,,,,,1
2251163,Hamdalaye II,13.28333,-15.7,Sedhiou,Bounkiling,0,,,,,,2,,,,,1
2251162,Hamdalaye Malang,13.15,-13.95,Kolda,Velingara,0,,,,,,,,,,,1
2251161,Hamdalaye Yéro,13.38333,-14.78333,Kolda,Medina Yoroufoula,0,,,,,,,,,,,1
2251155,Hamdallaye,14.20597,-12.22516,Tambacounda,Bakel,0,,,,,,,,,,,6
2251156,Hamdallaye,13.7246,-16.5216,Fatick,Foundiougne,0,,,,,,,,,,,6
2251157,Hamdallaye,12.7,-14.85,Kolda,Kolda,0,,,,,,,,,,,6
2251167,Hamdallaye,14.22591,-15.11034,Kaffrine,Malem Hodar,0,,,,,,,,,,,6
13554439,Hamdallaye,14.02426,-15.78668,Kaffrine,Birkelane,0,,,,,,,,,,,6
13554663,Hamdallaye,14.24805,-15.24067,Kaffrine,Malem Hodar,0,,,,,,,,,,,6
2251175,Hamdallaï,12.483,-12.4869,Kedougou,Kedougou,0,,,,,,,,,,,1
2251160,Hamdallaï Amadou,13.08333,-14.88333,Kolda,Medina Yoroufoula,0,,,,,,,,,,,1
2251159,Hamdallaï Diapaldi,13.43333,-13.43333,Tambacounda,Tambacounda,0,,,,,,,,,,,1
2251158,Hamdallaï Tessan,13.61667,-13.51667,Tambacounda,Tambacounda,0,,,,,,,,,,,1
2251149,Hann,14.72111,-17.43694,Dakar,Dakar,0,,,,,,,,,,,1
2595763,Hann-Montagne,14.73471,-17.41915,Dakar,Pikine,0,,,,,,,,,,,1
2595722,Hann-Plage,14.71984,-17.43643,Dakar,Dakar,0,,,,,,,,,,,1
2595754,Hann-Pêcheur,14.72731,-17.42604,Dakar,Dakar,0,,,,,,,,,,,1
2251151,Hanèm,14.08333,-14.98333,Kaffrine,Koungheul,0,,,,,,,,,,,1
2251150,Hanène,14.03109,-15.99113,Kaolack,Kaolack,0,,,,,,,,,,,4
2254665,Hanène,14.7409,-16.8353,Thies,Thies,0,,,,,,,,,,,4
13505356,Hanène,14.9991,-16.39059,Diourbel,Bambey,0,,,,,,,,,,,4
13658164,Hanène,13.80176,-16.13477,Kaolack,Nioro Du Rip,0,,,,,,,,,,,4
2251145,Hari Vélé,16.49586,-14.93076,Saint Louis,Podor,0,,,,,,,,,,,1
2251193,Haïré,16.45178,-14.32929,Saint Louis,Podor,0,,,,,,,,,,,1
2251181,Haïré Diamal,15.90196,-14.38198,Saint Louis,Podor,0,,,,,,,,,,,1
2251179,Haïré Gaoudi,15.4523,-15.4181,Louga,Linguere,0,,,,,,,,,,,1
2251178,Haïré Lao,16.39697,-14.32196,Saint Louis,Podor,9472,,,,,,,,,,,1
2251139,Hilol,12.80694,-16.67472,Ziguinchor,Bignona,0,,,,,,,,,,,1
2595498,Hine,14.66945,-17.10995,Thies,Mbour,0,,,,,,,,,,,1
2251138,Hobel,15.9489,-14.0839,Saint Louis,Podor,0,,,,,,,,,,,1
2251137,Hodar,14.13122,-15.33466,Kaffrine,Malem Hodar,0,,,,,,,,,,,1
6645341,Hodio,16.01773,-13.71178,Matam,Matam,0,,,,,,,,,,,1
2247094,Hombo,15.55546,-13.34431,Matam,Matam,0,,,,,,,,,,,1
2251136,Hontorbé,14.36667,-13.33333,Tambacounda,Goudiry,0,,,,,,,,,,,1
2244060,Horé,14.35991,-15.42988,Kaffrine,Kaffrine,0,,,,,,,,,,,2
2247091,Horé,14.82391,-15.26174,Louga,Linguere,0,,,,,,,,,,,2
2251134,Horé Bova,12.45,-12.45,Kedougou,Kedougou,0,,,,,,,,,,,1
2247089,Horé Fôndé,16.04541,-13.72924,Matam,Matam,0,,,,,,,,,,,1
2247017,Houdolo,13.67384,-16.55275,Fatick,Foundiougne,0,,,,,,,,,,,1
2251133,Houga,15.7653,-14.1756,Saint Louis,Podor,0,,,,,,,,,,,1
2251132,Houro Imadou,14.51507,-12.22079,Tambacounda,Bakel,0,,,,,,,,,,,1
2251128,Iako Ouolof,12.95,-15.96667,Sedhiou,Bounkiling,0,,,,Wolof,Iako,,,,,,1
2251127,Iako Peul,12.93889,-15.97528,Sedhiou,Bounkiling,0,,,,Peul (Fulani),Iako,,,,,,1
2251124,Iba,16.03611,-15.96056,Louga,Louga,0,,,,,,,,,,,1
2251125,Iba Balla,15.87944,-16.3625,Saint Louis,Saint Louis,0,,,,,,,,,,,1
2251123,Ibel,12.5158,-12.3781,Kedougou,Kedougou,0,,,,,,,,,,,1
2250349,Ibra Fal,14.72617,-16.91472,Thies,Thies,0,,,,,,,Fal,Wolof,,,2
2251122,Ibra Fal,14.43333,-15.7,Kaolack,Guinguineo,0,,,,,,,Fal,Wolof,,,2
2251121,Ibrahima Guèye,14.85,-16.35,Diourbel,Diourbel,0,,,,,,,Guèye,Wolof,,,1
2251119,Ida,13.98333,-14.68333,Kaffrine,Koungheul,0,,,,,,,,,,,2
2593127,Ida,12.83806,-15.53222,Sedhiou,Sedhiou,0,,,,,,,,,,,2
2251117,Ida Mouride,13.98333,-14.66667,Kaffrine,Koungheul,0,,,,,,,,,,,1
2251118,Idakoto,13.85,-13.51667,Tambacounda,Tambacounda,0,,,,,,,,,,,1
2251116,Idaoa,14.81667,-15.65,Diourbel,Mbacke,0,,,,,,,,,,,1
2251114,Idite,15.91667,-13.71667,Matam,Matam,0,,,,,,,,,,,1
2251111,Ifra Kounda,13.63333,-13.81667,Tambacounda,Tambacounda,0,kounda,Mandinka,,,,,,,,,1
2251110,Ihimba,12.44889,-16.66361,Ziguinchor,Oussouye,0,,,,,,,,,,,1
2251106,Iliassa,13.85,-14.88333,Kaffrine,Koungheul,0,,,,,,,,,,,1
2251104,Inana,13.9,-13.51667,Tambacounda,Goudiry,0,,,,,,,,,,,1
2251099,Inor,12.99556,-15.70806,Sedhiou,Bounkiling,0,,,,,,,,,,,1
2251098,Irada Mbaye Fal,14.82191,-15.65257,Diourbel,Mbacke,0,,,,,,,Fal,Wolof,,,1
2251097,Irassoli,13.3,-15.55,Sedhiou,Bounkiling,0,,,,,,,,,,,1
2252021,Itato,12.5088,-12.2353,Kedougou,Kedougou,0,,,,,,,,,,,1
2251094,Itou,12.62139,-16.69194,Ziguinchor,Bignona,0,,,,,,,,,,,1
2251113,Iérovalo,13.15,-14.08333,Kolda,Velingara,0,,,,,,,,,,,1
13117829,Jaxaay Parcelle Niakoul Rap,14.77474,-17.28024,Dakar,Rufisque,41570,,,,,,,,,,,1
2251087,Jevel,13.01667,-14.01667,Kolda,Velingara,0,,,,,,,,,,,1
2251084,Joal,14.17309,-16.84929,Thies,Mbour,45903,,,,,,,,,,,1
6645335,Joncto,16.092,-13.51742,Matam,Matam,0,,,,,,,,,,,1
2571780,Jongsharr,13.61694,-16.13917,Fatick,Foundiougne,0,,,,,,,,,,,1
2251081,Ka,14.91561,-16.74844,Thies,Tivaoune,0,,,,,,,Ka,Pulaar,,,1
2251080,Kaba,13.8,-14.8,Tambacounda,Koumpentoum,0,,,,,,,,,,,1
13514614,Kaba Diak,14.74011,-16.61795,Thies,Thies,0,,,,,,,,,,,1
2251079,Kaba Fandène,14.74338,-16.61683,Thies,Thies,0,,,,,,,,,,,1
2251078,Kabadio,13.03581,-16.7072,Ziguinchor,Bignona,0,,,,,,,,,,,1
2251077,Kabakoto,13.78333,-15.65,Kaolack,Nioro Du Rip,0,,,,,,,,,,,1
2251076,Kabalane,12.78333,-16.5,Ziguinchor,Bignona,0,,,,,,,,,,,1
2251075,Kabalang,12.66667,-16.35444,Ziguinchor,Bignona,0,,,,,,,,,,,1
2251074,Kabaline,12.82333,-16.40528,Ziguinchor,Bignona,0,,,,,,,,,,,1
2249841,Kabatoki,14.17181,-16.13819,Kaolack,Kaolack,0,,,,,,,,,,,1
2251073,Kabatékénda,12.7972,-12.2409,Kedougou,Kedougou,0,,,,,,,,,,,1
2251071,Kabaye,13.77367,-16.53289,Fatick,Foundiougne,0,,,,,,,,,,,1
2251070,Kabdou,15.3157,-16.0739,Louga,Kebemer,0,,,,,,,,,,,1
2251069,Kabe Gaye,15.305,-16.6245,Louga,Kebemer,0,,,,,,,Gaye,Wolof,,,1
2251068,Kabendou,12.91667,-14.11667,Kolda,Velingara,0,,,,,,,,,,,1
2251066,Kabiline,12.95583,-16.56194,Ziguinchor,Bignona,0,,,,,,,,,,,1
2251065,Kabiliron,14.01667,-13.98333,Tambacounda,Tambacounda,0,,,,,,,,,,,1
2251063,Kabobokani,12.48333,-16.20278,Ziguinchor,Ziguinchor,0,,,,,,,,,,,1
2251061,Kabokoto,13.31667,-13.25,Tambacounda,Tambacounda,0,,,,,,,,,,,1
2251060,Kaboudiara,13.45134,-12.8737,Tambacounda,Tambacounda,0,,,,,,,,,,,1
2251059,Kaboukout,12.48361,-16.68361,Ziguinchor,Oussouye,0,,,,,,,,,,,1
2251058,Kaboune,12.61167,-16.02861,Ziguinchor,Ziguinchor,0,,,,,,,,,,,1
2251056,Kabounkout,13.15657,-16.28661,Ziguinchor,Bignona,0,,,,,,,,,,,3
2251057,Kabounkout,12.63472,-16.66667,Ziguinchor,Bignona,0,,,,,,,,,,,3
2571712,Kabounkout,13.16083,-16.27833,Ziguinchor,Bignona,0,,,,,,,,,,,3
2251062,Kaboél,13.25,-15.65,Sedhiou,Bounkiling,0,,,,,,,,,,,1
2251055,Kabrousse,12.35556,-16.72056,Ziguinchor,Oussouye,0,,,,,,,,,,,1
2251054,Kachiouane,12.50389,-16.71444,Ziguinchor,Oussouye,0,,,,,,,,,,,1
2251052,Kad,15.16667,-16.11667,Louga,Kebemer,0,,,,,,,,,kad,tree,3
13505363,Kad,14.96412,-16.45874,Diourbel,Bambey,0,,,,,,,,,kad,tree,3
13506972,Kad,14.74688,-16.26082,Diourbel,Diourbel,0,,,,,,,,,kad,tree,3
2251022,Kad Ndiayène,14.96802,-15.78231,Louga,Linguere,0,,,,,,,,,kad,tree,1
13507006,Kadam,14.66244,-16.30666,Diourbel,Diourbel,0,,,,,,,,,,,1
2251050,Kadane,14.93333,-15.95,Diourbel,Mbacke,0,,,,,,,,,,,2
13504589,Kadane,14.95328,-16.86537,Thies,Tivaoune,0,,,,,,,,,,,2
2251049,Kadang,13.55,-15.06667,Kolda,Medina Yoroufoula,0,,,,,,,,,,,1
2251048,Kadanga,12.68333,-14.41667,Kolda,Kolda,0,,,,,,,,,,,1
2251047,Kadao,13.88333,-15.13333,Kaffrine,Kaffrine,0,,,,,,,,,,,1
2251046,Kadawdaw,14.13986,-15.64509,Kaffrine,Birkelane,0,,,,,,,,,,,1
2251043,Kadia,15.9834,-14.1112,Saint Louis,Podor,0,,,,,,,,,,,1
2251041,Kadialin,13.08333,-15.7,Sedhiou,Bounkiling,0,,,,,,,,,,,1
2251027,Kadialouk,13.15501,-16.20603,Ziguinchor,Bignona,0,,,,,,,,,,,1
2251040,Kadiamari,13.05,-14.85,Kolda,Medina Yoroufoula,0,,,,,,,,,,,1
2251038,Kadiar,15.8,-16.28333,Louga,Louga,0,,,,,,,,,,,1
2251037,Kadiar Peul,15.80278,-16.29778,Louga,Louga,0,,,,Peul (Fulani),Kadiar,,,,,,1
2251032,Kadiel,15.1512,-15.4271,Louga,Linguere,0,,,,,,,,,,,4
2251033,Kadiel,14.66025,-12.37345,Tambacounda,Bakel,0,,,,,,,,,,,4
2251035,Kadiel,14.05,-15.81667,Kaolack,Kaolack,0,,,,,,,,,,,4
2251036,Kadiel,12.76667,-14.68333,Kolda,Kolda,0,,,,,,,,,,,4
6647973,Kadiel Séoudou,14.78224,-12.53967,Tambacounda,Bakel,0,,,,,,,,,,,1
2251026,Kadioré,12.4411,-12.5131,Kedougou,Salemata,0,,,,,,,,,,,1
2251029,Kadié-Toukil-Baoudi,16.31262,-14.18565,Saint Louis,Podor,0,,,,,,,,,,,1
2251034,Kadiél,14.41251,-15.85742,Fatick,Gossas,0,,,,,,,,,,,1
2251030,Kadiéné,12.46667,-16.35,Ziguinchor,Ziguinchor,0,,,,,,,,,,,1
2251025,Kadjinol,12.56194,-16.57083,Ziguinchor,Oussouye,0,,,,,,,,,,,1
13554411,Kado,14.18867,-15.8494,Kaolack,Guinguineo,0,,,,,,,,,,,1
2251019,Kadouyel,14.7195,-15.84875,Diourbel,Mbacke,0,,,,,,,,,,,1
2251021,Kadré Pavi,15.96667,-13.61667,Matam,Matam,0,,,,,,,,,,,1
2251020,Kaduyène,14.73333,-15.85,Diourbel,Mbacke,0,,,,,,,,,,,1
2251012,Kafafi,14.2,-13.43333,Tambacounda,Goudiry,0,,,,,,,,,,,1
2251011,Kafar,12.54167,-16.73583,Ziguinchor,Oussouye,0,,,,,,,,,,,1
2251010,Kafaye,12.7,-16.13333,Ziguinchor,Bignona,0,,,,,,,,,,,1
2251007,Kaffrine,14.10594,-15.5508,Kaffrine,Kaffrine,57307,,,,,,,,,,,1
2251005,Kafinké,13.08336,-16.11262,Ziguinchor,Bignona,0,,,,,,,,,,,1
13658746,Kafo,13.02075,-16.37415,Ziguinchor,Bignona,0,,,,,,,,,,,1
6586400,Kafori,12.47389,-11.92167,Kedougou,Kedougou,0,,,,,,,,,,,1
2251004,Kafoulou,12.68222,-15.39611,Sedhiou,Goudomp,0,,,,,,,,,,,1
2251003,Kafounda,13.13333,-15.93333,Ziguinchor,Bignona,0,,,,,,,,,,,1
2251002,Kafountine,12.92528,-16.73889,Ziguinchor,Bignona,0,,,,,,,,,,,1
2251009,Kafèsse,12.86667,-16.165,Ziguinchor,Bignona,0,,,,,,,,,,,1
13658784,Kafétiène,13.136,-16.01701,Ziguinchor,Bignona,0,,,,,,,,,,,1
13658789,Kagadié,13.08638,-16.19324,Ziguinchor,Bignona,0,,,,,,,,,,,1
2250999,Kagnarou,12.92944,-16.22611,Ziguinchor,Bignona,0,,,,,,,,,,,1
2250998,Kagnobon,12.84222,-16.42,Ziguinchor,Bignona,0,,,,,,,,,,,1
2250997,Kagnoubé,13.58333,-13.26667,Tambacounda,Goudiry,0,,,,,,,,,,,1
2250995,Kagnout,12.54889,-16.62778,Ziguinchor,Oussouye,0,,,,,,,,,,,1
13658740,Kagoukout,13.13537,-16.26287,Ziguinchor,Bignona,0,,,,,,,,,,,1
2250994,Kaguil,12.50667,-16.23361,Ziguinchor,Ziguinchor,0,,,,,,,,,,,1
2250993,Kaguite,12.40361,-16.41139,Ziguinchor,Ziguinchor,0,,,,,,,,,,,1
2250992,Kaguite Douma,12.4,-16.42222,Ziguinchor,Ziguinchor,0,,,,,,,,,,,1
2250991,Kahal,12.65,-15.25,,,0,,,,,,,,,,,1
13554555,Kahi,14.14171,-15.55286,Kaffrine,Kaffrine,0,,,,,,,,,,,1
2250986,Kahinda,12.49056,-16.52806,Ziguinchor,Oussouye,0,,,,,,,,,,,1
2250985,Kahing,12.91778,-16.08028,Ziguinchor,Bignona,0,,,,,,,,,,,1
2250984,Kaho,13.66667,-14.45,Tambacounda,Koumpentoum,0,,,,,,,,,,,1
2250982,Kahone,14.15838,-16.03572,Kaolack,Guinguineo,26376,,,,,,,,,,,1
2595637,Kahâne Fal,14.71421,-17.15308,Dakar,Rufisque,0,,,,,,,Fal,Wolof,,,1
2595629,Kahâne Oun,14.70635,-17.15848,Dakar,Rufisque,0,,,,,,,,,,,1
2250989,Kahèm,12.355,-16.60389,Ziguinchor,Oussouye,0,,,,,,,,,,,1
2250988,Kahène,13.75,-14.73333,Tambacounda,Koumpentoum,0,,,,,,,,,,,1
2250990,Kahé,14.84526,-12.56121,Tambacounda,Bakel,0,,,,,,,,,,,1
2250971,Kak,15.1404,-14.5487,Matam,Ranerou,0,,,,,,,,,,,1
2250970,Kakanba,12.88333,-11.83333,Kedougou,Saraya,0,,,,,,,,,,,1
2250969,Kakaré,12.95,-16.45,Ziguinchor,Bignona,0,,,,,,,,,,,3
13554077,Kakaré,14.34587,-15.51589,Kaffrine,Kaffrine,0,,,,,,,,,,,3
13658754,Kakaré,13.07893,-16.25984,Ziguinchor,Bignona,0,,,,,,,,,,,3
2250967,Kakoat,13.93333,-16.0,Kaolack,Kaolack,0,,,,,,,,,,,1
2250966,Kakono,12.96667,-16.23333,Ziguinchor,Bignona,0,,,,,,,,,,,1
2250965,Kakounda,13.8,-15.46667,Kaolack,Nioro Du Rip,0,kounda,Mandinka,,,,,,,,,1
2250968,Kakène,12.92778,-16.16917,Ziguinchor,Bignona,0,,,,,,,,,,,1
2250964,Kaladji Dembani,14.91667,-15.73333,Louga,Linguere,0,,,,,,,,,,,1
13658751,Kalahaguèn,13.04254,-16.26235,Ziguinchor,Bignona,0,,,,,,,,,,,1
2250963,Kalamine,15.78333,-16.18333,Louga,Louga,0,,,,,,,,,,,2
13505404,Kalamine,14.98776,-16.35664,Diourbel,Diourbel,0,,,,,,,,,,,2
2250962,Kalane,15.41667,-16.2,Louga,Kebemer,0,,,,,,,,,,,1
2250958,Kalap,12.93333,-16.1,Ziguinchor,Bignona,0,,,,,,,,,,,3
2250959,Kalap,12.77861,-16.29806,Ziguinchor,Bignona,0,,,,,,,,,,,3
13658801,Kalap,13.08634,-16.02424,Ziguinchor,Bignona,0,,,,,,,,,,,3
13554049,Kalassane,14.32106,-15.89166,Kaolack,Guinguineo,0,,,,,,,,,,,1
2250957,Kalbirone,13.98333,-14.01667,Tambacounda,Tambacounda,0,,,,,,,,,,,1
2250956,Kaldèm,14.15,-13.41667,Tambacounda,Goudiry,0,,,,,,,,,,,1
2250946,Kalifourou,12.92593,-13.6391,Kolda,Velingara,0,,,,,,,,,,,1
2250943,Kalinguène,12.5725,-16.22361,Ziguinchor,Ziguinchor,0,,,,,,,,,,,1
13506971,Kalir,14.64089,-16.31408,Diourbel,Diourbel,0,,,,,,,,,,,1
13554407,Kalière,14.18654,-15.99424,Kaolack,Guinguineo,0,,,,,,,,,,,1
2250936,Kalom,15.9435,-15.5841,Saint Louis,Dagana,0,,,,,,,,,,,5
2250937,Kalom,15.15,-16.36667,Thies,Tivaoune,0,,,,,,,,,,,5
2250938,Kalom,15.13333,-16.15,Louga,Kebemer,0,,,,,,,,,,,5
2250941,Kalom,13.85,-14.28333,Tambacounda,Koumpentoum,0,,,,,,,,,,,5
13504765,Kalom,14.83707,-16.5297,Diourbel,Bambey,0,,,,,,,,,,,5
2250939,Kalom Dieng,14.97938,-16.35823,Diourbel,Diourbel,0,,,,,,,Dieng,Wolof,,,1
13505394,Kalom Karé,14.98255,-16.36989,Diourbel,Bambey,0,,,,,,,,,,,1
2250940,Kalom Ndofane,14.53181,-16.41719,Fatick,Fatick,0,,,,,,,,,,,1
13658773,Kalone,13.1444,-16.14202,Ziguinchor,Bignona,0,,,,,,,,,,,1
2250934,Kalossi,15.6199,-15.3237,Louga,Linguere,0,,,,,,,,,,,1
2250931,Kalou Maboubé,16.36484,-14.26607,Saint Louis,Podor,0,,,,,,,,,,,1
2250932,Kaloubalou,13.09978,-16.09354,Ziguinchor,Bignona,0,,,,,,,,,,,1
2250929,Kaloye,15.6327,-14.3995,Saint Louis,Podor,0,,,,,,,,,,,1
2250928,Kalsane,15.26667,-16.15,Louga,Kebemer,0,,,,,,,,,,,1
2250955,Kalé,12.66139,-16.42972,Ziguinchor,Bignona,0,,,,,,,,,,,1
2250954,Kaléane,12.45,-16.43333,Ziguinchor,Ziguinchor,0,,,,,,,,,,,1
2250953,Kalébé,13.7,-14.15,Tambacounda,Tambacounda,0,,,,,,,,,,,1
2250952,Kalénène,14.8,-16.65,Thies,Thies,0,,,,,,,,,,,1
2250951,Kaléo,13.07444,-16.20434,Ziguinchor,Bignona,0,,,,,,,,,,,1
13658763,Kalétiaye,13.13656,-16.20221,Ziguinchor,Bignona,0,,,,,,,,,,,1
2250950,Kaléya,13.68333,-14.55,Tambacounda,Koumpentoum,0,,,,,,,,,,,1
13506749,Kam Diak,14.68479,-16.71286,Thies,Thies,0,,,,,,,,,,,1
2250926,Kama,15.8,-13.95,Matam,Matam,0,,,,,,,,,,,2
2250927,Kama,13.05,-15.91667,Sedhiou,Bounkiling,0,,,,,,,,,,,2
2250925,Kamadou,14.56815,-15.8878,Diourbel,Mbacke,0,,,,,,,,,,,1
2250924,Kamagouba,12.95,-15.79944,Sedhiou,Bounkiling,0,,,,,,,,,,,1
2250923,Kamahone,12.98917,-15.93472,Sedhiou,Bounkiling,0,,,,,,,,,,,1
2250922,Kamako Sanssan,12.75,-14.96667,Kolda,Kolda,0,,,,,,,,,,,1
2250921,Kamara,15.5239,-15.5268,Louga,Linguere,0,,,,,,,,,,,1
2250920,Kamarakounda,12.50417,-16.07667,Ziguinchor,Ziguinchor,0,kounda,Mandinka,,,,,,,,,1
2250918,Kamatane Bambara,14.12486,-16.27694,Fatick,Foundiougne,0,,,,Bambara,Kamatane,,,,,,1
13514634,Kamatane Mbar,14.1192,-16.27146,Fatick,Foundiougne,0,,,,,,,,,,,1
2250904,Kamb,14.74584,-17.31462,Dakar,Pikine,0,,,,,,,,,,,2
2250917,Kamb,15.5307,-15.4337,Louga,Linguere,0,,,,,,,,,,,2
2250916,Kamba,15.1304,-15.6871,Louga,Linguere,0,,,,,,,,,,,1
2250915,Kambassé,12.75,-13.98333,Kolda,Velingara,0,,,,,,,,,,,1
2250912,Kambel,14.75914,-15.57535,Diourbel,Mbacke,0,,,,,,,,,,,1
2250911,Kambila,12.98972,-15.84861,Sedhiou,Bounkiling,0,,,,,,,,,,,1
2250910,Kambou,15.36667,-16.06667,Louga,Kebemer,0,,,,,,,,,,,1
2250909,Kamboua,12.7,-14.76667,Kolda,Kolda,0,,,,,,,,,,,1
2250908,Kamboudione,13.1,-15.88333,Sedhiou,Bounkiling,0,,,,,,,,,,,1
2250907,Kambounar,15.2413,-15.7092,Louga,Linguere,0,,,,,,,,,,,1
2250906,Kamboundé,13.01667,-15.91667,Sedhiou,Bounkiling,0,,,,,,,,,,,1
2250913,Kambédare,12.73333,-14.76667,Kolda,Kolda,0,,,,,,,,,,,1
2250905,Kamiak,14.4566,-16.55664,Fatick,Fatick,0,,,,,,,,,,,1
2250903,Kamobeul,12.50278,-16.43639,Ziguinchor,Ziguinchor,0,,,,,,,,,,,1
2250901,Kamoya,12.87083,-15.88167,Sedhiou,Sedhiou,0,,,,,,,,,,,1
2250900,Kampila,12.995,-15.77944,Sedhiou,Bounkiling,0,,,,,,,,,,,1
2250899,Kampissa,12.85,-14.6,Kolda,Kolda,0,,,,,,,,,,,1
2250898,Kampoto,13.03333,-15.7,Sedhiou,Bounkiling,0,,,,,,,,,,,1
2250897,Kananpar,12.53333,-15.66667,Sedhiou,Goudomp,0,,,,,,,,,,,1
2250895,Kanapé,13.56667,-13.91667,Tambacounda,Tambacounda,0,,,,,,,,,,,1
2250894,Kanapétoko,13.71667,-13.81667,Tambacounda,Tambacounda,0,,,,,,,,,,,1
2250892,Kanbinnta,12.55917,-16.21361,Ziguinchor,Ziguinchor,0,,,,,,,,,,,1
2250891,Kanboundan,12.9075,-15.79333,Sedhiou,Sedhiou,0,,,,,,,,,,,1
2250890,Kandam,14.66701,-17.14329,Dakar,Rufisque,0,,,,,,,,,,,2
2595587,Kandam,14.68371,-17.13022,Thies,Mbour,0,,,,,,,,,,,2
2250889,Kandaye,12.98333,-14.26667,Kolda,Kolda,0,,,,,,,,,,,1
2250883,Kandia,13.08333,-14.23333,Kolda,Velingara,0,,,,,,,,,,,1
13658771,Kandiadi,13.13764,-16.1074,Ziguinchor,Bignona,0,,,,,,,,,,,1
2250880,Kandiadiou,13.14093,-16.03781,Ziguinchor,Bignona,0,,,,,,,,,,,2
2250881,Kandiadiou,13.00139,-15.61722,Sedhiou,Bounkiling,0,,,,,,,,,,,2
2250877,Kandiala,13.23333,-14.48333,Kolda,Medina Yoroufoula,0,,,,,,,,,,,1
2250876,Kandialon,12.98806,-15.74,Sedhiou,Bounkiling,0,,,,,,,,,,,1
2250875,Kandiama,13.23333,-13.85,Kolda,Velingara,0,,,,,,,,,,,1
2250874,Kandiankoum,12.71361,-16.75833,Ziguinchor,Bignona,0,,,,,,,,,,,1
2249878,Kandiané,14.25105,-15.03045,Kaffrine,Koungheul,0,,,,,,,,,,,1
2250872,Kandiatong,12.55361,-16.24861,Ziguinchor,Ziguinchor,0,,,,,,,,,,,1
2250871,Kandiator,12.98333,-14.55,Kolda,Kolda,0,,,,,,,,,,,1
2250870,Kandiaye,12.96667,-14.03333,Kolda,Velingara,0,,,,,,,,,,,1
2250868,Kandii,15.3,-16.03333,Louga,Kebemer,0,,,,,,,,,,,1
2250867,Kandimba,13.23333,-15.66667,Sedhiou,Bounkiling,0,,,,,,,,,,,1
2250866,Kandio Kamako,12.78139,-15.1125,Kolda,Kolda,0,,,,,,,,,,,1
2250865,Kandion,12.68333,-14.5,Kolda,Kolda,0,,,,,,,,,,,1
2250864,Kandion Dansokounda,13.16667,-15.78333,Sedhiou,Bounkiling,0,kounda,Mandinka,,,,,,,,,1
2250863,Kandion Mangana,13.18333,-15.78333,Sedhiou,Bounkiling,0,,,,,,,,,,,1
2250862,Kandiou,12.71778,-16.35222,Ziguinchor,Bignona,0,,,,,,,,,,,1
13508567,Kandiou Deux,14.37443,-16.38377,Fatick,Fatick,0,,,,,,2,,,,,1
2250861,Kandiou Un,14.3722,-16.40384,Fatick,Fatick,0,,,,,,1,,,,,1
13658800,Kandioubatou,13.05593,-16.04139,Ziguinchor,Bignona,0,,,,,,,,,,,1
2250859,Kandiounkou,13.00083,-15.64806,Sedhiou,Bounkiling,0,,,,,,,,,,,2
2250860,Kandiounkou,13.0,-15.48333,Sedhiou,Bounkiling,0,,,,,,,,,,,2
2250869,Kandiénoug,12.61389,-15.35417,Sedhiou,Goudomp,0,,,,,,,,,,,1
2250857,Kandji,14.78333,-16.66667,Thies,Thies,0,,,,,,,,,,,1
2250855,Kandji Tala,12.98333,-13.75,Kolda,Velingara,0,,,,,,,,,,,1
2250854,Kandong,13.10891,-16.15826,Ziguinchor,Bignona,0,,,,,,,,,,,1
2250853,Kandoniéma,14.09052,-12.74044,Tambacounda,Goudiry,0,,,,,,,,,,,1
2250852,Kandounié,12.95361,-16.10472,Ziguinchor,Bignona,0,,,,,,,,,,,1
2250887,Kandé,12.65472,-16.69056,Ziguinchor,Bignona,0,,,,,,,,,,,2
2250888,Kandé,12.56667,-16.25,Ziguinchor,Ziguinchor,0,,,,,,,,,,,2
2250885,Kandékounda,13.56667,-14.05,Tambacounda,Tambacounda,0,kounda,Mandinka,,,,,,,,,1
2250884,Kandéri Niana,13.75,-13.63333,Tambacounda,Tambacounda,0,,,,,,,,,,,1
13506999,Kane Kane,14.74892,-16.28321,Diourbel,Diourbel,0,,,,,,,Kane,Pulaar,,,2
13507056,Kane Kane,14.72609,-16.27189,Diourbel,Diourbel,0,,,,,,,Kane,Pulaar,,,2
2250849,Kanel,15.4916,-13.17627,Matam,Kanel,15244,,,,,,,,,,,2
2250850,Kanel,13.3,-14.58333,Kolda,Medina Yoroufoula,0,,,,,,,,,,,2
2250840,Kaner,14.86667,-14.51667,Matam,Ranerou,0,,,,,,,,,,,1
2250839,Kangal,15.93333,-13.71667,Matam,Matam,0,,,,,,,,,,,1
13505493,Kangharlo,14.97799,-16.38946,Diourbel,Bambey,0,,,,,,,,,,,1
2250838,Kangian,15.1,-16.43333,Thies,Tivaoune,0,,,,,,,,,,,1
2250837,Kangodi,13.01667,-15.83333,Sedhiou,Bounkiling,0,,,,,,,,,,,1
2250818,Kanhanbé,14.23459,-12.65595,Tambacounda,Goudiry,0,,,,,,,,,,,1
2250836,Kanho,12.62083,-16.73083,Ziguinchor,Bignona,0,,,,,,,,,,,1
2595973,Kaniak,14.87172,-17.16096,Thies,Thies,0,,,,,,,,,,,1
2250835,Kaniaka,12.5975,-16.02,Ziguinchor,Ziguinchor,0,,,,,,,,,,,1
2250834,Kaniako,12.73333,-14.71667,Kolda,Kolda,0,,,,,,,,,,,1
2250832,Kanianbali,12.95,-11.8,Kedougou,Saraya,0,,,,,,,,,,,1
2250830,Kanibo,12.95333,-16.56139,Ziguinchor,Bignona,0,,,,,,,,,,,1
2250828,Kaniko,12.47389,-15.665,Sedhiou,Goudomp,0,,,,,,,,,,,1
2250827,Kanikoro,12.76667,-14.48333,Kolda,Kolda,0,,,,,,,,,,,1
6659070,Kanimoussaya,12.78386,-11.39979,Kedougou,Saraya,0,,,,,,,,,,,1
2250829,Kaniène,16.04333,-16.12556,Saint Louis,Dagana,0,,,,,,,,,,,1
2250825,Kanka,14.79932,-15.96688,Diourbel,Mbacke,0,,,,,,,,,,,2
2250826,Kanka,14.12773,-15.66106,Kaffrine,Birkelane,0,,,,,,,,,,,2
2250824,Kankandé,13.01667,-15.93333,Ziguinchor,Bignona,0,,,,,,,,,,,1
2250823,Kankane,14.7,-16.25,Diourbel,Diourbel,0,,,,,,,,,,,1
2250821,Kankoudron,12.785,-15.08389,Kolda,Kolda,0,,,,,,,,,,,1
2250819,Kankoulountou,13.01667,-15.66667,Sedhiou,Bounkiling,0,,,,,,,,,,,1
2250820,Kankoulérou,12.96667,-15.95,Sedhiou,Bounkiling,0,,,,,,,,,,,1
2250822,Kankéléfa,12.83333,-14.13333,Kolda,Velingara,0,,,,,,,,,,,1
2250817,Kanouma,13.63333,-14.71667,Tambacounda,Koumpentoum,0,,,,,,,,,,,1
2250846,Kanouméring,12.8846,-12.1776,Kedougou,Kedougou,0,,,,,,,,,,,1
2250815,Kansata,13.06667,-14.01667,Kolda,Velingara,0,,,,,,,,,,,1
2250814,Kansola,12.99781,-16.55114,Ziguinchor,Bignona,0,,,,,,,,,,,2
2593155,Kansola,13.00111,-16.55111,Ziguinchor,Bignona,0,,,,,,,,,,,2
13554090,Kanta,14.38916,-15.08554,Kaffrine,Malem Hodar,0,,,,,,,,,,,1
2250813,Kantar,13.8,-14.75,Tambacounda,Koumpentoum,0,,,,,,,,,,,1
2250812,Kantaré,15.1973,-16.2611,Louga,Kebemer,0,,,,,,,,,,,1
2250811,Kantayène,15.65,-16.1,Louga,Louga,0,,,,,,,,,,,1
2250810,Kantiakh,15.26667,-16.26667,Louga,Kebemer,0,,,,,,,,,,,1
2250809,Kantor,13.65,-15.73333,Kaolack,Nioro Du Rip,0,,,,,,,,,,,1
2249718,Kantor Ndabri,14.73571,-15.88328,Diourbel,Mbacke,0,,,,,,,,,,,1
13658774,Kantéli,13.13422,-16.14235,Ziguinchor,Bignona,0,,,,,,,,,,,1
13658777,Kantépor,13.11264,-16.09305,Ziguinchor,Bignona,0,,,,,,,,,,,3
13658794,Kantépor,13.09645,-16.12543,Ziguinchor,Bignona,0,,,,,,,,,,,3
13658816,Kantépor,13.04383,-16.11168,Ziguinchor,Bignona,0,,,,,,,,,,,3
2250844,Kanène,15.4,-16.48333,Louga,Kebemer,0,,,,,,,,,,,5
2250845,Kanène,14.87175,-16.64944,Thies,Thies,0,,,,,,,,,,,5
13505518,Kanène,14.86487,-16.23381,Diourbel,Diourbel,0,,,,,,,,,,,5
13505587,Kanène,14.94906,-16.09896,Diourbel,Diourbel,0,,,,,,,,,,,5
13554029,Kanène,14.42754,-15.82256,Fatick,Gossas,0,,,,,,,,,,,5
2250843,Kanène Al,15.5,-16.01667,Louga,Louga,0,,,,,,,,,,,1
2250842,Kanène Khar,15.5,-16.03333,Louga,Louga,0,,,,,,,,,,,1
2250841,Kanène Ndiob,15.3628,-16.1734,Louga,Kebemer,0,,,,,,,,,,,1
2250851,Kanékaré,12.68333,-12.41667,Kedougou,Kedougou,0,,,,,,,,,,,1
2250847,Kanéma,12.56944,-15.93361,Sedhiou,Goudomp,0,,,,,,,,,,,1
13658779,Kaok,13.14204,-16.05678,Ziguinchor,Bignona,0,,,,,,,,,,,1
2250805,Kaolack,14.15197,-16.07259,Kaolack,Kaolack,298904,,,,,,,,,,,1
2250803,Kaolak,14.03498,-16.08027,Kaolack,Kaolack,0,,,,,,,,,,,1
2250801,Kaoné,15.08333,-16.71667,Thies,Tivaoune,0,,,,,,,,,,,2
2250802,Kaoné,12.73333,-14.25,Kolda,Velingara,0,,,,,,,,,,,2
2250797,Kaouadir,12.81972,-16.51278,Ziguinchor,Bignona,0,,,,,,,,,,,1
2250794,Kaouel,15.5511,-14.2027,Matam,Ranerou,0,,,,,,,,,,,1
2250792,Kaoulou,15.03333,-16.41667,Thies,Tivaoune,0,,,,,,,,,,,1
2250790,Kaour,12.56611,-15.90778,Sedhiou,Goudomp,0,,,,,,,,,,,1
2250789,Kaourou,13.6196,-12.04259,Tambacounda,Bakel,0,,,,,,,,,,,1
2250788,Kaoutou,13.38196,-12.54944,Tambacounda,Tambacounda,0,,,,,,,,,,,1
2250786,Kaparan,12.86444,-16.31917,Ziguinchor,Bignona,0,,,,,,,,,,,1
2595579,Kaparok,14.70057,-17.11691,Thies,Thies,0,,,,,,,,,,,1
2250784,Kapeïel,12.93333,-13.66667,Kolda,Velingara,0,,,,,,,,,,,1
2250783,Kaporta,13.90122,-12.6699,Tambacounda,Goudiry,0,,,,,,,,,,,1
2250782,Kapote,12.66667,-15.58333,Sedhiou,Sedhiou,0,,,,,,,,,,,1
2250781,Kapoundoune,12.97583,-15.83667,Sedhiou,Bounkiling,0,,,,,,,,,,,1
13504637,Kar Kar,14.93276,-16.62897,Diourbel,Bambey,0,,,,,,,,,,,1
2250780,Kara,15.56667,-16.3,Louga,Louga,0,,,,,,,,,,,1
2250761,Kara Vendou,15.8927,-14.1657,Saint Louis,Podor,0,,,,,,,,,wendou,water,1
2250779,Karabane,12.55667,-16.70028,Ziguinchor,Oussouye,0,,,,,,,,,,,1
2250777,Karakaéné,12.91667,-11.51667,Kedougou,Saraya,0,,,,,,,,,,,1
13658776,Karamba,13.09986,-16.11217,Ziguinchor,Bignona,0,,,,,,,,,,,1
2250776,Karamogobougou Sadirou,13.78333,-13.75,Tambacounda,Tambacounda,0,,,,,,,,,,,1
2250775,Karamoko,14.76667,-16.86667,Thies,Thies,0,,,,,,,,,,,1
2571738,Karang Bah,13.60185,-16.44412,Fatick,Foundiougne,0,,,,,,,,,,,1
2250773,Karang Poste,13.60661,-16.42427,Fatick,Foundiougne,14624,,,,,,,,,,,1
2250772,Karanko,12.97806,-16.52389,Ziguinchor,Bignona,0,,,,,,,,,,,1
2250764,Karantaba,13.6445,-16.41627,Fatick,Foundiougne,0,,,,,,,,,,,8
2250765,Karantaba,13.08844,-16.71933,Ziguinchor,Bignona,0,,,,,,,,,,,8
2250766,Karantaba,13.05,-15.5,Sedhiou,Bounkiling,0,,,,,,,,,,,8
2250767,Karantaba,12.99994,-16.55151,Ziguinchor,Bignona,0,,,,,,,,,,,8
2250768,Karantaba,12.93333,-14.28333,Kolda,Kolda,0,,,,,,,,,,,8
2250769,Karantaba,12.77778,-15.47167,Sedhiou,Goudomp,0,,,,,,,,,,,8
2250770,Karantaba,12.73417,-15.80556,Sedhiou,Sedhiou,0,,,,,,,,,,,8
2250771,Karantaba,12.68333,-14.7,Kolda,Kolda,0,,,,,,,,,,,8
2250763,Karatchel,15.1524,-15.9471,Louga,Kebemer,0,,,,,,,,,,,1
2250762,Karatchel-Ouolof,15.1394,-15.9557,Louga,Kebemer,0,,,,Wolof,Karatchel,,,,,,1
2250754,Kariaye,12.95806,-16.51917,Ziguinchor,Bignona,0,,,,,,,,,,,1
2250753,Karonko,12.55,-16.18333,Ziguinchor,Ziguinchor,0,,,,,,,,,,,1
2250751,Karoumbou,12.57806,-15.44444,Sedhiou,Goudomp,0,,,,,,,,,,,1
2250750,Karounat,12.47111,-16.52111,Ziguinchor,Oussouye,0,,,,,,,,,,,1
2250749,Karounor,13.15824,-16.10822,Ziguinchor,Bignona,0,,,,,,,,,,,1
2571698,Karounor Narang,13.16375,-16.32313,Ziguinchor,Bignona,0,,,,,,,,,,,1
2250748,Karsia,12.81639,-15.16778,Sedhiou,Sedhiou,0,,,,,,,,,,,1
2250746,Kartiak,12.86667,-16.51667,Ziguinchor,Bignona,0,,,,,,,,,,,1
2250747,Kartèlo,15.4146,-15.9417,Louga,Louga,0,,,,,,,,,,,1
2250759,Karègne,15.21667,-16.16667,Louga,Kebemer,0,,,,,,,,,,,1
2250760,Karé,13.87017,-12.16073,Tambacounda,Bakel,0,,,,,,,,,,,2
2252175,Karé,14.98347,-16.38029,Diourbel,Bambey,0,,,,,,,,,,,2
2250755,Karé Sissé,14.85,-15.75,Diourbel,Mbacke,0,,,,,,,,,,,1
2250757,Karénaye,13.12059,-16.11763,Ziguinchor,Bignona,0,,,,,,,,,,,1
2250745,Kas,14.88333,-16.46667,Diourbel,Bambey,0,,,,,,,,,,,1
2250744,Kasi,12.54639,-15.55444,Sedhiou,Goudomp,0,,,,,,,,,,,1
2250743,Kaskas,16.37863,-14.05603,Saint Louis,Podor,0,,,,,,,,,,,1
2250742,Kassaguéri,13.32875,-11.64618,Kedougou,Saraya,0,,,,,,,,,,,1
13658780,Kassana Bodian,13.13842,-16.0523,Ziguinchor,Bignona,0,,,,,,,Bodian,Diola,,,1
2254113,Kassane,13.13006,-16.07431,Ziguinchor,Bignona,0,,,,,,,,,,,1
2250740,Kassankili,12.72306,-16.30111,Ziguinchor,Bignona,0,,,,,,,,,,,1
13658796,Kassarane,13.0537,-16.14657,Ziguinchor,Bignona,0,,,,,,,,,,,1
2250738,Kassas,14.16077,-15.52435,Kaffrine,Kaffrine,0,,,,,,,,,,,2
2250739,Kassas,13.88333,-15.68333,Kaffrine,Birkelane,0,,,,,,,,,,,2
2250736,Kassassa,14.03333,-14.85,Kaffrine,Koungheul,0,,,,,,,,,,,1
2250732,Kassel,12.87667,-16.7,Ziguinchor,Bignona,0,,,,,,,,,,,1
2250728,Kassila,12.91194,-16.28056,Ziguinchor,Bignona,0,,,,,,,,,,,1
2250727,Kassili,12.89083,-16.16194,Ziguinchor,Bignona,0,,,,,,,,,,,1
2250726,Kassis,12.88333,-16.18333,Ziguinchor,Bignona,0,,,,,,,,,,,1
2250725,Kassou,12.36944,-16.41111,Ziguinchor,Ziguinchor,0,,,,,,,,,,,1
2250734,Kassé Dimmbo,15.25,-16.18333,Louga,Kebemer,0,,,,,,,,,,,1
2250731,Kassé Médina,14.31667,-15.85,Kaolack,Guinguineo,0,,,madina,,,,,,,,1
2250730,Kassépol,13.05,-14.78333,Kolda,Medina Yoroufoula,0,,,,,,,,,,,1
2250724,Kataba,13.31667,-13.95,Kolda,Velingara,0,,,,,,,,,,,1
2250721,Kataba Deux,13.00959,-16.55486,Ziguinchor,Bignona,0,,,,,,2,,,,,1
2250722,Kataba Guidima,12.98194,-15.64111,Sedhiou,Bounkiling,0,,,,,,,,,,,1
2250720,Kataba Samba,12.91667,-14.26667,Kolda,Kolda,0,,,,,,,,,,,1
2251799,Kataba Trois,13.01545,-16.54604,Ziguinchor,Bignona,0,,,,,,3,,,,,1
2250723,Kataba Un,13.02644,-16.57357,Ziguinchor,Bignona,0,,,,,,1,,,,,1
2250719,Katabina,12.84333,-15.33611,Sedhiou,Goudomp,0,,,,,,,,,,,1
2250717,Katakel,13.95,-15.45,Kaffrine,Kaffrine,0,,,,,,,,,,,1
13658728,Kataki,13.08758,-16.72558,Ziguinchor,Bignona,0,,,,,,,,,,,1
2250716,Katama,12.61667,-16.38333,Ziguinchor,Bignona,0,,,,,,,,,,,2
13658757,Katama,13.14951,-16.15598,Ziguinchor,Bignona,0,,,,,,,,,,,2
2250713,Kateumteum,12.98333,-16.48333,Ziguinchor,Bignona,0,,,,,,,,,,,1
2250712,Kati,13.9,-14.95,Kaffrine,Koungheul,0,,,,,,,,,,,1
2250711,Katia,13.01667,-14.81667,Kolda,Medina Yoroufoula,0,,,,,,,,,,,1
2250710,Katial,14.00921,-15.3197,Kaffrine,Kaffrine,0,,,,,,,,,,,1
2250709,Katiaouane,13.95,-15.51667,Kaffrine,Birkelane,0,,,,,,,,,,,1
2250707,Katinong,12.98722,-16.31083,Ziguinchor,Bignona,0,,,,,,,,,,,1
13658765,Katinoro,13.14676,-16.16038,Ziguinchor,Bignona,0,,,,,,,,,,,1
2250706,Katio,12.48333,-16.36667,Ziguinchor,Ziguinchor,0,,,,,,,,,,,1
2250705,Katior,13.68945,-16.51288,Fatick,Foundiougne,0,,,,,,,,,,,1
2250704,Katiot,13.93333,-15.4,Kaffrine,Kaffrine,0,,,,,,,,,,,1
2250703,Katipeu,13.02701,-16.39591,Ziguinchor,Bignona,0,,,,,,,,,,,1
2250702,Katipo,12.51667,-16.2,Ziguinchor,Ziguinchor,0,,,,,,,,,,,1
2250701,Katob,13.81667,-14.08333,Tambacounda,Tambacounda,0,,,,,,,,,,,1
2250700,Katonfara,13.25,-14.96667,Kolda,Medina Yoroufoula,0,,,,,,,,,,,1
2250699,Katoté,15.80427,-13.4698,Matam,Matam,0,,,,,,,,,,,1
2250698,Katoudié,12.95556,-16.34139,Ziguinchor,Bignona,0,,,,,,,,,,,1
2250696,Katounor,13.12598,-16.25999,Ziguinchor,Bignona,0,,,,,,,,,,,1
2250693,Kavel,14.71667,-13.58333,Matam,Ranerou,0,,,,,,,,,,,1
2250691,Kavél,15.81249,-13.49521,Matam,Matam,0,,,,,,,,,,,1
2250692,Kavél Kangal,15.80778,-13.4959,Matam,Matam,0,,,,,,,,,,,1
2250688,Kawal,14.9323,-12.66513,Matam,Kanel,0,,,,,,,,,,,1
2250687,Kawané,13.38333,-13.38333,Tambacounda,Tambacounda,0,,,,,,,,,,,1
2250689,Kawil,14.05307,-16.04846,Kaolack,Kaolack,0,,,,,,,,,,,1
13658145,Kawitiane,13.93385,-16.06107,Kaolack,Kaolack,0,,,,,,,,,,,1
13505548,Kawsara Fal,14.89697,-16.00669,Diourbel,Mbacke,0,,,,,,,Fal,Wolof,,,1
2250799,Kawssa,14.02075,-16.23149,Kaolack,Kaolack,0,,,,,,,,,,,1
2250798,Kawssara,14.90408,-15.99466,Diourbel,Mbacke,0,,,,,,,,,,,1
13554044,Kay Wali,14.44096,-15.94168,Fatick,Gossas,0,,,,,,,,,,,1
2250683,Kaya Koussan,13.66667,-14.06667,Tambacounda,Tambacounda,0,,,,,,,,,,,1
2250681,Kayan,13.30963,-12.3215,Tambacounda,Goudiry,0,,,,,,,,,,,1
2250677,Kayar,14.91893,-17.11978,Thies,Thies,23585,,,,,,,,,,,1
2250676,Kaye Alouki,14.16112,-15.60516,Kaffrine,Kaffrine,0,,,,,,,,,,,1
2250675,Kaye Boubou,14.25,-14.85,Kaffrine,Koungheul,0,,,,,,,,,,,1
2250975,Kayi,14.37785,-15.99557,Kaolack,Guinguineo,0,,,,,,,,,,,1
2250981,Kayi Alouki,14.29301,-15.67721,Kaffrine,Kaffrine,0,,,,,,,,,,,1
13554060,Kayi Gnibi,14.34985,-15.65864,Kaffrine,Kaffrine,0,,,,,,,,,,,1
2250671,Kaymor,13.76667,-15.6,Kaolack,Nioro Du Rip,0,,,,,,,,,,,1
2250674,Kayol,14.7595,-17.09719,Thies,Thies,0,,,,,,,,,,,1
2250673,Kayélo,12.82472,-16.74917,Ziguinchor,Bignona,0,,,,,,,,,,,1
2250669,Kazamanse,14.51667,-16.83333,Thies,Mbour,0,,,,,,,,,,,1
2251015,Kaèl,14.71315,-15.90523,Diourbel,Mbacke,0,,,,,,,,,,,4
2251016,Kaèl,13.75,-14.73333,Tambacounda,Koumpentoum,0,,,,,,,,,,,4
2251017,Kaèl,13.13333,-14.13333,Kolda,Velingara,0,,,,,,,,,,,4
2251018,Kaèl,12.91667,-13.68333,Kolda,Velingara,0,,,,,,,,,,,4
2251014,Kaèl Mbobo,14.67811,-15.78484,Fatick,Gossas,0,,,,,,,,,,,1
2250980,Kaïbé,15.53333,-16.21667,Louga,Louga,0,,,,,,,,,,,1
2250979,Kaïfara,13.86667,-15.45,Kaffrine,Kaffrine,0,,,,,,,,,,,1
2250978,Kaïga,14.58333,-15.8,Fatick,Gossas,0,,,,,,,,,,,1
2250976,Kaïlen,12.55,-16.33333,Ziguinchor,Ziguinchor,0,,,,,,,,,,,1
13658761,Kaïlo,13.15087,-16.04998,Ziguinchor,Bignona,0,,,,,,,,,,,1
2250974,Kaïlou,12.46667,-16.38333,Ziguinchor,Ziguinchor,0,,,,,,,,,,,1
13658770,Kaïlédone,13.13592,-16.11204,Ziguinchor,Bignona,0,,,,,,,,,,,1
13658756,Kaïnga,13.14989,-16.20826,Ziguinchor,Bignona,0,,,,,,,,,,,1
2250972,Kaïpongal,14.28333,-13.86667,Tambacounda,Tambacounda,0,,,,,,,,,,,1
13551546,Kaïré,14.89801,-15.60151,Louga,Linguere,0,,,,,,,,,,,1
2250672,Kaïré Al,14.76738,-16.71429,Thies,Thies,0,,,,,,,,,,,1
13504762,Kaïré Mapaté,14.92879,-16.64775,Diourbel,Bambey,0,,,,,,,,,,,1
13504701,Kaône,14.97419,-16.56737,Diourbel,Bambey,0,,,,,,,,,,,1
2250668,Kbombole,14.76667,-16.7,Thies,Thies,15587,,,,,,,,,,,1
2250655,Kebeum,13.03333,-15.91667,Sedhiou,Bounkiling,0,,,,,,,,,,,1
2250654,Kebiline,12.95,-16.58333,Ziguinchor,Bignona,0,,,,,,,,,,,1
2250620,Kelle,15.177,-16.5698,Thies,Tivaoune,0,,,,,,,,,,,1
13658237,Kembou,13.89462,-16.02867,Kaolack,Kaolack,0,,,,,,,,,,,1
10401815,Kenia,12.54278,-16.28139,Ziguinchor,Ziguinchor,0,,,,,,,,,,,1
2250604,Kenngor,14.93333,-15.63333,Louga,Linguere,0,,,,,,,,,,,1
2250582,Ker Katim,13.58333,-15.88333,,,0,,,,,,,,,,,1
2250595,Kerel,12.71083,-15.51889,Sedhiou,Goudomp,0,,,,,,,,,,,1
2250587,Kerfari,15.2835,-15.8584,Louga,Kebemer,0,,,,,,,,,,,1
13504532,Kergali,14.87058,-16.86945,Thies,Thies,0,,,,,,,,,,,1
2250583,Keri Ngakou,15.06667,-16.58333,Thies,Tivaoune,0,,,,,,,,,,,1
2250580,Kerma Fass,13.93333,-14.86667,Kaffrine,Koungheul,0,,,,,,,,,,,1
2250577,Kermodiènebodiane,15.06667,-16.05,Louga,Kebemer,0,,,,,,,,,,,1
2250578,Kermèsamba,15.33333,-16.16667,Louga,Kebemer,0,,,,,,,,,,,1
2250570,Kessoukhat,14.69945,-17.07449,Thies,Thies,0,,,,,,,,,,,1
2250567,Keur Abdou,13.98333,-15.7,Kaffrine,Birkelane,0,keur,Wolof,,,,,,,,,1
2250565,Keur Abdou Bouri,13.68333,-15.7,Kaolack,Nioro Du Rip,0,keur,Wolof,,,,,,,,,1
2250564,Keur Abdou Diafé,13.80505,-16.05776,Kaolack,Nioro Du Rip,0,keur,Wolof,,,,,,,,,1
13504552,Keur Abdou Dièye,14.78511,-16.84225,Thies,Thies,0,keur,Wolof,,,,,,,,,1
13658224,Keur Abdou Fana,13.96919,-16.23948,Fatick,Foundiougne,0,keur,Wolof,,,,,,,,,1
13505502,Keur Abdou Kane,14.98262,-16.32315,Diourbel,Diourbel,0,keur,Wolof,,,,,Kane,Pulaar,,,1
13554424,Keur Abdou Khoulé,14.03401,-15.93751,Kaolack,Kaolack,0,keur,Wolof,,,,,,,,,1
2247267,Keur Abdou Mam,13.90526,-16.08382,Kaolack,Kaolack,0,keur,Wolof,,,,,,,,,1
13658179,Keur Abdou Matar,13.79864,-16.24111,Kaolack,Nioro Du Rip,0,keur,Wolof,,,,,,,,,1
2250559,Keur Abdou Mbaye,13.98333,-14.65,Kaffrine,Koungheul,0,keur,Wolof,,,,,Mbaye,Wolof,,,2
2250560,Keur Abdou Mbaye,13.85,-15.13333,Kaffrine,Kaffrine,0,keur,Wolof,,,,,Mbaye,Wolof,,,2
13658701,Keur Abdou Mbâs,13.59426,-16.13062,Fatick,Foundiougne,0,keur,Wolof,,,,,,,,,1
2250558,Keur Abdou Ndoye,14.8874,-17.13213,Thies,Thies,0,keur,Wolof,,,,,Ndoye,Wolof,,,1
13507252,Keur Abdou Niane,14.74745,-16.0394,Diourbel,Mbacke,0,keur,Wolof,,,,,,,,,1
13505418,Keur Abdou Sal,14.90111,-16.44363,Diourbel,Bambey,0,keur,Wolof,,,,,,,,,1
2250555,Keur Abdou Siri,15.0552,-15.8535,Louga,Kebemer,0,keur,Wolof,,,,,,,,,1
2250556,Keur Abdou Sèye,15.45,-16.18333,Louga,Louga,0,keur,Wolof,,,,,,,,,1
13658040,Keur Abdou Yassine,13.91453,-16.31483,Fatick,Foundiougne,0,keur,Wolof,,,,,,,,,1
2250563,Keur Abdoulaye Aminata,13.85,-15.11667,Kaffrine,Kaffrine,0,keur,Wolof,,,,,,,,,1
2250561,Keur Abdoulaye Sissé,13.96667,-14.86667,Kaffrine,Koungheul,0,keur,Wolof,,,,,,,,,1
2250562,Keur Abdoulaye Sènè,14.63333,-16.11667,Diourbel,Diourbel,0,keur,Wolof,,,,,Sènè,Sérèr,,,1
2250554,Keur Abibou,13.75,-15.86667,Kaolack,Nioro Du Rip,0,keur,Wolof,,,,,,,,,1
2250553,Keur Ablaye Diaw,14.53934,-16.8946,Thies,Thies,0,keur,Wolof,,,,,,,,,1
2250551,Keur Aboudou,14.0,-15.98333,Kaolack,Kaolack,0,keur,Wolof,,,,,,,,,1
13508525,Keur Ade,14.38212,-16.26939,Fatick,Fatick,0,keur,Wolof,,,,,,,,,1
2250550,Keur Adiana,14.89246,-15.77538,Diourbel,Mbacke,0,keur,Wolof,,,,,,,,,1
2250547,Keur Al Adji Mamat,13.91667,-15.56667,Kaffrine,Birkelane,0,keur,Wolof,,,,,,,,,1
2250546,Keur Al Adji Mamat Aoua,13.9,-15.7,Kaolack,Kaolack,0,keur,Wolof,,,,,,,,,1
13509087,Keur Al Hamdou,14.14861,-16.67395,Fatick,Fatick,0,keur,Wolof,,,,,,,,,1
2250545,Keur Ala Sal,16.05556,-16.08056,Saint Louis,Dagana,0,keur,Wolof,,,,,,,,,1
2250383,Keur Aladji Mbaké,14.91219,-16.76124,Thies,Tivaoune,0,keur,Wolof,,,,,,,,,1
2250521,Keur Alassane Diaw,13.96697,-16.01075,Kaolack,Kaolack,0,keur,Wolof,,,,,,,,,1
2250544,Keur Alassane Khodia,13.63333,-15.88333,Kaolack,Nioro Du Rip,0,keur,Wolof,,,,,,,,,1
2250543,Keur Albé,13.91667,-14.85,Kaffrine,Koungheul,0,keur,Wolof,,,,,,,,,1
2250541,Keur Alfa,14.26781,-16.31322,Kaolack,Kaolack,0,keur,Wolof,,,,,,,,,2
13554059,Keur Alfa,14.25749,-15.61742,Kaffrine,Kaffrine,0,keur,Wolof,,,,,,,,,2
13658168,Keur Ali,13.97348,-16.1904,Kaolack,Kaolack,0,keur,Wolof,,,,,,,,,1
2250536,Keur Ali Bassine,14.02389,-15.81557,Kaolack,Kaolack,0,keur,Wolof,,,,,,,,,1
2250539,Keur Ali Denguèrè,15.7429,-15.6029,Louga,Louga,0,keur,Wolof,,,,,,,,,1
2250538,Keur Ali Diangou,13.78333,-15.6,Kaolack,Nioro Du Rip,0,keur,Wolof,,,,,,,,,1
2250534,Keur Ali Guèye,14.01007,-16.30245,Fatick,Foundiougne,0,keur,Wolof,,,,,Guèye,Wolof,,,3
2250535,Keur Ali Guèye,13.75,-15.85,Kaolack,Nioro Du Rip,0,keur,Wolof,,,,,Guèye,Wolof,,,3
13658341,Keur Ali Guèye,13.63185,-16.35765,Fatick,Foundiougne,0,keur,Wolof,,,,,Guèye,Wolof,,,3
2250537,Keur Ali Khadi,14.01394,-15.67739,Kaffrine,Birkelane,0,keur,Wolof,,,,,,,,,1
2250533,Keur Ali Koumba,15.9541,-15.8891,Louga,Louga,0,keur,Wolof,,,,,,,,,1
2250532,Keur Ali Maram,13.96667,-15.71667,Kaffrine,Birkelane,0,keur,Wolof,,,,,,,,,1
2250540,Keur Ali Mbât,13.66736,-16.10049,Kaolack,Nioro Du Rip,0,keur,Wolof,,,,,,,,,1
2250530,Keur Ali Ndiaye,14.44678,-16.11929,Fatick,Gossas,0,keur,Wolof,,,,,Ndiaye,Wolof,,,1
2250523,Keur Ali Paté,13.7,-15.91667,Kaolack,Nioro Du Rip,0,keur,Wolof,,,,,,,,,1
2250522,Keur Ali Samba,13.68333,-15.88333,Kaolack,Nioro Du Rip,0,keur,Wolof,,,,,,,,,1
2595907,Keur Ali Sow,14.8152,-17.04459,Thies,Tivaoune,0,keur,Wolof,,,,,Sow,Pulaar,,,1
13658334,Keur Ali Yassine,13.69428,-16.36044,Fatick,Foundiougne,0,keur,Wolof,,,,,,,,,1
2250520,Keur Ali Yéral,15.7517,-15.5232,Louga,Linguere,0,keur,Wolof,,,,,,,,,1
13658007,Keur Aliou Ba,13.88289,-16.33425,Fatick,Foundiougne,0,keur,Wolof,,,,,Ba,Pulaar,,,1
13658309,Keur Aliou Bâ,13.72523,-16.46188,Fatick,Foundiougne,0,keur,Wolof,,,,,Bâ,Pulaar,,,1
2250529,Keur Aliou Diop,13.70651,-16.36021,Fatick,Foundiougne,0,keur,Wolof,,,,,Diop,Wolof,,,2
13657994,Keur Aliou Diop,13.96018,-16.40083,Fatick,Foundiougne,0,keur,Wolof,,,,,Diop,Wolof,,,2
13505351,Keur Aliou Diouf,14.77497,-16.45264,Diourbel,Bambey,0,keur,Wolof,,,,,Diouf,Sérèr,,,1
2250528,Keur Aliou Fal,15.11667,-16.78333,Thies,Tivaoune,0,keur,Wolof,,,,,Fal,Wolof,,,2
13507271,Keur Aliou Fal,14.71226,-16.04828,Diourbel,Mbacke,0,keur,Wolof,,,,,Fal,Wolof,,,2
2250527,Keur Aliou Guèye,13.78315,-16.41234,Fatick,Foundiougne,0,keur,Wolof,,,,,Guèye,Wolof,,,1
13505596,Keur Aliou Ka,14.93906,-16.10394,Diourbel,Diourbel,0,keur,Wolof,,,,,Ka,Pulaar,,,1
13504626,Keur Aliou Kane,14.94581,-16.75756,Thies,Tivaoune,0,keur,Wolof,,,,,Kane,Pulaar,,,1
13553631,Keur Aliou Ndiaye,14.70118,-15.2929,Louga,Linguere,0,keur,Wolof,,,,,Ndiaye,Wolof,,,1
2250525,Keur Aliou Sissé,14.16667,-15.55,Kaffrine,Kaffrine,0,keur,Wolof,,,,,,,,,1
2250526,Keur Aliou Sèye,14.66667,-15.63333,Fatick,Gossas,0,keur,Wolof,,,,,,,,,1
2244221,Keur Aliou Touré,14.53572,-16.0577,Fatick,Gossas,0,keur,Wolof,,,,,Touré,Mandinka,,,2
2250524,Keur Aliou Touré,14.57887,-15.8657,Diourbel,Mbacke,0,keur,Wolof,,,,,Touré,Mandinka,,,2
13505439,Keur Alla Niang,14.86389,-16.3466,Diourbel,Diourbel,0,keur,Wolof,,,,,Niang,Wolof,,,1
2250542,Keur Alé Baba,14.79269,-16.41811,Diourbel,Bambey,0,keur,Wolof,,,,,,,,,1
2250512,Keur Ama Ngoné,13.91667,-15.88333,Kaolack,Kaolack,0,keur,Wolof,,,,,,,,,1
2250518,Keur Amadi,15.68333,-16.41667,Louga,Louga,0,keur,Wolof,,,,,,,,,1
13658712,Keur Amadi Ndiomé,13.69465,-16.04707,Kaolack,Nioro Du Rip,0,keur,Wolof,,,,,,,,,1
2245167,Keur Amadi Nguénar,13.66289,-16.12723,Kaolack,Nioro Du Rip,0,keur,Wolof,,,,,,,,,1
2250517,Keur Amado,15.83333,-16.16667,Louga,Louga,0,keur,Wolof,,,,,,,,,1
13552825,Keur Amadou Bass,14.64438,-15.94825,Diourbel,Mbacke,0,keur,Wolof,,,,,,,,,1
2244845,Keur Amadou Diop,14.56878,-16.16291,Diourbel,Diourbel,0,keur,Wolof,,,,,Diop,Wolof,,,1
2250515,Keur Amadou Ndari,14.84564,-16.81766,Thies,Thies,0,keur,Wolof,,,,,,,,,1
2250514,Keur Amadou Ndiaye,15.93306,-16.33278,Saint Louis,Saint Louis,0,keur,Wolof,,,,,Ndiaye,Wolof,,,2
2596024,Keur Amadou Ndiaye,16.00306,-16.28944,Saint Louis,Saint Louis,0,keur,Wolof,,,,,Ndiaye,Wolof,,,2
2250172,Keur Amadou Sèye,14.57641,-15.78214,Fatick,Gossas,0,keur,Wolof,,,,,,,,,1
2250513,Keur Amadou Yassine,15.01667,-16.78333,Thies,Tivaoune,0,keur,Wolof,,,,,,,,,1
2250511,Keur Amari Koumba,14.88715,-16.79361,Thies,Tivaoune,0,keur,Wolof,,,,,,,,,1
2250510,Keur Amat Fal,13.78333,-15.98333,Kaolack,Nioro Du Rip,0,keur,Wolof,,,,,Fal,Wolof,,,1
2254679,Keur Amat Ouakhou,14.58385,-15.88636,Diourbel,Mbacke,0,keur,Wolof,,,,,,,,,1
13504556,Keur Amat Penda,14.93579,-16.77694,Thies,Tivaoune,0,keur,Wolof,,,,,,,,,1
2250509,Keur Amat Rasta,13.8,-15.88333,Kaolack,Nioro Du Rip,0,keur,Wolof,,,,,,,,,1
2250508,Keur Amat Seun,13.86892,-16.27294,Fatick,Foundiougne,0,keur,Wolof,,,,,,,,,1
2250507,Keur Amat Seydou,13.66301,-16.00469,Kaolack,Nioro Du Rip,0,keur,Wolof,,,,,,,,,1
13504631,Keur Amat Sofi,14.94092,-16.74538,Thies,Tivaoune,0,keur,Wolof,,,,,,,,,1
13658323,Keur Ambou,13.68163,-16.33511,Fatick,Foundiougne,0,keur,Wolof,,,,,,,,,1
13509003,Keur Andala,14.43964,-16.08568,Fatick,Gossas,0,keur,Wolof,,,,,,,,,2
13658331,Keur Andala,13.72848,-16.26335,Fatick,Foundiougne,0,keur,Wolof,,,,,,,,,2
2250506,Keur Assane,14.9514,-16.76553,Thies,Tivaoune,0,keur,Wolof,,,,,,,,,2
13504625,Keur Assane,14.99495,-16.91894,Thies,Tivaoune,0,keur,Wolof,,,,,,,,,2
13658686,Keur Assane Diassé,13.69512,-16.12612,Kaolack,Nioro Du Rip,0,keur,Wolof,,,,,,,,,1
13504703,Keur Assane Kane,14.9559,-16.51723,Diourbel,Bambey,0,keur,Wolof,,,,,Kane,Pulaar,,,1
2250505,Keur Assane Lô,14.78557,-16.73934,Thies,Thies,0,keur,Wolof,,,,,Lô,Wolof,,,1
2250504,Keur Assane Ndiaye,14.85872,-16.86569,Thies,Thies,0,keur,Wolof,,,,,Ndiaye,Wolof,,,1
13506488,Keur Assane Wélé,14.61746,-16.80463,Thies,Thies,0,keur,Wolof,,,,,,,,,1
13507298,Keur Atim,14.74626,-16.06469,Diourbel,Mbacke,0,keur,Wolof,,,,,,,,,1
13506456,Keur Atou,14.73069,-16.76617,Thies,Thies,0,keur,Wolof,,,,,,,,,1
13505509,Keur Awa,14.81316,-16.19126,Diourbel,Diourbel,0,keur,Wolof,,,,,,,,,1
2250503,Keur Ayip,13.6,-15.61667,Kaolack,Nioro Du Rip,0,keur,Wolof,,,,,,,,,1
2250549,Keur Aïp Ka,13.65388,-16.32552,Fatick,Foundiougne,0,keur,Wolof,,,,,Ka,Pulaar,,,1
2250502,Keur Baba Alima,14.97413,-16.85908,Thies,Tivaoune,0,keur,Wolof,,,,,,,,,1
13505593,Keur Baba Khari,14.76515,-16.22842,Diourbel,Diourbel,0,keur,Wolof,,,,,,,,,1
2250499,Keur Baba Ngom,15.03333,-16.58333,Thies,Tivaoune,0,keur,Wolof,,,,,Ngom,Sérèr,,,1
2254576,Keur Baba Sar,14.42306,-15.70475,Kaolack,Guinguineo,0,keur,Wolof,,,,,Sar,Wolof,,,1
2250498,Keur Baba Seck,15.9785,-15.9508,Louga,Louga,0,keur,Wolof,,,,,Seck,Wolof,,,1
13504628,Keur Baba Sèye,14.9471,-16.77953,Thies,Tivaoune,0,keur,Wolof,,,,,,,,,1
2250501,Keur Babakar Toumbou,14.10877,-16.719,Fatick,Fatick,900,keur,Wolof,,,,,,,,,1
2250500,Keur Babam,14.23333,-15.71667,Kaffrine,Birkelane,0,keur,Wolof,,,,,,,,,1
2250497,Keur Babou,13.91667,-15.21667,Kaffrine,Kaffrine,0,keur,Wolof,,,,,,,,,1
2250496,Keur Babou Dio,13.63333,-15.8,Kaolack,Nioro Du Rip,0,keur,Wolof,,,,,,,,,1
2250495,Keur Babou Fadi,13.6,-15.66667,Kaolack,Nioro Du Rip,0,keur,Wolof,,,,,,,,,1
13658190,Keur Babou Kani,13.9058,-16.23701,Fatick,Foundiougne,0,keur,Wolof,,,,,,,,,1
2250494,Keur Babou Koumba,13.73286,-16.31066,Fatick,Foundiougne,0,keur,Wolof,,,,,,,,,1
2250471,Keur Babou Mbombé,13.68884,-16.13893,Kaolack,Nioro Du Rip,0,keur,Wolof,,,,,,,,,1
2250493,Keur Babou Nditi,12.78333,-16.25,Ziguinchor,Bignona,0,keur,Wolof,,,,,,,,,2
13658084,Keur Babou Nditi,13.78419,-16.27862,Fatick,Foundiougne,0,keur,Wolof,,,,,,,,,2
2250492,Keur Babou Ngoné,13.68333,-15.75,Kaolack,Nioro Du Rip,0,keur,Wolof,,,,,,,,,1
13658317,Keur Babou Penda,13.74382,-16.30373,Fatick,Foundiougne,0,keur,Wolof,,,,,,,,,1
2595393,Keur Baboukar Ndiaye,14.49154,-17.01026,Thies,Mbour,0,keur,Wolof,,,,,Ndiaye,Wolof,,,1
2250491,Keur Badel,15.4009,-15.8918,Louga,Louga,0,keur,Wolof,,,,,,,,,1
13505503,Keur Badia,14.7575,-16.39377,Diourbel,Bambey,0,keur,Wolof,,,,,,,,,1
13658071,Keur Badou Diouf,13.81151,-16.3826,Fatick,Foundiougne,0,keur,Wolof,,,,,Diouf,Sérèr,,,1
2250485,Keur Baka,14.01705,-16.13392,Kaolack,Kaolack,0,keur,Wolof,,,,,,,,,4
2250487,Keur Baka,13.96667,-15.58333,Kaffrine,Birkelane,0,keur,Wolof,,,,,,,,,4
2250488,Keur Baka,13.93333,-15.95,Kaolack,Kaolack,0,keur,Wolof,,,,,,,,,4
2250489,Keur Baka,13.65859,-15.6781,Kaolack,Nioro Du Rip,0,keur,Wolof,,,,,,,,,4
13658137,Keur Baka Awa,13.80658,-16.23704,Kaolack,Nioro Du Rip,0,keur,Wolof,,,,,,,,,1
2250486,Keur Baka Diaw,13.73861,-16.29473,Fatick,Foundiougne,0,keur,Wolof,,,,,,,,,1
2250483,Keur Bakar,15.5369,-15.8708,Louga,Louga,0,keur,Wolof,,,,,,,,,2
2250484,Keur Bakar,14.98017,-16.84063,Thies,Tivaoune,0,keur,Wolof,,,,,,,,,2
13658126,Keur Bakar Santhie,13.81846,-16.24772,Fatick,Foundiougne,0,keur,Wolof,,,,,,,,,1
2250477,Keur Bakari,14.249,-16.34901,Kaolack,Kaolack,0,keur,Wolof,,,,,,,,,4
2250482,Keur Bakari,13.71667,-15.56667,Kaolack,Nioro Du Rip,0,keur,Wolof,,,,,,,,,4
13506457,Keur Bakari,14.51976,-16.98412,Thies,Mbour,0,keur,Wolof,,,,,,,,,4
13658024,Keur Bakari,13.97213,-16.27928,Fatick,Foundiougne,0,keur,Wolof,,,,,,,,,4
2250481,Keur Bakari Diambang,14.03328,-16.42761,Fatick,Foundiougne,0,keur,Wolof,,,,,,,,,1
2250480,Keur Bakari Diop,15.48333,-16.5,Louga,Kebemer,0,keur,Wolof,,,,,Diop,Wolof,,,1
2250479,Keur Bakari Kamara,13.6097,-16.38228,Fatick,Foundiougne,0,keur,Wolof,,,,,,,,,1
2250478,Keur Bakari Sal,15.5,-16.38333,Louga,Kebemer,0,keur,Wolof,,,,,,,,,1
13507282,Keur Bala,14.73162,-16.03252,Diourbel,Mbacke,0,keur,Wolof,,,,,,,,,1
13658207,Keur Bala Hane,13.89958,-16.03094,Kaolack,Kaolack,0,keur,Wolof,,,,,,,,,1
13658705,Keur Bala Mari,13.73836,-16.1945,Fatick,Foundiougne,0,keur,Wolof,,,,,,,,,1
2250476,Keur Bala Ndiaye,14.46694,-16.05312,Fatick,Gossas,0,keur,Wolof,,,,,Ndiaye,Wolof,,,1
13505555,Keur Bala Sek,14.95822,-16.1432,Diourbel,Diourbel,0,keur,Wolof,,,,,,,,,1
2250474,Keur Balla,15.86667,-16.18333,Louga,Louga,0,keur,Wolof,,,,,,,,,1
2250473,Keur Balla Sèye,15.6941,-15.9008,Louga,Louga,0,keur,Wolof,,,,,,,,,1
13658146,Keur Bam,13.97745,-16.02412,Kaolack,Kaolack,0,keur,Wolof,,,,,,,,,1
2250472,Keur Bamba,13.68333,-15.6,Kaolack,Nioro Du Rip,0,keur,Wolof,,,,,,,,,1
2250470,Keur Banda,14.7444,-16.76792,Thies,Thies,0,keur,Wolof,,,,,,,,,1
13504548,Keur Banda Guèye,14.75119,-16.82261,Thies,Thies,0,keur,Wolof,,,,,Guèye,Wolof,,,1
2250469,Keur Banda Samb,14.73333,-16.81667,Thies,Thies,0,keur,Wolof,,,,,Samb,Wolof,,,1
2250468,Keur Bandiougou,13.83333,-15.81667,Kaolack,Nioro Du Rip,0,keur,Wolof,,,,,,,,,1
2250466,Keur Bano,14.03333,-16.25,Kaolack,Kaolack,0,keur,Wolof,,,,,,,,,1
13658233,Keur Bano Wolof,13.85873,-16.16224,Kaolack,Kaolack,0,keur,Wolof,,Wolof,Keur Bano,,,,,,1
2250463,Keur Bara,15.7,-16.2,Louga,Louga,0,keur,Wolof,,,,,,,,,6
2250464,Keur Bara,13.86667,-15.86667,Kaolack,Nioro Du Rip,0,keur,Wolof,,,,,,,,,6
2250465,Keur Bara,13.81667,-14.98333,Kaffrine,Koungheul,0,keur,Wolof,,,,,,,,,6
2596080,Keur Bara,15.84528,-16.3825,Saint Louis,Saint Louis,0,keur,Wolof,,,,,,,,,6
13504672,Keur Bara,14.85247,-16.5613,Diourbel,Bambey,0,keur,Wolof,,,,,,,,,6
13506480,Keur Bara,14.73572,-16.78218,Thies,Thies,0,keur,Wolof,,,,,,,,,6
2596097,Keur Barka,15.965,-16.4925,Saint Louis,Saint Louis,0,keur,Wolof,,,,,,,,,1
2250462,Keur Bassine,15.5738,-15.8934,Louga,Louga,0,keur,Wolof,,,,,,,,,1
2250460,Keur Baye Diop,14.18333,-15.71667,Kaffrine,Birkelane,0,keur,Wolof,,,,,Diop,Wolof,,,1
13505543,Keur Baïdi,14.80354,-16.12716,Diourbel,Diourbel,0,keur,Wolof,,,,,,,,,1
2250490,Keur Baïlo,15.35,-16.11667,Louga,Kebemer,0,keur,Wolof,,,,,,,,,1
2250459,Keur Bempi,14.9,-15.76667,Diourbel,Mbacke,0,keur,Wolof,,,,,,,,,1
2596032,Keur Bernard,15.93522,-16.50443,Saint Louis,Saint Louis,0,keur,Wolof,,,,,,,,,1
2250458,Keur Bidi Aoua,13.71667,-15.9,Kaolack,Nioro Du Rip,0,keur,Wolof,,,,,,,,,1
2250457,Keur Bidji Ouri,13.78333,-15.78333,Kaolack,Nioro Du Rip,0,keur,Wolof,,,,,,,,,1
2250455,Keur Binnté,15.3,-16.28333,Louga,Kebemer,0,keur,Wolof,,,,,,,,,1
2250453,Keur Biram,16.53333,-15.41667,Saint Louis,Dagana,0,keur,Wolof,,,,,,,,,2
2250454,Keur Biram,13.86667,-15.95,Kaolack,Nioro Du Rip,0,keur,Wolof,,,,,,,,,2
13505441,Keur Biram Ndiakhana,14.99938,-16.44916,Diourbel,Bambey,0,keur,Wolof,,,,,,,,,1
2250451,Keur Biram Paté,14.06667,-15.85,Kaolack,Kaolack,0,keur,Wolof,,,,,,,,,1
2250450,Keur Biram Pinda,14.16667,-14.51667,Tambacounda,Koumpentoum,0,keur,Wolof,,,,,,,,,1
13658066,Keur Birane Khourédia,13.90411,-16.27691,Fatick,Foundiougne,0,keur,Wolof,,,,,,,,,1
2250452,Keur Birane Mata,14.039,-15.54658,Kaffrine,Kaffrine,0,keur,Wolof,,,,,,,,,1
2250449,Keur Birane Ndiaye,16.45861,-15.65028,Saint Louis,Dagana,0,keur,Wolof,,,,,Ndiaye,Wolof,,,1
13658706,Keur Birane Ndiopi,13.72577,-16.15374,Kaolack,Nioro Du Rip,0,keur,Wolof,,,,,,,,,1
13504620,Keur Birima,14.97161,-16.75364,Thies,Tivaoune,0,keur,Wolof,,,,,,,,,1
13504600,Keur Birma,14.91664,-16.85415,Thies,Tivaoune,0,keur,Wolof,,,,,,,,,1
13509001,Keur Bissik,14.42054,-16.23712,Fatick,Fatick,0,keur,Wolof,,,,,,,,,1
2250456,Keur Biédi,14.06667,-15.83333,Kaolack,Kaolack,0,keur,Wolof,,,,,,,,,1
2250448,Keur Bodié,13.95,-14.95,Kaffrine,Koungheul,0,keur,Wolof,,,,,,,,,1
13658182,Keur Bokar,13.97522,-16.02258,Kaolack,Kaolack,0,keur,Wolof,,,,,,,,,1
13658129,Keur Bokar Diallo,13.97896,-16.15612,Kaolack,Kaolack,0,keur,Wolof,,,,,Diallo,Pulaar,,,1
13509099,Keur Bondji,14.11738,-16.31786,Fatick,Foundiougne,0,keur,Wolof,,,,,,,,,1
2250447,Keur Bouboa,13.71667,-15.65,Kaolack,Nioro Du Rip,0,keur,Wolof,,,,,,,,,1
2250446,Keur Boubou,14.46667,-14.55,Tambacounda,Koumpentoum,0,keur,Wolof,,,,,,,,,1
2250444,Keur Boukar,15.4707,-15.8036,Louga,Louga,0,keur,Wolof,,,,,,,,,2
2250445,Keur Boukar,15.0087,-15.9263,Louga,Kebemer,0,keur,Wolof,,,,,,,,,2
13658076,Keur Bourama,13.86198,-16.33257,Fatick,Foundiougne,0,keur,Wolof,,,,,,,,,1
2571746,Keur Bourama Bobo,13.60064,-16.28233,Fatick,Foundiougne,0,keur,Wolof,,,,,,,,,1
13658684,Keur Bourama Diâra,13.70515,-16.13499,Kaolack,Nioro Du Rip,0,keur,Wolof,,,,,,,,,1
13658124,Keur Boydo,13.99749,-16.05313,Kaolack,Kaolack,0,keur,Wolof,,,,,,,,,1
13658682,Keur Boye,13.7324,-16.16877,Fatick,Foundiougne,0,keur,Wolof,,,,,,,,,1
2250442,Keur Bragui,15.06667,-16.15,Louga,Kebemer,0,keur,Wolof,,,,,,,,,1
2250441,Keur Braham Fall,15.6298,-15.9697,Louga,Louga,0,keur,Wolof,,,,,Fall,Wolof,,,1
2250440,Keur Brahim,13.88333,-14.8,Kaffrine,Koungheul,0,keur,Wolof,,,,,,,,,1
2250475,Keur Bâba,14.82208,-15.62949,Diourbel,Mbacke,0,keur,Wolof,,,,,,,,,1
13506741,Keur Cheikh Diop,14.60258,-16.69732,Thies,Mbour,0,keur,Wolof,cheikh,,,,Diop,Wolof,,,2
13507211,Keur Cheikh Diop,14.69427,-16.03373,Diourbel,Mbacke,0,keur,Wolof,cheikh,,,,Diop,Wolof,,,2
13506768,Keur Cheikh Diouf,14.68097,-16.59298,Diourbel,Bambey,0,keur,Wolof,cheikh,,,,Diouf,Sérèr,,,1
13506464,Keur Cheikh Madiop,14.58981,-16.85672,Thies,Thies,0,keur,Wolof,cheikh,,,,,,,,1
13506452,Keur Cheikh Mandoumbé,14.56547,-16.88505,Thies,Thies,0,keur,Wolof,cheikh,,,,,,,,1
13509098,Keur Cheikhou,14.04394,-16.41268,Fatick,Foundiougne,0,keur,Wolof,,,,,,,,,1
13658695,Keur Cheikhou Ndiaye,13.69642,-16.01152,Kaolack,Nioro Du Rip,0,keur,Wolof,,,,,Ndiaye,Wolof,,,1
2250438,Keur Dadi Mboul,13.86667,-14.91667,Kaffrine,Koungheul,0,keur,Wolof,,,,,,,,,1
13657983,Keur Daka Maïssata,13.98411,-16.30734,Fatick,Foundiougne,0,keur,Wolof,,,,,,,,,1
2595513,Keur Dali Cissé,14.72159,-17.07633,Thies,Thies,0,keur,Wolof,,,,,Cissé,Mandinka,,,1
2250436,Keur Dam,15.5636,-16.1229,Louga,Louga,0,keur,Wolof,,,,,,,,,2
13504801,Keur Dam,14.94449,-16.61844,Diourbel,Bambey,0,keur,Wolof,,,,,,,,,2
13507005,Keur Dam Cissé,14.67498,-16.35997,Diourbel,Bambey,0,keur,Wolof,,,,,Cissé,Mandinka,,,1
13551568,Keur Dam Lô,14.939,-15.69373,Louga,Linguere,0,keur,Wolof,,,,,Lô,Wolof,,,1
2250437,Keur Dame,13.84403,-16.17878,Kaolack,Nioro Du Rip,0,keur,Wolof,,,,,,,,,2
13507241,Keur Dame,14.71676,-16.14566,Diourbel,Diourbel,0,keur,Wolof,,,,,,,,,2
2250432,Keur Dao Bèye,15.65,-16.6,Louga,Kebemer,0,keur,Wolof,,,,,,,,,1
13506492,Keur Daou Mbor,14.61734,-16.84295,Thies,Thies,0,keur,Wolof,,,,,,,,,1
2250431,Keur Daouda,14.32522,-15.89616,Kaolack,Guinguineo,0,keur,Wolof,,,,,,,,,1
2253285,Keur Daouda Cissé,14.74677,-16.88506,Thies,Thies,0,keur,Wolof,,,,,Cissé,Mandinka,,,1
2595384,Keur Daouda Sar,14.74244,-17.24862,Dakar,Rufisque,0,keur,Wolof,,,,,Sar,Wolof,,,1
2250433,Keur Daour,14.01823,-15.97326,Kaolack,Kaolack,0,keur,Wolof,,,,,,,,,1
2250430,Keur Daour Diong,14.78333,-16.46667,Diourbel,Bambey,0,keur,Wolof,,,,,,,,,1
2253182,Keur Darou Mbacké,14.6656,-15.95784,Diourbel,Mbacke,0,keur,Wolof,darou,,,,,,,,1
2595910,Keur Dawour Sis,14.79902,-17.06226,Thies,Thies,0,keur,Wolof,,,,,,,,,1
2250429,Keur Demba,15.53333,-16.26667,Louga,Louga,0,keur,Wolof,,,,,,,,,2
13554409,Keur Demba,14.12537,-15.86244,Kaolack,Guinguineo,0,keur,Wolof,,,,,,,,,2
13504551,Keur Demba Anta,14.81176,-16.82579,Thies,Thies,0,keur,Wolof,,,,,,,,,1
2250427,Keur Demba Ba,13.8,-15.63333,Kaffrine,Birkelane,0,keur,Wolof,,,,,Ba,Pulaar,,,1
13504545,Keur Demba Bâ,14.88707,-16.76559,Thies,Tivaoune,0,keur,Wolof,,,,,Bâ,Pulaar,,,1
2250426,Keur Demba Diabaye,14.41667,-15.95,Fatick,Gossas,0,keur,Wolof,,,,,,,,,1
2250425,Keur Demba Diabi,13.6,-15.86667,Kaolack,Nioro Du Rip,0,keur,Wolof,,,,,,,,,1
13509350,Keur Demba Diaw,14.04367,-16.01738,Kaolack,Kaolack,0,keur,Wolof,,,,,,,,,1
13509349,Keur Demba Diki,14.0899,-16.20711,Kaolack,Kaolack,0,keur,Wolof,,,,,,,,,1
13507281,Keur Demba Khokh,14.50254,-16.12578,Fatick,Gossas,0,keur,Wolof,,,,,,,,,1
2250423,Keur Demba Kébé,14.7153,-16.88346,Thies,Thies,0,keur,Wolof,,,,,,,,,1
2253315,Keur Demba Ngoye,14.78487,-16.86329,Thies,Thies,0,keur,Wolof,,,,,,,,,1
2250419,Keur Demba Sap,15.01077,-16.44094,Diourbel,Bambey,0,keur,Wolof,,,,,,,,,1
2250421,Keur Demba Sira,15.7241,-15.7593,Louga,Louga,0,keur,Wolof,,,,,,,,,1
2250422,Keur Demba Sène,14.82028,-17.03361,Thies,Tivaoune,0,keur,Wolof,,,,,Sène,Sérèr,,,1
2250420,Keur Demba Tintin,13.81667,-15.61667,Kaffrine,Birkelane,0,keur,Wolof,,,,,,,,,1
2250418,Keur Demmba,15.03333,-16.28333,Thies,Tivaoune,0,keur,Wolof,,,,,,,,,1
2250411,Keur Diabel,14.78333,-16.18333,Diourbel,Diourbel,0,keur,Wolof,,,,,,,,,3
2250414,Keur Diabel,13.86667,-15.7,Kaffrine,Birkelane,0,keur,Wolof,,,,,,,,,3
2250415,Keur Diabel,13.85,-15.81667,Kaolack,Nioro Du Rip,0,keur,Wolof,,,,,,,,,3
13658330,Keur Diabel Soun,13.70697,-16.34583,Fatick,Foundiougne,0,keur,Wolof,,,,,,,,,1
2250413,Keur Diabèl,13.98333,-15.71667,Kaffrine,Birkelane,0,keur,Wolof,,,,,,,,,1
13504587,Keur Diadié,14.87199,-16.76444,Thies,Thies,0,keur,Wolof,,,,,,,,,2
13506471,Keur Diadié,14.5093,-16.94276,Thies,Mbour,0,keur,Wolof,,,,,,,,,2
13509085,Keur Diafa Deux,14.24658,-16.75374,Thies,Mbour,0,keur,Wolof,,,,2,,,,,1
13658167,Keur Diagakham,13.94776,-16.17159,Kaolack,Kaolack,0,keur,Wolof,,,,,,,,,1
2250409,Keur Dialo Sène,14.58333,-15.86667,Diourbel,Mbacke,0,keur,Wolof,,,,,Sène,Sérèr,,,1
2250408,Keur Diam,13.85848,-16.11768,Kaolack,Kaolack,0,keur,Wolof,,,,,,,,,1
13506453,Keur Diamb Ndiaye,14.72488,-16.93792,Thies,Thies,0,keur,Wolof,,,,,Ndiaye,Wolof,,,1
13658067,Keur Diamb Sar,13.77064,-16.41563,Fatick,Foundiougne,0,keur,Wolof,,,,,Sar,Wolof,,,1
2250406,Keur Diamba Soutoura,14.11322,-15.89499,Kaolack,Guinguineo,0,keur,Wolof,,,,,,,,,1
2250407,Keur Diambar,15.01667,-16.33333,Thies,Tivaoune,0,keur,Wolof,,,,,,,,,1
2250107,Keur Diammé,14.85032,-16.76169,Thies,Thies,0,keur,Wolof,,,,,,,,,1
2250404,Keur Diangane,13.83333,-15.5,Kaffrine,Kaffrine,0,keur,Wolof,,,,,,,,,1
2250403,Keur Diangaris,14.6,-16.66667,Thies,Mbour,0,keur,Wolof,,,,,,,,,1
2250402,Keur Diankole,13.88333,-14.88333,Kaffrine,Koungheul,0,keur,Wolof,,,,,,,,,1
2250401,Keur Diao Fall,16.46806,-15.62667,Saint Louis,Dagana,0,keur,Wolof,,,,,Fall,Wolof,,,1
2250400,Keur Diaouli,15.3,-16.16667,Louga,Kebemer,0,keur,Wolof,,,,,,,,,1
2250399,Keur Diara Bambara,14.0835,-16.13722,Kaolack,Kaolack,0,keur,Wolof,,Bambara,Keur Diara,,,,,,1
13509322,Keur Diara Peul,14.08295,-16.12921,Kaolack,Kaolack,0,keur,Wolof,,Peul (Fulani),Keur Diara,,,,,,1
13505366,Keur Diarde,14.90401,-16.46734,Diourbel,Bambey,0,keur,Wolof,,,,,,,,,1
2250398,Keur Diata,13.63333,-15.78333,Kaolack,Nioro Du Rip,0,keur,Wolof,,,,,,,,,1
13507317,Keur Diba,14.3908,-16.83026,Thies,Mbour,0,keur,Wolof,,,,,,,,,1
2250396,Keur Diemé,14.11667,-16.23333,Kaolack,Kaolack,0,keur,Wolof,,,,,,,,,1
13551147,Keur Dieng,14.77315,-15.89761,Diourbel,Mbacke,0,keur,Wolof,,,,,Dieng,Wolof,,,1
2253044,Keur Dieumb Dia,14.88459,-16.42375,Diourbel,Bambey,0,keur,Wolof,,,,,Dia,Pulaar,,,1
2250395,Keur Dimba Diallo,16.44889,-15.80556,Saint Louis,Dagana,0,keur,Wolof,,,,,Diallo,Pulaar,,,1
2250393,Keur Dimbou,14.1,-16.15,Kaolack,Kaolack,0,keur,Wolof,,,,,,,,,1
2250392,Keur Dinguéré,13.73209,-16.04979,Kaolack,Nioro Du Rip,0,keur,Wolof,,,,,,,,,1
13504699,Keur Diomaye,14.81133,-16.70299,Thies,Thies,0,keur,Wolof,,,,,,,,,1
13506516,Keur Dione,14.51145,-16.89187,Thies,Mbour,0,keur,Wolof,,,,,,,,,1
2595391,Keur Dip,14.48352,-17.00742,Thies,Mbour,0,keur,Wolof,,,,,,,,,1
13509325,Keur Diwré,14.0546,-16.03542,Kaolack,Kaolack,0,keur,Wolof,,,,,,,,,1
2250412,Keur Diâbél,13.98333,-15.78333,Kaolack,Kaolack,0,keur,Wolof,,,,,,,,,1
13658343,Keur Diène,13.5925,-16.27955,,,0,keur,Wolof,,,,,,,,,1
2250397,Keur Diégane,14.56667,-15.68333,Fatick,Gossas,0,keur,Wolof,,,,,,,,,2
13506774,Keur Diégane,14.61965,-16.70209,Thies,Mbour,0,keur,Wolof,,,,,,,,,2
2250390,Keur Djibi,13.85,-15.58333,Kaffrine,Birkelane,0,keur,Wolof,,,,,,,,,1
13658228,Keur Djibril Sène,13.92101,-16.22713,Fatick,Foundiougne,0,keur,Wolof,,,,,Sène,Sérèr,,,1
2250389,Keur Djibrine Diop,14.76667,-15.7,Diourbel,Mbacke,0,keur,Wolof,,,,,Diop,Wolof,,,1
13509062,Keur Djigane,14.27974,-16.15161,Kaolack,Kaolack,0,keur,Wolof,,,,,,,,,1
13509095,Keur Djindak,14.1217,-16.28895,Fatick,Foundiougne,0,keur,Wolof,,,,,,,,,1
2595389,Keur Djita,14.47413,-17.01872,Thies,Mbour,0,keur,Wolof,,,,,,,,,1
2250388,Keur Dogo,14.26667,-16.21667,Kaolack,Kaolack,0,keur,Wolof,,,,,,,,,1
2250386,Keur Doudi,14.01667,-15.76667,Kaffrine,Birkelane,0,keur,Wolof,,,,,,,,,1
2595220,Keur Douka Sissé,14.71107,-17.0839,Thies,Thies,0,keur,Wolof,,,,,,,,,1
2250385,Keur Doungou,15.9074,-15.9869,Louga,Louga,0,keur,Wolof,,,,,,,,,1
2595402,Keur Dâli,14.55653,-17.02084,Thies,Mbour,0,keur,Wolof,,,,,,,,,2
2595458,Keur Dâli,14.60971,-17.09411,Thies,Mbour,0,keur,Wolof,,,,,,,,,2
2250428,Keur Dèmba Anta,14.54987,-16.86797,Thies,Thies,0,keur,Wolof,,,,,,,,,1
2250417,Keur Dètié,15.23333,-16.26667,Louga,Kebemer,0,keur,Wolof,,,,,,,,,1
13507428,Keur El Hadji,14.40294,-16.74096,Thies,Mbour,0,keur,Wolof,,,,,,,,,1
2571748,Keur El Hadji Diéne,13.6432,-16.25431,Fatick,Foundiougne,0,keur,Wolof,,,,,,,,,1
2571778,Keur El Hadji Malik Gaye,13.60138,-16.13722,Fatick,Foundiougne,0,keur,Wolof,,,,,Gaye,Wolof,,,1
2250384,Keur El Hadji Momat,14.01221,-15.77797,Kaffrine,Birkelane,0,keur,Wolof,,,,,,,,,1
13658153,Keur El Hadji Samba,13.80396,-16.20139,Kaolack,Nioro Du Rip,0,keur,Wolof,,,,,,,,,1
2250381,Keur Essar,13.98907,-16.02603,Kaolack,Kaolack,0,keur,Wolof,,,,,,,,,1
13658208,Keur Fafa Bouri,13.7949,-16.23547,Kaolack,Nioro Du Rip,0,keur,Wolof,,,,,,,,,1
13658042,Keur Fafa Wéli,13.94882,-16.3327,Fatick,Foundiougne,0,keur,Wolof,,,,,,,,,1
13506764,Keur Falang,14.74713,-16.70077,Thies,Thies,0,keur,Wolof,,,,,,,,,1
13505419,Keur Fama,14.98882,-16.25056,Thies,Tivaoune,0,keur,Wolof,,,,,,,,,1
2250380,Keur Farba,14.03333,-16.38333,Fatick,Foundiougne,0,keur,Wolof,,,,,,,,,1
2250379,Keur Fodé,13.59109,-15.99309,,,0,keur,Wolof,,,,,,,,,2
13509105,Keur Fodé,14.21449,-16.25428,Kaolack,Kaolack,0,keur,Wolof,,,,,,,,,2
2250378,Keur Folé,14.63333,-16.7,Thies,Mbour,0,keur,Wolof,,,,,,,,,1
2250363,Keur G. Diagne,15.93333,-16.3,Saint Louis,Saint Louis,0,keur,Wolof,,,,,Diagne,Wolof,,,1
2250377,Keur Galadio,13.71667,-15.96667,Kaolack,Nioro Du Rip,0,keur,Wolof,,,,,,,,,1
13658724,Keur Galaye Bari,13.62317,-16.03086,Kaolack,Nioro Du Rip,0,keur,Wolof,,,,,,,,,1
2250375,Keur Galel Mbounari,15.7847,-15.5324,Louga,Linguere,0,keur,Wolof,,,,,,,,,1
2250372,Keur Galo,14.11667,-14.73333,Kaffrine,Koungheul,0,keur,Wolof,,,,,,,,,4
2250373,Keur Galo,14.06802,-15.85239,Kaolack,Kaolack,0,keur,Wolof,,,,,,,,,4
13506720,Keur Galo,14.69097,-16.59851,Diourbel,Bambey,0,keur,Wolof,,,,,,,,,4
13658048,Keur Galo,13.8963,-16.33872,Fatick,Foundiougne,0,keur,Wolof,,,,,,,,,4
2250336,Keur Galo Diaw,14.05858,-16.15393,Kaolack,Kaolack,0,keur,Wolof,,,,,,,,,1
13509353,Keur Galo Débo,14.07952,-16.05625,Kaolack,Kaolack,0,keur,Wolof,,,,,,,,,1
13554415,Keur Galo Hamet,14.0249,-15.76766,Kaffrine,Birkelane,0,keur,Wolof,,,,,,,,,1
2250371,Keur Galo Kanté,14.2,-15.83333,Kaffrine,Birkelane,0,keur,Wolof,,,,,,,,,1
13504568,Keur Galo Kébé,14.98658,-16.75939,Thies,Tivaoune,0,keur,Wolof,,,,,,,,,1
13508980,Keur Galoup,14.30379,-16.24487,Kaolack,Kaolack,0,keur,Wolof,,,,,,,,,1
2250370,Keur Gamon,13.85,-15.83333,Kaolack,Nioro Du Rip,0,keur,Wolof,,,,,,,,,1
13505353,Keur Gana,14.82368,-16.45746,Diourbel,Bambey,0,keur,Wolof,,,,,,,,,1
2250369,Keur Gane,14.59282,-16.33488,Diourbel,Diourbel,0,keur,Wolof,,,,,,,,,1
2250368,Keur Gata,13.85,-15.58333,Kaffrine,Birkelane,0,keur,Wolof,,,,,,,,,1
2250366,Keur Gaye,13.8,-15.86667,Kaolack,Nioro Du Rip,0,keur,Wolof,,,,,Gaye,Wolof,,,2
2250367,Keur Gaye,13.76623,-16.12944,Kaolack,Nioro Du Rip,0,keur,Wolof,,,,,Gaye,Wolof,,,2
2250365,Keur Gaye Sèye,14.96941,-16.58916,Diourbel,Bambey,0,keur,Wolof,,,,,,,,,1
2250364,Keur Gaye Yassine,13.86459,-16.24126,Fatick,Foundiougne,0,keur,Wolof,,,,,,,,,1
2250361,Keur Goli,13.88333,-14.91667,Kaffrine,Koungheul,0,keur,Wolof,,,,,,,,,1
2250360,Keur Gondé,14.49661,-17.01338,Thies,Mbour,0,keur,Wolof,,,,,,,,,1
13507293,Keur Gonio,14.57519,-16.22539,Diourbel,Diourbel,0,keur,Wolof,,,,,,,,,1
2250359,Keur Gora Ndiaye,14.96667,-16.5,Diourbel,Bambey,0,keur,Wolof,,,,,Ndiaye,Wolof,,,1
2250358,Keur Gora Ndong,15.08333,-16.9,Thies,Tivaoune,0,keur,Wolof,,,,,,,,,1
2250357,Keur Gouli,13.85,-14.68333,Tambacounda,Koumpentoum,0,keur,Wolof,,,,,,,,,1
2250356,Keur Goumbo Guèye,14.03304,-15.72621,Kaffrine,Birkelane,0,keur,Wolof,,,,,Guèye,Wolof,,,1
2250354,Keur Guilaye,14.97235,-15.7271,Louga,Linguere,0,keur,Wolof,,,,,,,,,2
2250355,Keur Guilaye,14.79286,-17.11466,Thies,Thies,0,keur,Wolof,,,,,,,,,2
13658183,Keur Guirane,13.96649,-16.14314,Kaolack,Kaolack,0,keur,Wolof,,,,,,,,,1
2250353,Keur Guiri,15.55,-16.26667,Louga,Louga,0,keur,Wolof,,,,,,,,,1
2595497,Keur Gânou Ndoye,14.67303,-17.11322,Thies,Mbour,0,keur,Wolof,,,,,Ndoye,Wolof,,,1
2250351,Keur Ibra,15.85,-16.16667,Louga,Louga,0,keur,Wolof,,,,,,,,,1
13553605,Keur Ibra Diak,14.67046,-15.34782,Kaffrine,Malem Hodar,0,keur,Wolof,,,,,,,,,1
13553442,Keur Ibra Diaw,14.63884,-15.64519,Fatick,Gossas,0,keur,Wolof,,,,,,,,,1
13553610,Keur Ibra Dieng,14.69424,-15.34687,Louga,Linguere,0,keur,Wolof,,,,,Dieng,Wolof,,,1
13505378,Keur Ibra Diop,14.76871,-16.45328,Diourbel,Bambey,0,keur,Wolof,,,,,Diop,Wolof,,,1
13553439,Keur Ibra Fal,14.52733,-15.68656,Fatick,Gossas,0,keur,Wolof,,,,,Fal,Wolof,,,1
2250348,Keur Ibra Guèye,14.8611,-16.73302,Thies,Thies,0,keur,Wolof,,,,,Guèye,Wolof,,,1
2250345,Keur Ibra Kane,14.74862,-16.72358,Thies,Thies,0,keur,Wolof,,,,,Kane,Pulaar,,,1
13505448,Keur Ibra Khoyane,14.87538,-16.48808,Diourbel,Bambey,0,keur,Wolof,,,,,,,,,1
2250343,Keur Ibra Maram,15.96667,-16.08333,Louga,Louga,0,keur,Wolof,,,,,,,,,2
2250344,Keur Ibra Maram,15.6,-16.13333,Louga,Louga,0,keur,Wolof,,,,,,,,,2
2250342,Keur Ibra Massar,14.11667,-15.11667,Kaffrine,Malem Hodar,0,keur,Wolof,,,,,,,,,1
13554441,Keur Ibra Ndour,14.11657,-15.78482,Kaffrine,Birkelane,0,keur,Wolof,,,,,Ndour,Sérèr,,,1
2250341,Keur Ibra Sako,13.93333,-15.66667,Kaffrine,Birkelane,0,keur,Wolof,,,,,,,,,1
2250340,Keur Ibra Sek,14.93329,-15.91334,Diourbel,Mbacke,0,keur,Wolof,,,,,,,,,1
2251502,Keur Ibrahima Mbaye,14.05486,-15.77608,Kaffrine,Birkelane,0,keur,Wolof,,,,,Mbaye,Wolof,,,1
2250347,Keur Ibrahima Samba,14.58333,-15.85,Diourbel,Mbacke,0,keur,Wolof,,,,,,,,,1
2250346,Keur Ibrahïma Mbaye,15.0042,-15.9659,Louga,Kebemer,0,keur,Wolof,,,,,Mbaye,Wolof,,,1
2250339,Keur Ibrata,14.5,-15.68333,Fatick,Gossas,0,keur,Wolof,,,,,,,,,1
13554444,Keur Ismaïla,14.13681,-15.75559,Kaffrine,Birkelane,0,keur,Wolof,,,,,,,,,1
2250338,Keur Issa Bambara,14.79807,-16.90289,Thies,Thies,0,keur,Wolof,,Bambara,Keur Issa,,,,,,1
13506484,Keur Issa Diène,14.52222,-16.90612,Thies,Thies,0,keur,Wolof,,,,,,,,,1
13658200,Keur Kab,13.96363,-16.15975,Kaolack,Kaolack,0,keur,Wolof,,,,,,,,,1
13554036,Keur Kabou,14.29239,-15.9928,Kaolack,Guinguineo,0,keur,Wolof,,,,,,,,,1
2250335,Keur Kardiop,15.16667,-16.8,Thies,Tivaoune,0,keur,Wolof,,,,,,,,,1
2250334,Keur Katim Diema,13.66667,-15.61667,Kaolack,Nioro Du Rip,0,keur,Wolof,,,,,,,,,1
2250708,Keur Katim Guèye,13.81417,-16.25249,Fatick,Foundiougne,0,keur,Wolof,,,,,Guèye,Wolof,,,1
2250332,Keur Khali Koura,14.92952,-16.67689,Diourbel,Bambey,0,keur,Wolof,,,,,,,,,1
2250337,Keur Khali Mboup,14.40876,-16.12111,Fatick,Gossas,0,keur,Wolof,,,,,,,,,1
2250331,Keur Khali Sar,13.60375,-16.37524,Fatick,Foundiougne,0,keur,Wolof,,,,,Sar,Wolof,,,1
13504570,Keur Khali Sarata,14.93141,-16.75122,Thies,Tivaoune,0,keur,Wolof,,,,,,,,,1
2250067,Keur Khali Sokhna,14.89464,-16.81489,Thies,Tivaoune,0,keur,Wolof,,,,,,,,,1
13506511,Keur Khaly,14.52233,-16.93114,Thies,Mbour,0,keur,Wolof,,,,,,,,,1
2250330,Keur Khar Mbaye,15.23333,-16.66667,Thies,Tivaoune,0,keur,Wolof,,,,,Mbaye,Wolof,,,1
13504666,Keur Khassam,14.95868,-16.63775,Diourbel,Bambey,0,keur,Wolof,,,,,,,,,1
13658083,Keur Khoureïssi,13.93338,-16.35773,Fatick,Foundiougne,0,keur,Wolof,,,,,,,,,1
2250329,Keur Kibari,14.28333,-16.18333,Kaolack,Kaolack,0,keur,Wolof,,,,,,,,,1
13509340,Keur Kibiri,14.11649,-16.21708,Kaolack,Kaolack,0,keur,Wolof,,,,,,,,,1
2250328,Keur Kolibilo,15.8308,-15.5177,Louga,Linguere,0,keur,Wolof,,,,,,,,,1
2250326,Keur Kora,15.63333,-16.3,Louga,Louga,0,keur,Wolof,,,,,,,,,1
2249618,Keur Kouli Diouf,14.72163,-16.43473,Diourbel,Bambey,0,keur,Wolof,,,,,Diouf,Sérèr,,,1
2250325,Keur Koumba,14.58333,-16.66667,Thies,Mbour,0,keur,Wolof,,,,,,,,,1
2249954,Keur Koumba Daga,14.3009,-16.28171,Kaolack,Kaolack,0,keur,Wolof,,,,,,,,,1
2250324,Keur Kouni,13.9,-15.66667,Kaffrine,Birkelane,0,keur,Wolof,,,,,,,,,1
2250323,Keur Koura,15.7,-16.53333,Louga,Louga,0,keur,Wolof,,,,,,,,,1
2250322,Keur Koutch,14.96667,-15.75,Louga,Linguere,0,keur,Wolof,,,,,,,,,1
2250333,Keur Kékouta,14.13826,-16.25073,Kaolack,Kaolack,0,keur,Wolof,,,,,,,,,1
2250319,Keur Lahine Fatim,13.90764,-16.30113,Fatick,Foundiougne,0,keur,Wolof,,,,,,,,,2
2250320,Keur Lahine Fatim,13.73089,-16.38563,Fatick,Foundiougne,0,keur,Wolof,,,,,,,,,2
2250321,Keur Lahine Khorédia,13.76223,-16.2377,Fatick,Foundiougne,0,keur,Wolof,,,,,,,,,1
2249430,Keur Lahine Lobé,14.01725,-15.54637,Kaffrine,Kaffrine,0,keur,Wolof,,,,,,,,,1
13658070,Keur Lahine Nditi,13.98993,-16.30194,Fatick,Foundiougne,0,keur,Wolof,,,,,,,,,1
13554558,Keur Lahine Ramata,14.02587,-15.53484,Kaffrine,Kaffrine,0,keur,Wolof,,,,,,,,,1
2250318,Keur Lahine Sakho,13.81196,-16.21364,Kaolack,Nioro Du Rip,0,keur,Wolof,,,,,Sakho,Soninke,,,1
2250317,Keur Lahine Sokhna,13.72824,-16.22124,Fatick,Foundiougne,0,keur,Wolof,,,,,,,,,1
2250311,Keur Lahine Sossé,13.74908,-16.41803,Fatick,Foundiougne,0,keur,Wolof,,,,,,,,,1
2250316,Keur Lali,13.6,-15.78333,Kaolack,Nioro Du Rip,0,keur,Wolof,,,,,,,,,1
2595485,Keur Lamane,14.66046,-17.03797,Thies,Mbour,0,keur,Wolof,,,,,,,,,2
2595581,Keur Lamane,14.69746,-17.11828,Thies,Thies,0,keur,Wolof,,,,,,,,,2
13504559,Keur Lamane Yaboye,14.81028,-16.84564,Thies,Thies,0,keur,Wolof,,,,,,,,,1
2250315,Keur Lamine,13.71555,-16.04177,Kaolack,Nioro Du Rip,0,keur,Wolof,,,,,,,,,2
13508999,Keur Lamine,14.33126,-16.22776,Kaolack,Kaolack,0,keur,Wolof,,,,,,,,,2
2571749,Keur Lamine Diamé,13.61912,-16.26135,Fatick,Foundiougne,0,keur,Wolof,,,,,,,,,1
13509345,Keur Lassana,14.10948,-16.22075,Kaolack,Kaolack,0,keur,Wolof,,,,,,,,,1
13507057,Keur Lat Bissine,14.67719,-16.41008,Diourbel,Bambey,0,keur,Wolof,,,,,,,,,1
2250314,Keur Lat Diop Fal,14.92415,-17.0241,Thies,Tivaoune,0,keur,Wolof,,,,,Fal,Wolof,,,1
13505433,Keur Laye,14.94257,-16.3097,Diourbel,Diourbel,0,keur,Wolof,,,,,,,,,1
13553635,Keur Laye Diouf,14.71285,-15.29241,Louga,Linguere,0,keur,Wolof,,,,,Diouf,Sérèr,,,1
2250312,Keur Layène,13.7,-15.86667,Kaolack,Nioro Du Rip,0,keur,Wolof,,,,,,,,,2
2250313,Keur Layène,13.63333,-15.61667,Kaolack,Nioro Du Rip,0,keur,Wolof,,,,,,,,,2
13509005,Keur Laïti,14.25955,-16.21613,Kaolack,Kaolack,0,keur,Wolof,,,,,,,,,1
13504613,Keur Likeu,14.81015,-16.86982,Thies,Thies,0,keur,Wolof,,,,,,,,,1
13504705,Keur Lèye Fambaye,14.91626,-16.6047,Diourbel,Bambey,0,keur,Wolof,,,,,,,,,1
13508993,Keur Léba,14.33129,-16.1962,Kaolack,Kaolack,0,keur,Wolof,,,,,,,,,1
2250310,Keur Maba Diakhou,13.65,-15.98333,Kaolack,Nioro Du Rip,0,keur,Wolof,,,,,,,,,1
13504704,Keur Mabator,14.91995,-16.63574,Diourbel,Bambey,0,keur,Wolof,,,,,,,,,1
2250179,Keur Mabaye,14.99591,-16.87924,Thies,Tivaoune,0,keur,Wolof,,,,,,,,,1
13505383,Keur Macoumba,14.96484,-16.49544,Diourbel,Bambey,0,keur,Wolof,,,,,,,,,1
13504553,Keur Madaro,14.76398,-16.84966,Thies,Thies,0,keur,Wolof,,,,,,,,,1
2250308,Keur Mademba,13.9,-15.6,Kaffrine,Birkelane,0,keur,Wolof,,,,,,,,,2
2250309,Keur Mademba,13.73333,-15.68333,Kaolack,Nioro Du Rip,0,keur,Wolof,,,,,,,,,2
2250295,Keur Madi Touet,13.9,-15.5,Kaffrine,Kaffrine,0,keur,Wolof,,,,,,,,,1
2250301,Keur Madi Yassine,13.70855,-16.11666,Kaolack,Nioro Du Rip,0,keur,Wolof,,,,,,,,,1
2250307,Keur Madia,14.73333,-16.46667,Diourbel,Bambey,0,keur,Wolof,,,,,,,,,1
13504715,Keur Madia Niang,14.88834,-16.67139,Thies,Thies,0,keur,Wolof,,,,,Niang,Wolof,,,1
2250306,Keur Madiabel,13.8472,-16.05774,Kaolack,Nioro Du Rip,10542,keur,Wolof,,,,,,,,,1
13658134,Keur Madiabou,13.99126,-16.1616,Kaolack,Kaolack,0,keur,Wolof,,,,,,,,,1
2250305,Keur Madiagne,14.99655,-16.91582,Thies,Tivaoune,0,keur,Wolof,,,,,,,,,1
2250304,Keur Madiaka,14.56667,-15.83333,Fatick,Gossas,0,keur,Wolof,,,,,,,,,1
2250303,Keur Madialé,15.7,-16.05,Louga,Louga,0,keur,Wolof,,,,,,,,,1
2250302,Keur Madiana,15.0,-16.25,Thies,Tivaoune,0,keur,Wolof,,,,,,,,,1
2250123,Keur Madieng,14.92067,-16.33187,Diourbel,Diourbel,0,keur,Wolof,,,,,,,,,3
2250239,Keur Madieng,14.36938,-16.788,Thies,Mbour,0,keur,Wolof,,,,,,,,,3
2250299,Keur Madieng,14.26237,-15.91102,Kaolack,Guinguineo,0,keur,Wolof,,,,,,,,,3
13507285,Keur Madieum Lô,14.6053,-16.02125,Diourbel,Mbacke,0,keur,Wolof,,,,,Lô,Wolof,,,1
13658236,Keur Madiké,13.8866,-16.17453,Kaolack,Kaolack,0,keur,Wolof,,,,,,,,,1
13658147,Keur Madio,13.93823,-16.02553,Kaolack,Kaolack,0,keur,Wolof,,,,,,,,,1
2250298,Keur Madiop,15.016,-16.422,Diourbel,Bambey,0,keur,Wolof,,,,,,,,,2
13505377,Keur Madiop,14.77476,-16.36059,Diourbel,Bambey,0,keur,Wolof,,,,,,,,,2
13504565,Keur Madiop Fal,14.86223,-16.83362,Thies,Thies,0,keur,Wolof,,,,,Fal,Wolof,,,1
13504644,Keur Madiop Samb,14.89939,-16.68663,Thies,Thies,0,keur,Wolof,,,,,Samb,Wolof,,,1
13552844,Keur Madiop Sérèr,14.57514,-15.90569,Diourbel,Mbacke,0,keur,Wolof,,Sérèr,Keur Madiop,,,,,,1
2250297,Keur Madiop Touré,15.02944,-16.35894,Thies,Tivaoune,0,keur,Wolof,,,,,Touré,Mandinka,,,1
2250296,Keur Madiouf,14.30756,-16.1474,Kaolack,Kaolack,0,keur,Wolof,,,,,,,,,1
2250300,Keur Madiébél,13.76667,-15.7,Kaolack,Nioro Du Rip,0,keur,Wolof,,,,,,,,,1
13505449,Keur Madiémé,14.93367,-16.3636,Diourbel,Diourbel,0,keur,Wolof,,,,,,,,,1
2250294,Keur Madou Dia,15.7059,-15.8951,Louga,Louga,0,keur,Wolof,,,,,Dia,Pulaar,,,1
2253271,Keur Madouba,14.8295,-15.60217,Diourbel,Mbacke,0,keur,Wolof,,,,,,,,,1
2250293,Keur Madoumbé,15.0,-16.2,Thies,Tivaoune,0,keur,Wolof,,,,,,,,,1
2250292,Keur Madoune Ningue,15.06667,-16.53333,Thies,Tivaoune,0,keur,Wolof,,,,,,,,,1
2250291,Keur Mafal,15.76028,-16.34194,Louga,Louga,0,keur,Wolof,,,,,,,,,2
13506477,Keur Mafal,14.7074,-16.81541,Thies,Thies,0,keur,Wolof,,,,,,,,,2
13507274,Keur Mafari Ndiaye,14.74056,-16.01198,Diourbel,Mbacke,0,keur,Wolof,,,,,Ndiaye,Wolof,,,1
13506992,Keur Mafatim,14.72118,-16.36986,Diourbel,Bambey,0,keur,Wolof,,,,,,,,,1
2250579,Keur Magamo,15.1773,-15.9739,Louga,Kebemer,0,keur,Wolof,,,,,,,,,1
2250290,Keur Magat Bâ,14.63467,-15.86514,Diourbel,Mbacke,0,keur,Wolof,,,,,Bâ,Pulaar,,,1
2250289,Keur Magaye,14.16931,-15.74291,Kaffrine,Birkelane,0,keur,Wolof,,,,,,,,,1
2250155,Keur Magorom Sal,14.56053,-16.87643,Thies,Thies,0,keur,Wolof,,,,,,,,,1
2250285,Keur Maguèye,15.01667,-16.81667,Thies,Tivaoune,0,keur,Wolof,,,,,,,,,1
2250288,Keur Maguèye Ndaw,14.89664,-16.76724,Thies,Tivaoune,0,keur,Wolof,,,,,,,,,3
13504547,Keur Maguèye Ndaw,14.76182,-16.81762,Thies,Thies,0,keur,Wolof,,,,,,,,,3
13504630,Keur Maguèye Ndaw,14.88757,-16.82591,Thies,Tivaoune,0,keur,Wolof,,,,,,,,,3
2250284,Keur Mahanta,15.78333,-16.11667,Louga,Louga,0,keur,Wolof,,,,,,,,,1
2250283,Keur Maharam Dieng,14.33333,-15.68333,Kaffrine,Kaffrine,0,keur,Wolof,,,,,Dieng,Wolof,,,1
2250280,Keur Maka,13.75,-15.63333,Kaolack,Nioro Du Rip,0,keur,Wolof,maka,,,,,,,,1
13507303,Keur Makadou,14.50419,-16.11078,Fatick,Gossas,0,keur,Wolof,,,,,,,,,1
2250279,Keur Makala,15.03333,-16.38333,Thies,Tivaoune,0,keur,Wolof,,,,,,,,,1
2250278,Keur Makam,14.11667,-15.83333,Kaffrine,Birkelane,0,keur,Wolof,,,,,,,,,3
13658221,Keur Makam,13.9108,-16.02796,Kaolack,Kaolack,0,keur,Wolof,,,,,,,,,3
13658239,Keur Makam,13.9148,-16.01421,Kaolack,Kaolack,0,keur,Wolof,,,,,,,,,3
2250277,Keur Makar,13.95,-15.66667,Kaffrine,Birkelane,0,keur,Wolof,,,,,,,,,1
13658174,Keur Makatim,13.86079,-16.21861,Kaolack,Nioro Du Rip,0,keur,Wolof,,,,,,,,,1
13505470,Keur Makhali,14.9988,-16.47104,Diourbel,Bambey,0,keur,Wolof,,,,,,,,,1
2250276,Keur Makhari,15.13333,-16.2,Louga,Kebemer,0,keur,Wolof,,,,,,,,,1
13504668,Keur Makhoudia,14.95356,-16.50695,Diourbel,Bambey,0,keur,Wolof,,,,,,,,,1
2250275,Keur Makhtar Diop,15.6933,-15.8883,Louga,Louga,0,keur,Wolof,,,,,Diop,Wolof,,,1
13507014,Keur Makodou,14.65256,-16.4135,Diourbel,Bambey,0,keur,Wolof,,,,,,,,,1
2250273,Keur Makoumba Diop,14.56407,-16.90219,Thies,Thies,0,keur,Wolof,,,,,Diop,Wolof,,,1
2250274,Keur Makoumba Kébé,14.81315,-15.8312,Diourbel,Mbacke,0,keur,Wolof,,,,,,,,,1
2250548,Keur Makoumba Souna,13.73499,-16.24457,Fatick,Foundiougne,0,keur,Wolof,,,,,,,,,1
13506479,Keur Makounda Kèbè,14.53154,-16.84246,Thies,Thies,0,keur,Wolof,,,,,,,,,1
2250270,Keur Mala,13.96667,-15.73333,Kaffrine,Birkelane,0,keur,Wolof,,,,,,,,,1
2250269,Keur Malahine,13.72501,-16.11769,Kaolack,Nioro Du Rip,0,keur,Wolof,,,,,,,,,1
2595952,Keur Malal,15.03166,-17.02025,Thies,Tivaoune,0,keur,Wolof,,,,,,,,,1
13504618,Keur Malamine Ndiaye,14.77078,-16.77123,Thies,Thies,0,keur,Wolof,,,,,Ndiaye,Wolof,,,2
13506495,Keur Malamine Ndiaye,14.53003,-16.88017,Thies,Thies,0,keur,Wolof,,,,,Ndiaye,Wolof,,,2
13657996,Keur Malaw,13.97055,-16.26026,Fatick,Foundiougne,0,keur,Wolof,,,,,,,,,1
2250266,Keur Maleye,15.33333,-16.58333,Louga,Kebemer,0,keur,Wolof,,,,,,,,,1
2250263,Keur Mali Makham,13.83333,-15.06667,Kaffrine,Koungheul,0,keur,Wolof,,,,,,,,,1
13507325,Keur Malik Ba,14.48698,-16.93306,Thies,Mbour,0,keur,Wolof,,,,,Ba,Pulaar,,,1
2250265,Keur Malik Diao,13.91667,-15.88333,Kaolack,Kaolack,0,keur,Wolof,,,,,,,,,1
13658063,Keur Malik Fadi,13.77796,-16.36493,Fatick,Foundiougne,0,keur,Wolof,,,,,,,,,1
2250264,Keur Malik Faye,14.96667,-15.73333,Louga,Linguere,0,keur,Wolof,,,,,Faye,Sérèr,,,1
13658175,Keur Malik Ndiaré,13.76963,-16.17833,Kaolack,Nioro Du Rip,0,keur,Wolof,,,,,,,,,1
13506460,Keur Malik Ndiaye,14.50999,-16.79171,Thies,Mbour,0,keur,Wolof,,,,,Ndiaye,Wolof,,,1
13509055,Keur Malik Nor,14.30408,-16.20557,Kaolack,Kaolack,0,keur,Wolof,,,,,,,,,1
13658708,Keur Malik Ramata,13.7322,-16.00021,Kaolack,Nioro Du Rip,0,keur,Wolof,,,,,,,,,1
2250262,Keur Malindiaye,14.55,-15.83333,Fatick,Gossas,0,keur,Wolof,,,,,,,,,1
2250261,Keur Malo,14.66667,-15.63333,Fatick,Gossas,0,keur,Wolof,,,,,,,,,1
2250267,Keur Malé,13.93333,-15.78333,Kaolack,Kaolack,0,keur,Wolof,,,,,,,,,2
2250268,Keur Malé,13.83333,-15.56667,Kaffrine,Kaffrine,0,keur,Wolof,,,,,,,,,2
2250176,Keur Malô,15.8614,-15.9535,Louga,Louga,0,keur,Wolof,,,,,,,,,2
13658227,Keur Malô,13.82112,-16.04947,Kaolack,Nioro Du Rip,0,keur,Wolof,,,,,,,,,2
2595951,Keur Mam Awa,15.03748,-17.02897,Thies,Tivaoune,0,keur,Wolof,,,,,,,,,1
2250254,Keur Mam Maram,14.82633,-16.88314,Thies,Thies,0,keur,Wolof,,,,,,,,,1
2250255,Keur Mama Lamine,13.78105,-16.38288,Fatick,Foundiougne,0,keur,Wolof,,,,,,,,,1
13508550,Keur Mamadou Diouf,14.3658,-16.49879,Fatick,Fatick,0,keur,Wolof,,,,,Diouf,Sérèr,,,1
2250259,Keur Mamadou Fatouma,13.98062,-16.22666,Fatick,Foundiougne,0,keur,Wolof,,,,,,,,,1
2250258,Keur Mamadou Gaye,14.63333,-15.63333,Fatick,Gossas,0,keur,Wolof,,,,,Gaye,Wolof,,,1
13658697,Keur Mamadou Guèye,13.62914,-16.23845,Fatick,Foundiougne,0,keur,Wolof,,,,,Guèye,Wolof,,,1
13509356,Keur Mamadou Ndaw,14.22963,-16.15246,Kaolack,Kaolack,0,keur,Wolof,,,,,,,,,1
2250260,Keur Mamadou Ndiamatou,14.04732,-15.72533,Kaffrine,Birkelane,0,keur,Wolof,,,,,,,,,1
13504595,Keur Mamadou Ndiaye,14.83389,-16.89025,Thies,Thies,0,keur,Wolof,,,,,Ndiaye,Wolof,,,1
13658687,Keur Mamadou Néné,13.6876,-16.04997,Kaolack,Nioro Du Rip,0,keur,Wolof,,,,,,,,,1
2250257,Keur Mamadou Ouguel,14.53333,-15.68333,Fatick,Gossas,0,keur,Wolof,,,,,,,,,1
2250256,Keur Mamadou Yaga,14.88333,-15.7,Diourbel,Mbacke,0,keur,Wolof,,,,,,,,,1
13658238,Keur Mamour Anta,13.83151,-16.17174,Kaolack,Nioro Du Rip,0,keur,Wolof,,,,,,,,,1
2250151,Keur Mamour Fal,13.8752,-16.2301,Fatick,Foundiougne,0,keur,Wolof,,,,,Fal,Wolof,,,1
13507333,Keur Mamour Kandji,14.47357,-16.77738,Thies,Mbour,0,keur,Wolof,,,,,,,,,1
2250252,Keur Mamour Koumba,13.75703,-16.08704,Kaolack,Nioro Du Rip,0,keur,Wolof,,,,,,,,,1
2250251,Keur Mamour Lô,14.03065,-15.9073,Kaolack,Kaolack,0,keur,Wolof,,,,,Lô,Wolof,,,1
13506490,Keur Mamour Mbengue,14.72447,-16.81105,Thies,Thies,0,keur,Wolof,,,,,,,,,1
13504736,Keur Mamour Ngoné,14.86134,-16.70068,Thies,Thies,0,keur,Wolof,,,,,,,,,1
13658008,Keur Mamour Sek,13.88044,-16.26475,Fatick,Foundiougne,0,keur,Wolof,,,,,,,,,1
2250250,Keur Mamout,13.93333,-15.71667,Kaolack,Kaolack,0,keur,Wolof,,,,,,,,,1
2250248,Keur Mandaye,13.88333,-15.75,Kaolack,Kaolack,0,keur,Wolof,,,,,,,,,1
2250178,Keur Mandiaye,15.4919,-15.9848,Louga,Louga,0,keur,Wolof,,,,,,,,,4
2250245,Keur Mandiaye,15.96667,-16.15,Louga,Louga,0,keur,Wolof,,,,,,,,,4
2250246,Keur Mandiaye,14.9,-15.76667,Diourbel,Mbacke,0,keur,Wolof,,,,,,,,,4
13506771,Keur Mandiaye,14.74717,-16.68556,Thies,Thies,0,keur,Wolof,,,,,,,,,4
2250247,Keur Mandiaye Fatim,13.75836,-16.20744,Fatick,Foundiougne,0,keur,Wolof,,,,,,,,,1
2596042,Keur Mandiol,15.77333,-16.45556,Louga,Louga,0,keur,Wolof,,,,,,,,,1
2250244,Keur Mandongo,13.83944,-16.10209,Kaolack,Nioro Du Rip,0,keur,Wolof,,,,,,,,,1
2250243,Keur Mandoumbé Khari,15.00758,-16.19761,Thies,Tivaoune,0,keur,Wolof,,,,,,,,,1
13505399,Keur Manga,14.79526,-16.37359,Diourbel,Bambey,0,keur,Wolof,,,,,Manga,Diola,,,2
13508583,Keur Manga,14.3633,-16.26208,Fatick,Fatick,0,keur,Wolof,,,,,Manga,Diola,,,2
13507466,Keur Mangari,14.39922,-16.60449,Fatick,Fatick,0,keur,Wolof,,,,,,,,,1
13658680,Keur Maniane,13.74995,-16.2288,Fatick,Foundiougne,0,keur,Wolof,,,,,,,,,1
2250287,Keur Maniang Omar,15.6838,-15.9763,Louga,Louga,0,keur,Wolof,,,,,,,,,1
2250286,Keur Maniaw,14.97713,-16.20891,Thies,Tivaoune,0,keur,Wolof,,,,,,,,,1
2250242,Keur Maniébé,13.81009,-16.06445,Kaolack,Nioro Du Rip,0,keur,Wolof,,,,,,,,,1
2250241,Keur Manndiaye,14.73333,-15.75,Fatick,Gossas,0,keur,Wolof,,,,,,,,,1
2250240,Keur Manoumbé,13.78333,-14.85,Kaffrine,Koungheul,0,keur,Wolof,,,,,,,,,1
2250238,Keur Maoual,14.18333,-16.76667,Thies,Mbour,0,keur,Wolof,,,,,,,,,1
2250104,Keur Mar Ndiaye,14.71897,-16.04244,Diourbel,Mbacke,0,keur,Wolof,,,,,Ndiaye,Wolof,,,1
2250237,Keur Mari,14.2535,-16.23362,Kaolack,Kaolack,0,keur,Wolof,,,,,,,,,1
2250235,Keur Markari,15.45,-16.38333,Louga,Kebemer,0,keur,Wolof,,,,,,,,,1
2250234,Keur Marsala,14.46667,-15.86667,Fatick,Gossas,0,keur,Wolof,,,,,,,,,1
13507445,Keur Martin,14.40876,-16.57404,Fatick,Fatick,0,keur,Wolof,,,,,,,,,1
2250435,Keur Mary Mbakéri,14.03939,-15.93078,Kaolack,Kaolack,0,keur,Wolof,,,,,,,,,1
13554021,Keur Masamba Deux,14.43871,-15.98668,Fatick,Gossas,0,keur,Wolof,,,,2,,,,,1
13554426,Keur Massaer,14.13019,-15.82671,Kaffrine,Birkelane,0,keur,Wolof,,,,,,,,,1
13658122,Keur Massakho,13.81193,-16.23099,Kaolack,Nioro Du Rip,0,keur,Wolof,,,,,,,,,1
2250232,Keur Massamba,15.6703,-15.9769,Louga,Louga,0,keur,Wolof,,,,,,,,,3
2250233,Keur Massamba,14.9,-16.78333,Thies,Tivaoune,0,keur,Wolof,,,,,,,,,3
13509053,Keur Massamba,14.37149,-16.1713,Fatick,Fatick,0,keur,Wolof,,,,,,,,,3
2250230,Keur Massamba Diagne,15.9916,-15.7148,Louga,Louga,0,keur,Wolof,,,,,Diagne,Wolof,,,1
2250223,Keur Massamba Fatim,15.0489,-16.5394,Thies,Tivaoune,0,keur,Wolof,,,,,,,,,1
2250229,Keur Massamba Guèye,14.75369,-16.93857,Thies,Thies,0,keur,Wolof,,,,,Guèye,Wolof,,,1
2250224,Keur Massamba Kodou,13.73404,-15.99614,Kaolack,Nioro Du Rip,0,keur,Wolof,,,,,,,,,1
13506481,Keur Massamba Ngoundji,14.66739,-16.82115,Thies,Thies,0,keur,Wolof,,,,,,,,,1
13505484,Keur Massamba Niang,14.89474,-16.48503,Diourbel,Bambey,0,keur,Wolof,,,,,Niang,Wolof,,,1
2250226,Keur Massar,15.463,-15.8859,Louga,Louga,0,keur,Wolof,,,,,,,,,3
2250227,Keur Massar,14.77977,-17.31131,Dakar,Pikine,0,keur,Wolof,,,,,,,,,3
2250228,Keur Massar,13.88333,-14.8,Kaffrine,Koungheul,0,keur,Wolof,,,,,,,,,3
2250225,Keur Massar Ba,13.66667,-15.9,Kaolack,Nioro Du Rip,0,keur,Wolof,,,,,Ba,Pulaar,,,1
2250221,Keur Massaèr,14.88802,-16.3153,Diourbel,Diourbel,0,keur,Wolof,,,,,,,,,2
13505442,Keur Massaèr,14.90901,-16.36612,Diourbel,Diourbel,0,keur,Wolof,,,,,,,,,2
13505522,Keur Massaèr Niang,14.93493,-16.09135,Diourbel,Mbacke,0,keur,Wolof,,,,,Niang,Wolof,,,1
2250222,Keur Massemba,15.26667,-16.76667,Thies,Tivaoune,0,keur,Wolof,,,,,,,,,1
2250219,Keur Massila,14.6,-15.63333,Fatick,Gossas,0,keur,Wolof,,,,,,,,,2
13507339,Keur Massila,14.42961,-16.90793,Thies,Mbour,0,keur,Wolof,,,,,,,,,2
13658186,Keur Massiré Diawara,13.77724,-16.14596,Kaolack,Nioro Du Rip,0,keur,Wolof,,,,,,,,,1
2250218,Keur Masson,14.8,-16.88333,Thies,Thies,0,keur,Wolof,,,,,,,,,1
2250217,Keur Massongo,15.01667,-16.93333,Thies,Tivaoune,0,keur,Wolof,,,,,,,,,1
2250216,Keur Massouka,14.55,-16.9219,Thies,Mbour,0,keur,Wolof,,,,,,,,,1
13506489,Keur Massouka Deux,14.52551,-16.92597,Thies,Mbour,0,keur,Wolof,,,,2,,,,,1
2250220,Keur Massèye,14.3789,-15.82381,Fatick,Gossas,0,keur,Wolof,,,,,,,,,1
13658235,Keur Mat,13.93593,-16.24817,Fatick,Foundiougne,0,keur,Wolof,,,,,,,,,1
2250213,Keur Matar,14.78333,-16.86667,Thies,Thies,0,keur,Wolof,,,,,,,,,4
2250215,Keur Matar,14.01815,-15.7591,Kaffrine,Birkelane,0,keur,Wolof,,,,,,,,,4
13509313,Keur Matar,14.22288,-16.23399,Kaolack,Kaolack,0,keur,Wolof,,,,,,,,,4
13658725,Keur Matar,13.61247,-16.01086,Kaolack,Nioro Du Rip,0,keur,Wolof,,,,,,,,,4
2250214,Keur Matar Darou Dia,14.71102,-16.87457,Thies,Thies,0,keur,Wolof,darou,,,,Dia,Pulaar,,,1
2250212,Keur Matar Diop,15.21667,-16.16667,Louga,Kebemer,0,keur,Wolof,,,,,Diop,Wolof,,,1
13504543,Keur Matar Fal,14.78935,-16.80085,Thies,Thies,0,keur,Wolof,,,,,Fal,Wolof,,,1
2250211,Keur Matar Guèye,14.82026,-17.09263,Thies,Thies,0,keur,Wolof,,,,,Guèye,Wolof,,,1
2596049,Keur Matar Mbaye,15.77111,-16.28972,Louga,Louga,0,keur,Wolof,,,,,Mbaye,Wolof,,,1
2250209,Keur Matar Souna,13.85702,-16.20917,Kaolack,Nioro Du Rip,0,keur,Wolof,,,,,,,,,1
2250516,Keur Matar Wade,14.57572,-16.8793,Thies,Thies,0,keur,Wolof,,,,,Wade,Wolof,,,1
2250208,Keur Matialène,14.88532,-16.83136,Thies,Tivaoune,0,keur,Wolof,,,,,,,,,1
2250207,Keur Matioro,14.04215,-16.38364,Fatick,Foundiougne,0,keur,Wolof,,,,,,,,,1
13506458,Keur Matoure,14.7147,-16.87188,Thies,Thies,0,keur,Wolof,,,,,,,,,1
13658692,Keur Matékhé,13.74136,-16.11349,Kaolack,Nioro Du Rip,0,keur,Wolof,,,,,,,,,1
2250205,Keur Mayene Boumbou,14.25,-15.98333,Kaolack,Guinguineo,0,keur,Wolof,,,,,,,,,1
2250204,Keur Mayoro,15.7,-16.28333,Louga,Louga,0,keur,Wolof,,,,,,,,,1
2250281,Keur Maïssa Ndiaye,14.67323,-16.45993,Diourbel,Bambey,0,keur,Wolof,,,,,Ndiaye,Wolof,,,1
2253781,Keur Mbagne Diop,14.29922,-16.2338,Kaolack,Kaolack,0,keur,Wolof,,,,,Diop,Wolof,,,1
13505392,Keur Mbakhar,14.8033,-16.30107,Diourbel,Diourbel,0,keur,Wolof,,,,,,,,,1
2250203,Keur Mbalagaye,15.08333,-16.05,Louga,Kebemer,0,keur,Wolof,,,,,,,,,1
2250201,Keur Mballo,15.53333,-16.28333,Louga,Louga,0,keur,Wolof,,,,,,,,,2
2250202,Keur Mballo,15.11667,-16.33333,Thies,Tivaoune,0,keur,Wolof,,,,,,,,,2
13554449,Keur Mbalo,14.17529,-15.99519,Kaolack,Guinguineo,0,keur,Wolof,,,,,,,,,1
13658046,Keur Mbana,13.99232,-16.29937,Fatick,Foundiougne,0,keur,Wolof,,,,,,,,,1
13552847,Keur Mbandi,14.71753,-15.90957,Diourbel,Mbacke,0,keur,Wolof,,,,,,,,,1
2250467,Keur Mbangou,13.88851,-16.27284,Fatick,Foundiougne,0,keur,Wolof,,,,,,,,,1
13505390,Keur Mbar,14.81322,-16.44031,Diourbel,Bambey,0,keur,Wolof,,,,,,,,,2
13506781,Keur Mbar,14.67239,-16.62399,Thies,Thies,0,keur,Wolof,,,,,,,,,2
2250200,Keur Mbarik,15.65,-16.28333,Louga,Louga,0,keur,Wolof,,,,,,,,,1
2250461,Keur Mbata,14.9657,-17.02941,Thies,Tivaoune,0,keur,Wolof,,,,,,,,,1
2250198,Keur Mbaye,16.47528,-15.60806,Saint Louis,Dagana,0,keur,Wolof,,,,,Mbaye,Wolof,,,2
2250199,Keur Mbaye,13.85,-15.73333,Kaolack,Nioro Du Rip,0,keur,Wolof,,,,,Mbaye,Wolof,,,2
13504750,Keur Mbaye Anta,14.90164,-16.66173,Thies,Thies,0,keur,Wolof,,,,,,,,,1
13553454,Keur Mbaye Coumba,14.59067,-15.60732,Fatick,Gossas,0,keur,Wolof,,,,,,,,,1
13506482,Keur Mbaye Dièye,14.50537,-16.95333,Thies,Mbour,0,keur,Wolof,,,,,,,,,1
2595812,Keur Mbaye Fal,14.73984,-17.32073,Dakar,Pikine,0,keur,Wolof,,,,,Fal,Wolof,,,1
13504583,Keur Mbaye Guèye,14.90416,-16.79823,Thies,Tivaoune,0,keur,Wolof,,,,,Guèye,Wolof,,,3
13504619,Keur Mbaye Guèye,14.83378,-16.82172,Thies,Thies,0,keur,Wolof,,,,,Guèye,Wolof,,,3
13658039,Keur Mbaye Guèye,13.97175,-16.29679,Fatick,Foundiougne,0,keur,Wolof,,,,,Guèye,Wolof,,,3
2248728,Keur Mbaye Issa,14.78123,-16.34488,Diourbel,Diourbel,0,keur,Wolof,,,,,,,,,1
2250196,Keur Mbaye Mati,14.89893,-16.74409,Thies,Tivaoune,0,keur,Wolof,,,,,,,,,2
13658006,Keur Mbaye Mati,13.92242,-16.35954,Fatick,Foundiougne,0,keur,Wolof,,,,,,,,,2
13505361,Keur Mbaye Mboulo,14.82483,-16.31139,Diourbel,Diourbel,0,keur,Wolof,,,,,,,,,1
2250195,Keur Mbaye Ndao,15.33333,-16.65,Louga,Kebemer,0,keur,Wolof,,,,,,,,,1
2250194,Keur Mbaye Ndiap,15.38333,-16.66667,Louga,Kebemer,0,keur,Wolof,,,,,,,,,1
2250193,Keur Mbaye Ndonk,13.93333,-15.98333,Kaolack,Kaolack,0,keur,Wolof,,,,,,,,,1
2250282,Keur Mbaye Niang,14.59771,-15.8343,Diourbel,Mbacke,0,keur,Wolof,,,,,Niang,Wolof,,,2
13658020,Keur Mbaye Niang,13.86647,-16.3109,Fatick,Foundiougne,0,keur,Wolof,,,,,Niang,Wolof,,,2
13504663,Keur Mbaye Sal,14.84705,-16.74124,Thies,Thies,0,keur,Wolof,,,,,,,,,1
13504572,Keur Mbaye Sambou,14.97316,-16.93183,Thies,Tivaoune,0,keur,Wolof,,,,,,,,,1
2250191,Keur Mbaye Seck,15.9314,-15.9112,Louga,Louga,0,keur,Wolof,,,,,Seck,Wolof,,,1
2250192,Keur Mbaye Séni,14.58232,-16.86546,Thies,Thies,0,keur,Wolof,,,,,,,,,1
2250190,Keur Mbeïkou,14.01667,-15.71667,Kaffrine,Birkelane,0,keur,Wolof,,,,,,,,,1
2250189,Keur Mbir Ndaw,14.93852,-17.0533,Thies,Tivaoune,0,keur,Wolof,,,,,,,,,1
2250188,Keur Mbissane,14.9212,-15.75382,Louga,Linguere,0,keur,Wolof,,,,,,,,,2
13509009,Keur Mbissane,14.31894,-16.12852,Kaolack,Kaolack,0,keur,Wolof,,,,,,,,,2
2250187,Keur Mbogué,15.846,-15.9235,Louga,Louga,0,keur,Wolof,,,,,,,,,1
2250186,Keur Mbouki,14.13737,-15.82957,Kaffrine,Birkelane,0,keur,Wolof,,,,,,,,,1
13658060,Keur Mbous,13.94242,-16.2841,Fatick,Foundiougne,0,keur,Wolof,,,,,,,,,1
2250185,Keur Mboussi,14.05,-15.86667,Kaolack,Kaolack,0,keur,Wolof,,,,,,,,,1
2250180,Keur Memba,15.21667,-16.76667,Thies,Tivaoune,0,keur,Wolof,,,,,,,,,1
13506735,Keur Meïssa,14.71118,-16.66589,Thies,Thies,0,keur,Wolof,,,,,,,,,1
2250181,Keur Meïssa Ndiaké,14.77081,-16.82096,Thies,Thies,0,keur,Wolof,,,,,,,,,1
2250173,Keur Moda,14.05,-16.35,Fatick,Foundiougne,0,keur,Wolof,,,,,,,,,1
2250166,Keur Modi Boïdo,14.14184,-15.93611,Kaolack,Guinguineo,0,keur,Wolof,,,,,,,,,1
2250168,Keur Modi Sala,14.02136,-15.93926,Kaolack,Kaolack,0,keur,Wolof,,,,,,,,,2
2250169,Keur Modi Sala,13.84574,-16.27391,Fatick,Foundiougne,0,keur,Wolof,,,,,,,,,2
2250167,Keur Modi Yoro,15.8913,-15.9139,Louga,Louga,0,keur,Wolof,,,,,,,,,1
2250171,Keur Modiagne,14.4,-15.88333,Fatick,Gossas,0,keur,Wolof,,,,,,,,,1
2250164,Keur Modou,15.66667,-16.03333,Louga,Louga,0,keur,Wolof,,,,,,,,,2
2250165,Keur Modou,14.06667,-15.66667,Kaffrine,Birkelane,0,keur,Wolof,,,,,,,,,2
2250162,Keur Modou Bé,14.98333,-15.98333,Louga,Kebemer,0,keur,Wolof,,,,,,,,,1
2250161,Keur Modou Diba,14.18333,-14.53333,Tambacounda,Koumpentoum,0,keur,Wolof,,,,,,,,,1
2250160,Keur Modou Diop,15.0456,-15.9165,Louga,Kebemer,0,keur,Wolof,,,,,Diop,Wolof,,,1
13553603,Keur Modou Fati Khari,14.68939,-15.32274,Louga,Linguere,0,keur,Wolof,,,,,,,,,1
2250158,Keur Modou Ndiaye,15.9504,-15.9189,Louga,Louga,0,keur,Wolof,,,,,Ndiaye,Wolof,,,2
2596063,Keur Modou Ndiaye,15.96333,-16.31583,Saint Louis,Saint Louis,0,keur,Wolof,,,,,Ndiaye,Wolof,,,2
2250159,Keur Modou Ngom,15.004,-15.9263,Louga,Kebemer,0,keur,Wolof,,,,,Ngom,Sérèr,,,1
2250157,Keur Modou Sèye,15.26667,-16.16667,Louga,Kebemer,0,keur,Wolof,,,,,,,,,1
2250156,Keur Modou Vilané,13.98333,-15.55,Kaffrine,Birkelane,0,keur,Wolof,,,,,,,,,1
2250163,Keur Modouba,14.55,-15.93333,Diourbel,Mbacke,0,keur,Wolof,,,,,,,,,1
2250170,Keur Mody Bèye,15.6637,-15.8872,Louga,Louga,0,keur,Wolof,,,,,,,,,1
2250154,Keur Mogorso,14.88333,-16.75,Thies,Thies,0,keur,Wolof,,,,,,,,,1
2250153,Keur Mokhari,15.4041,-15.9237,Louga,Louga,0,keur,Wolof,,,,,,,,,1
2595814,Keur Moktar Ba,14.7696,-17.30739,Dakar,Pikine,0,keur,Wolof,,,,,Ba,Pulaar,,,1
2250152,Keur Momar,13.88333,-16.1,Kaolack,Kaolack,0,keur,Wolof,,,,,,,,,1
2250253,Keur Momar Anta,13.77104,-16.20653,Kaolack,Nioro Du Rip,0,keur,Wolof,,,,,,,,,1
2250150,Keur Momar Sar,15.9229,-15.9681,Louga,Louga,0,keur,Wolof,,,,,Sar,Wolof,,,1
13658045,Keur Momat Diaw,13.76957,-16.30295,Fatick,Foundiougne,0,keur,Wolof,,,,,,,,,1
13658000,Keur Momat Fana,13.92339,-16.28775,Fatick,Foundiougne,0,keur,Wolof,,,,,,,,,1
2250149,Keur Momat Souna,13.63527,-16.27721,Fatick,Foundiougne,0,keur,Wolof,,,,,,,,,1
13657986,Keur Momat Tiané,13.82903,-16.28224,Fatick,Foundiougne,0,keur,Wolof,,,,,,,,,1
2250147,Keur Mor Barama,15.55,-16.25,Louga,Louga,0,keur,Wolof,,,,,,,,,1
2250146,Keur Mor Bèye,15.68333,-16.05,Louga,Louga,0,keur,Wolof,,,,,,,,,1
13505358,Keur Mor Diop,14.89279,-16.45622,Diourbel,Bambey,0,keur,Wolof,,,,,Diop,Wolof,,,2
13509107,Keur Mor Diop,14.03238,-16.3631,Fatick,Foundiougne,0,keur,Wolof,,,,,Diop,Wolof,,,2
13504719,Keur Mor Fal,14.97269,-16.57664,Diourbel,Bambey,0,keur,Wolof,,,,,Fal,Wolof,,,1
2571750,Keur Mor Fatou,13.62012,-16.25669,Fatick,Foundiougne,0,keur,Wolof,,,,,,,,,1
2250139,Keur Mor Ibra,16.3375,-15.42222,Saint Louis,Dagana,0,keur,Wolof,,,,,,,,,1
13554056,Keur Mor Kane,14.34034,-15.90897,Kaolack,Guinguineo,0,keur,Wolof,,,,,Kane,Pulaar,,,1
2250148,Keur Mor Mbaké,14.93252,-15.75409,Louga,Linguere,0,keur,Wolof,,,,,,,,,1
2250236,Keur Mor Ndiaye,14.76975,-16.87017,Thies,Thies,0,keur,Wolof,,,,,Ndiaye,Wolof,,,1
2250141,Keur Mor Ngoné,14.20412,-15.9411,Kaolack,Guinguineo,0,keur,Wolof,,,,,,,,,1
2250133,Keur Mor Sorona,13.83333,-15.11667,Kaffrine,Kaffrine,0,keur,Wolof,,,,,,,,,1
13554437,Keur Mor Souté,14.01398,-15.87309,Kaolack,Kaolack,0,keur,Wolof,,,,,,,,,1
13507043,Keur Mor Sélé,14.74702,-16.44889,Diourbel,Bambey,0,keur,Wolof,,,,,,,,,1
13507219,Keur Mor Tiama,14.70849,-16.06647,Diourbel,Mbacke,0,keur,Wolof,,,,,,,,,1
2250144,Keur Morfal,15.08333,-16.83333,Thies,Tivaoune,0,keur,Wolof,,,,,,,,,2
2250145,Keur Morfal,14.51667,-15.7,Fatick,Gossas,0,keur,Wolof,,,,,,,,,2
2250143,Keur Morfali Diop,14.78333,-15.83333,Diourbel,Mbacke,0,keur,Wolof,,,,,Diop,Wolof,,,1
2250142,Keur Morgaye Také,14.73333,-15.78333,Fatick,Gossas,0,keur,Wolof,,,,,,,,,1
2250140,Keur Mori,14.28333,-15.85,Kaolack,Guinguineo,0,keur,Wolof,,,,,,,,,1
2250138,Keur Mori Diarété,14.23333,-15.88333,Kaolack,Guinguineo,0,keur,Wolof,,,,,,,,,1
2250137,Keur Mori Fal,14.69692,-16.83353,Thies,Thies,0,keur,Wolof,,,,,Fal,Wolof,,,1
2250136,Keur Mori Ndiaye,15.1,-16.73333,Thies,Tivaoune,0,keur,Wolof,,,,,Ndiaye,Wolof,,,1
2250135,Keur Morlissa,14.8,-15.85,Diourbel,Mbacke,0,keur,Wolof,,,,,,,,,1
2250132,Keur Mortal,14.56667,-15.85,Diourbel,Mbacke,0,keur,Wolof,,,,,,,,,1
13658173,Keur Mot Sokhna,13.89343,-16.09028,Kaolack,Kaolack,0,keur,Wolof,,,,,,,,,1
13509097,Keur Moumine Toucouleur,14.00992,-16.276,Fatick,Foundiougne,0,keur,Wolof,,Toucouleur (Haalpulaar),Keur Moumine,,,,,,1
2250131,Keur Mour,16.5,-15.55,Saint Louis,Dagana,0,keur,Wolof,,,,,,,,,1
2250128,Keur Moussa,14.78029,-17.11016,Thies,Thies,0,keur,Wolof,,,,,,,,,1
13509315,Keur Moussa Ali,14.01837,-16.08612,Kaolack,Kaolack,0,keur,Wolof,,,,,,,,,1
2250130,Keur Moussa Diara,14.16667,-16.7,Fatick,Fatick,0,keur,Wolof,,,,,,,,,1
2250129,Keur Moussa Intia,13.81667,-15.75,Kaolack,Nioro Du Rip,0,keur,Wolof,,,,,,,,,1
13505521,Keur Moussa Sal,14.91206,-16.22021,Diourbel,Diourbel,0,keur,Wolof,,,,,,,,,1
2250125,Keur Moussa Séni,13.62338,-16.35303,Fatick,Foundiougne,0,keur,Wolof,,,,,,,,,1
2250126,Keur Moussa-Poste,13.61667,-15.86667,Kaolack,Nioro Du Rip,0,keur,Wolof,,,,,,,,,1
13504725,Keur Moussé Mboré,14.94898,-16.67606,Thies,Tivaoune,0,keur,Wolof,,,,,,,,,1
13506500,Keur Moussé Ndia,14.57809,-16.81933,Thies,Thies,0,keur,Wolof,,,,,,,,,1
2250124,Keur Moutou,13.96667,-15.96667,Kaolack,Kaolack,0,keur,Wolof,,,,,,,,,1
13504643,Keur Moutoufa,14.97342,-16.59647,Thies,Tivaoune,0,keur,Wolof,,,,,,,,,1
2250182,Keur Mèïssa,15.75,-16.18333,Louga,Louga,0,keur,Wolof,,,,,,,,,1
2250184,Keur Médou,15.66667,-16.28333,Louga,Louga,0,keur,Wolof,,,,,,,,,1
2248385,Keur Médoune,14.75835,-15.90434,Diourbel,Mbacke,77255,keur,Wolof,,,,,,,,,1
13504692,Keur Médoune Fal,14.90308,-16.61571,Diourbel,Bambey,0,keur,Wolof,,,,,Fal,Wolof,,,1
2250183,Keur Médoune Mbaye,15.68333,-16.05,Louga,Louga,0,keur,Wolof,,,,,Mbaye,Wolof,,,1
2250177,Keur Méodiouf,14.45,-15.95,Fatick,Gossas,0,keur,Wolof,,,,,,,,,1
2250122,Keur Nakoumba,13.78333,-15.98333,Kaolack,Nioro Du Rip,0,keur,Wolof,,,,,,,,,1
2250120,Keur Nala,16.66667,-15.78333,,,0,keur,Wolof,,,,,,,,,2
2250121,Keur Nala,13.66667,-15.78333,Kaolack,Nioro Du Rip,0,keur,Wolof,,,,,,,,,2
13658073,Keur Nama,13.84723,-16.25823,Fatick,Foundiougne,0,keur,Wolof,,,,,,,,,1
2250118,Keur Nasseurdè,15.28333,-16.18333,Louga,Kebemer,0,keur,Wolof,,,,,,,,,1
2250117,Keur Ndam,15.56667,-16.11667,Louga,Louga,0,keur,Wolof,,,,,,,,,1
2250116,Keur Ndamé,14.58333,-14.93333,Kaffrine,Koungheul,0,keur,Wolof,,,,,,,,,1
2250114,Keur Ndari,15.68333,-16.53333,Louga,Louga,0,keur,Wolof,,,,,,,,,1
2250111,Keur Ndiaga,14.91667,-16.18333,Diourbel,Diourbel,0,keur,Wolof,,,,,,,,,1
2250410,Keur Ndiaga Dialé,13.70643,-16.14718,Kaolack,Nioro Du Rip,0,keur,Wolof,,,,,,,,,1
13504810,Keur Ndiaga Mbaye,14.92381,-16.72736,Thies,Tivaoune,0,keur,Wolof,,,,,Mbaye,Wolof,,,2
13554050,Keur Ndiaga Mbaye,14.48829,-15.78931,Fatick,Gossas,0,keur,Wolof,,,,,Mbaye,Wolof,,,2
13658709,Keur Ndiaga Peul,13.70315,-16.04823,Kaolack,Nioro Du Rip,0,keur,Wolof,,Peul (Fulani),Keur Ndiaga,,,,,,1
13504697,Keur Ndiaga Sar,14.84494,-16.71639,Thies,Thies,0,keur,Wolof,,,,,Sar,Wolof,,,1
2250110,Keur Ndiagne,15.997,-15.8225,Louga,Louga,0,keur,Wolof,,,,,,,,,1
2250109,Keur Ndiago Seck,15.6458,-15.9274,Louga,Louga,0,keur,Wolof,,,,,Seck,Wolof,,,1
2250108,Keur Ndiak,14.85375,-16.51336,Diourbel,Bambey,0,keur,Wolof,,,,,,,,,1
2250405,Keur Ndiang,14.02072,-15.855,Kaolack,Kaolack,0,keur,Wolof,,,,,,,,,1
2250106,Keur Ndiankou,13.78333,-15.55,Kaolack,Nioro Du Rip,0,keur,Wolof,,,,,,,,,2
13658329,Keur Ndiankou,13.70491,-16.37463,Fatick,Foundiougne,0,keur,Wolof,,,,,,,,,2
13506702,Keur Ndiap,14.66783,-16.5978,Diourbel,Bambey,0,keur,Wolof,,,,,,,,,1
2250105,Keur Ndiaraté Ngaye,14.5,-15.81667,Fatick,Gossas,0,keur,Wolof,,,,,,,,,1
13504770,Keur Ndiaw,14.80054,-16.6643,Thies,Thies,0,keur,Wolof,,,,,,,,,1
2595940,Keur Ndiaw Ba,14.97656,-17.02503,Thies,Tivaoune,0,keur,Wolof,,,,,Ba,Pulaar,,,1
2596041,Keur Ndiaye,15.77694,-16.47417,Louga,Louga,0,keur,Wolof,,,,,Ndiaye,Wolof,,,1
2250103,Keur Ndiaye Lô,14.74335,-17.2437,Dakar,Rufisque,0,keur,Wolof,,,,,Lô,Wolof,,,1
13506465,Keur Ndingor,14.50858,-16.88236,Thies,Mbour,0,keur,Wolof,,,,,,,,,1
2250391,Keur Ndiogou Ndiaye,14.55724,-16.85995,Thies,Thies,0,keur,Wolof,,,,,Ndiaye,Wolof,,,1
13658013,Keur Ndiol,13.96226,-16.3325,Fatick,Foundiougne,0,keur,Wolof,,,,,,,,,1
13509030,Keur Ndiouga,14.46126,-16.13474,Fatick,Gossas,0,keur,Wolof,,,,,,,,,2
13509040,Keur Ndiouga,14.28083,-16.04059,Kaolack,Guinguineo,0,keur,Wolof,,,,,,,,,2
2250102,Keur Ndiouga Sarr,15.669,-15.9516,Louga,Louga,0,keur,Wolof,,,,,Sarr,Wolof,,,1
2250101,Keur Ndiougo,15.56667,-16.11667,Louga,Louga,0,keur,Wolof,,,,,,,,,1
13554433,Keur Ndong,14.01031,-15.9492,Kaolack,Kaolack,0,keur,Wolof,,,,,,,,,1
13553623,Keur Ndonga Fall,14.69474,-15.3387,Louga,Linguere,0,keur,Wolof,,,,,Fall,Wolof,,,1
2250099,Keur Ndongo,13.85,-15.61667,Kaffrine,Birkelane,0,keur,Wolof,,,,,,,,,2
2250387,Keur Ndongo,13.72177,-16.02665,Kaolack,Nioro Du Rip,0,keur,Wolof,,,,,,,,,2
13554417,Keur Ndongo Koumbal,14.02403,-15.98307,Kaolack,Kaolack,0,keur,Wolof,,,,,,,,,1
2595388,Keur Ndèné,14.4716,-17.02438,Thies,Mbour,0,keur,Wolof,,,,,,,,,1
13658123,Keur Ndèné Khar,13.99524,-16.17309,Kaolack,Kaolack,0,keur,Wolof,,,,,,,,,1
2250113,Keur Ndèné Koumba Sar,14.26036,-16.1521,Kaolack,Kaolack,0,keur,Wolof,,,,,Sar,Wolof,,,1
13509338,Keur Ndéné Ndaw,14.22501,-16.17231,Kaolack,Kaolack,0,keur,Wolof,,,,,,,,,1
2250416,Keur Ndéri,14.06511,-15.61314,Kaffrine,Birkelane,0,keur,Wolof,,,,,,,,,1
2249385,Keur Ngagne,14.35047,-15.9521,Kaolack,Guinguineo,0,keur,Wolof,,,,,,,,,1
2250272,Keur Ngagne Guèye,14.83618,-16.74411,Thies,Thies,0,keur,Wolof,,,,,Guèye,Wolof,,,1
2250374,Keur Ngalgou,14.8728,-16.30777,Diourbel,Diourbel,0,keur,Wolof,,,,,,,,,1
13505371,Keur Ngane,14.99361,-16.33795,Diourbel,Diourbel,0,keur,Wolof,,,,,,,,,1
13658240,Keur Ngari,13.89901,-16.07077,Kaolack,Kaolack,0,keur,Wolof,,,,,,,,,1
2250098,Keur Ngatane,13.61667,-15.61667,Kaolack,Nioro Du Rip,0,keur,Wolof,,,,,,,,,1
2250097,Keur Ngaye,14.03333,-14.75,Kaffrine,Koungheul,0,keur,Wolof,,,,,,,,,1
2250119,Keur Nghari,14.11989,-16.33533,Fatick,Foundiougne,0,keur,Wolof,,,,,,,,,1
13658316,Keur Nghatanor,13.7434,-16.31175,Fatick,Foundiougne,0,keur,Wolof,,,,,,,,,1
13506995,Keur Ngolthie,14.55633,-16.35181,Fatick,Fatick,0,keur,Wolof,,,,,,,,,1
13553443,Keur Ngor,14.59927,-15.59225,Fatick,Gossas,0,keur,Wolof,,,,,,,,,1
2250362,Keur Ngouda Samb,14.5721,-16.86879,Thies,Thies,0,keur,Wolof,,,,,Samb,Wolof,,,1
2250096,Keur Ngoura,15.5307,-15.9824,Louga,Louga,0,keur,Wolof,,,,,,,,,1
2250175,Keur Ngâta Dramé,14.00321,-15.68672,Kaffrine,Birkelane,0,keur,Wolof,,,,,Dramé,Mandinka,,,1
2247422,Keur Ngôr,13.67991,-16.0853,Kaolack,Nioro Du Rip,0,keur,Wolof,,,,,,,,,1
2250095,Keur Niagaraki,15.03333,-16.75,Thies,Tivaoune,0,keur,Wolof,,,,,,,,,1
2250094,Keur Niamakore,14.31667,-15.93333,Kaolack,Guinguineo,0,keur,Wolof,,,,,,,,,1
2250093,Keur Niang,14.84494,-15.87265,Diourbel,Mbacke,0,keur,Wolof,,,,,Niang,Wolof,,,2
13505591,Keur Niang,14.79429,-16.07934,Diourbel,Mbacke,0,keur,Wolof,,,,,Niang,Wolof,,,2
13509108,Keur Niaout,14.04145,-16.3281,Fatick,Foundiougne,0,keur,Wolof,,,,,,,,,1
2250231,Keur Niobo Dèm,14.96799,-16.82921,Thies,Tivaoune,0,keur,Wolof,,,,,,,,,1
13504633,Keur Niokho Fal,14.85761,-16.63794,Thies,Thies,0,keur,Wolof,,,,,Fal,Wolof,,,1
13554055,Keur Niokhor,14.35542,-15.84772,Kaolack,Guinguineo,0,keur,Wolof,,,,,,,,,1
13504635,Keur Niokhor Fal,14.84848,-16.62683,Thies,Thies,0,keur,Wolof,,,,,Fal,Wolof,,,1
2250092,Keur Niène,13.97631,-16.11401,Kaolack,Kaolack,0,keur,Wolof,,,,,,,,,1
13554442,Keur Oldy,14.13016,-15.87005,Kaolack,Guinguineo,0,keur,Wolof,,,,,,,,,1
2250091,Keur Omar,14.10377,-16.32335,Fatick,Foundiougne,0,keur,Wolof,,,,,,,,,1
2250090,Keur Omar Diéhé,14.8,-15.83333,Diourbel,Mbacke,0,keur,Wolof,,,,,,,,,1
2250089,Keur Omar Khoudia,13.89934,-16.17864,Kaolack,Kaolack,0,keur,Wolof,,,,,,,,,1
13658314,Keur Omar Mbombé,13.72423,-16.37659,Fatick,Foundiougne,0,keur,Wolof,,,,,,,,,1
2250088,Keur Omar Oumi,13.76633,-16.03847,Kaolack,Nioro Du Rip,0,keur,Wolof,,,,,,,,,1
2250087,Keur Ossène,13.75,-15.71667,Kaolack,Nioro Du Rip,0,keur,Wolof,,,,,,,,,1
2250084,Keur Ouar,13.65,-15.85,Kaolack,Nioro Du Rip,0,keur,Wolof,,,,,,,,,1
2250083,Keur Oumar,14.46667,-15.93333,Fatick,Gossas,0,keur,Wolof,,,,,,,,,2
13554421,Keur Oumar,14.01072,-15.99417,Kaolack,Kaolack,0,keur,Wolof,,,,,,,,,2
2250082,Keur Oumar Mbaye,14.70441,-15.74865,Fatick,Gossas,0,keur,Wolof,,,,,Mbaye,Wolof,,,1
2250081,Keur Oumar Tounkara,13.76667,-15.86667,Kaolack,Nioro Du Rip,0,keur,Wolof,,,,,,,,,1
2250080,Keur Ousmane,15.52252,-15.94627,Louga,Louga,0,keur,Wolof,,,,,,,,,1
2250079,Keur Ousmane Gaye,15.9509,-15.9715,Louga,Louga,0,keur,Wolof,,,,,Gaye,Wolof,,,1
13504799,Keur Ousmane Kane,14.98764,-16.51742,Diourbel,Bambey,0,keur,Wolof,,,,,Kane,Pulaar,,,1
2571745,Keur Ousseynou,13.61022,-16.33314,Fatick,Foundiougne,0,keur,Wolof,,,,,,,,,1
2250078,Keur Pari,15.13333,-16.31667,Thies,Tivaoune,0,keur,Wolof,,,,,,,,,1
2250077,Keur Passik,15.15,-16.05,Louga,Kebemer,0,keur,Wolof,,,,,,,,,1
2250572,Keur Pathé,15.4838,-15.6031,Louga,Linguere,0,keur,Wolof,,,,,,,,,1
2250071,Keur Paté,15.8281,-16.33,Louga,Louga,0,keur,Wolof,,,,,,,,,4
2250072,Keur Paté,15.75,-16.2,Louga,Louga,0,keur,Wolof,,,,,,,,,4
2250073,Keur Paté,14.12243,-16.31884,Fatick,Foundiougne,0,keur,Wolof,,,,,,,,,4
2250076,Keur Paté,13.8,-15.76667,Kaolack,Nioro Du Rip,0,keur,Wolof,,,,,,,,,4
2250074,Keur Paté Dèm,14.00749,-15.71584,Kaffrine,Birkelane,0,keur,Wolof,,,,,,,,,1
2250070,Keur Paté Déye,15.26667,-16.78333,Thies,Tivaoune,0,keur,Wolof,,,,,,,,,1
2250068,Keur Paté Khéwé,14.96916,-16.98618,Thies,Tivaoune,0,keur,Wolof,,,,,,,,,1
2250075,Keur Paté Malik,13.90627,-16.03806,Kaolack,Kaolack,0,keur,Wolof,,,,,,,,,1
2250069,Keur Paté Ndiaye,15.11667,-16.91667,Thies,Tivaoune,0,keur,Wolof,,,,,Ndiaye,Wolof,,,1
2250066,Keur Rhar,14.96667,-16.23333,Thies,Tivaoune,0,keur,Wolof,,,,,,,,,1
2250065,Keur Rhare Dièye,14.78333,-16.81667,Thies,Thies,0,keur,Wolof,,,,,,,,,1
2250064,Keur Rigal Sek,14.81667,-15.95,Diourbel,Mbacke,0,keur,Wolof,,,,,,,,,1
2250050,Keur Sa Koki,15.51667,-16.15,Louga,Louga,0,keur,Wolof,,,,,,,,,1
2250012,Keur Sa Ndaw,14.13709,-15.53015,Kaffrine,Kaffrine,0,keur,Wolof,,,,,,,,,1
2250063,Keur Saafadi,13.86667,-15.71667,Kaolack,Nioro Du Rip,0,keur,Wolof,,,,,,,,,1
2250062,Keur Saafatime,13.86667,-15.83333,Kaolack,Nioro Du Rip,0,keur,Wolof,,,,,,,,,1
2250061,Keur Saaloumbel,13.73333,-15.61667,Kaolack,Nioro Du Rip,0,keur,Wolof,,,,,,,,,1
2246501,Keur Sabassi Tiam,13.82301,-16.33447,Fatick,Foundiougne,0,keur,Wolof,,,,,,,,,1
2250060,Keur Sabatine,14.54044,-15.67348,Fatick,Gossas,0,keur,Wolof,,,,,,,,,1
2250057,Keur Sadia,14.38333,-15.91667,Kaolack,Guinguineo,0,keur,Wolof,,,,,,,,,1
13658002,Keur Sadio Néné,13.85855,-16.2883,Fatick,Foundiougne,0,keur,Wolof,,,,,,,,,1
13507046,Keur Sadiop,14.73758,-16.25092,Diourbel,Diourbel,0,keur,Wolof,,,,,,,,,1
2250054,Keur Sadiouka,14.65,-15.98333,Diourbel,Mbacke,0,keur,Wolof,,,,,,,,,2
2250056,Keur Sadiouka,14.38417,-15.90007,Fatick,Gossas,0,keur,Wolof,,,,,,,,,2
2250058,Keur Sadèr,13.98333,-15.66667,Kaffrine,Birkelane,0,keur,Wolof,,,,,,,,,1
2250052,Keur Safadi,13.83333,-15.28333,Kaffrine,Kaffrine,0,keur,Wolof,,,,,,,,,1
2596065,Keur Saidou Sow,15.99667,-16.34444,Saint Louis,Saint Louis,0,keur,Wolof,,,,,Sow,Pulaar,,,1
13507236,Keur Sakh Sakh,14.56716,-16.19059,Diourbel,Diourbel,0,keur,Wolof,,,,,,,,,1
2250049,Keur Sako Ndiaye,13.88333,-14.88333,Kaffrine,Koungheul,0,keur,Wolof,,,,,Ndiaye,Wolof,,,1
13507213,Keur Sakoki,14.50146,-16.14911,Fatick,Gossas,0,keur,Wolof,,,,,,,,,1
13658206,Keur Sakou Baïdi,13.95294,-16.18343,Kaolack,Kaolack,0,keur,Wolof,,,,,,,,,1
13658693,Keur Sakoumba,13.72712,-16.04752,Kaolack,Nioro Du Rip,0,keur,Wolof,,,,,,,,,1
13504546,Keur Sala Deurguen,14.98262,-16.7794,Thies,Tivaoune,0,keur,Wolof,,,,,,,,,1
2250048,Keur Sala Mbata,14.99385,-16.80343,Thies,Tivaoune,0,keur,Wolof,,,,,,,,,1
13505423,Keur Sala Ndiaye,14.89896,-16.29057,Diourbel,Diourbel,0,keur,Wolof,,,,,Ndiaye,Wolof,,,1
2250047,Keur Saloli Bouya,13.67533,-16.37689,Fatick,Foundiougne,0,keur,Wolof,,,,,,,,,1
13658044,Keur Saloum,13.95753,-16.37441,Fatick,Foundiougne,0,keur,Wolof,,,,,,,,,1
2250046,Keur Saloum Diané,13.75558,-16.26729,Fatick,Foundiougne,0,keur,Wolof,,,,,,,,,1
2250041,Keur Samba,15.6867,-15.9971,Louga,Louga,0,keur,Wolof,,,,,,,,,3
2250042,Keur Samba,14.71667,-16.35,Diourbel,Bambey,0,keur,Wolof,,,,,,,,,3
2250043,Keur Samba,13.76667,-15.51667,Kaolack,Nioro Du Rip,0,keur,Wolof,,,,,,,,,3
2250040,Keur Samba Amat,13.74945,-16.12799,Kaolack,Nioro Du Rip,0,keur,Wolof,,,,,,,,,1
2250038,Keur Samba Dia,14.13075,-16.72733,Fatick,Fatick,0,keur,Wolof,,,,,Dia,Pulaar,,,2
13504754,Keur Samba Dia,14.94611,-16.63994,Diourbel,Bambey,0,keur,Wolof,,,,,Dia,Pulaar,,,2
13551548,Keur Samba Dior,14.91184,-15.71214,Louga,Linguere,0,keur,Wolof,,,,,,,,,1
2250035,Keur Samba Dioubane,13.9,-14.9,Kaffrine,Koungheul,0,keur,Wolof,,,,,,,,,1
2250034,Keur Samba Gaye,14.77337,-16.4807,Diourbel,Bambey,0,keur,Wolof,,,,,Gaye,Wolof,,,1
11497852,Keur Samba Gueye,13.67391,-16.38712,Fatick,Foundiougne,0,keur,Wolof,,,,,Gueye,Wolof,,,1
2246372,Keur Samba Guèye,13.65205,-16.36207,Fatick,Foundiougne,0,keur,Wolof,,,,,Guèye,Wolof,,,2
13509035,Keur Samba Guèye,14.47561,-16.01086,Fatick,Gossas,0,keur,Wolof,,,,,Guèye,Wolof,,,2
2250033,Keur Samba Ka,13.69446,-16.03066,Kaolack,Nioro Du Rip,0,keur,Wolof,,,,,Ka,Pulaar,,,1
2250031,Keur Samba Kala,13.61484,-16.34839,Fatick,Foundiougne,0,keur,Wolof,,,,,,,,,1
2250030,Keur Samba Kane,14.89662,-16.59886,Diourbel,Bambey,0,keur,Wolof,,,,,Kane,Pulaar,,,1
2246363,Keur Samba Khodia,14.02555,-16.27403,Fatick,Foundiougne,0,keur,Wolof,,,,,,,,,1
2250029,Keur Samba Khâmkhâm,15.658,-15.9385,Louga,Louga,0,keur,Wolof,,,,,,,,,1
2250028,Keur Samba Kouta,13.6,-15.73333,Kaolack,Nioro Du Rip,0,keur,Wolof,,,,,,,,,1
2250027,Keur Samba Laobé,15.51667,-16.58333,Louga,Kebemer,0,keur,Wolof,,Laobé,Keur Samba,,,,,,1
2250026,Keur Samba Lello,15.7599,-15.7463,Louga,Louga,0,keur,Wolof,,,,,,,,,1
13554062,Keur Samba Ndiao,14.26835,-15.60966,Kaffrine,Kaffrine,0,keur,Wolof,,,,,,,,,1
2250025,Keur Samba Ndom,14.15,-14.5,Tambacounda,Koumpentoum,0,keur,Wolof,,,,,,,,,1
2250024,Keur Samba Ndoukou,13.68333,-15.81667,Kaolack,Nioro Du Rip,0,keur,Wolof,,,,,,,,,1
2250023,Keur Samba Ndouldoul,14.91667,-15.78333,Diourbel,Mbacke,0,keur,Wolof,,,,,,,,,1
13505435,Keur Samba Ngom,14.91375,-16.29918,Diourbel,Diourbel,0,keur,Wolof,,,,,Ngom,Sérèr,,,1
2245669,Keur Samba Niang,14.9622,-15.98342,Diourbel,Mbacke,0,keur,Wolof,,,,,Niang,Wolof,,,1
2246367,Keur Samba Nosso,13.62306,-16.3701,Fatick,Foundiougne,0,keur,Wolof,,,,,,,,,1
2250022,Keur Samba Ould Brahim,16.23722,-15.65722,Saint Louis,Dagana,0,keur,Wolof,,,,,,,,,1
13658163,Keur Samba Rakhi,13.82343,-16.02285,Kaolack,Nioro Du Rip,0,keur,Wolof,,,,,,,,,1
2246375,Keur Samba Rakhi Ndramé,13.83139,-16.02146,Kaolack,Nioro Du Rip,0,keur,Wolof,,,,,,,,,1
2250019,Keur Samba Réï,15.11667,-16.16667,Louga,Kebemer,0,keur,Wolof,,,,,,,,,1
2246362,Keur Samba Sadio,15.5858,-15.9916,Louga,Louga,0,keur,Wolof,,,,,,,,,1
2250036,Keur Samba Tiadji,14.09444,-16.20662,Kaolack,Kaolack,0,keur,Wolof,,,,,,,,,1
2250018,Keur Samba Yacine,14.96062,-16.96324,Thies,Tivaoune,0,keur,Wolof,,,,,,,,,1
2250021,Keur Sambaram,15.08333,-16.16667,Louga,Kebemer,0,keur,Wolof,,,,,,,,,1
13657998,Keur Sambel,13.82797,-16.39371,Fatick,Foundiougne,0,keur,Wolof,,,,,,,,,1
2250016,Keur Sambou,15.6598,-16.2982,Louga,Louga,0,keur,Wolof,,,,,,,,,1
2250015,Keur Sambowole,14.51667,-15.9,Fatick,Gossas,0,keur,Wolof,,,,,,,,,1
2250014,Keur Samboye,14.03333,-16.43333,Fatick,Foundiougne,0,keur,Wolof,,,,,,,,,1
2250020,Keur Sambéré,13.84763,-16.3224,Fatick,Foundiougne,0,keur,Wolof,,,,,,,,,1
13658719,Keur Samgoulaye,13.70072,-16.03755,Kaolack,Nioro Du Rip,0,keur,Wolof,,,,,,,,,1
2250013,Keur Samka,14.76667,-15.93333,Diourbel,Mbacke,0,keur,Wolof,,,,,,,,,1
13506508,Keur Samol,14.5037,-16.81565,Thies,Mbour,0,keur,Wolof,,,,,,,,,1
13505398,Keur Samour,14.85576,-16.33276,Diourbel,Diourbel,0,keur,Wolof,,,,,,,,,1
2250011,Keur Sandoua,15.15,-16.46667,Thies,Tivaoune,0,keur,Wolof,,,,,,,,,1
2250009,Keur Sanou,15.3753,-16.08,Louga,Kebemer,0,keur,Wolof,,,,,,,,,2
2250010,Keur Sanou,14.55,-15.7,Fatick,Gossas,0,keur,Wolof,,,,,,,,,2
2250008,Keur Sao,14.66667,-15.95,Diourbel,Mbacke,0,keur,Wolof,,,,,,,,,1
2250007,Keur Saouili,13.86667,-15.13333,Kaffrine,Kaffrine,0,keur,Wolof,,,,,,,,,1
2246187,Keur Sara Bayane,14.75011,-16.87177,Thies,Thies,0,keur,Wolof,,,,,,,,,1
2248827,Keur Sarokhi,13.64528,-16.04029,Kaolack,Nioro Du Rip,0,keur,Wolof,,,,,,,,,1
2250006,Keur Satiako,14.23333,-16.8,Thies,Mbour,0,keur,Wolof,,,,,,,,,1
2250005,Keur Savéli,13.96667,-15.55,Kaffrine,Birkelane,0,keur,Wolof,,,,,,,,,1
2250053,Keur Saèr,14.68078,-16.39258,Diourbel,Bambey,0,keur,Wolof,,,,,,,,,1
13504539,Keur Saïdou,14.81618,-16.90294,Thies,Thies,0,keur,Wolof,,,,,,,,,1
2250002,Keur Sek,14.74471,-16.42634,Diourbel,Bambey,0,keur,Wolof,,,,,,,,,1
2250003,Keur Sek Fal,14.81667,-15.8,Diourbel,Mbacke,0,keur,Wolof,,,,,Fal,Wolof,,,1
2250000,Keur Serigne Babondiaye,14.7,-15.73333,Fatick,Gossas,0,keur,Wolof,serigne,,,,,,,,1
2249999,Keur Serigne Bamba,13.74906,-16.29038,Fatick,Foundiougne,0,keur,Wolof,serigne,,,,,,,,1
2249998,Keur Serigne Baye Falo,14.7,-15.71667,Fatick,Gossas,0,keur,Wolof,serigne,,,,,,,,1
2249997,Keur Serigne Dié,13.6941,-16.33197,Fatick,Foundiougne,0,keur,Wolof,serigne,,,,,,,,1
2249996,Keur Serigne Khodia,13.77936,-16.3213,Fatick,Foundiougne,0,keur,Wolof,serigne,,,,,,,,1
13658043,Keur Serigne Korka,13.77154,-16.2839,Fatick,Foundiougne,0,keur,Wolof,serigne,,,,,,,,1
2249994,Keur Serigne Mofar,14.48333,-15.86667,Fatick,Gossas,0,keur,Wolof,serigne,,,,,,,,1
2249983,Keur Serigne Ndar,13.98656,-16.19174,Kaolack,Kaolack,0,keur,Wolof,serigne,,,,,,,,1
13658054,Keur Set Gueye,13.83887,-16.29568,Fatick,Foundiougne,0,keur,Wolof,,,,,Gueye,Wolof,,,1
2249982,Keur Seya,15.94417,-16.34278,Saint Louis,Saint Louis,0,keur,Wolof,,,,,,,,,1
2250051,Keur Seydou,14.02055,-15.73418,Kaffrine,Birkelane,0,keur,Wolof,,,,,,,,,2
2595899,Keur Seydou,14.77416,-17.05509,Thies,Thies,0,keur,Wolof,,,,,,,,,2
13658716,Keur Seydou Bâ,13.70237,-16.14699,Kaolack,Nioro Du Rip,0,keur,Wolof,,,,,Bâ,Pulaar,,,1
13658713,Keur Seydou Hane,13.67377,-16.03389,Kaolack,Nioro Du Rip,0,keur,Wolof,,,,,,,,,1
13504707,Keur Seynou,14.85405,-16.62285,Diourbel,Bambey,0,keur,Wolof,,,,,,,,,1
13509346,Keur Sidi,14.02405,-16.08458,Kaolack,Kaolack,0,keur,Wolof,,,,,,,,,1
2249978,Keur Simbing,15.4587,-15.5646,Louga,Linguere,0,keur,Wolof,,,,,,,,,1
2249975,Keur Sini,13.73333,-14.8,Tambacounda,Koumpentoum,0,keur,Wolof,,,,,,,,,1
2249974,Keur Sini Diao,15.11667,-16.35,Thies,Tivaoune,0,keur,Wolof,,,,,,,,,1
2249977,Keur Siné,15.6,-16.16667,Louga,Louga,0,keur,Wolof,,,,,,,,,1
2249976,Keur Siné Mangane,13.91667,-14.85,Kaffrine,Koungheul,0,keur,Wolof,,,,,,,,,1
2249973,Keur Sir Diop,14.71667,-15.76667,Fatick,Gossas,0,keur,Wolof,,,,,Diop,Wolof,,,1
2249972,Keur Sir Mbaye,14.48333,-15.78333,Fatick,Gossas,0,keur,Wolof,,,,,Mbaye,Wolof,,,1
13554552,Keur Siriki Diop,14.04547,-15.72071,Kaffrine,Birkelane,0,keur,Wolof,,,,,Diop,Wolof,,,1
13509046,Keur Sissoko,14.29,-16.21666,Kaolack,Kaolack,0,keur,Wolof,,,,,,,,,1
2249980,Keur Sièt,13.65,-15.63333,Kaolack,Nioro Du Rip,0,keur,Wolof,,,,,,,,,1
2249979,Keur Sièt Diop,13.95,-15.76667,Kaolack,Kaolack,0,keur,Wolof,,,,,Diop,Wolof,,,1
2249970,Keur Socé,13.98883,-16.05853,Kaolack,Kaolack,0,keur,Wolof,,Socé (Mandinka),Keur,,,,,,1
13506705,Keur Sombél,14.73898,-16.7205,Thies,Thies,0,keur,Wolof,,,,,,,,,1
2249969,Keur Sossé Koumba,14.12308,-16.24212,Kaolack,Kaolack,0,keur,Wolof,,,,,,,,,1
13509337,Keur Souka,14.21802,-16.13805,Kaolack,Kaolack,0,keur,Wolof,,,,,,,,,1
11257261,Keur Souleye Diagne,14.71541,-16.05508,Diourbel,Mbacke,0,keur,Wolof,,,,,Diagne,Wolof,,,1
13658037,Keur Souleymane,13.85029,-16.26566,Fatick,Foundiougne,0,keur,Wolof,,,,,,,,,1
2595515,Keur Souleymane Tiakoum,14.71337,-17.082,Thies,Thies,0,keur,Wolof,,,,,,,,,1
2249966,Keur Soulèye,15.55,-16.13333,Louga,Louga,0,keur,Wolof,,,,,,,,,2
2249967,Keur Soulèye,14.63798,-16.74565,Thies,Mbour,0,keur,Wolof,,,,,,,,,2
2249968,Keur Soulé,13.71667,-15.85,Kaolack,Nioro Du Rip,0,keur,Wolof,,,,,,,,,1
2249965,Keur Sountou,13.7,-15.78333,Kaolack,Nioro Du Rip,0,keur,Wolof,,,,,,,,,1
2249963,Keur Soutoura,14.00275,-16.19614,Kaolack,Kaolack,0,keur,Wolof,,,,,,,,,2
2249964,Keur Soutoura,13.88333,-15.93333,Kaolack,Nioro Du Rip,0,keur,Wolof,,,,,,,,,2
13554427,Keur Soutoura Diombo,14.00926,-15.89742,Kaolack,Kaolack,0,keur,Wolof,,,,,,,,,1
2249984,Keur Sèt,13.68333,-15.76667,Kaolack,Nioro Du Rip,0,keur,Wolof,,,,,,,,,1
13658056,Keur Sèt Gnoukhouba,13.9149,-16.33064,Fatick,Foundiougne,0,keur,Wolof,,,,,,,,,1
2250004,Keur Séga Woré,14.80249,-17.11862,Thies,Thies,0,keur,Wolof,,,,,,,,,1
13509341,Keur Sélé Diabong,14.02861,-16.16513,Kaolack,Kaolack,0,keur,Wolof,,,,,,,,,1
13658085,Keur Sélé Kamara,13.86296,-16.29615,Fatick,Foundiougne,0,keur,Wolof,,,,,,,,,1
13658177,Keur Séni Guèye Deux,13.79584,-16.24982,Fatick,Foundiougne,0,keur,Wolof,,,,2,,,,,1
2245655,Keur Séni Guèye Un,13.60795,-16.31636,Fatick,Foundiougne,0,keur,Wolof,,,,1,,,,,1
2249985,Keur Séri Niane,14.86667,-15.86667,Diourbel,Mbacke,0,keur,Wolof,,,,,,,,,1
13551555,Keur Sérigne Bassirou,14.93689,-15.67595,Louga,Linguere,0,keur,Wolof,serigne,,,,,,,,1
13507280,Keur Sérigne Diakhaté,14.52151,-16.14964,Fatick,Gossas,0,keur,Wolof,serigne,,,,,,,,1
13552823,Keur Sérigne Diaw,14.61073,-15.7661,Fatick,Gossas,0,keur,Wolof,serigne,,,,,,,,1
2251557,Keur Sérigne Fana,13.99787,-15.63454,Kaffrine,Birkelane,0,keur,Wolof,serigne,,,,,,,,1
13504627,Keur Sérigne Mbaké,14.76597,-16.75017,Thies,Thies,0,keur,Wolof,serigne,,,,,,,,1
2249993,Keur Sérigne Saïd,14.77217,-15.69072,Diourbel,Mbacke,0,keur,Wolof,serigne,,,,,,,,1
2249992,Keur Sérigne Sidi,14.45,-15.86667,Fatick,Gossas,0,keur,Wolof,serigne,,,,,,,,1
13551571,Keur Sérigne Soda Gueye,14.94031,-15.65919,Louga,Linguere,0,keur,Wolof,serigne,,,,Gueye,Wolof,,,1
2249991,Keur Sérigne Soulèye,14.73953,-15.66958,Diourbel,Mbacke,0,keur,Wolof,serigne,,,,,,,,1
2249990,Keur Séring Amadou,13.86667,-15.76667,Kaolack,Nioro Du Rip,0,keur,Wolof,,,,,,,,,1
2249989,Keur Séring Aoua,13.86667,-15.13333,Kaffrine,Kaffrine,0,keur,Wolof,,,,,,,,,1
2249988,Keur Séring Oumar Ndao,13.9,-15.86667,Kaolack,Nioro Du Rip,0,keur,Wolof,,,,,,,,,1
2249987,Keur Séring Taïba,13.96667,-15.76667,Kaolack,Kaolack,0,keur,Wolof,taiba,,,,,,,,1
2249986,Keur Séring Tioye,13.61667,-15.6,Kaolack,Nioro Du Rip,0,keur,Wolof,,,,,,,,,1
2571744,Keur Sét Koumba,13.59967,-16.38543,Fatick,Foundiougne,0,keur,Wolof,,,,,,,,,1
2250001,Keur Séyni,14.39317,-15.85714,Fatick,Gossas,0,keur,Wolof,,,,,,,,,1
13554569,Keur Sët,14.07094,-15.56644,Kaffrine,Kaffrine,0,keur,Wolof,,,,,,,,,1
13658710,Keur Tafa,13.66299,-16.05674,Kaolack,Nioro Du Rip,0,keur,Wolof,,,,,,,,,1
13509044,Keur Tagouthie,14.27377,-16.20413,Kaolack,Kaolack,0,keur,Wolof,,,,,,,,,1
2249961,Keur Tamba,13.6,-15.78333,Kaolack,Nioro Du Rip,0,keur,Wolof,,,,,,,,,1
2251740,Keur Tamsir,14.70532,-15.62022,Diourbel,Mbacke,0,keur,Wolof,,,,,,,,,2
13507308,Keur Tamsir,14.7363,-16.2367,Diourbel,Diourbel,0,keur,Wolof,,,,,,,,,2
13657988,Keur Tamsir Khodia,13.9652,-16.25505,Fatick,Foundiougne,0,keur,Wolof,,,,,,,,,2
13658702,Keur Tamsir Khodia,13.59424,-16.04757,Kaolack,Nioro Du Rip,0,keur,Wolof,,,,,,,,,2
2249962,Keur Taïbé,14.07338,-15.98551,Kaolack,Kaolack,0,keur,Wolof,,,,,,,,,1
2249960,Keur Thiam Bâ,15.7548,-15.8845,Louga,Louga,0,keur,Wolof,,,,,Bâ,Pulaar,,,1
2249959,Keur Tianderi,13.95,-15.86667,Kaolack,Kaolack,0,keur,Wolof,,,,,,,,,1
13658315,Keur Tiendou,13.72223,-16.35755,Fatick,Foundiougne,0,keur,Wolof,,,,,,,,,1
13658689,Keur Tierno Ngalane,13.71456,-16.24954,Fatick,Foundiougne,0,keur,Wolof,,,,,,,,,1
2249957,Keur Tierno Tala,14.06667,-15.61667,Kaffrine,Birkelane,0,keur,Wolof,,,,,,,,,1
13658156,Keur Tierno Touré,13.78221,-16.19988,Kaolack,Nioro Du Rip,0,keur,Wolof,,,,,Touré,Mandinka,,,2
13658185,Keur Tierno Touré,13.76143,-16.191,Kaolack,Nioro Du Rip,0,keur,Wolof,,,,,Touré,Mandinka,,,2
2595386,Keur Timak,14.46275,-17.00378,Thies,Mbour,0,keur,Wolof,,,,,,,,,1
2249956,Keur Timbi,13.93333,-15.86667,Kaolack,Kaolack,0,keur,Wolof,,,,,,,,,1
13504566,Keur Tione,14.87005,-16.85132,Thies,Tivaoune,0,keur,Wolof,,,,,,,,,2
13504700,Keur Tione,14.76877,-16.67719,Thies,Thies,0,keur,Wolof,,,,,,,,,2
2595394,Keur Tiâm,14.4981,-17.00729,Thies,Mbour,0,keur,Wolof,,,,,,,,,1
2250571,Keur Tiédossa,15.3086,-15.806,Louga,Linguere,0,keur,Wolof,,,,,,,,,1
13506711,Keur Tiékom,14.71833,-16.68909,Thies,Thies,0,keur,Wolof,,,,,,,,,1
2244901,Keur Tiénéké,14.1168,-16.25102,Fatick,Foundiougne,0,keur,Wolof,,,,,,,,,1
2249955,Keur Tjidi,13.6,-15.86667,Kaolack,Nioro Du Rip,0,keur,Wolof,,,,,,,,,1
13507022,Keur Wagne,14.73473,-16.26232,Diourbel,Diourbel,0,keur,Wolof,,,,,,,,,1
2250086,Keur Wak,13.97251,-16.05918,Kaolack,Kaolack,0,keur,Wolof,,,,,,,,,1
2249665,Keur Wak Dia,14.02343,-16.18469,Kaolack,Kaolack,0,keur,Wolof,,,,,Dia,Pulaar,,,1
13506778,Keur Wal Fatma,14.64008,-16.50569,Diourbel,Bambey,0,keur,Wolof,,,,,,,,,1
13506504,Keur Wali,14.60355,-16.79999,Thies,Thies,0,keur,Wolof,,,,,,,,,1
13658342,Keur Wali Koumba Hane,13.59252,-16.28774,,,0,keur,Wolof,,,,,,,,,1
13509342,Keur Wali Ndiaye,14.04367,-16.20845,Kaolack,Kaolack,0,keur,Wolof,,,,,Ndiaye,Wolof,,,1
13509344,Keur Wali Ngar,14.23873,-16.23695,Kaolack,Kaolack,0,keur,Wolof,,,,,,,,,1
13509093,Keur Wali Penda,14.04172,-16.35465,Fatick,Foundiougne,0,keur,Wolof,,,,,,,,,1
2595931,Keur Woré Gor,14.9372,-17.05391,Thies,Tivaoune,0,keur,Wolof,,,,,,,,,1
13504781,Keur Yaba Diop,14.81963,-16.74769,Thies,Thies,0,keur,Wolof,,,,,Diop,Wolof,,,1
2249953,Keur Yabi,14.45427,-16.13805,Fatick,Gossas,0,keur,Wolof,,,,,,,,,1
13508559,Keur Yad,14.3675,-16.432,Fatick,Fatick,0,keur,Wolof,,,,,,,,,1
2595895,Keur Yakham Ndiaye,14.78171,-17.10209,Thies,Thies,0,keur,Wolof,,,,,Ndiaye,Wolof,,,1
13504706,Keur Yanghâne Sar,14.8792,-16.634,Diourbel,Bambey,0,keur,Wolof,,,,,Sar,Wolof,,,1
2249952,Keur Yelnak,14.7221,-16.85361,Thies,Thies,0,keur,Wolof,,,,,,,,,1
13658691,Keur Yeuwti,13.73059,-16.19529,Fatick,Foundiougne,0,keur,Wolof,,,,,,,,,1
2243956,Keur Yoro,14.12213,-16.30374,Fatick,Foundiougne,0,keur,Wolof,,,,,,,,,2
13509051,Keur Yoro,14.43864,-16.19639,Fatick,Gossas,0,keur,Wolof,,,,,,,,,2
2249949,Keur Yoro Asta,14.88389,-16.71338,Thies,Thies,0,keur,Wolof,,,,,,,,,1
13658028,Keur Yoro Diop,13.83274,-16.33808,Fatick,Foundiougne,0,keur,Wolof,,,,,Diop,Wolof,,,1
2249946,Keur Yoro Khodia,13.73523,-16.01863,Kaolack,Nioro Du Rip,0,keur,Wolof,,,,,,,,,1
2249948,Keur Yoro Mbarou,14.1098,-15.14904,Kaffrine,Malem Hodar,0,keur,Wolof,,,,,,,,,1
13504687,Keur Yoro Ndiaye,14.9275,-16.6977,Thies,Tivaoune,0,keur,Wolof,,,,,Ndiaye,Wolof,,,1
2249945,Keur Yoro Sadio,14.81076,-16.79959,Thies,Thies,0,keur,Wolof,,,,,,,,,2
13504588,Keur Yoro Sadio,14.91856,-16.81771,Thies,Tivaoune,0,keur,Wolof,,,,,,,,,2
2249944,Keur Yoro Safi,14.86671,-16.72238,Thies,Thies,0,keur,Wolof,,,,,,,,,1
13509334,Keur Yoro Soumbou,14.01491,-16.198,Kaolack,Kaolack,0,keur,Wolof,,,,,,,,,1
2249947,Keur Yorodou,14.02558,-15.8937,Kaolack,Kaolack,0,keur,Wolof,,,,,,,,,1
2249943,Keur Yougo,13.6,-15.8,Kaolack,Nioro Du Rip,0,keur,Wolof,,,,,,,,,3
13509339,Keur Yougo,14.10513,-16.20498,Kaolack,Kaolack,0,keur,Wolof,,,,,,,,,3
13509347,Keur Yougo,14.0445,-16.03339,Kaolack,Kaolack,0,keur,Wolof,,,,,,,,,3
2595387,Keur Youngar,14.46459,-17.00182,Thies,Mbour,0,keur,Wolof,,,,,,,,,1
2595903,Keur Youssou,14.83413,-17.03404,Thies,Tivaoune,0,keur,Wolof,,,,,,,,,1
2249942,Keur Youssou Fal,14.51667,-15.78333,Fatick,Gossas,0,keur,Wolof,,,,,Fal,Wolof,,,1
2249951,Keur Yéri,13.81667,-14.96667,Kaffrine,Koungheul,0,keur,Wolof,,,,,,,,,2
13508997,Keur Yéri,14.34151,-16.00599,Kaolack,Guinguineo,0,keur,Wolof,,,,,,,,,2
2249950,Keur Yérim Ndiaye,15.9568,-15.9683,Louga,Louga,0,keur,Wolof,,,,,Ndiaye,Wolof,,,1
2250382,Keur Élimane,13.93352,-16.29616,Fatick,Foundiougne,0,keur,Wolof,,,,,,,,,1
2250519,KeurAlvatiam,16.04361,-16.19139,Saint Louis,Dagana,0,,,,,,,,,,,1
2595428,Keuri Kaw,14.56089,-17.12358,Thies,Mbour,0,,,,,,,,,,,3
2595552,Keuri Kaw,14.74848,-17.13615,Dakar,Rufisque,0,,,,,,,,,,,3
2595797,Keuri Kaw,14.71295,-17.26972,Dakar,Rufisque,0,,,,,,,,,,,3
2595796,Keuri Souf,14.71426,-17.27732,Dakar,Rufisque,0,,,,,,,,,,,1
2595467,Khabane,14.62624,-17.09383,Thies,Mbour,0,,,,,,,,,,,1
13507297,Khabane Mbapane,14.70006,-16.1132,Diourbel,Diourbel,0,,,,,,,,,,,1
13506494,Khabane Sérèr,14.56149,-16.84586,Thies,Thies,0,,,,Sérèr,Khabane,,,,,,1
2249936,Khadiaouane,15.2,-16.66667,Thies,Tivaoune,0,,,,,,,,,,,1
2249935,Khadji,15.41667,-16.38333,Louga,Kebemer,0,,,,,,,,,,,1
2595583,Khafb’ou,14.70088,-17.11322,Thies,Thies,0,,,,,,,,,,,1
13504561,Khakh,14.94594,-16.86129,Thies,Tivaoune,0,,,,,,,,,,,1
13506733,Khalalène,14.70156,-16.58458,Diourbel,Bambey,0,,,,,,,,,,,1
2246563,Khalambas (Pinlaw),14.25216,-16.31339,Kaolack,Kaolack,0,,,,,,,,,,,1
2249934,Khalil,15.55,-16.55,Louga,Kebemer,0,,,,,,,,,,,1
2249933,Khamadj,15.73333,-16.25,Louga,Louga,0,,,,,,,,,,,1
2249932,Khamane,15.08333,-16.26667,Thies,Tivaoune,0,,,,,,,,,,,1
2249931,Khambala,15.68333,-16.28333,Louga,Louga,0,,,,,,,,,,,1
2249930,Khanda Diop,15.55,-16.18333,Louga,Louga,0,,,,,,,Diop,Wolof,,,1
2249929,Khandane,15.047,-16.6392,Thies,Tivaoune,0,,,,,,,,,,,1
2250873,Khandiar,14.65028,-16.43638,Diourbel,Bambey,0,,,,,,,,,,,1
13505481,Khaoul,14.79797,-16.49212,Diourbel,Bambey,0,,,,,,,,,,,1
13506770,Khaoul Godaguèn,14.58763,-16.56466,Thies,Mbour,0,,,,,,,,,,,1
2250793,Khaoul Tok Ngol,14.57882,-16.56472,Thies,Mbour,0,,,,,,,,,,,1
13507021,Khapinde,14.52478,-16.37026,Fatick,Fatick,0,,,,,,,,,,,1
2249448,Khapsou,14.92417,-16.28698,Diourbel,Diourbel,0,,,,,,,,,,,1
13553476,Khar Ngante,14.68244,-15.72427,Fatick,Gossas,0,,,,,,,,,,,1
2595696,Khar Yalla,14.73301,-17.45167,Dakar,Dakar,0,,,,,,,,,,,2
2595970,Khar Yalla,14.86854,-17.1383,Thies,Thies,0,,,,,,,,,,,2
2249926,Khara Ndiak,15.4,-16.46667,Louga,Kebemer,0,,,,,,,,,,,1
2249925,Kharane,15.5,-16.65,Louga,Kebemer,0,,,,,,,,,,,1
2595221,Khassab,14.54028,-17.06361,Thies,Mbour,0,,,,,,,,,,,1
2249924,Khassine,15.31667,-16.41667,Thies,Tivaoune,0,,,,,,,,,,,1
13507442,Khassous,14.47112,-16.51437,Fatick,Fatick,0,,,,,,,,,,,1
2249923,Khat,15.08333,-16.43333,Thies,Tivaoune,0,,,,,,,,,,,1
2249922,Khatali,15.1949,-15.5893,Louga,Linguere,0,,,,,,,,,,,1
2249921,Khatali I,15.88167,-16.33306,Saint Louis,Saint Louis,0,,,,,,1,,,,,1
2250680,Khayane,14.64,-15.78417,Fatick,Gossas,0,,,,,,,,,,,1
2246559,Khayane Bambara,14.4725,-16.04511,Fatick,Gossas,0,,,,Bambara,Khayane,,,,,,1
13508982,Khayane Wolof,14.46988,-16.05791,Fatick,Gossas,0,,,,Wolof,Khayane,,,,,,1
2253264,Khaybarga,14.54201,-15.80102,Fatick,Gossas,0,,,,,,,,,,,1
2249919,Khaye,15.1,-16.23333,Thies,Tivaoune,0,,,,,,,,,,,4
2249920,Khaye,13.93333,-15.78333,Kaolack,Kaolack,0,,,,,,,,,,,4
13504567,Khaye,14.77654,-16.80983,Thies,Thies,0,,,,,,,,,,,4
13504741,Khaye,14.87499,-16.55773,Diourbel,Bambey,0,,,,,,,,,,,4
13504541,Khaye Diagal,14.93273,-16.96365,Thies,Tivaoune,0,,,,,,,,,,,1
13505501,Khaye Gueun,14.87806,-16.32166,Diourbel,Diourbel,0,,,,,,,,,,,1
2246558,Khaye Mbayar,14.46599,-15.92269,Fatick,Gossas,0,,,,,,,,,,,1
13504720,Khaye Ndiaye,14.94271,-16.54201,Diourbel,Bambey,0,,,,,,,Ndiaye,Wolof,,,1
2595894,Khaye Ouolof,14.77885,-17.08614,Thies,Thies,0,,,,Wolof,Khaye,,,,,,1
2595893,Khaye Sérèr,14.77749,-17.08886,Thies,Thies,0,,,,Sérèr,Khaye,,,,,,1
13507277,Khayokh,14.63909,-16.17825,Diourbel,Diourbel,0,,,,,,,,,,,2
13509071,Khayokh,14.28801,-16.06532,Kaolack,Guinguineo,0,,,,,,,,,,,2
13554667,Khayra Deux,14.17912,-15.12567,Kaffrine,Malem Hodar,0,,,,,,2,,,,,1
13554662,Khayra Un,14.14471,-15.10307,Kaffrine,Koungheul,0,,,,,,1,,,,,1
2250977,Khaïga,14.5851,-15.83382,Diourbel,Mbacke,0,,,,,,,,,,,1
13504641,Khaïré,14.8657,-16.52556,Diourbel,Bambey,0,,,,,,,,,,,1
13553638,Khaïré Diaga,14.70489,-15.36352,Louga,Linguere,0,,,,,,,,,,,1
11101812,Khelcom,14.09254,-15.28464,Kaffrine,Malem Hodar,0,,,,,,,,,,,1
2250621,Khelcom Diaga,14.60203,-15.40315,Kaffrine,Malem Hodar,0,,,,,,,,,,,1
2249914,Khelkom,15.75361,-16.30472,Louga,Louga,0,,,,,,,,,,,4
2249915,Khelkom,15.65,-16.31667,Louga,Louga,0,,,,,,,,,,,4
2249916,Khelkom,15.61667,-16.36667,Louga,Louga,0,,,,,,,,,,,4
2249917,Khelkom,15.23333,-16.25,Louga,Kebemer,0,,,,,,,,,,,4
2249913,Khelkom Diaw,15.83778,-16.37028,Saint Louis,Saint Louis,0,,,,,,,,,,,1
2249918,Khelli,15.4206,-16.2329,Louga,Kebemer,0,,,,,,,,,,,1
2249908,Khetèt Gaye,15.90389,-16.32139,Saint Louis,Saint Louis,0,,,,,,,Gaye,Wolof,,,1
2249905,Khimbakh,15.68333,-16.3,Louga,Louga,0,,,,,,,,,,,1
2250886,Khindé,14.1948,-15.4747,Kaffrine,Kaffrine,0,,,,,,,,,,,1
13551566,Khitmati,14.97225,-15.58613,Louga,Linguere,0,,,,,,,,,,,1
2595676,Khobi,14.61968,-17.1589,Dakar,Rufisque,0,,,,,,,,,,,1
2246552,Khodeba,14.76838,-17.09463,Thies,Thies,0,,,,,,,,,,,1
2249833,Khodjil,14.38725,-16.20746,Fatick,Fatick,0,,,,,,,,,,,2
13507469,Khodjil,14.43923,-16.52396,Fatick,Fatick,0,,,,,,,,,,,2
13509048,Khodjil Yama,14.3433,-16.23269,Fatick,Fatick,0,,,,,,,,,,,1
2249903,Khogué Tobène,15.2946,-15.166,Louga,Linguere,0,,,,,,,,,,,1
2249902,Khol-Khol,15.4911,-15.0163,Louga,Linguere,0,,,,,,,,,,,1
13507058,Kholkhotorane,14.68151,-16.36072,Diourbel,Bambey,0,,,,,,,,,,,1
2595492,Kholpe,14.65047,-17.11333,Thies,Mbour,0,,,,,,,,,,,1
2249901,Khombole,14.76361,-16.6916,Thies,Thies,20321,,,,,,,,,,,2
13509022,Khombole,14.26816,-16.15222,Kaolack,Kaolack,0,,,,,,,,,,,2
13507435,Khondiogne,14.39724,-16.65074,Fatick,Fatick,0,,,,,,,,,,,1
2595529,Khongolane,14.74756,-17.06262,Thies,Thies,0,,,,,,,,,,,1
2249900,Khor,16.02563,-16.45799,Saint Louis,Saint Louis,0,,,,,,,,,,,1
2249898,Khossanto,13.13303,-11.97005,Kedougou,Saraya,0,,,,,,,,,,,1
2595793,Khotane,14.73809,-17.30239,Dakar,Pikine,0,,,,,,,,,,,1
2247867,Khoubit,14.62947,-17.09193,Thies,Mbour,0,,,,,,,,,,,1
2252180,Khoubé,14.71178,-16.1255,Diourbel,Diourbel,0,,,,,,,,,,,1
13507002,Khoud Béthie,14.59457,-16.42793,Fatick,Fatick,0,,,,,,,,,,,1
13507229,Khoulé,14.72202,-16.09614,Diourbel,Diourbel,0,,,,,,,,,,,1
2249572,Khouna,14.29151,-15.22169,Kaffrine,Malem Hodar,0,,,,,,,,,,,1
2249509,Khourou Galo,14.2767,-15.08572,Kaffrine,Malem Hodar,0,,,,,,,,,,,1
2249503,Khourou Loumbou,14.36043,-15.28117,Kaffrine,Malem Hodar,0,,,,,,,,,,,1
13505594,Khourou Mbaké,14.75366,-16.08198,Diourbel,Mbacke,0,,,,,,,,,,,2
13554043,Khourou Mbaké,14.39187,-15.82747,Fatick,Gossas,0,,,,,,,,,,,2
2249510,Khourou Ndiobène,14.32858,-15.10765,Kaffrine,Malem Hodar,0,,,,,,,,,,,1
2595550,Khoutane Sérère,14.74519,-17.13068,Dakar,Rufisque,0,,,,Sérèr,Khoutane,,,,,,1
13554429,Khouyré,14.12888,-15.90368,Kaolack,Guinguineo,0,,,,,,,,,,,1
2249907,Khèye,15.05,-16.21667,Thies,Tivaoune,0,,,,,,,,,,,1
2249906,Khèye Goudienne,15.18333,-16.41667,Thies,Tivaoune,0,,,,,,,,,,,1
2246556,Khélkom,14.22284,-16.06491,Kaolack,Guinguineo,0,,,,,,,,,,,1
2249912,Khélkom Diop,15.9075,-16.33778,Saint Louis,Saint Louis,0,,,,,,,Diop,Wolof,,,1
13507448,Khémé,14.47605,-16.6189,Thies,Mbour,0,,,,,,,,,,,1
2246555,Khénèn,14.75311,-17.08608,Thies,Thies,0,,,,,,,,,,,1
2249911,Khéouar,15.18333,-16.53333,Thies,Tivaoune,0,,,,,,,,,,,1
2249910,Khéouèr,15.06667,-16.46667,Thies,Tivaoune,0,,,,,,,,,,,1
2249909,Khété Diao,15.5782,-16.2014,Louga,Louga,0,,,,,,,,,,,1
2253150,Khéwar Missira,14.93669,-16.01949,Diourbel,Mbacke,0,,,missira,,,,,,,,1
2249897,Kibik,14.48201,-16.85783,Thies,Mbour,0,,,,,,,,,,,1
2249896,Kibik Koutié,14.5,-16.85,Thies,Mbour,0,,,,,,,,,,,1
2249895,Kibo,12.83333,-14.6,Kolda,Kolda,0,,,,,,,,,,,1
2249893,Kidiba,13.66667,-13.7,Tambacounda,Tambacounda,0,,,,,,,,,,,1
2249892,Kidira,14.45668,-12.21659,Tambacounda,Bakel,13551,,,,,,,,,,,1
2249894,Kidéli Dimbel,12.73333,-14.43333,Kolda,Kolda,0,,,,,,,,,,,1
2249890,Kignine,12.51333,-15.55667,Sedhiou,Goudomp,0,,,,,,,,,,,1
13658783,Kila,13.14027,-16.00839,Ziguinchor,Bignona,0,,,,,,,,,,,1
6917502,Kilif Dèk,15.6782,-15.4753,Louga,Linguere,0,,,,,,,,,,,1
2249887,Kilimane,15.28333,-16.28333,Louga,Kebemer,0,,,,,,,,,,,3
2249888,Kilimane,15.26667,-16.1,Louga,Kebemer,0,,,,,,,,,,,3
2249889,Kilimane,13.8,-15.4,Kaffrine,Kaffrine,0,,,,,,,,,,,3
2249885,Killi,15.13333,-16.38333,Thies,Tivaoune,0,,,,,,,,,,,1
2249886,Killène,15.55,-16.16667,Louga,Louga,0,,,,,,,,,,,1
2249882,Kindiong,12.96667,-16.01667,Ziguinchor,Bignona,0,,,,,,,,,,,1
2249881,Kinemmba,13.08656,-12.13621,Kedougou,Saraya,0,,,,,,,,,,,1
2595438,Kiniabour Deux,14.56877,-17.05898,Thies,Mbour,0,,,,,,2,,,,,1
2250611,Kiniabour Un,14.55893,-17.0649,Thies,Mbour,0,,,,,,1,,,,,1
2249880,Kiniending,12.73722,-16.07667,Ziguinchor,Bignona,0,,,,,,,,,,,1
2249879,Kiniending Binntine,12.765,-16.09417,Ziguinchor,Bignona,0,,,,,,,,,,,1
2249877,Kinndiri,12.62944,-15.69194,Sedhiou,Sedhiou,0,,,,,,,,,,,1
2249876,Kintingourou,12.62194,-15.73306,Sedhiou,Sedhiou,0,,,,,,,,,,,1
2249875,Kinto,12.96667,-14.43333,Kolda,Kolda,0,,,,,,,,,,,1
2595557,Kip Kip,14.73124,-17.14882,Dakar,Rufisque,0,,,,,,,,,,,1
2595657,Kipe Carrière,14.70046,-17.23132,Dakar,Rufisque,0,,,,,,,,,,,1
2249874,Kipi,13.55286,-12.52672,Tambacounda,Goudiry,0,,,,,,,,,,,1
2249873,Kipo,15.3966,-15.2086,Louga,Linguere,0,,,,,,,,,,,1
2249870,Kipou Sissongo,14.05,-13.08333,Tambacounda,Goudiry,0,,,,,,,,,,,1
2249871,Kipounigali,14.236,-12.64724,Tambacounda,Goudiry,0,,,,,,,,,,,1
2249534,Kipoussouleye,14.2872,-12.46994,Tambacounda,Bakel,0,,,,,,,,,,,1
2249869,Kirang,14.47007,-15.95468,Fatick,Gossas,0,,,,,,,,,,,1
2249867,Kirili,13.46667,-13.76667,Kolda,Velingara,0,,,,,,,,,,,1
2249866,Kirim Brahim Mbaye,13.95,-14.95,Kaffrine,Koungheul,0,,,,,,,Mbaye,Wolof,,,1
2249865,Kirir,15.86667,-13.53333,Matam,Matam,0,,,,,,,,,,,1
2249864,Kirma Ham Koré,15.4049,-15.1694,Louga,Linguere,0,,,,,,,,,,,1
2249863,Kirpa,14.16823,-15.94646,Kaolack,Guinguineo,0,,,,,,,,,,,1
2249868,Kirène,14.66094,-17.0388,Thies,Mbour,0,,,,,,,,,,,1
2249862,Kis,15.33333,-16.21667,Louga,Kebemer,0,,,,,,,,,,,1
2249861,Kissan,13.86667,-14.58333,Tambacounda,Koumpentoum,0,,,,,,,,,,,1
2249859,Kissane,14.66934,-16.95895,Thies,Thies,0,,,,,,,,,,,1
2249857,Kitimbo,13.15989,-16.03358,Ziguinchor,Bignona,0,,,,,,,,,,,1
13504540,Kiwi,14.98127,-16.89186,Thies,Tivaoune,0,,,,,,,,,,,1
13504612,Kièl,14.87404,-16.80462,Thies,Thies,0,,,,,,,,,,,1
2249891,Kièr Sambo,15.2,-16.13333,Louga,Kebemer,0,,,,,,,,,,,1
2249856,Koar,13.81667,-13.28333,Tambacounda,Goudiry,0,,,,,,,,,,,1
2249852,Koba,14.65991,-12.31131,Tambacounda,Bakel,0,,,,,,,,,,,4
2249853,Koba,14.57012,-16.09159,Diourbel,Diourbel,0,,,,,,,,,,,4
2249854,Koba,13.80997,-12.12519,Tambacounda,Bakel,0,,,,,,,,,,,4
2249855,Koba,13.10417,-16.58105,Ziguinchor,Bignona,0,,,,,,,,,,,4
2593154,Koba Aïnoumane,13.06833,-16.58035,Ziguinchor,Bignona,0,,,,,,,,,,,1
2249851,Koba Katiou,13.06667,-16.56667,Ziguinchor,Bignona,0,,,,,,,,,,,1
2249849,Kobel,15.0216,-15.8764,Louga,Kebemer,0,,,,,,,,,,,1
2251064,Kobilo,15.92514,-13.52423,Matam,Matam,0,,,,,,,,,,,1
2249848,Koboel,13.25,-15.63333,Sedhiou,Bounkiling,0,,,,,,,,,,,1
2249845,Kobokoto,13.3018,-11.85729,Kedougou,Saraya,0,,,,,,,,,,,2
2249846,Kobokoto,12.45,-11.75,Kedougou,Saraya,0,,,,,,,,,,,2
2249842,Kobongoye Boundao,14.15,-16.73333,Fatick,Fatick,0,,,,,,,,,,,1
2249843,Kobongoye Deux,14.15859,-16.74556,Fatick,Fatick,0,,,,,,2,,,,,1
2249844,Kobongoye Un,14.16137,-16.72485,Fatick,Fatick,0,,,,,,1,,,,,1
13508548,Kobossikil,14.46292,-16.43916,Fatick,Fatick,0,,,,,,,,,,,1
2249840,Koboye,12.4466,-12.065,Kedougou,Kedougou,0,,,,,,,,,,,1
2595574,Kodang,14.70702,-17.11594,Thies,Thies,0,,,,,,,,,,,1
6659079,Kodi Kouroubama,12.55338,-11.46283,Kedougou,Saraya,0,,,,,,,,,,,1
6659081,Kodi Kourouma,12.51303,-11.45965,Kedougou,Saraya,0,,,,,,,,,,,1
2249836,Kodiadian,13.56945,-12.00186,Tambacounda,Bakel,0,,,,,,,,,,,1
2249835,Kodiam,13.73333,-14.65,Tambacounda,Koumpentoum,0,,,,,,,,,,,1
2249834,Kodiamo,13.66667,-13.56667,Tambacounda,Tambacounda,0,,,,,,,,,,,1
2249830,Kodiolel,14.65,-15.8,Diourbel,Mbacke,0,,,,,,,,,,,1
2249829,Kodiolo,13.26667,-14.51667,Kolda,Medina Yoroufoula,0,,,,,,,,,,,1
2249832,Kodiolé,14.93333,-15.88333,Diourbel,Mbacke,0,,,,,,,,,,,1
2249827,Kodji,12.6,-15.66667,Sedhiou,Sedhiou,0,,,,,,,,,,,1
2249826,Kodjinnguina,12.91667,-14.43333,Kolda,Kolda,0,,,,,,,,,,,1
2249828,Kodjèlé,15.4891,-15.0731,Louga,Linguere,0,,,,,,,,,,,1
2249837,Kodéna,13.35,-14.8,Kolda,Medina Yoroufoula,0,,,,,,,,,,,1
2249817,Kofadou,13.57552,-12.50166,Tambacounda,Goudiry,0,,,,,,,,,,,1
2249814,Kofiè,15.8586,-15.9218,Louga,Louga,0,,,,,,,,,,,1
2249813,Koga,16.49064,-14.37982,Saint Louis,Podor,0,,,,,,,,,,,1
2249809,Kohel,13.45,-15.13333,Kolda,Medina Yoroufoula,0,,,,,,,,,,,2
2249810,Kohel,13.33333,-15.45,Sedhiou,Bounkiling,0,,,,,,,,,,,2
2249808,Koho Peul,13.85,-14.81667,Kaffrine,Koungheul,0,,,,Peul (Fulani),Koho,,,,,,1
2249807,Koho Sossé,13.85,-14.85,Kaffrine,Koungheul,0,,,,,,,,,,,1
2249797,Koki,15.5048,-15.9891,Louga,Louga,0,,,,,,,,,,,5
2249798,Koki,15.18333,-16.1,Louga,Kebemer,0,,,,,,,,,,,5
2249799,Koki,15.01667,-16.46667,Diourbel,Bambey,0,,,,,,,,,,,5
2249800,Koki,13.91667,-15.71667,Kaolack,Kaolack,0,,,,,,,,,,,5
13504642,Koki,14.82617,-16.63593,Diourbel,Bambey,0,,,,,,,,,,,5
2249796,Koki Dakar,15.01667,-16.16667,Louga,Kebemer,0,,,,,,,,,,,1
2249795,Koki Dakhar,15.01667,-16.43333,Diourbel,Bambey,0,,,,,,,,,dakhar,tree,1
13505477,Koki Diop,14.9594,-16.28626,Diourbel,Diourbel,0,,,,,,,Diop,Wolof,,,1
13505562,Koki Gouye Deux,14.93187,-16.16884,Diourbel,Diourbel,0,,,,,,2,,,gouye,tree,1
2249793,Koki Kad,15.01667,-16.18333,Louga,Kebemer,0,,,,,,,,,kad,tree,1
13505360,Koki Ndiaguène,14.95715,-16.25801,Diourbel,Diourbel,0,,,,,,,,,,,1
2249794,Koki Santhie,14.942,-16.18357,Diourbel,Diourbel,0,,,,,,,,,,,1
13505571,Koki Sérèr,14.92323,-16.1869,Diourbel,Diourbel,0,,,,Sérèr,Koki,,,,,,1
2249792,Kokolé Dimba,13.16667,-15.06667,Kolda,Medina Yoroufoula,0,,,,,,,,,,,1
2249791,Kokonba,12.63333,-15.83333,Sedhiou,Sedhiou,0,,,,,,,,,,,1
2249789,Kokoum Doulo,13.35,-13.78333,Kolda,Velingara,0,,,,,,,,,,,1
2249788,Kokoum Samba,13.35,-13.78333,Kolda,Velingara,0,,,,,,,,,,,1
2249787,Kokoung Sobali,12.80389,-15.24194,Sedhiou,Goudomp,0,,,,,,,,,,,1
2249786,Kokounto,13.26667,-14.51667,Kolda,Medina Yoroufoula,0,,,,,,,,,,,1
2249785,Kol,15.3,-16.5,Thies,Tivaoune,0,,,,,,,,,,,1
2249784,Kolane,12.52972,-15.74306,Sedhiou,Goudomp,0,,,,,,,,,,,1
2249782,Kolda,12.8939,-14.94125,Kolda,Kolda,103574,,,,,,,,,,,1
2249778,Koli,14.91758,-12.91278,Matam,Kanel,0,,,,,,,,,,,1
2249772,Kolia Dongon,15.03333,-16.26667,Thies,Tivaoune,0,,,,,,,,,,,1
2249771,Kolibantan,13.66667,-14.25,Tambacounda,Tambacounda,0,,,,,,,,,,,1
2249770,Kolibantang,12.8,-15.21444,Sedhiou,Goudomp,0,,,,,,,,,,,1
2249769,Kolikounda,13.25,-15.6,Sedhiou,Bounkiling,0,kounda,Mandinka,,,,,,,,,1
2249766,Koling,12.76333,-15.83806,Sedhiou,Sedhiou,0,,,,,,,,,,,1
2249765,Kolinnkan,13.48333,-14.21667,,,0,,,,,,,,,,,1
2249773,Koliya,12.97844,-11.41363,Kedougou,Saraya,0,,,,,,,,,,,1
2249764,Kolma Diordior,13.81667,-15.86667,Kaolack,Nioro Du Rip,0,,,,,,,,,,,1
2249763,Kolma Peul,13.81667,-15.83333,Kaolack,Nioro Du Rip,0,,,,Peul (Fulani),Kolma,,,,,,1
2249762,Kolo,12.75,-13.7,Kolda,Velingara,0,,,,,,,,,,,1
2249761,Kolobane,12.58333,-16.28333,Ziguinchor,Ziguinchor,0,,,,,,,,,,,3
2595805,Kolobane,14.71378,-17.25674,Dakar,Rufisque,0,,,,,,,,,,,3
2595905,Kolobane,14.81788,-17.04204,Thies,Tivaoune,0,,,,,,,,,,,3
2249757,Kolodinnto Fouta,12.68333,-14.13333,Kolda,Velingara,0,,,,,,,,,,,1
2249756,Kolodinnto Maoundé,12.68333,-14.13333,Kolda,Velingara,0,,,,,,,,,,,1
2249753,Kolomba,14.08333,-13.95,Tambacounda,Tambacounda,0,,,,,,,,,,,3
2249754,Kolomba,13.75,-15.63333,Kaolack,Nioro Du Rip,0,,,,,,,,,,,3
2249755,Kolomba,13.00446,-16.67434,Ziguinchor,Bignona,0,,,,,,,,,,,3
2249749,Kolonba,12.81667,-16.36667,Ziguinchor,Bignona,0,,,,,,,,,,,2
2249750,Kolonba,12.75417,-16.24444,Ziguinchor,Bignona,0,,,,,,,,,,,2
2249748,Kolondine,13.71667,-13.91667,Tambacounda,Tambacounda,0,,,,,,,,,,,1
6658536,Kolondonsé,12.84746,-11.79361,Kedougou,Saraya,0,,,,,,,,,,,1
13504696,Kolong,14.91698,-16.68923,Thies,Thies,0,,,,,,,,,,,1
2249747,Kolonto,13.81667,-14.73333,Tambacounda,Koumpentoum,0,,,,,,,,,,,1
2249746,Kolor,14.98206,-16.0252,Louga,Kebemer,0,,,,,,,,,,,1
2249780,Kolé,13.7436,-16.53407,Fatick,Foundiougne,0,,,,,,,,,,,1
2249743,Komatia,12.8,-14.23333,Kolda,Velingara,0,,,,,,,,,,,1
2249742,Komboli,13.1179,-16.29112,Ziguinchor,Bignona,0,,,,,,,,,,,1
13504778,Kombélane,14.82444,-16.58514,Diourbel,Bambey,0,,,,,,,,,,,1
2249741,Komoti,13.66368,-12.9173,Tambacounda,Goudiry,0,,,,,,,,,,,1
2249739,Komouda,12.50889,-16.31583,Ziguinchor,Ziguinchor,0,,,,,,,,,,,1
2249738,Kona,13.14358,-16.32339,Ziguinchor,Bignona,0,,,,,,,,,,,1
13505567,Kondia,14.77251,-16.22908,Diourbel,Diourbel,0,,,,,,,,,,,1
2249736,Kondiène,13.15,-15.98333,Ziguinchor,Bignona,0,,,,,,,,,,,1
2249737,Kondié,14.71667,-16.25,Diourbel,Diourbel,0,,,,,,,,,,,1
2249735,Kondokhou,12.91831,-11.72046,Kedougou,Saraya,0,,,,,,,,,,,1
2249733,Kone Kogne,15.65,-16.46667,Louga,Kebemer,0,,,,,,,,,,,1
2249731,Konga,13.93333,-14.95,Kaffrine,Koungheul,0,,,,,,,,,,,1
2249729,Kongoli,14.18012,-15.98959,Kaolack,Guinguineo,0,,,,,,,,,,,2
2249730,Kongoli,12.73333,-16.05,Ziguinchor,Bignona,0,,,,,,,,,,,2
2249728,Koniari,13.05,-15.08333,Kolda,Kolda,0,,,,,,,,,,,1
2595474,Konkoma,14.5882,-17.01902,Thies,Mbour,0,,,,,,,,,,,1
2249724,Konkotou,13.65404,-12.08788,Tambacounda,Bakel,0,,,,,,,,,,,1
2249723,Konkoudia,13.05828,-16.68471,Ziguinchor,Bignona,0,,,,,,,,,,,1
2249722,Konkouli,13.15,-13.48333,Tambacounda,Tambacounda,0,,,,,,,,,,,1
13506963,Kontayèm Dapa,14.7007,-16.28725,Diourbel,Diourbel,0,,,,,,,,,,,1
2249720,Konté,13.65,-14.68333,Tambacounda,Koumpentoum,0,,,,,,,,,,,1
2249719,Kontékounda,12.72194,-15.065,Kolda,Kolda,0,kounda,Mandinka,,,,,,,,,1
13505507,Kontéyène,14.89653,-16.15748,Diourbel,Diourbel,0,,,,,,,,,,,1
2249732,Konèm,14.40654,-16.444,Fatick,Fatick,0,,,,,,,,,,,1
2249734,Koné,13.95,-15.95,Kaolack,Kaolack,0,,,,,,,,,,,1
2249712,Kop Goyane,14.56799,-16.95439,Thies,Mbour,0,,,,,,,,,,,1
2249717,Kopara,13.01667,-14.01667,Kolda,Velingara,0,,,,,,,,,,,1
2249714,Kopé,16.62163,-14.52696,Saint Louis,Podor,0,,,,,,,,,,,3
2249715,Kopé,16.57784,-14.81774,Saint Louis,Podor,0,,,,,,,,,,,3
2249716,Kopé,12.78333,-13.93333,Kolda,Velingara,0,,,,,,,,,,,3
13506496,Kora Trois,14.53224,-16.75836,Thies,Mbour,0,,,,,,3,,,,,2
13509037,Kora Trois,14.36516,-16.18119,Fatick,Fatick,0,,,,,,3,,,,,2
2249711,Kora Un,14.38746,-16.17301,Fatick,Fatick,0,,,,,,1,,,,,2
13506468,Kora Un,14.52849,-16.78319,Thies,Mbour,0,,,,,,1,,,,,2
2249709,Korane Ndiaye,15.5,-16.33333,Louga,Kebemer,0,,,,,,,Ndiaye,Wolof,,,1
2249707,Kordiali,14.46667,-16.75,Thies,Mbour,0,,,,,,,,,,,1
2249700,Korkadiel,16.5093,-14.53317,Saint Louis,Podor,0,,,,,,,,,,,1
2249701,Korkadié,16.61472,-14.73714,Saint Louis,Podor,0,,,,,,,,,,,1
2249699,Korki,14.12797,-15.70317,Kaffrine,Birkelane,0,,,,,,,,,,,1
2249698,Korkol,14.88333,-14.58333,Matam,Ranerou,0,,,,,,,,,,,1
2249696,Korolo,13.1499,-12.05861,Kedougou,Saraya,0,,,,,,,,,,,1
2249695,Koromadi,13.83333,-13.55,Tambacounda,Tambacounda,0,,,,,,,,,,,1
2249694,Korop Maoundé,13.13333,-14.45,Kolda,Medina Yoroufoula,0,,,,,,,,,,,1
2249693,Kortiel,14.51121,-15.95008,Fatick,Gossas,0,,,,,,,,,,,1
2249704,Korédia Diaka,13.73333,-14.0,Tambacounda,Tambacounda,0,,,,,,,,,,,1
2249703,Korékoro,14.1398,-12.21745,Tambacounda,Bakel,0,,,,,,,,,,,1
2249702,Koréra,14.91862,-12.51114,Tambacounda,Bakel,0,,,,,,,,,,,1
2249692,Kossanki,13.0,-14.28333,Kolda,Kolda,0,,,,,,,,,,,1
2593147,Kossar,13.75627,-16.56072,Fatick,Foundiougne,0,,,,,,,,,,,1
2249690,Kossas,15.431,-14.661,Matam,Ranerou,0,,,,,,,,,,,1
2249687,Kossi,12.43556,-15.66861,Sedhiou,Goudomp,0,,,,,,,,,,,1
2249686,Kossi Ali Guèye,14.04548,-16.14546,Kaolack,Kaolack,0,,,,,,,Guèye,Wolof,,,1
13514640,Kossi Mbitéyène,14.05756,-16.12467,Kaolack,Kaolack,0,,,,,,,,,,,1
2249684,Kossi Tiamène,14.06216,-16.13782,Kaolack,Kaolack,0,,,,,,,,,,,1
2249682,Kosso,15.06667,-16.01667,Louga,Kebemer,0,,,,,,,,,,,2
2249683,Kosso,15.0208,-15.9635,Louga,Kebemer,0,,,,,,,,,,,2
2249811,Kotiane,14.57012,-16.73843,Thies,Mbour,0,,,,,,,,,,,1
2249678,Kotiar,13.91667,-14.93333,Kaffrine,Koungheul,0,,,,,,,,,,,1
2249677,Kotiari,13.9,-13.45,Tambacounda,Goudiry,4243,,,,,,,,,,,1
2249818,Kotiaw,14.43546,-16.06912,Fatick,Gossas,0,,,,,,,,,,,1
2249669,Kotiokh,14.4826,-16.53274,Fatick,Fatick,0,,,,,,,,,,,1
2249676,Kotié,13.63378,-12.77585,Tambacounda,Goudiry,0,,,,,,,,,,,1
2249672,Kotié Nord,13.67263,-12.76619,Tambacounda,Goudiry,0,,,,,,,,,,,1
2249675,Kotiédia,15.7122,-15.5599,Louga,Linguere,0,,,,,,,,,,,1
2249674,Kotiédia Maure,15.7335,-15.5735,Louga,Linguere,0,,,,Maure,Kotiédia,,,,,,1
2249667,Kotoum,12.655,-16.75556,Ziguinchor,Bignona,0,,,,,,,,,,,1
2249681,Koté,12.5561,-12.8458,Kedougou,Salemata,0,,,,,,,,,,,1
2249670,Koté Nété,13.74862,-16.14209,Kaolack,Nioro Du Rip,0,,,,,,,,,,,1
2249666,Kouadi Baïnouk,13.05,-15.7,Sedhiou,Bounkiling,0,,,,,,,,,,,1
2249664,Kouaré,13.83333,-15.93333,Kaolack,Nioro Du Rip,0,,,,,,,,,,,1
13658011,Kouatine,13.83194,-16.3539,Fatick,Foundiougne,0,,,,,,,,,,,1
2249662,Koubalan,12.66028,-16.17028,Ziguinchor,Bignona,0,,,,,,,,,,,1
2249661,Koubalar,12.88722,-16.21222,Ziguinchor,Bignona,0,,,,,,,,,,,1
2249660,Koubanak,13.02862,-16.63827,Ziguinchor,Bignona,0,,,,,,,,,,,1
2249659,Koubanao,12.66639,-16.09,Ziguinchor,Bignona,0,,,,,,,,,,,1
2249657,Koubone,12.79972,-15.37611,Sedhiou,Goudomp,0,,,,,,,,,,,2
2249658,Koubone,12.58222,-16.01167,Ziguinchor,Ziguinchor,0,,,,,,,,,,,2
13504615,Koudadiadiène,14.87895,-16.88784,Thies,Tivaoune,0,,,,,,,,,,,1
2249654,Koudi,14.03597,-12.76891,Tambacounda,Goudiry,0,,,,,,,,,,,1
2249653,Koudibékounda,12.86861,-15.7425,Sedhiou,Sedhiou,0,kounda,Mandinka,,,,,,,,,1
2249651,Koudioubé,13.10389,-16.6623,Ziguinchor,Bignona,0,,,,,,,,,,,1
2249650,Koudioundou,12.6093,-15.98396,Ziguinchor,Ziguinchor,0,,,,,,,,,,,1
2249656,Koudié,14.98595,-15.77864,Louga,Linguere,0,,,,,,,,,,,1
2249648,Koudjini,12.86667,-15.21667,Sedhiou,Sedhiou,0,,,,,,,,,,,1
2249647,Koudom,13.82004,-16.09121,Kaolack,Nioro Du Rip,0,,,,,,,,,,,1
2249646,Koudora,12.76667,-14.55,Kolda,Kolda,0,,,,,,,,,,,1
2249644,Koudoureyel,12.73333,-14.58333,Kolda,Kolda,0,,,,,,,,,,,1
2249640,Kougne,12.49667,-15.60889,Sedhiou,Goudomp,0,,,,,,,,,,,1
2249638,Kouini,12.98972,-16.04111,Ziguinchor,Bignona,0,,,,,,,,,,,1
2249637,Koukadi,14.58333,-14.51667,Matam,Ranerou,0,,,,,,,,,,,1
2249635,Koukari,13.76667,-13.71667,Tambacounda,Tambacounda,0,,,,,,,,,,,1
2249634,Koukoma,13.62429,-12.08219,Tambacounda,Bakel,0,,,,,,,,,,,1
2249632,Koukoto,13.91667,-15.0,Kaffrine,Koungheul,0,,,,,,,,,,,2
2249633,Koukoto,13.91667,-14.98333,Kaffrine,Koungheul,0,,,,,,,,,,,2
2249631,Koukou,13.73333,-14.51667,Tambacounda,Koumpentoum,0,,,,,,,,,,,1
2249630,Koukoukolo,13.6,-13.98333,Tambacounda,Tambacounda,0,,,,,,,,,,,1
2249628,Koukouyel,14.31667,-14.58333,Tambacounda,Koumpentoum,0,,,,,,,,,,,1
2249627,Koul,15.0639,-16.6264,Thies,Tivaoune,0,,,,,,,,,,,1
2249626,Koulandian Binako,13.06078,-16.53496,Ziguinchor,Bignona,0,,,,,,,,,,,1
13658732,Koulandiang,13.05582,-16.54113,Ziguinchor,Bignona,0,,,,,,,,,,,1
2249624,Koular,13.68989,-16.1734,Fatick,Foundiougne,0,,,,,,,,,,,2
2249625,Koular,13.36667,-13.6,Tambacounda,Tambacounda,0,,,,,,,,,,,2
2249623,Koularé,13.51667,-13.76667,Tambacounda,Tambacounda,0,,,,,,,,,,,1
2249621,Koulaye,12.97556,-16.04806,Ziguinchor,Bignona,0,,,,,,,,,,,2
2249622,Koulaye,12.85528,-16.15833,Ziguinchor,Bignona,0,,,,,,,,,,,2
2249617,Koulikan,12.96667,-15.96667,Sedhiou,Bounkiling,0,,,,,,,,,,,1
13645342,Kouliminde,12.43066,-11.39496,Kedougou,Saraya,0,,,,,,,,,,,1
2249614,Koulinndiara,12.9,-14.06667,Kolda,Velingara,0,,,,,,,,,,,1
2249610,Koulinnto,13.03333,-14.8,Kolda,Medina Yoroufoula,0,,,,,,,,,,,3
2249611,Koulinnto,13.0,-14.08333,Kolda,Velingara,0,,,,,,,,,,,3
2249612,Koulinnto,12.68333,-14.43333,Kolda,Kolda,0,,,,,,,,,,,3
13658764,Koulissara,13.1266,-16.21193,Ziguinchor,Bignona,0,,,,,,,,,,,1
2249609,Koulkoulto,12.88694,-15.01694,Kolda,Kolda,0,,,,,,,,,,,1
2249608,Koulobori,13.10018,-16.62415,Ziguinchor,Bignona,0,,,,,,,,,,,1
6647951,Koulor,14.06504,-12.85781,Tambacounda,Goudiry,0,,,,,,,,,,,1
13506745,Koulouk Gandiol,14.64575,-16.7218,Thies,Mbour,0,,,,,,,,,,,1
13506755,Koulouk Mbada,14.62825,-16.69282,Thies,Mbour,0,,,,,,,,,,,2
13506756,Koulouk Mbada,14.58457,-16.68641,Thies,Mbour,0,,,,,,,,,,,2
2249607,Koulouk Sérèr,14.60376,-16.71631,Thies,Mbour,0,,,,Sérèr,Koulouk,,,,,,1
13506701,Koulouk Wolof,14.58494,-16.70553,Thies,Mbour,0,,,,Wolof,Koulouk,,,,,,1
2249605,Kouloumbodou,13.7,-15.61667,Kaolack,Nioro Du Rip,0,,,,,,,,,,,1
2249619,Koulégna,14.01667,-14.83333,Kaffrine,Koungheul,0,,,,,,,,,,,1
2249601,Koumafélé,12.4735,-12.4965,Kedougou,Salemata,0,,,,,,,,,,,1
2249600,Koumambouré Maoundé,12.85,-14.51667,Kolda,Kolda,0,,,,,,,,,,,1
2249598,Koumaré,13.9,-14.38333,Tambacounda,Koumpentoum,0,,,,,,,,,,,1
2249597,Koumbadiouma,13.18333,-13.96667,Kolda,Velingara,0,,,,,,,,,,,1
2249596,Koumbakara,12.7,-14.48333,Kolda,Kolda,0,,,,,,,,,,,1
2249595,Koumbakiri,13.28333,-14.08333,Kolda,Velingara,0,,,,,,,,,,,1
2249593,Koumbakoulou,13.55,-13.71667,Tambacounda,Tambacounda,0,,,,,,,,,,,1
2249592,Koumbal,14.01715,-16.01891,Kaolack,Kaolack,0,,,,,,,,,,,1
2249591,Koumbamo,12.90056,-15.94139,Sedhiou,Bounkiling,0,,,,,,,,,,,1
2249589,Koumbidia,13.91667,-14.86667,Kaffrine,Koungheul,0,,,,,,,,,,,1
2249588,Koumbidjan,12.69167,-15.07833,Kolda,Kolda,0,,,,,,,,,,,1
13658747,Koumbigjia,13.04116,-16.30719,Ziguinchor,Bignona,0,,,,,,,,,,,1
2249586,Koumbiya,13.83333,-14.08333,Tambacounda,Tambacounda,0,,,,,,,,,,,1
2249581,Koumboutourou,12.77099,-11.97752,Kedougou,Saraya,0,,,,,,,,,,,1
2249587,Koumbène,13.6301,-16.49669,Fatick,Foundiougne,0,,,,,,,,,,,1
13554418,Koumlof,14.10421,-15.79763,Kaffrine,Birkelane,0,,,,,,,,,,,1
2249578,Koumpal,13.83333,-15.61667,Kaffrine,Birkelane,0,,,,,,,,,,,1
2249576,Koumpentoum,13.98333,-14.56667,Tambacounda,Koumpentoum,15723,,,,,,,,,,,1
2249574,Koumperto,12.54917,-16.07056,Ziguinchor,Ziguinchor,0,,,,,,,,,,,1
2249575,Koumpépé,12.76667,-13.71667,Kolda,Velingara,0,,,,,,,,,,,1
2249585,Kouméra,13.23333,-14.08333,Kolda,Velingara,0,,,,,,,,,,,1
2249571,Kounatouba,12.95861,-16.26139,Ziguinchor,Bignona,0,,,,,,,,,,,1
2249569,Kounayan,12.74944,-15.56472,Sedhiou,Sedhiou,0,,,,,,,,,,,2
2249570,Kounayan,12.52389,-15.79778,Sedhiou,Goudomp,0,,,,,,,,,,,2
2249567,Koundan,13.59726,-12.44254,Tambacounda,Goudiry,0,,,,,,,,,,,1
2249566,Koundane,14.78333,-16.88333,Thies,Thies,0,,,,,,,,,,,1
2249565,Koundaya,12.39315,-11.76606,Kedougou,Saraya,0,,,,,,,,,,,1
2249563,Koundel,15.78987,-13.27708,Matam,Matam,0,,,,,,,,,,,2
2249564,Koundel,13.78333,-13.21667,Tambacounda,Goudiry,0,,,,,,,,,,,2
2249560,Koundi Boki,15.565,-14.0587,Matam,Matam,0,,,,,,,,,,,1
2249562,Koundiao,13.78333,-14.53333,Tambacounda,Koumpentoum,0,,,,,,,,,,,1
2249559,Koundiougor,13.1,-15.93333,Ziguinchor,Bignona,0,,,,,,,,,,,1
2249558,Koundo,14.05,-14.73333,Kaffrine,Koungheul,0,,,,,,,,,,,1
13551957,Koung,14.8315,-15.13042,Louga,Linguere,0,,,,,,,,,,,1
2249552,Koung Koung,14.41667,-14.8,Kaffrine,Koungheul,0,,,,,,,,,,,1
2249551,Koung Koung Sérèr,14.31643,-16.18662,Kaolack,Kaolack,0,,,,Sérèr,Koung Koung,,,,,,1
13509077,Koung Koung Tialène,14.31332,-16.16715,Kaolack,Kaolack,0,,,,,,,,,,,1
2249557,Koungala,14.28333,-13.41667,Tambacounda,Goudiry,0,,,,,,,,,,,1
2249555,Koungani,14.84153,-12.3992,Tambacounda,Bakel,0,,,,,,,,,,,1
11497857,Kounghany,14.81189,-12.3885,Tambacounda,Bakel,0,,,,,,,,,,,1
2249554,Koungheul,13.98333,-14.8,Kaffrine,Koungheul,31149,,,,,,,,,,,1
2249550,Koungneul Sossé,13.96667,-14.81667,Kaffrine,Koungheul,20942,,,,,,,,,,,1
2249549,Koungoun,14.73333,-16.53333,Diourbel,Bambey,0,,,,,,,,,,,1
2249548,Kouniara Santo,12.54861,-15.57778,Sedhiou,Goudomp,0,,,,,,,,,,,1
2249547,Kounias,14.08351,-15.85143,Kaolack,Kaolack,0,,,,,,,,,,,1
2249546,Kounkali,12.89,-15.45889,Sedhiou,Sedhiou,0,,,,,,,,,,,1
2249545,Kounkané,12.93333,-14.08333,Kolda,Velingara,10798,,,,,,,,,,,1
2250327,Kounkoudiang,14.10517,-16.21518,Kaolack,Kaolack,0,,,,,,,,,,,1
2249544,Kounoudoki,15.0066,-15.8616,Louga,Kebemer,0,,,,,,,,,,,1
2249543,Kounoun,14.75266,-17.25315,Dakar,Rufisque,0,,,,,,,,,,,1
2249542,Kounounding Dioé,12.8775,-15.91972,Sedhiou,Sedhiou,0,,,,,,,,,,,1
6917796,Kounsi,12.4452,-12.0801,Kedougou,Kedougou,0,,,,,,,,,,,1
2249540,Kountaba,12.81667,-14.06667,Kolda,Velingara,0,,,,,,,,,,,1
2249539,Kountiakolo,13.83333,-14.0,Tambacounda,Tambacounda,0,,,,,,,,,,,1
2249538,Kountiao Souaré,13.53333,-14.41667,Tambacounda,Tambacounda,0,,,,,,,,,,,1
2249537,Kountouata,13.7,-14.58333,Tambacounda,Koumpentoum,0,,,,,,,,,,,1
2249536,Kouonko Doua,13.58333,-14.01667,Tambacounda,Tambacounda,0,,,,,,,,,,,1
2249535,Koupar,13.66667,-15.6,Kaolack,Nioro Du Rip,0,,,,,,,,,,,1
2249515,Kour Nbelgor,15.36667,-16.38333,Louga,Kebemer,0,,,,,,,,,,,1
2249533,Koura Mouride,14.18333,-14.68333,Kaffrine,Koungheul,0,,,,,,,,,,,1
2249532,Koura Rhaye,14.18333,-14.61667,Kaffrine,Koungheul,0,,,,,,,,,,,1
2249531,Koura Tiobéri,14.2,-14.71667,Kaffrine,Koungheul,0,,,,,,,,,,,1
2249710,Kouram,13.14681,-16.40313,Ziguinchor,Bignona,0,,,,,,,,,,,1
13658714,Kouranko,13.59345,-16.04082,,,0,,,,,,,,,,,1
2249530,Kourbol,15.4774,-14.2408,Matam,Ranerou,0,,,,,,,,,,,1
13658738,Koureg,13.11818,-16.34913,Ziguinchor,Bignona,0,,,,,,,,,,,1
2249519,Kouring,12.43667,-16.38056,Ziguinchor,Ziguinchor,0,,,,,,,,,,,1
2249517,Kourkadji,14.71667,-15.6,Diourbel,Mbacke,0,,,,,,,,,,,1
2249516,Kourkour,13.3,-14.78333,Kolda,Medina Yoroufoula,0,,,,,,,,,,,1
2249514,Kourou,15.51667,-16.33333,Louga,Kebemer,0,,,,,,,,,,,1
2249505,Kourou Karané,14.55,-13.71667,Matam,Ranerou,0,,,,,,,,,,,1
2249512,Kouroubambé,13.45,-13.8,Kolda,Velingara,0,,,,,,,,,,,1
2249508,Kourouk,12.90417,-16.13833,Ziguinchor,Bignona,0,,,,,,,,,,,1
6659340,Kouroukoukana,13.09723,-11.76162,Kedougou,Saraya,0,,,,,,,,,,,1
2249502,Kouroundi,13.48235,-11.90378,Tambacounda,Bakel,0,,,,,,,,,,,1
2249501,Kourtara,15.58333,-16.35,Louga,Kebemer,0,,,,,,,,,,,1
13658092,Kourène,13.83987,-16.61269,Fatick,Foundiougne,0,,,,,,,,,,,1
2249524,Kouré,15.36667,-16.21667,Louga,Kebemer,0,,,,,,,,,khoure,water,7
2249525,Kouré,15.13333,-16.36667,Thies,Tivaoune,0,,,,,,,,,khoure,water,7
2249526,Kouré,15.1,-16.6,Thies,Tivaoune,0,,,,,,,,,khoure,water,7
2249527,Kouré,15.08333,-16.56667,Thies,Tivaoune,0,,,,,,,,,khoure,water,7
2249528,Kouré,15.01667,-16.5,Thies,Tivaoune,0,,,,,,,,,khoure,water,7
2249529,Kouré,14.94991,-16.43161,Diourbel,Bambey,0,,,,,,,,,khoure,water,7
2251479,Kouré,14.75231,-16.30959,Diourbel,Diourbel,0,,,,,,,,,khoure,water,7
2249523,Kouré Dialamane,15.0445,-15.9677,Louga,Kebemer,0,,,,,,,,,khoure,water,1
2249522,Kouré Kountou,13.26667,-13.31667,Tambacounda,Tambacounda,0,,,,,,,,,khoure,water,1
2249520,Kouré Loukouk,15.16667,-16.5,Thies,Tivaoune,0,,,,,,,,,khoure,water,1
2249498,Koussabel,12.96861,-16.36861,Ziguinchor,Bignona,0,,,,,,,,,,,1
2249496,Koussalam,16.51235,-14.26486,Saint Louis,Podor,0,,,,,,,,,,,1
2249495,Koussalan,13.76667,-14.31667,Tambacounda,Koumpentoum,0,,,,,,,,,,,1
2249494,Koussalang,13.6,-14.46667,Tambacounda,Koumpentoum,0,,,,,,,,,,,1
2249493,Koussanar,13.86667,-14.08333,Tambacounda,Tambacounda,0,,,,,,,,,,,1
2249490,Koussanar Ndi,14.0,-13.98333,Tambacounda,Tambacounda,0,,,,,,,,,,,1
2249489,Koussane,14.13144,-12.44509,Tambacounda,Goudiry,0,,,,,,,,,,,1
2249488,Koussaor,12.9575,-15.70222,Sedhiou,Bounkiling,0,,,,,,,,,,,1
2249487,Koussi,12.87083,-15.60472,Sedhiou,Sedhiou,0,,,,,,,,,,,1
2249484,Koussola,13.36749,-11.95007,Tambacounda,Bakel,0,,,,,,,,,,,1
13508514,Koussourèm,14.4661,-16.26762,Fatick,Fatick,0,,,,,,,,,,,1
2249483,Koussous,14.81667,-14.4,Matam,Ranerou,0,,,,,,,,,,,1
2249481,Koutadala,12.7,-15.26667,Sedhiou,Goudomp,0,,,,,,,,,,,1
13509316,Koutal Baka,14.07352,-16.09134,Kaolack,Kaolack,0,,,,,,,,,,,1
13514643,Koutal Camp,14.08792,-16.05925,Kaolack,Kaolack,0,,,,,,,,,,,1
13514645,Koutal Sérèr,14.07997,-16.07282,Kaolack,Kaolack,0,,,,Sérèr,Koutal,,,,,,1
2249480,Koutal Wolof,14.08813,-16.06789,Kaolack,Kaolack,0,,,,Wolof,Koutal,,,,,,1
13514644,Koutal Yougo,14.07184,-16.0669,Kaolack,Kaolack,0,,,,,,,,,,,1
2249477,Koutango,13.67033,-16.07162,Kaolack,Nioro Du Rip,0,,,,,,,,,,,1
2249476,Koutanto,13.1,-14.03333,Kolda,Velingara,0,,,,,,,,,,,1
2249474,Koutenabé,14.25792,-12.54423,Tambacounda,Goudiry,0,,,,,,,,,,,1
2249649,Kouthie Sérèr,14.49229,-16.81199,Thies,Mbour,0,,,,Sérèr,Kouthie,,,,,,1
2250350,Kouthie Wolof,14.48436,-16.82482,Thies,Mbour,0,,,,Wolof,Kouthie,,,,,,1
2249470,Koutia,14.06667,-13.13333,Tambacounda,Goudiry,0,,,,,,,,,,,4
2249471,Koutia,14.03333,-13.96667,Tambacounda,Tambacounda,0,,,,,,,,,,,4
2249472,Koutia,13.95,-15.18333,Kaffrine,Kaffrine,0,,,,,,,,,,,4
2249473,Koutia,13.86667,-13.56667,Tambacounda,Tambacounda,0,,,,,,,,,,,4
2249468,Koutia Ba,14.18333,-14.46667,Tambacounda,Koumpentoum,0,,,,,,,Ba,Pulaar,,,1
2249467,Koutia Gaïdi,14.13333,-14.18333,Tambacounda,Koumpentoum,0,,,,,,,,,,,1
2249465,Koutiakoto,14.01667,-13.98333,Tambacounda,Tambacounda,0,,,,,,,,,,,1
2249466,Koutiaké,12.85,-14.31667,Kolda,Kolda,0,,,,,,,,,,,1
2249463,Koutiara,12.83333,-14.28333,Kolda,Kolda,0,,,,,,,,,,,1
2249462,Koutingor,12.82694,-16.25083,Ziguinchor,Bignona,0,,,,,,,,,,,1
13658135,Koutièye,13.94449,-16.01522,Kaolack,Kaolack,0,,,,,,,,,,,1
2249461,Koutoubo,12.5,-16.16667,Ziguinchor,Ziguinchor,0,,,,,,,,,,,1
2249460,Koutoukounda,13.25,-14.06667,Kolda,Velingara,0,kounda,Mandinka,,,,,,,,,1
2249459,Koutounta Ali Koli,13.2,-15.61667,Sedhiou,Bounkiling,0,,,,,,,,,,,1
2249458,Koutourfa,14.53333,-15.91667,Fatick,Gossas,0,,,,,,,,,,,1
2249475,Koutyoutye,14.90946,-15.79693,Diourbel,Mbacke,0,,,,,,,,,,,1
2249457,Kouyandé,14.38445,-15.52469,Kaffrine,Kaffrine,0,,,,,,,,,,,1
2249455,Kouyandé Ndiaye,14.3823,-15.51208,Kaffrine,Kaffrine,0,,,,,,,Ndiaye,Wolof,,,1
2249456,Kouyané Kandji,14.4,-15.51667,Kaffrine,Kaffrine,0,,,,,,,,,,,1
2249639,Kouïnar,14.85,-15.68333,Diourbel,Mbacke,0,,,,,,,,,,,1
2249449,Koyelol,15.1723,-15.9786,Louga,Kebemer,0,,,,,,,,,,,1
2249521,Koylel,16.1043,-13.88679,Saint Louis,Podor,0,,,,,,,,,,,1
2249820,Koyli Pegna,15.3388,-15.7655,Louga,Linguere,0,,,,,,,,,,,1
6645006,Koyll Diao,16.16721,-13.92914,Saint Louis,Podor,0,,,,,,,,,,,1
2249801,Koylogne,15.3294,-15.7451,Louga,Linguere,0,,,,,,,,,,,1
6647971,Koyniguel,14.81049,-12.71658,Matam,Kanel,0,,,,,,,,,,,1
13553445,Koyé,14.67934,-15.63112,Fatick,Gossas,0,,,,,,,,,,,1
2249822,Koèl,13.62705,-15.64248,Kaolack,Nioro Du Rip,0,,,,,,,,,,,2
2249823,Koèl,12.9,-13.7,Kolda,Velingara,0,,,,,,,,,,,2
2249821,Koèl Sérèr,14.62532,-16.05709,Diourbel,Mbacke,0,,,,Sérèr,Koèl,,,,,,1
2249824,Koé,15.2373,-15.7331,Louga,Linguere,0,,,,,,,,,,,2
2249825,Koé,15.131,-15.5513,Louga,Linguere,0,,,,,,,,,,,2
2249819,Koéli,15.7421,-15.5107,Louga,Linguere,0,,,,,,,,,,,1
13514639,Koïlal Alfa,14.07487,-16.01808,Kaolack,Kaolack,0,,,,,,,,,,,1
2249805,Koïlal Moussa Boye,14.07488,-16.01177,Kaolack,Kaolack,0,,,,,,,,,,,1
2249804,Koïlel,16.44308,-14.30697,Saint Louis,Podor,0,,,,,,,,,,,1
2249803,Koïli,13.75,-14.78333,Tambacounda,Koumpentoum,0,,,,,,,,,,,1
2249447,Kratchinn,15.1085,-15.988,Louga,Kebemer,0,,,,,,,,,,,1
2249446,Krissime,12.55,-15.75,Sedhiou,Goudomp,0,,,,,,,,,,,1
13658797,Kuine,13.06515,-16.08401,Ziguinchor,Bignona,0,,,,,,,,,,,1
2250032,Kâkoth,13.9298,-16.00253,Kaolack,Kaolack,0,,,,,,,,,,,1
2595437,Kâlène,14.55779,-17.06295,Thies,Mbour,0,,,,,,,,,,,1
2595511,Kâtialik,14.69037,-17.0841,Thies,Thies,0,,,,,,,,,,,1
2250638,Kèlé,15.2366,-14.9836,Louga,Linguere,0,,,,,,,,,,,1
2250593,Kère Ndiaye,15.80861,-16.36333,Louga,Louga,0,,,,,,,Ndiaye,Wolof,,,1
2250653,Kéboum,12.965,-16.00944,Ziguinchor,Bignona,0,,,,,,,,,,,1
2250666,Kébé,15.1861,-15.5506,Louga,Linguere,0,,,,,,,,,,,2
2250667,Kébé,14.22406,-16.05022,Kaolack,Guinguineo,0,,,,,,,,,,,2
2250665,Kébé Ansou,13.96084,-16.29268,Fatick,Foundiougne,0,,,,,,,,,,,1
2250664,Kébé Gouye,14.11789,-15.60941,Kaffrine,Birkelane,0,,,,,,,,,gouye,tree,1
2250663,Kébé Keur Badou,14.0889,-15.59428,Kaffrine,Birkelane,0,,,,,,,,,,,1
2250661,Kébé Keur Lahine,14.10474,-15.61473,Kaffrine,Birkelane,0,,,,,,,,,,,1
2250662,Kébé Khâkhâm,15.5835,-15.5643,Louga,Linguere,0,,,,,,,,,,,1
13658080,Kébé Koudé,13.9444,-16.30484,Fatick,Foundiougne,0,,,,,,,,,,,1
13658231,Kébé Mboudaye,13.9661,-16.20558,Kaolack,Kaolack,0,,,,,,,,,,,1
2250658,Kébé Ndeute,15.68333,-16.18333,Louga,Louga,0,,,,,,,,,,,1
2250656,Kébé Sam,15.75,-16.23333,Louga,Louga,0,,,,,,,,,,,2
2250657,Kébé Sam,15.66667,-16.23333,Louga,Louga,0,,,,,,,,,,,2
13658143,Kébé Walo,13.85856,-16.03833,Kaolack,Nioro Du Rip,0,,,,,,,,,,,1
13554067,Kébé Yara,14.41565,-15.69102,Kaffrine,Kaffrine,0,,,,,,,,,,,1
2250659,Kébémer,15.365,-16.4339,Louga,Kebemer,19902,,,,,,,,,,,1
2250649,Kédio,12.96667,-12.51667,Kedougou,Kedougou,0,,,,,,,,,,,1
2250650,Kédiéto,12.67639,-16.39194,Ziguinchor,Bignona,0,,,,,,,,,,,1
2250645,Kédougou,12.55561,-12.18076,Kedougou,Kedougou,30051,,,,,,,,,,,2
2250646,Kédougou,12.48333,-11.95,Kedougou,Kedougou,0,,,,,,,,,,,2
2250643,Kékokoto,13.33824,-11.66846,Kedougou,Saraya,0,,,,,,,,,,,1
2250642,Kékréti,12.68333,-12.81667,Kedougou,Salemata,0,,,,,,,,,,,1
2250641,Kél,14.61619,-17.15576,Dakar,Rufisque,0,,,,,,,,,,,1
2250640,Kél Gueye,15.5529,-16.2812,Louga,Louga,0,,,,,,,Gueye,Wolof,,,1
2250631,Kélel,15.1608,-15.5087,Louga,Linguere,0,,,,,,,,,,,3
2250632,Kélel,15.1355,-15.4419,Louga,Linguere,0,,,,,,,,,,,3
6917519,Kélel,15.17,-15.5093,Louga,Linguere,0,,,,,,,,,,,3
2250630,Kélel Diop,14.99343,-15.88034,Diourbel,Mbacke,0,,,,,,,Diop,Wolof,,,1
2250624,Kélimane,15.16667,-16.08333,Louga,Kebemer,0,,,,,,,,,,,1
6586399,Kélimbou,12.45619,-11.75095,Kedougou,Saraya,0,,,,,,,,,,,1
2250623,Kélin Boulidiaro,13.08333,-13.46667,Tambacounda,Tambacounda,0,,,,,,,,,,,1
2250618,Kéllol,15.27737,-13.1287,Matam,Kanel,0,,,,,,,,,,,1
2250619,Kélléré,15.18333,-16.2,Louga,Kebemer,0,,,,,,,,,,,1
2250633,Kélèl,14.98333,-15.88333,Diourbel,Mbacke,0,,,,,,,,,,,1
2250628,Kélèl Peul,15.0,-15.9,Louga,Kebemer,0,,,,Peul (Fulani),Kélèl,,,,,,1
2250637,Kélé,15.2282,-15.3512,Louga,Linguere,0,,,,,,,,,,,2
2250639,Kélé,14.5,-15.86667,Fatick,Gossas,0,,,,,,,,,,,2
2250634,Kélékounda,13.56667,-13.65,Tambacounda,Tambacounda,0,kounda,Mandinka,,,,,,,,,1
13554435,Kélél Mofel,14.12417,-15.7915,Kaffrine,Birkelane,0,,,,,,,,,,,1
2250627,Kéléma Kiri,12.97833,-16.03083,Ziguinchor,Bignona,0,,,,,,,,,,,1
2250626,Kélémbéli,14.67952,-16.09682,Diourbel,Diourbel,0,,,,,,,,,,,1
2250625,Kéléwtéw,14.60145,-15.91584,Diourbel,Mbacke,0,,,,,,,,,,,1
2250206,Kémaye,14.91242,-17.03441,Thies,Tivaoune,0,,,,,,,,,,,1
2250617,Kémet,14.4,-16.05,Fatick,Gossas,0,,,,,,,,,,,1
2250610,Kéniassou,12.4613,-11.85301,Kedougou,Kedougou,0,,,,,,,,,,,1
2250609,Kéniéba,14.09828,-12.0595,Tambacounda,Bakel,0,,,,,,,,,,,1
2250607,Kéniéko,13.38231,-12.05966,Tambacounda,Bakel,0,,,,,,,,,,,1
6659254,Kéniékéniébanding,13.37104,-11.87345,Kedougou,Saraya,0,,,,,,,,,,,1
2250616,Kénéba,12.93333,-13.66667,Kolda,Velingara,0,,,,,,,,,,,1
2250615,Kénéba Dimba,12.8,-14.16667,Kolda,Velingara,0,,,,,,,,,,,1
2250614,Kénéba Mballo Kounda,13.15,-13.91667,Kolda,Velingara,0,kounda,Mandinka,,,,,,,,,1
2250612,Kénéwa,12.66194,-15.38806,Sedhiou,Goudomp,0,,,,,,,,,,,1
2250603,Kérakounda,12.83444,-15.35167,Sedhiou,Goudomp,0,kounda,Mandinka,,,,,,,,,1
2250601,Kéravane,14.01667,-13.41667,Tambacounda,Goudiry,0,,,,,,,,,,,1
2250599,Kére,13.78333,-16.23333,Fatick,Foundiougne,0,,,,,,,,,,,1
2250586,Kéri,14.96333,-17.04147,Thies,Tivaoune,0,,,,,,,,,,,1
2250585,Kéri Ibromane,15.21667,-16.13333,Louga,Kebemer,0,,,,,,,,,,,1
2250584,Kéri Ndiobène,15.1,-16.58333,Thies,Tivaoune,0,,,,,,,,,,,1
2250576,Kéroual,13.91667,-15.73333,Kaolack,Kaolack,0,,,,,,,,,,,1
2250575,Kérouane,12.98139,-16.70333,Ziguinchor,Bignona,0,,,,,,,,,,,1
2250573,Kérouané,13.85,-13.53333,Tambacounda,Tambacounda,0,,,,,,,,,,,2
2250574,Kérouané,13.63333,-13.85,Tambacounda,Tambacounda,0,,,,,,,,,,,2
2250210,Kéré Mbaye,14.86432,-15.79181,Diourbel,Mbacke,0,,,,,,,Mbaye,Wolof,,,1
2250598,Kéré Ndiaga Ndaw,14.85367,-15.77702,Diourbel,Mbacke,0,,,,,,,,,,,1
2250596,Kérékounda,13.15508,-12.07424,Kedougou,Saraya,0,kounda,Mandinka,,,,,,,,,1
2250592,Kérévandialo,12.98333,-14.25,Kolda,Kolda,0,,,,,,,,,,,1
2250589,Kérévane,13.11667,-14.16667,Kolda,Velingara,0,,,,,,,,,,,3
2250590,Kérévane,12.86278,-15.2575,Sedhiou,Sedhiou,0,,,,,,,,,,,3
2250591,Kérévane,12.73333,-11.9,Kedougou,Saraya,0,,,,,,,,,,,3
2250588,Kéréwané,13.43333,-14.98333,Kolda,Medina Yoroufoula,0,,,,,,,,,,,1
6917789,Késséma,12.5655,-12.4314,Kedougou,Kedougou,0,,,,,,,,,,,1
2250569,Kétou,15.0666,-15.2607,Louga,Linguere,0,,,,,,,,,,,1
2249941,Kévar,15.2976,-15.9949,Louga,Kebemer,0,,,,,,,,,,,1
2249939,Kéwoye,12.5133,-12.7278,Kedougou,Salemata,0,,,,,,,,,,,1
13504694,Kéwré,14.93395,-16.54132,Diourbel,Bambey,0,,,,,,,,,,,1
2249940,Kéwé,12.45,-12.73333,Kedougou,Salemata,0,,,,,,,,,,,1
13658753,Kéyi Kaïmo,13.01854,-16.2503,Ziguinchor,Bignona,0,,,,,,,,,,,1
2249938,Kézé Pakane,12.91667,-13.78333,Kolda,Velingara,0,,,,,,,,,,,1
13505472,Kôté,14.77759,-16.31511,Diourbel,Diourbel,0,,,,,,,,,,,1
2249443,Laba Tiadao,15.3593,-15.7053,Louga,Linguere,0,,,,,,,,,,,1
2249444,Labat,15.5858,-14.7944,Louga,Linguere,0,,,,,,,,,,,1
2249442,Labissinti,12.5,-16.2,Ziguinchor,Ziguinchor,0,,,,,,,,,,,1
12750051,Lac Rose,14.83224,-17.23702,Dakar,Rufisque,0,,,,,,,,,,,1
13552839,Lagabèl,14.62528,-15.96834,Diourbel,Mbacke,0,,,,,,,,,,,1
2249438,Lagane,14.53333,-15.98333,Diourbel,Mbacke,0,,,,,,,,,,,1
2249437,Lagbar,15.8329,-14.8107,Louga,Linguere,0,,,,,,,,,,,1
2249436,Lagnar,14.66775,-16.33067,Diourbel,Diourbel,0,,,,,,,,,,,1
13507033,Lagnar Pokh,14.65808,-16.33073,Diourbel,Diourbel,0,,,,,,,,,,,1
6648035,Lago,14.19281,-12.2196,Tambacounda,Bakel,0,,,,,,,,,,,1
2249435,Lagordé,12.4087,-12.5628,Kedougou,Salemata,0,,,,,,,,,,,1
2249434,Lagué,14.15442,-15.37536,Kaffrine,Malem Hodar,0,,,,,,,,,,,1
2249432,Lahel,16.6323,-14.65224,Saint Louis,Podor,0,,,,,,,,,,,1
13507051,Lak,14.71772,-16.33507,Diourbel,Bambey,0,,,,,,,,,,,1
2249427,Lakanta,12.7061,-12.4209,Kedougou,Kedougou,0,,,,,,,,,,,1
2248489,Lakhar,14.5125,-16.35371,Fatick,Fatick,0,,,,,,,,,,,2
13508557,Lakhar,14.4976,-16.29977,Fatick,Fatick,0,,,,,,,,,,,2
2595453,Lakhfous,14.59748,-17.0962,Thies,Mbour,0,,,,,,,,,,,1
13504804,Lala,14.90539,-16.53981,Diourbel,Bambey,0,,,,,,,,,,,1
2249425,Lalam,14.49658,-16.66398,Thies,Mbour,0,,,,,,,,,,,1
2249424,Lalane Diokoun,14.85194,-16.8897,Thies,Thies,0,,,,,,,,,,,1
2249423,Lalli,14.11257,-12.19313,Tambacounda,Bakel,0,,,,,,,,,,,1
2249421,Laloye,14.32903,-15.94908,Kaolack,Guinguineo,0,,,,,,,,,,,1
2249403,Lam-Lam,14.90425,-16.87915,Thies,Tivaoune,0,,,,,,,,,,,1
2249419,Lama,14.11667,-13.66667,Tambacounda,Goudiry,0,,,,,,,,,,,2
13552846,Lama,14.68481,-15.90572,Diourbel,Mbacke,0,,,,,,,,,,,2
2249417,Lama Kibel,13.66667,-14.46667,Tambacounda,Koumpentoum,0,,,,,,,,,,,1
2249415,Lama Peul,13.68333,-14.48333,Tambacounda,Koumpentoum,0,,,,Peul (Fulani),Lama,,,,,,1
2249416,Lamane,14.55301,-16.1159,Diourbel,Diourbel,0,,,,,,,,,,,1
13552835,Lamb,14.62483,-15.91211,Diourbel,Mbacke,0,,,,,,,,,,,1
2249413,Lambadjé,15.65,-16.36667,Louga,Louga,0,,,,,,,,,,,1
2249412,Lambane Touré,15.31667,-16.66667,Louga,Kebemer,0,,,,,,,Touré,Mandinka,,,1
2249411,Lambane Vilane,15.3,-16.68333,Louga,Kebemer,0,,,,,,,,,,,1
2249410,Lambango,15.46667,-13.53333,Matam,Matam,0,,,,,,,,,,,1
2249391,Lambanèm,14.50962,-16.45873,Fatick,Fatick,0,,,,,,,,,,,1
2249408,Lambatara,13.2,-14.26667,Kolda,Velingara,0,,,,,,,,,,,1
2249406,Lambaye,14.8042,-16.53298,Diourbel,Bambey,0,,,,,,,,,,,3
2249407,Lambaye,14.02955,-16.33521,Fatick,Foundiougne,0,,,,,,,,,,,3
2251575,Lambaye,14.44748,-15.6498,Kaffrine,Kaffrine,0,,,,,,,,,,,3
2249390,Lambayène,14.56077,-16.63212,Thies,Mbour,0,,,,,,,,,,,1
13508983,Lambokhé,14.34573,-16.06895,Kaolack,Guinguineo,0,,,,,,,,,,,1
2249405,Lamina,13.60549,-12.02635,Tambacounda,Bakel,0,,,,,,,,,,,1
2249404,Laminia,12.6407,-12.1099,Kedougou,Kedougou,0,,,,,,,,,,,1
2249400,Lamouèye,13.18333,-13.46667,Tambacounda,Tambacounda,0,,,,,,,,,,,1
2249399,Lamoye,13.31667,-14.78333,Kolda,Medina Yoroufoula,0,,,,,,,,,,,1
2249397,Lamoye Badara,13.83333,-13.45,Tambacounda,Tambacounda,0,,,,,,,,,,,1
2249398,Lamoyé Ali Diogoma,13.31667,-14.76667,Kolda,Medina Yoroufoula,0,,,,,,,,,,,1
2249396,Lampado,15.6635,-15.9619,Louga,Louga,0,,,,,,,,,,,1
2249395,Lampsar,16.1075,-16.34528,Saint Louis,Saint Louis,0,,,,,,,,,,,1
2249393,Lamsar,14.88781,-16.49632,Diourbel,Bambey,0,,,,,,,,,,,1
2596018,Lamsar Peul,16.10222,-16.3325,Saint Louis,Saint Louis,0,,,,Peul (Fulani),Lamsar,,,,,,1
2249388,Landang,14.38343,-15.88983,Fatick,Gossas,0,,,,,,,,,,,1
2249386,Landiéni,12.5555,-12.3681,Kedougou,Kedougou,0,,,,,,,,,,,1
2249439,Landongol,14.62876,-15.94859,Diourbel,Mbacke,0,,,,,,,,,,,1
2595516,Landou,14.71953,-17.08351,Thies,Thies,0,,,,,,,,,,,1
2249387,Landé Baytil,12.5505,-12.4026,Kedougou,Kedougou,0,,,,,,,,,,,1
2249382,Langar Deun,14.81473,-16.40886,Diourbel,Bambey,0,,,,,,,,,,,1
2249383,Langar Pèye,14.84297,-16.45379,Diourbel,Bambey,0,,,,,,,,,,,1
2249380,Langomak,14.53745,-16.56867,Thies,Mbour,0,,,,,,,,,,,1
13552818,Langsar,14.55685,-15.76724,Fatick,Gossas,0,,,,,,,,,,,1
13508549,Languèm,14.458,-16.38392,Fatick,Fatick,0,,,,,,,,,,,1
2249378,Languène,14.43333,-16.36667,Fatick,Fatick,0,,,,,,,,,,,1
2249377,Lanpour,14.0,-14.63333,Kaffrine,Koungheul,0,,,,,,,,,,,1
2249376,Lanta,14.07062,-15.58804,Kaffrine,Birkelane,0,,,,,,,,,,,1
2249384,Lanène,14.36225,-15.38104,Kaffrine,Kaffrine,0,,,,,,,,,,,1
2249372,Larédji,13.6,-13.61667,Tambacounda,Tambacounda,0,,,,,,,,,,,1
13617457,Lathew,15.8171,-16.51946,Louga,Louga,0,,,,,,,,,,,1
2249371,Lati,12.5175,-16.03333,Ziguinchor,Ziguinchor,0,,,,,,,,,,,1
2249367,Latmingué,14.06972,-15.93311,Kaolack,Kaolack,0,,,,,,,,,,,1
2249363,Lavassor,15.2,-16.48333,Thies,Tivaoune,0,,,,,,,,,,,1
13505357,Lawbé,14.91621,-16.27259,Diourbel,Diourbel,0,,,,,,,,,,,1
13505560,Lawniandé,14.94937,-16.04912,Diourbel,Mbacke,0,,,,,,,,,,,1
2249362,Layabe,14.84919,-16.17696,Diourbel,Diourbel,0,,,,,,,,,,,1
2249361,Layam,14.73333,-16.28333,Diourbel,Diourbel,0,,,,,,,,,,,1
2249360,Laye,15.61667,-16.18333,Louga,Louga,0,,,,,,,,,,,1
13554063,Layi,14.28187,-15.58726,Kaffrine,Kaffrine,0,,,,,,,,,,,1
2249359,Layène,14.47487,-16.10031,Fatick,Gossas,0,,,,,,,,,,,2
2595709,Layène,14.76064,-17.46466,Dakar,Dakar,0,,,,,,,,,,,2
2249358,Layène Korédia,13.81667,-15.9,Kaolack,Nioro Du Rip,0,,,,,,,,,,,1
2249357,Layéyana,15.4,-16.05,Louga,Louga,0,,,,,,,,,,,1
2595758,Le Plateau,14.66222,-17.43972,Dakar,Dakar,34713,,,,,,,,,,,1
2249352,Leboudi,16.63471,-14.71838,Saint Louis,Podor,0,,,,,,,,,,,1
2249349,Leclerc,14.73333,-17.45,Dakar,Dakar,0,,,,,,,,,,,1
2249347,Lefeu,13.04701,-16.13288,Ziguinchor,Bignona,0,,,,,,,,,,,1
2249334,Lemdou,15.63333,-16.05,Louga,Louga,0,,,,,,,,,,,1
2249329,Lenguédié,13.18333,-14.36667,Kolda,Medina Yoroufoula,0,,,,,,,,,,,1
6917781,Lenguékoto,12.6908,-12.7863,Kedougou,Salemata,0,,,,,,,,,,,1
2595699,Les Almadies,14.74475,-17.52568,Dakar,Dakar,0,,,,,,,,,,,1
2249343,Leïbar,15.98472,-16.46972,Saint Louis,Saint Louis,0,,,,,,,,,,,1
2249290,Li Kounda,13.33333,-15.5,Sedhiou,Bounkiling,0,kounda,Mandinka,,,,,,,,,1
2249297,Liane,15.7975,-14.2857,Saint Louis,Podor,0,,,,,,,,,,,1
2249289,Likounda,13.78333,-13.83333,Tambacounda,Tambacounda,0,kounda,Mandinka,,,,,,,,,1
13509073,Likèm,14.25323,-16.09551,Kaolack,Guinguineo,0,,,,,,,,,,,1
2249292,Likéringto,12.86667,-14.61667,Kolda,Kolda,0,,,,,,,,,,,1
2249287,Limane,12.5075,-15.63139,Sedhiou,Goudomp,0,,,,,,,,,,,2
13658038,Limane,13.87726,-16.38763,Fatick,Foundiougne,0,,,,,,,,,,,2
2249273,Lindé,15.1527,-15.1401,Louga,Linguere,0,,,,,,,,,,,1
2249285,Lingokoto,13.14053,-11.50849,Kedougou,Saraya,0,,,,,,,,,,,1
2249281,Linguère,15.3953,-15.1193,Louga,Linguere,19191,,,,,,,,,,,1
2249284,Linguédié Ngotam,13.28333,-14.78333,Kolda,Medina Yoroufoula,0,,,,,,,,,,,1
2249278,Linguéyel,13.11667,-13.68333,Kolda,Velingara,0,,,,,,,,,,,2
2249279,Linguéyel,12.68333,-14.45,Kolda,Kolda,0,,,,,,,,,,,2
2249264,Linkering,12.95,-13.75,Kolda,Velingara,0,,,,,,,,,,,1
2249276,Linkiéto,12.70639,-15.81083,Sedhiou,Sedhiou,0,,,,,,,,,,,1
2249271,Linkolé,14.1697,-12.60202,Tambacounda,Goudiry,0,,,,,,,,,,,1
2249270,Linkoné,14.07104,-12.57164,Tambacounda,Goudiry,0,,,,,,,,,,,1
2249277,Linkédian,13.13333,-15.16667,Kolda,Medina Yoroufoula,0,,,,,,,,,,,1
2249272,Linndiane,14.18333,-16.16667,Kaolack,Kaolack,0,,,,,,,,,,,1
2249274,Linndé,14.65,-15.96667,Diourbel,Mbacke,0,,,,,,,,,,,1
2249269,Linnguéoual,12.93333,-13.78333,Kolda,Velingara,0,,,,,,,,,,,1
2249268,Linnguéwal,12.88333,-14.06667,Kolda,Velingara,0,,,,,,,,,,,1
2249267,Linnguéwal Tobo,12.76667,-14.3,Kolda,Kolda,0,,,,,,,,,,,1
2249265,Linnkéring,12.96667,-14.3,Kolda,Kolda,0,,,,,,,,,,,2
2249266,Linnkéring,12.68333,-14.9,Kolda,Kolda,0,,,,,,,,,,,2
2249263,Liou,15.76667,-13.66667,Matam,Matam,0,,,,,,,,,,,1
6647967,Lista,14.95542,-12.92553,Matam,Kanel,0,,,,,,,,,,,1
2249261,Lite,15.81667,-16.46667,Louga,Louga,0,,,,,,,,,,,1
2249259,Lobali,15.17573,-12.79619,Matam,Kanel,0,,,,,,,,,,,1
2249258,Lobor Ngoko,15.08333,-16.91667,Thies,Tivaoune,0,,,,,,,,,,,1
13504779,Lobét,14.78887,-16.54412,Diourbel,Bambey,0,,,,,,,,,,,1
2249255,Lofé,14.35,-14.06667,Tambacounda,Koumpentoum,0,,,,,,,,,,,1
13508584,Logdir,14.49091,-16.48474,Fatick,Fatick,0,,,,,,,,,,,1
13658202,Lohine,13.80536,-16.12035,Kaolack,Nioro Du Rip,0,,,,,,,,,,,1
2249253,Lohène,13.66667,-15.51667,Kaolack,Nioro Du Rip,0,,,,,,,,,,,2
13658130,Lohène,13.87677,-16.15798,Kaolack,Kaolack,0,,,,,,,,,,,2
2249249,Lol Lol Peul,15.115,-15.2589,Louga,Linguere,0,,,,Peul (Fulani),Lol Lol,,,,,,1
2249389,Lombél,12.44402,-11.99629,Kedougou,Kedougou,0,,,,,,,,,,,1
2249248,Lompoul,15.428,-16.7199,Louga,Kebemer,0,,,,,,,,,,,1
13505542,Lomène,14.83567,-16.13515,Diourbel,Diourbel,0,,,,,,,,,,,1
2249246,Lonbi,14.14585,-12.28751,Tambacounda,Bakel,0,,,,,,,,,,,1
2249245,Lonbol,14.72433,-12.55435,Tambacounda,Bakel,0,,,,,,,,,,,1
2249244,Longkane,13.91667,-15.56667,Kaffrine,Birkelane,0,,,,,,,,,,,1
2249243,Longor,15.68333,-16.48333,Louga,Louga,0,,,,,,,,,,,1
2249239,Lordodj,15.4375,-15.4397,Louga,Linguere,0,,,,,,,,,,,1
2249238,Lordouga,14.84074,-12.99937,Matam,Kanel,0,,,,,,,,,,,1
13507224,Lorfi,14.60621,-16.07403,Diourbel,Diourbel,0,,,,,,,,,,,1
2249237,Loridji,14.23046,-12.91488,Tambacounda,Goudiry,0,,,,,,,,,,,1
2249236,Loro,15.28333,-16.1,Louga,Kebemer,0,,,,,,,,,,,1
2595495,Los,14.67515,-17.11571,Thies,Mbour,0,,,,,,,,,,,2
2595626,Los,14.70144,-17.16064,Dakar,Rufisque,0,,,,,,,,,,,2
2595636,Lossa,14.71483,-17.15542,Dakar,Rufisque,0,,,,,,,,,,,1
2249232,Lotoké,15.41977,-13.35232,Matam,Matam,0,,,,,,,,,,,1
2249235,Lotye Diamboye,15.2899,-15.8799,Louga,Kebemer,0,,,,,,,,,,,1
2249234,Loté,15.73333,-16.05,Louga,Louga,0,,,,,,,,,,,1
13554111,Louango Pâfa,14.29957,-15.07945,Kaffrine,Malem Hodar,0,,,,,,,,,,,1
2249230,Louba,13.85,-15.53333,Kaffrine,Kaffrine,0,,,,,,,,,,,1
2249257,Loubougal,14.79575,-12.82067,Matam,Kanel,0,,,,,,,,,,,1
2249226,Loudia Diola,12.53389,-16.60361,Ziguinchor,Oussouye,0,,,,Diola (Jola),Loudia,,,,,,1
2249225,Loudia Ouolof,12.51361,-16.60333,Ziguinchor,Oussouye,0,,,,Wolof,Loudia,,,,,,1
2595459,Louf,14.60738,-17.09121,Thies,Mbour,0,,,,,,,,,,,1
2249222,Louga,15.61867,-16.22436,Louga,Louga,113365,,,,,,,,,,,1
13553615,Lougane,14.52231,-15.18982,Kaffrine,Malem Hodar,0,,,,,,,,,,,1
2249220,Lougayama,14.53333,-14.66667,Kaffrine,Koungheul,0,,,,,,,,,,,1
6646781,Louggué Foulbé,16.05895,-13.92172,Saint Louis,Podor,0,,,,,,,,,,,1
2249195,Louggué Sébbé,16.05829,-13.92361,Saint Louis,Podor,0,,,,,,,,,,,1
2249216,Louggué Tiékodié,14.66667,-13.98333,Matam,Ranerou,0,,,,,,,,,,,1
2249194,Louggué Tôrobbé,16.05669,-13.92272,Saint Louis,Podor,0,,,,,,,,,,,1
2249214,Lougol,14.15636,-15.72205,Kaffrine,Birkelane,0,,,,,,,,,,,1
2249213,Lougou-Fourodi,16.51161,-14.99816,Saint Louis,Podor,0,,,,,,,,,,,1
2249212,Lougoul,14.95096,-16.07374,Diourbel,Mbacke,0,,,,,,,,,,,1
2249211,Lougoundo,13.45767,-12.44305,Tambacounda,Goudiry,0,,,,,,,,,,,1
2249210,Lougré,15.1557,-15.913,Louga,Kebemer,0,,,,,,,,,,,1
2249193,Lougui Ouolof,15.6047,-15.9616,Louga,Louga,0,,,,Wolof,Lougui,,,,,,1
2249241,Lougui Peul,15.6158,-15.949,Louga,Louga,0,,,,Peul (Fulani),Lougui,,,,,,1
2249207,Lougué,14.08348,-15.53732,Kaffrine,Kaffrine,0,,,,,,,,,,,3
2249208,Lougué,14.06973,-12.94262,Tambacounda,Goudiry,0,,,,,,,,,,,3
2249209,Lougué,13.78333,-15.76667,Kaolack,Nioro Du Rip,0,,,,,,,,,,,3
2249219,Lougué Nodi,14.70967,-12.97105,Matam,Kanel,0,,,,,,,,,,,1
2249205,Louguéniani,12.4604,-12.5572,Kedougou,Salemata,0,,,,,,,,,,,1
2249201,Louguéré Baba,16.61049,-14.77536,Saint Louis,Podor,0,,,,,,,,,,,2
2249202,Louguéré Baba,15.01667,-13.55,Matam,Kanel,0,,,,,,,,,,,2
2249196,Louguéré Mbaba,15.7272,-14.4282,Saint Louis,Podor,0,,,,,,,,,,,1
2249218,Louguéré Tioli,15.559,-14.6186,Matam,Ranerou,0,,,,,,,,,,,1
2249080,Loukhous,14.90829,-16.99902,Thies,Tivaoune,0,,,,,,,,,,,1
2245711,Louki Séane,14.2578,-16.02839,Kaolack,Guinguineo,0,,,,,,,,,,,1
13507266,Loukouk,14.56401,-16.21761,Fatick,Fatick,0,,,,,,,,,,,1
2249192,Loukoukou,14.31897,-16.52713,Fatick,Fatick,0,,,,,,,,,,,1
13507467,Loul Mboudaye,14.33577,-16.62755,Fatick,Fatick,0,,,,,,,,,,,1
13507460,Loul Ndiodione,14.33327,-16.60388,Fatick,Fatick,0,,,,,,,,,,,1
2249187,Loul Ndour Ndour,14.34069,-16.5968,Fatick,Fatick,0,,,,,,,Ndour,Sérèr,,,1
13507447,Loul Sob,14.34478,-16.60727,Fatick,Fatick,0,,,,,,,,,,,1
2249185,Loul Séssène,14.31507,-16.60877,Fatick,Fatick,0,,,,,,,,,,,1
2249340,Louldé,14.81549,-15.47782,Diourbel,Mbacke,0,,,,,,,,,,,1
13507349,Louli Bèntégné,14.43218,-16.86874,Thies,Mbour,0,,,,,,,,,,,1
2249189,Louli Mbafaye,14.44655,-16.86209,Thies,Mbour,0,,,,,,,,,,,1
2249188,Louli Mboudaye,14.41667,-16.85,Thies,Mbour,0,,,,,,,,,,,1
2249186,Louli Ndia,14.44022,-16.82715,Thies,Mbour,0,,,,,,,,,,,1
2249190,Louli Ngogom,14.44212,-16.83787,Thies,Mbour,0,,,,,,,,,,,1
13507321,Louli Sindiane,14.44541,-16.88229,Thies,Mbour,0,,,,,,,,,,,1
13504808,Louloup,14.75638,-16.56859,Diourbel,Bambey,0,,,,,,,,,,,1
13507355,Loulu Gal,14.46254,-16.83458,Thies,Mbour,0,,,,,,,,,,,1
2249091,Loum Ferbé,16.29331,-14.36819,Saint Louis,Podor,0,,,,,,,,,,,1
2249184,Loumatir,14.57275,-16.7066,Thies,Mbour,0,,,,,,,,,,,1
2249117,Loumbal,16.01009,-13.82615,Matam,Matam,0,,,,,,,,,,,2
2249176,Loumbal,15.3883,-15.5055,Louga,Linguere,0,,,,,,,,,,,2
13551638,Loumbal Manga,14.81999,-15.36427,Louga,Linguere,0,,,,,,,Manga,Diola,,,1
2249175,Loumbel,15.704,-15.8413,Louga,Louga,0,loumbel,Pulaar,,,,,,,,,3
2249177,Loumbel,15.25451,-14.8967,Louga,Linguere,0,loumbel,Pulaar,,,,,,,,,3
2249178,Loumbel,15.1295,-15.6646,Louga,Linguere,0,loumbel,Pulaar,,,,,,,,,3
2249172,Loumbel Bassinaré,15.276,-15.8225,Louga,Kebemer,0,loumbel,Pulaar,,,,,,,,,1
2249173,Loumbel Bissinabé,15.9949,-15.7683,Louga,Louga,0,loumbel,Pulaar,,,,,,,,,1
2249171,Loumbel Boki,15.0469,-15.9056,Louga,Kebemer,0,loumbel,Pulaar,,,,,,,,,1
2249168,Loumbel Djibi,15.8435,-14.6567,Louga,Linguere,0,loumbel,Pulaar,,,,,,,,,1
2249166,Loumbel Douki,15.3994,-15.5802,Louga,Linguere,0,loumbel,Pulaar,,,,,,,,,1
2249146,Loumbel Déba,15.9302,-15.0208,Louga,Linguere,0,loumbel,Pulaar,,,,,,,,,1
2249164,Loumbel Gaoudi,15.4495,-15.5489,Louga,Linguere,0,loumbel,Pulaar,,,,,,,,,1
2249160,Loumbel Koral,15.3572,-15.628,Louga,Linguere,0,loumbel,Pulaar,,,,,,,,,1
2249159,Loumbel Ladé,15.0708,-15.8828,Louga,Kebemer,0,loumbel,Pulaar,,,,,,,,,1
2249158,Loumbel Lana,15.2653,-14.7287,Louga,Linguere,0,loumbel,Pulaar,,,,,,,,,1
2249157,Loumbel Mbatma,15.8401,-14.5026,Saint Louis,Podor,0,loumbel,Pulaar,,,,,,,,,1
2249152,Loumbel Saye,14.6,-16.06667,Diourbel,Diourbel,0,loumbel,Pulaar,,,,,,,,,1
2249151,Loumbel Saye Koye,15.0983,-15.7025,Louga,Linguere,0,loumbel,Pulaar,,,,,,,,,1
2249149,Loumbel Tédou,15.4375,-15.6215,Louga,Linguere,0,loumbel,Pulaar,,,,,,,,,1
2249143,Loumbi,15.7755,-15.757,Louga,Louga,0,loumbel,Pulaar,,,,,,,,,5
2249144,Loumbi,15.75,-13.9,Matam,Matam,0,loumbel,Pulaar,,,,,,,,,5
2249145,Loumbi,14.45,-14.25,Tambacounda,Koumpentoum,0,loumbel,Pulaar,,,,,,,,,5
2249247,Loumbi,14.12674,-12.72632,Tambacounda,Goudiry,0,loumbel,Pulaar,,,,,,,,,5
6917505,Loumbi,15.6112,-15.1172,Louga,Linguere,0,loumbel,Pulaar,,,,,,,,,5
2249139,Loumbi Abobé,14.71667,-14.6,Matam,Ranerou,0,loumbel,Pulaar,,,,,,,,,1
2249138,Loumbi Arabobé,15.8654,-15.5014,Louga,Linguere,0,loumbel,Pulaar,,,,,,,,,1
2249135,Loumbi Diabi,15.9311,-15.4639,Louga,Linguere,0,loumbel,Pulaar,,,,,,,,,1
13553466,Loumbi Diawéli,14.51519,-15.66766,Fatick,Gossas,0,loumbel,Pulaar,,,,,,,,,1
2249133,Loumbi Diénguel,15.9774,-14.2559,Saint Louis,Podor,0,loumbel,Pulaar,,,,,,,,,1
2249131,Loumbi Guido,15.8725,-14.6334,Louga,Linguere,0,loumbel,Pulaar,,,,,,,,,1
2249128,Loumbi Nialbi,15.2,-13.8,Matam,Ranerou,0,loumbel,Pulaar,,,,,,,,,1
6648009,Loumbi Sadio,14.06395,-12.76704,Tambacounda,Goudiry,0,loumbel,Pulaar,,,,,,,,,1
2249129,Loumbi-Laoubé,15.4585,-15.815,Louga,Louga,0,loumbel,Pulaar,,,,,,,,,1
2249127,Loumbinol,15.3941,-14.6653,Matam,Ranerou,0,,,,,,,,,,,1
2249123,Loumbodo Fodji,15.3683,-15.9156,Louga,Kebemer,0,,,,,,,,,,,1
2249118,Loumbol,15.88333,-16.01667,Louga,Louga,0,,,,,,,,,,,4
2249119,Loumbol,15.31667,-13.73333,Matam,Ranerou,0,,,,,,,,,,,4
2249120,Loumbol,14.43333,-14.98333,Kaffrine,Koungheul,0,,,,,,,,,,,4
2249121,Loumbol,14.4,-14.6,Tambacounda,Koumpentoum,0,,,,,,,,,,,4
2249116,Loumbol Alessek,14.31667,-14.51667,Tambacounda,Koumpentoum,0,,,,,,,,,,,1
2249115,Loumbol Amar,15.51667,-13.63333,Matam,Matam,0,,,,,,,,,,,1
2249113,Loumbol Baraguel,14.91117,-15.56442,Louga,Linguere,0,,,,,,,,,,,1
6647975,Loumboul Tobito,14.76531,-12.58117,Tambacounda,Bakel,0,,,,,,,,,,,1
13551954,Loumbèl Doki,14.85522,-15.14709,Louga,Linguere,0,loumbel,Pulaar,,,,,,,,,1
2249180,Loumbé Sayé Sérèr,14.67112,-15.98398,Diourbel,Mbacke,0,,,,Sérèr,Loumbé Sayé,,,,,,1
2249161,Loumbél Kéli,14.38621,-16.06065,Fatick,Gossas,0,loumbel,Pulaar,,,,,,,,,1
13509052,Loumbél Mbaye,14.40602,-16.0658,Fatick,Gossas,0,loumbel,Pulaar,,,,,Mbaye,Wolof,,,1
13507273,Loumbél Tiaw,14.59945,-16.08858,Diourbel,Diourbel,0,loumbel,Pulaar,,,,,,,,,1
2249147,Loumbéoro,15.9097,-15.0563,Louga,Linguere,0,,,,,,,,,,,1
2249093,Loumène,15.0884,-15.8914,Louga,Kebemer,0,,,,,,,,,,,6
2249094,Loumène,14.9692,-15.92341,Diourbel,Mbacke,0,,,,,,,,,,,6
2249095,Loumène,14.05905,-15.59827,Kaffrine,Birkelane,0,,,,,,,,,,,6
2251336,Loumène,14.82434,-16.20368,Diourbel,Diourbel,0,,,,,,,,,,,6
13552842,Loumène,14.55777,-15.92287,Diourbel,Mbacke,0,,,,,,,,,,,6
13657997,Loumène,13.9538,-16.25025,Fatick,Foundiougne,0,,,,,,,,,,,6
13658138,Loumène Massar,13.88903,-16.07571,Kaolack,Kaolack,0,,,,,,,,,,,1
2249092,Louméne,15.4906,-15.9447,Louga,Louga,0,,,,,,,,,,,1
2249086,Lountyi,13.83333,-13.03333,Tambacounda,Goudiry,0,,,,,,,,,,,1
2249084,Lour Escale,14.21667,-14.73333,Kaffrine,Koungheul,0,,,,,,,,,,,1
2249083,Lour Gaodé,15.8938,-14.0534,Saint Louis,Podor,0,,,,,,,,,,,1
2249082,Lour Harao,15.9155,-14.0555,Saint Louis,Podor,0,,,,,,,,,,,1
2249081,Lour Ouolof,15.9458,-14.0287,Saint Louis,Podor,0,,,,Wolof,Lour,,,,,,1
2249079,Loyène,15.48333,-16.33333,Louga,Kebemer,0,,,,,,,,,,,4
13505480,Loyène,14.84084,-16.4301,Diourbel,Bambey,0,,,,,,,,,,,4
13505516,Loyène,14.76776,-16.176,Diourbel,Diourbel,0,,,,,,,,,,,4
13554688,Loyène,14.22914,-15.01002,Kaffrine,Koungheul,0,,,,,,,,,,,4
2249078,Loyène Bar,15.21667,-16.5,Thies,Tivaoune,0,,,,,,,,,,,1
2249077,Loyène Niérou,15.26667,-16.51667,Thies,Tivaoune,0,,,,,,,,,,,1
2251088,Lyndiane,14.18332,-16.13867,Kaolack,Kaolack,0,,,,,,,,,,,2
6586401,Lyndiane,12.46944,-11.90028,Kedougou,Kedougou,0,,,,,,,,,,,2
2249445,Lâ,14.76667,-15.98333,Diourbel,Mbacke,0,,,,,,,,,,,1
2249414,Lâmaram Badiane,13.9516,-16.06944,Kaolack,Kaolack,0,,,,,,,,,,,1
2249344,Lègui,15.6257,-13.35918,Matam,Matam,0,,,,,,,,,,,1
2595520,Lène,14.72333,-17.05333,Thies,Thies,0,,,,,,,,,,,1
2595413,Lèro,14.53639,-17.06222,Thies,Mbour,0,,,,,,,,,,,4
2595417,Lèro,14.53944,-17.06083,Thies,Mbour,0,,,,,,,,,,,4
2595435,Lèro,14.55444,-17.0607,Thies,Mbour,0,,,,,,,,,,,4
2595593,Lèro,14.63723,-17.12741,Thies,Mbour,0,,,,,,,,,,,4
2249355,Léba,13.53333,-15.16667,Kolda,Medina Yoroufoula,0,,,,,,,,,,,1
2249353,Lébaré Tianniéto,12.685,-12.8561,Kedougou,Salemata,0,,,,,,,,,,,1
2249351,Léboudou Doué,16.65,-15.06667,,,0,,,,,,,,,,,1
6659162,Léfakho,13.18327,-11.9321,Kedougou,Saraya,0,,,,,,,,,,,1
2249348,Léféllo,12.3499,-12.2561,Kedougou,Kedougou,0,,,,,,,,,,,1
2249346,Légnanène,15.6489,-15.9595,Louga,Louga,0,,,,,,,,,,,1
2249345,Léguèt,15.53333,-16.2,Louga,Louga,0,,,,,,,,,,,1
2249341,Léla,12.9,-13.95,Kolda,Velingara,0,,,,,,,,,,,2
2595606,Léla,14.64357,-17.179,Dakar,Rufisque,0,,,,,,,,,,,2
2595532,Lélo Ouolof,14.74677,-17.066,Thies,Thies,0,,,,Wolof,Lélo,,,,,,1
2595528,Lélo Sérèr,14.74901,-17.06275,Thies,Thies,0,,,,Sérèr,Lélo,,,,,,1
2249337,Lélou,12.46667,-11.4,Kedougou,Saraya,0,,,,,,,,,,,1
2249328,Lénguéto,12.78333,-14.75,Kolda,Kolda,0,,,,,,,,,,,1
2249327,Lénkéring,12.96667,-13.76667,Kolda,Velingara,0,,,,,,,,,,,1
2249326,Léoba,13.54221,-12.0474,Tambacounda,Bakel,0,,,,,,,,,,,1
2249321,Léona,16.06056,-16.255,Saint Louis,Dagana,0,,,,,,,,,,,7
2249322,Léona,15.15,-16.75,Thies,Tivaoune,0,,,,,,,,,,,7
2249323,Léona,15.11667,-16.21667,Louga,Kebemer,0,,,,,,,,,,,7
2249324,Léona,14.21013,-16.74507,Thies,Mbour,0,,,,,,,,,,,7
2249325,Léona,13.8,-15.53333,Kaolack,Nioro Du Rip,0,,,,,,,,,,,7
2595998,Léona,16.01722,-16.4975,Saint Louis,Saint Louis,0,,,,,,,,,,,7
13504558,Léona,14.762,-16.90818,Thies,Thies,0,,,,,,,,,,,7
2249320,Léona Ndiaye,15.715,-16.4573,Louga,Louga,0,,,,,,,Ndiaye,Wolof,,,1
2595465,Léra,14.62606,-17.10348,Thies,Mbour,0,,,,,,,,,,,1
2249318,Lérabé,16.51893,-14.71393,Saint Louis,Podor,0,,,,,,,,,,,1
2249317,Lérane Koli,13.96918,-16.39223,Fatick,Foundiougne,0,,,,,,,,,,,1
2249316,Lérane Sambou,13.9405,-16.38694,Fatick,Foundiougne,0,,,,,,,,,,,1
2249312,Lérovalo,13.15,-14.06667,Kolda,Velingara,0,,,,,,,,,,,1
2249313,Lérène,14.6,-16.33333,Diourbel,Diourbel,0,,,,,,,,,,,1
2249342,Lésféllo,12.4459,-12.0248,Kedougou,Kedougou,0,,,,,,,,,,,1
2249310,Léti Kobra,15.376,-15.4414,Louga,Linguere,0,,,,,,,,,,,1
2249304,Lévé Ngaou,15.2322,-14.8602,Louga,Linguere,0,,,,,,,,,,,1
2249298,Lévé Pobi,16.43334,-14.84759,Saint Louis,Podor,0,,,,,,,,,,,1
2249307,Léwa Diafoulbé,14.29504,-12.70812,Tambacounda,Goudiry,0,,,,,,,,,,,1
6647988,Léwa Diawandélé,14.29992,-12.70023,Tambacounda,Goudiry,0,,,,,,,,,,,1
2249260,Léwé,14.21121,-15.68845,Kaffrine,Birkelane,0,,,,,,,,,,,3
2249305,Léwé,14.62682,-15.62473,Fatick,Gossas,0,,,,,,,,,,,3
2249306,Léwé,14.32287,-15.28244,Kaffrine,Malem Hodar,0,,,,,,,,,,,3
6644083,Léwé Damga,15.47933,-13.2185,Matam,Matam,0,,,,,,,,,,,1
6644084,Léwé Nguenar,15.4792,-13.22345,Matam,Matam,0,,,,,,,,,,,1
2249299,Léyène,15.08333,-16.46667,Thies,Tivaoune,0,,,,,,,,,,,3
2249300,Léyène,14.739,-15.84919,Diourbel,Mbacke,0,,,,,,,,,,,3
2249301,Léyène,13.73333,-15.7,Kaolack,Nioro Du Rip,0,,,,,,,,,,,3
2249252,Lôyène,15.692,-15.9665,Louga,Louga,0,,,,,,,,,,,2
13505461,Lôyène,14.9158,-16.47703,Diourbel,Bambey,0,,,,,,,,,,,2
2249076,Mabo,13.91667,-15.68333,Kaffrine,Birkelane,0,,,,,,,,,,,1
2249075,Madayana,15.80194,-16.43417,Louga,Louga,0,,,,,,,,,,,1
13554030,Madia,14.28425,-15.82104,Kaolack,Guinguineo,0,,,,,,,,,,,1
2249070,Madiali,13.5,-13.56667,Tambacounda,Tambacounda,0,,,,,,,,,,,1
2249069,Madianké,13.25,-14.95,Kolda,Medina Yoroufoula,0,,,,,,,,,,,1
2249066,Madifatouma,13.57776,-12.88486,Tambacounda,Goudiry,0,,,,,,,,,,,1
2248444,Madina,14.72306,-15.82945,Diourbel,Mbacke,0,medina,Arabic>Wolof,madina,,,,,,,,14
2249053,Madina,15.25,-13.9,Matam,Ranerou,0,medina,Arabic>Wolof,madina,,,,,,,,14
2249055,Madina,13.98333,-14.95,Kaffrine,Koungheul,0,medina,Arabic>Wolof,madina,,,,,,,,14
2249056,Madina,13.98333,-14.53333,Tambacounda,Koumpentoum,0,medina,Arabic>Wolof,madina,,,,,,,,14
2249057,Madina,13.86667,-13.53333,Tambacounda,Goudiry,0,medina,Arabic>Wolof,madina,,,,,,,,14
2249058,Madina,13.31667,-15.75,Sedhiou,Bounkiling,0,medina,Arabic>Wolof,madina,,,,,,,,14
2249059,Madina,13.16969,-11.789,Kedougou,Saraya,0,medina,Arabic>Wolof,madina,,,,,,,,14
2249060,Madina,13.05,-14.28333,Kolda,Velingara,0,medina,Arabic>Wolof,madina,,,,,,,,14
2249061,Madina,12.76417,-15.22611,Sedhiou,Goudomp,0,medina,Arabic>Wolof,madina,,,,,,,,14
2249062,Madina,12.69694,-15.845,Sedhiou,Sedhiou,0,medina,Arabic>Wolof,madina,,,,,,,,14
2249063,Madina,12.62472,-15.68139,Sedhiou,Sedhiou,0,medina,Arabic>Wolof,madina,,,,,,,,14
2249064,Madina,12.50972,-16.03528,Ziguinchor,Ziguinchor,0,medina,Arabic>Wolof,madina,,,,,,,,14
2249065,Madina,12.51667,-15.78333,Sedhiou,Goudomp,0,medina,Arabic>Wolof,madina,,,,,,,,14
13509084,Madina,14.17331,-16.77225,Thies,Mbour,0,medina,Arabic>Wolof,madina,,,,,,,,14
2249051,Madina Abdou,12.86667,-14.58333,Kolda,Kolda,0,medina,Arabic>Wolof,madina,,,,,,,,1
2249050,Madina Alfa,13.26667,-14.61667,Kolda,Medina Yoroufoula,0,medina,Arabic>Wolof,madina,,,,,,,,1
2249048,Madina Amadi Sédi,14.22967,-12.76672,Tambacounda,Goudiry,0,medina,Arabic>Wolof,madina,,,,,,,,1
2249049,Madina Amadé Malik,13.95,-13.51667,Tambacounda,Goudiry,0,medina,Arabic>Wolof,madina,,,,,,,,1
6917778,Madina Arsas,12.6274,-12.8743,Kedougou,Salemata,0,medina,Arabic>Wolof,madina,,,,,,,,1
2248446,Madina Babou,14.00427,-15.83564,Kaolack,Kaolack,0,medina,Arabic>Wolof,madina,,,,,,,,1
13658001,Madina Bacar Sar,13.77556,-16.43398,Fatick,Foundiougne,0,medina,Arabic>Wolof,madina,,,,Sar,Wolof,,,1
2249047,Madina Bafé,12.49656,-11.52883,Kedougou,Saraya,0,medina,Arabic>Wolof,madina,,,,,,,,1
2249046,Madina Bayène,13.31667,-14.71667,Kolda,Medina Yoroufoula,0,medina,Arabic>Wolof,madina,,,,,,,,1
2249045,Madina Beye,15.28333,-16.68333,Louga,Kebemer,0,medina,Arabic>Wolof,madina,,,,,,,,1
2249044,Madina Birane,13.38333,-14.8,Kolda,Medina Yoroufoula,0,medina,Arabic>Wolof,madina,,,,,,,,1
2249043,Madina Boïdo Kamara,13.2,-14.98333,Kolda,Medina Yoroufoula,0,medina,Arabic>Wolof,madina,,,,,,,,1
13658726,Madina Daffé,13.1175,-16.63586,Ziguinchor,Bignona,0,medina,Arabic>Wolof,madina,,,,,,,,1
2249042,Madina Dahaba,13.43333,-14.96667,Kolda,Medina Yoroufoula,0,medina,Arabic>Wolof,madina,,,,,,,,1
2249041,Madina Dantilia,12.81663,-11.91286,Kedougou,Saraya,0,medina,Arabic>Wolof,madina,,,,,,,,1
2249040,Madina Diaka,13.8,-13.96667,Tambacounda,Tambacounda,0,medina,Arabic>Wolof,madina,,,,,,,,1
2249038,Madina Diam,13.56667,-13.56667,Tambacounda,Tambacounda,0,medina,Arabic>Wolof,madina,,,,,,,,1
2249037,Madina Diamboye,13.21667,-14.38333,Kolda,Medina Yoroufoula,0,medina,Arabic>Wolof,madina,,,,,,,,1
2249036,Madina Dianambé Kandé,13.06667,-15.08333,Kolda,Medina Yoroufoula,0,medina,Arabic>Wolof,madina,,,,,,,,1
2249035,Madina Dianbéré,13.15,-14.16667,Kolda,Velingara,0,medina,Arabic>Wolof,madina,,,,,,,,1
2248445,Madina Dianké,14.17598,-15.35642,Kaffrine,Malem Hodar,0,medina,Arabic>Wolof,madina,,,,,,,,1
13554666,Madina Dék Gouye,14.06071,-15.05408,Kaffrine,Koungheul,0,medina,Arabic>Wolof,madina,,,,,,gouye,tree,1
13553595,Madina Fal,14.71563,-15.43278,Kaffrine,Malem Hodar,0,medina,Arabic>Wolof,madina,,,,Fal,Wolof,,,1
2249033,Madina Faroto,12.66962,-11.79902,Kedougou,Kedougou,0,medina,Arabic>Wolof,madina,,,,,,,,1
2248434,Madina Fas,14.15532,-15.17995,Kaffrine,Malem Hodar,0,medina,Arabic>Wolof,madina,,,,,,,,1
2249032,Madina Finndiféto,12.80583,-15.52889,Sedhiou,Sedhiou,0,medina,Arabic>Wolof,madina,,,,,,,,1
2249031,Madina Fofana,13.15,-13.96667,Kolda,Velingara,0,medina,Arabic>Wolof,madina,,,,,,,,1
2249030,Madina Foulbé,13.85179,-12.08093,Tambacounda,Bakel,0,medina,Arabic>Wolof,madina,,,,,,,,1
2249029,Madina Kodiolani,13.60545,-12.62041,Tambacounda,Goudiry,0,medina,Arabic>Wolof,madina,,,,,,,,1
2249028,Madina Kokoun,13.33333,-13.76667,Kolda,Velingara,0,medina,Arabic>Wolof,madina,,,,,,,,1
13553613,Madina Kouta,14.6558,-15.34225,Kaffrine,Malem Hodar,0,medina,Arabic>Wolof,madina,,,,,,,,1
2251714,Madina Kébé,14.36903,-15.47061,Kaffrine,Kaffrine,0,medina,Arabic>Wolof,madina,,,,,,,,1
2249027,Madina Ladji,12.75,-14.9,Kolda,Kolda,0,medina,Arabic>Wolof,madina,,,,,,,,1
2248431,Madina Lahine Mara,14.00567,-15.12638,Kaffrine,Koungheul,0,medina,Arabic>Wolof,madina,,,,,,,,1
2249026,Madina Maboulé,13.81667,-13.75,Tambacounda,Tambacounda,0,medina,Arabic>Wolof,madina,,,,,,,,1
2249025,Madina Mamadou,12.98333,-14.18333,Kolda,Kolda,0,medina,Arabic>Wolof,madina,,,,,,,,1
2249024,Madina Mandingue,13.01667,-15.5,Sedhiou,Bounkiling,0,medina,Arabic>Wolof,madina,Mandingue,Madina,,,,,,1
2249023,Madina Manfinn,13.63333,-13.73333,Tambacounda,Tambacounda,0,medina,Arabic>Wolof,madina,,,,,,,,1
2249022,Madina Mari,13.18333,-14.3,Kolda,Velingara,0,medina,Arabic>Wolof,madina,,,,,,,,1
2249021,Madina Maye,13.18333,-14.31667,Kolda,Velingara,0,medina,Arabic>Wolof,madina,,,,,,,,1
13554042,Madina Mbaye,14.3271,-15.84857,Kaolack,Guinguineo,0,medina,Arabic>Wolof,madina,,,,Mbaye,Wolof,,,1
13554083,Madina Mbayène,14.45893,-15.16393,Kaffrine,Malem Hodar,0,medina,Arabic>Wolof,madina,,,,,,,,1
2248440,Madina Mbobo,14.67104,-15.76803,Fatick,Gossas,0,medina,Arabic>Wolof,madina,,,,,,,,1
13554108,Madina Mbowène,14.29915,-15.42122,Kaffrine,Malem Hodar,0,medina,Arabic>Wolof,madina,,,,,,,,1
2249020,Madina Ndiatébé,16.29431,-14.1385,Saint Louis,Podor,0,medina,Arabic>Wolof,madina,,,,,,,,1
2247936,Madina Ndiaye,14.89681,-15.684,Louga,Linguere,0,medina,Arabic>Wolof,madina,,,,Ndiaye,Wolof,,,2
2248366,Madina Ndiaye,14.83447,-15.71188,Diourbel,Mbacke,0,medina,Arabic>Wolof,madina,,,,Ndiaye,Wolof,,,2
13554107,Madina Ndiayène,14.36475,-15.35518,Kaffrine,Malem Hodar,0,medina,Arabic>Wolof,madina,,,,,,,,2
13554567,Madina Ndiayène,14.00782,-15.52184,Kaffrine,Kaffrine,0,medina,Arabic>Wolof,madina,,,,,,,,2
2248436,Madina Ndiognik,14.05762,-15.64194,Kaffrine,Birkelane,0,medina,Arabic>Wolof,madina,,,,,,,,1
13554078,Madina Ndioum,14.44763,-15.20162,Kaffrine,Malem Hodar,0,medina,Arabic>Wolof,madina,,,,,,,,1
2248426,Madina Ndoyène,14.11619,-15.10787,Kaffrine,Koungheul,0,medina,Arabic>Wolof,madina,,,,,,,,1
13554676,Madina Ndramé,14.09623,-15.107,Kaffrine,Koungheul,0,medina,Arabic>Wolof,madina,,,,,,,,1
13554673,Madina Ngayène,14.04,-15.28309,Kaffrine,Malem Hodar,0,medina,Arabic>Wolof,madina,,,,,,,,1
2249019,Madina Niana,13.83333,-13.75,Tambacounda,Tambacounda,0,medina,Arabic>Wolof,madina,,,,,,,,1
13554022,Madina Niang,14.2702,-15.79054,Kaffrine,Birkelane,0,medina,Arabic>Wolof,madina,,,,Niang,Wolof,,,1
13553599,Madina Niassène,14.68683,-15.27772,Louga,Linguere,0,medina,Arabic>Wolof,madina,,,,,,,,1
2249018,Madina Ouli,13.68333,-14.11667,Tambacounda,Tambacounda,0,medina,Arabic>Wolof,madina,,,,,,,,1
2249016,Madina Paté,13.43333,-13.78333,Kolda,Velingara,0,medina,Arabic>Wolof,madina,,,,,,,,2
2249017,Madina Paté,13.3,-14.53333,Kolda,Medina Yoroufoula,0,medina,Arabic>Wolof,madina,,,,,,,,2
2249015,Madina Ponssan,12.71667,-14.2,Kolda,Velingara,0,medina,Arabic>Wolof,madina,,,,,,,,1
2249014,Madina Samba,12.7,-14.23333,Kolda,Velingara,0,medina,Arabic>Wolof,madina,,,,,,,,1
2249013,Madina Sayindi,13.28333,-15.26667,Kolda,Medina Yoroufoula,0,medina,Arabic>Wolof,madina,,,,,,,,1
2249012,Madina Sibikili,13.68333,-13.68333,Tambacounda,Tambacounda,0,medina,Arabic>Wolof,madina,,,,,,,,1
13554085,Madina Tawa,14.41713,-15.22403,Kaffrine,Malem Hodar,0,medina,Arabic>Wolof,madina,,,,,,,,1
2249054,Madina Tiacol,14.04327,-12.19011,Tambacounda,Bakel,0,medina,Arabic>Wolof,madina,,,,,,,,1
2249009,Madina Torobé,15.40076,-13.2058,Matam,Kanel,0,medina,Arabic>Wolof,madina,,,,,,,,2
2249010,Madina Torobé,14.68183,-12.90788,Matam,Kanel,0,medina,Arabic>Wolof,madina,,,,,,,,2
2249008,Madina Torodo,13.08333,-15.61667,Sedhiou,Bounkiling,0,medina,Arabic>Wolof,madina,,,,,,,,1
2249007,Madina Toubacouta,13.03139,-11.84118,Kedougou,Saraya,0,medina,Arabic>Wolof,madina,,,,,,,,1
2248415,Madina Touré,14.89601,-15.9903,Diourbel,Mbacke,0,medina,Arabic>Wolof,madina,,,,Touré,Mandinka,,,1
13554112,Madina Tyiyène,14.27613,-15.45782,Kaffrine,Kaffrine,0,medina,Arabic>Wolof,madina,,,,,,,,1
12640235,Madina Wandifa,13.05794,-15.64319,Sedhiou,Bounkiling,12205,medina,Arabic>Wolof,madina,,,,,,,,1
2249006,Madina Yéro,13.43333,-13.66667,Tambacounda,Tambacounda,0,medina,Arabic>Wolof,madina,,,,,,,,1
2249039,Madina-Diaka,13.85718,-12.90827,Tambacounda,Goudiry,0,medina,Arabic>Wolof,madina,,,,,,,,1
6917795,Madinatou,12.4979,-12.0062,Kedougou,Kedougou,0,,,,,,,,,,,1
2249005,Madiou,12.4452,-12.0142,Kedougou,Kedougou,0,,,,,,,,,,,1
2249068,Madiéda,13.13657,-16.23506,Ziguinchor,Bignona,0,,,,,,,,,,,1
2249067,Madiéri,12.78803,-11.78782,Kedougou,Saraya,0,,,,,,,,,,,2
13554440,Madiéri,14.24591,-15.87915,Kaolack,Guinguineo,0,,,,,,,,,,,2
2249004,Madjé,14.56667,-13.2,Tambacounda,Goudiry,0,,,,,,,,,,,1
2249072,Madène,15.2236,-15.5083,Louga,Linguere,0,,,,,,,,,,,1
6611639,Maelkadié,15.10528,-12.73028,Matam,Kanel,0,,,,,,,,,,,1
13507003,Mafane,14.7418,-16.30294,Diourbel,Diourbel,0,,,,,,,,,,,1
2249000,Mafonko,13.03333,-15.91667,Sedhiou,Bounkiling,0,,,,,,,,,,,1
2248998,Magana Boubakar,13.01667,-14.8,Kolda,Medina Yoroufoula,0,,,,,,,,,,,1
13504740,Magnagne,14.85818,-16.61152,Diourbel,Bambey,0,,,,,,,,,,,1
2248997,Mahafar,15.5266,-15.8315,Louga,Louga,0,,,,,,,,,,,1
2248995,Mahamouda Deux,13.10596,-16.68301,Ziguinchor,Bignona,0,,,,,,2,,,,,1
2248991,Mahmouda,12.96667,-16.5,Ziguinchor,Bignona,0,,,,,,,,,,,1
2571768,Mahmouda II,13.10667,-16.68639,Ziguinchor,Bignona,0,,,,,,2,,,,,1
2248990,Mahon,12.85,-14.81667,Kolda,Kolda,0,,,,,,,,,,,1
2248988,Mahon Oussamara,12.85,-14.81667,Kolda,Kolda,0,,,,,,,,,,,1
2248972,Maka,16.20972,-16.38222,Saint Louis,Dagana,0,,,maka,,,,,,,,12
2248973,Maka,15.98333,-16.46667,Saint Louis,Saint Louis,0,,,maka,,,,,,,,12
2248974,Maka,15.98333,-16.13333,Louga,Louga,0,,,maka,,,,,,,,12
2248975,Maka,15.8481,-15.9503,Louga,Louga,0,,,maka,,,,,,,,12
2248976,Maka,15.66667,-16.25,Louga,Louga,0,,,maka,,,,,,,,12
2248977,Maka,15.28333,-16.48333,Thies,Tivaoune,0,,,maka,,,,,,,,12
2248978,Maka,15.2486,-15.9852,Louga,Kebemer,0,,,maka,,,,,,,,12
2248979,Maka,15.01667,-16.95,Thies,Tivaoune,0,,,maka,,,,,,,,12
2248980,Maka,13.83333,-15.66667,Kaffrine,Birkelane,0,,,maka,,,,,,,,12
2248981,Maka,13.66667,-14.28333,Tambacounda,Tambacounda,0,,,maka,,,,,,,,12
2248982,Maka,12.85306,-15.28861,Sedhiou,Goudomp,0,,,maka,,,,,,,,12
13504794,Maka,14.82514,-16.50306,Diourbel,Bambey,0,,,maka,,,,,,,,12
2247447,Maka Bas,14.73664,-16.40776,Diourbel,Bambey,0,,,maka,,,,,,,,2
13506993,Maka Bas,14.72063,-16.38958,Diourbel,Bambey,0,,,maka,,,,,,,,2
2248969,Maka Bélal,14.11076,-15.23646,Kaffrine,Malem Hodar,0,,,maka,,,,,,,,1
2248965,Maka Diagne,15.33333,-16.35,Louga,Kebemer,0,,,maka,,,,Diagne,Wolof,,,1
2248962,Maka Fal,15.36667,-16.55,Louga,Kebemer,0,,,maka,,,,Fal,Wolof,,,1
6920415,Maka Fall,15.3474,-16.5425,Louga,Kebemer,0,,,maka,,,,Fall,Wolof,,,1
2248961,Maka Fas,13.98333,-15.83333,Kaolack,Kaolack,0,,,maka,,,,,,,,1
2248960,Maka Gaye,15.81667,-16.16667,Louga,Louga,0,,,maka,,,,Gaye,Wolof,,,1
2248956,Maka Handalla,13.88333,-15.41667,Kaffrine,Kaffrine,0,,,maka,,,,,,,,1
2248955,Maka Kahone,14.15,-16.01667,Kaolack,Guinguineo,0,,,maka,,,,,,,,1
2248954,Maka Kallé,15.88333,-16.23333,Louga,Louga,0,,,maka,,,,,,,,1
2248953,Maka Katal,13.93333,-14.7,Kaffrine,Koungheul,0,,,maka,,,,,,,,1
2248971,Maka Mbaye,14.31314,-15.91329,Kaolack,Guinguineo,0,,,maka,,,,Mbaye,Wolof,,,1
2248950,Maka Mboubène,15.43333,-16.43333,Louga,Kebemer,0,,,maka,,,,,,,,1
2248949,Maka Mop Khari,15.1,-16.3,Thies,Tivaoune,0,,,maka,,,,,,,,1
2248948,Maka Mor,15.75,-16.46667,Louga,Louga,0,,,maka,,,,,,,,1
2596039,Maka Mor Madiké,15.75342,-16.5014,Louga,Louga,0,,,maka,,,,,,,,1
2248943,Maka Ndiaye,15.66667,-16.4,Louga,Louga,0,,,maka,,,,Ndiaye,Wolof,,,3
2248944,Maka Ndiaye,15.53333,-16.53333,Louga,Kebemer,0,,,maka,,,,Ndiaye,Wolof,,,3
13509343,Maka Ndiaye,14.16935,-16.03848,Kaolack,Guinguineo,0,,,maka,,,,Ndiaye,Wolof,,,3
2248942,Maka Sar,14.72046,-15.66217,Diourbel,Mbacke,0,,,maka,,,,Sar,Wolof,,,1
13509068,Maka Soumbél,14.32468,-16.06675,Kaolack,Guinguineo,0,,,maka,,,,,,,,1
2248941,Maka Tioune,15.18333,-16.8,Thies,Tivaoune,0,,,maka,,,,,,,,1
2248939,Maka Touré,15.7861,-16.4043,Louga,Louga,0,,,maka,,,,Touré,Mandinka,,,1
2248936,Maka Yop,14.03591,-15.02368,Kaffrine,Koungheul,0,,,maka,,,,,,,,1
2248957,Maka-Gouye,13.8,-14.95,,,0,,,maka,,,,,,gouye,tree,1
2248940,MakaToubé,16.0168,-16.4435,Saint Louis,Saint Louis,0,,,,,,,,,,,1
2248967,Makabing,13.43333,-13.7,Tambacounda,Tambacounda,0,,,,,,,,,,,1
2248970,Makabé Koniadji,13.43333,-13.68333,Tambacounda,Tambacounda,0,,,,,,,,,,,1
2248968,Makabé Sidi,13.41667,-13.68333,Tambacounda,Tambacounda,0,,,,,,,,,,,1
11495813,Makacoulibatang,13.64696,-14.25212,Tambacounda,Tambacounda,0,,,,,,,,,,,1
2248963,Makadou,15.2957,-15.9229,Louga,Kebemer,0,,,,,,,,,,,1
2248959,Makagni,13.01667,-14.86667,Kolda,Medina Yoroufoula,0,,,,,,,,,,,1
2248958,Makagoui,13.78333,-15.23333,Kaffrine,Kaffrine,0,,,,,,,,,,,1
2248952,Makakoto,13.73333,-14.25,Tambacounda,Tambacounda,0,,,,,,,,,,,1
13507016,Makal Hadji,14.51429,-16.36726,Fatick,Fatick,0,,,,,,,,,,,1
2248951,Makali,15.38333,-16.6,Louga,Kebemer,0,,,,,,,,,,,1
2248947,Makana,13.05732,-12.12096,Kedougou,Saraya,0,,,,,,,,,,,1
2248945,Makandi,13.61667,-14.21667,Tambacounda,Tambacounda,0,,,,,,,,,,,1
2248938,Makayaya,13.65,-13.48333,Tambacounda,Tambacounda,0,,,,,,,,,,,1
2248937,Makayel,13.41667,-14.8,,,0,,,,,,,,,,,1
2248933,Makhama,13.81667,-15.03333,,,0,,,,,,,,,,,1
2248932,Makhana,16.08778,-16.37056,Saint Louis,Saint Louis,0,,,,,,,,,,,1
13658335,Makhmouda,13.6508,-16.39457,Fatick,Foundiougne,0,,,,,,,,,,,1
2248930,Makine,15.243,-15.9218,Louga,Kebemer,0,,,,,,,,,,,1
2248929,Mako,12.8555,-12.3506,Kedougou,Kedougou,0,,,,,,,,,,,1
2248928,Makou Abdou Sal,13.38333,-14.78333,Kolda,Medina Yoroufoula,0,,,,,,,,,,,1
2248927,Makouda,13.14223,-16.67627,Ziguinchor,Bignona,0,,,,,,,,,,,1
2248926,Makoumba Souna,13.71667,-16.28333,Fatick,Foundiougne,0,,,,,,,,,,,1
2248923,Mal,16.14333,-15.92583,Saint Louis,Dagana,0,,,,,,,,,,,4
2248924,Mal,16.12667,-15.88833,Louga,Louga,0,,,,,,,,,,,4
2248925,Mal,16.08694,-15.72389,Saint Louis,Dagana,0,,,,,,,,,,,4
6601059,Mal,16.125,-15.98139,Saint Louis,Dagana,0,,,,,,,,,,,4
2248922,Mala Diop,14.9,-16.1,Diourbel,Diourbel,0,,,,,,,Diop,Wolof,,,1
2248920,Malandiankounda,12.68417,-15.51722,Sedhiou,Goudomp,0,kounda,Mandinka,,,,,,,,,1
6586391,Malem,12.46361,-11.89222,Kedougou,Kedougou,0,,,,,,,,,,,1
2248915,Malem Ba,14.18333,-14.31667,Tambacounda,Koumpentoum,0,,,,,,,Ba,Pulaar,,,1
11427368,Malem Hodar,14.08305,-15.14967,Kaffrine,Malem Hodar,0,,,,,,,,,,,1
2248903,Mali Keur Koumba,14.61667,-16.68333,Thies,Mbour,0,,,,,,,,,,,1
2248907,Malifara,12.60861,-15.58444,Sedhiou,Sedhiou,0,,,,,,,,,,,1
2248906,Malifara Brassou,12.7,-15.31667,Sedhiou,Goudomp,0,,,,,,,,,,,1
2248905,Malika,14.79076,-17.33904,Dakar,Pikine,0,,,,,,,,,,,1
2595826,Malika-Mer,14.8022,-17.33882,Dakar,Pikine,0,,,,,,,,,,,1
13507324,Malikounda Bambara,14.46257,-16.97053,Thies,Mbour,0,,,,Bambara,Malikounda,,,,,,1
2248901,Malikounda Keur Samone Faye,14.4854,-16.97091,Thies,Mbour,0,,,,,,,Faye,Sérèr,,,1
2247448,Malikounda Ngoukhoudji,14.45952,-16.95481,Thies,Mbour,0,,,,,,,,,,,1
2248900,Malikounda Sas,14.45,-16.96667,Thies,Mbour,0,,,,,,,,,,,1
2248902,Malikounda Sérèr,14.47895,-16.94835,Thies,Mbour,0,,,,Sérèr,Malikounda,,,,,,1
13514622,Malikounda Wolof,14.47113,-16.94646,Thies,Mbour,0,,,,Wolof,Malikounda,,,,,,1
6586396,Malinda,12.47624,-11.95694,Kedougou,Kedougou,0,,,,,,,,,,,1
2248898,Malka,14.49873,-15.95053,Fatick,Gossas,0,,,,,,,,,,,1
2248913,Malèm,15.5476,-15.5566,Louga,Linguere,0,,,,,,,,,,,2
2248916,Malèm,14.21667,-13.43333,Tambacounda,Goudiry,0,,,,,,,,,,,2
2248788,Malèm Hodar,14.08873,-15.29197,Kaffrine,Malem Hodar,7879,,,,,,,,,,,1
2248910,Malèm Niani,13.93333,-14.3,Tambacounda,Koumpentoum,2080,,,,,,,,,,,1
2248908,Malène,13.93333,-15.73333,Kaolack,Kaolack,0,,,,,,,,,,,1
2248917,Maléko,13.21117,-12.02445,Kedougou,Saraya,0,,,,,,,,,,,1
2248914,Malém Sérigne,14.05729,-15.23541,Kaffrine,Malem Hodar,0,,,serigne,,,,,,,,1
2244752,Malém Tialène,14.0721,-15.24343,Kaffrine,Malem Hodar,0,,,,,,,,,,,1
2248889,Mama Ndao,14.50554,-12.33955,Tambacounda,Bakel,0,,,,,,,,,,,1
2254319,Mamabaré,14.99177,-15.97394,Louga,Kebemer,0,,,,,,,,,,,1
2248895,Mamadou Boundou,12.3868,-12.3458,Kedougou,Kedougou,0,,,,,,,,,,,1
2248894,Mamadou Kinnsi,12.93333,-13.85,Kolda,Velingara,0,,,,,,,,,,,1
2248892,Mamadou Koupa,13.71667,-13.3,Tambacounda,Goudiry,0,,,,,,,,,,,1
2248891,Mamakono,13.18135,-12.05389,Kedougou,Saraya,0,,,,,,,,,,,1
2248831,Mamankanti,12.7994,-12.4423,Kedougou,Kedougou,0,,,,,,,,,,,1
13658781,Mambing,13.12176,-16.05815,Ziguinchor,Bignona,0,,,,,,,,,,,2
13658786,Mambing,13.11712,-16.042,Ziguinchor,Bignona,0,,,,,,,,,,,2
2248885,Mambounkou,12.7,-15.26667,Sedhiou,Goudomp,0,,,,,,,,,,,1
2248883,Mamboya,13.18333,-13.43333,Tambacounda,Tambacounda,0,,,,,,,,,,,2
2248884,Mamboya,12.96667,-13.95,Kolda,Velingara,0,,,,,,,,,,,2
2248880,Mamoussoulé,14.41667,-13.38333,Tambacounda,Goudiry,0,,,,,,,,,,,1
2248879,Mampalago,12.92139,-15.99639,Ziguinchor,Bignona,0,,,,,,,,,,,1
2248878,Mampatim,12.86667,-14.33333,Kolda,Kolda,0,,,,,,,,,,,1
2248877,Mampatim Maoundé,12.88333,-14.33333,Kolda,Kolda,0,,,,,,,,,,,1
2248887,Mamâri,15.04639,-13.71361,Matam,Ranerou,0,,,,,,,,,,,1
2248874,Mana,14.36667,-14.63333,Tambacounda,Koumpentoum,0,,,,,,,,,,,1
2248872,Manato,12.83333,-13.95,Kolda,Velingara,0,,,,,,,,,,,1
2248873,Manaèl,15.01155,-12.5022,Tambacounda,Bakel,0,,,,,,,,,,,1
2248870,Manbigné,12.96278,-15.86139,Sedhiou,Bounkiling,0,,,,,,,,,,,1
2248869,Manbigné Kantapor,13.13333,-15.98333,Ziguinchor,Bignona,0,,,,,,,,,,,1
2248867,Manbourouk,12.945,-16.54194,Ziguinchor,Bignona,0,,,,,,,,,,,1
2248866,Manda,13.25,-13.88333,Kolda,Velingara,0,,,,,,,,,,,1
2248864,Mandah,13.98333,-15.33333,Kaffrine,Kaffrine,0,,,,,,,,,,,1
2248863,Mandak,13.31667,-14.68333,Kolda,Medina Yoroufoula,0,,,,,,,,,,,1
6659063,Mandakoli,12.78182,-11.77569,Kedougou,Saraya,0,,,,,,,,,,,1
2248865,Mandangri Toucouleur,14.6829,-16.80109,Thies,Thies,0,,,,Toucouleur (Haalpulaar),Mandangri,,,,,,1
13506467,Mandangri Wolof,14.68374,-16.79256,Thies,Thies,0,,,,Wolof,Mandangri,,,,,,1
6659101,Mandankholi,13.02794,-11.96761,Kedougou,Saraya,0,,,,,,,,,,,1
13508531,Mande Keur Diène,14.33707,-16.25235,Fatick,Fatick,0,,,,,,,,,,,1
2248860,Mandian Kounda,12.78333,-14.75,Kolda,Kolda,0,kounda,Mandinka,,,,,,,,,1
2248859,Mandiankounda,13.56667,-13.9,Tambacounda,Tambacounda,0,kounda,Mandinka,,,,,,,,,1
2248858,Mandiaye,14.88333,-15.95,Diourbel,Mbacke,0,,,,,,,,,,,1
2248857,Mandina,12.53722,-16.25167,Ziguinchor,Ziguinchor,0,,,,,,,,,,,1
2248856,Mandina-Maro,12.51944,-16.23361,Ziguinchor,Ziguinchor,0,,,,,,,,,,,1
2248855,Mandiné Fodé Kaba,13.08333,-15.85,Sedhiou,Bounkiling,0,,,,,,,,,,,1
2248853,Mandioumba,15.53333,-13.15,Matam,Kanel,0,,,,,,,,,,,2
2248854,Mandioumba,15.36782,-13.13966,Matam,Kanel,0,,,,,,,,,,,2
2248851,Mandjak,12.52111,-16.35167,Ziguinchor,Ziguinchor,0,,,,,,,,,,,2
2248852,Mandjak,12.49778,-16.42528,Ziguinchor,Ziguinchor,0,,,,,,,,,,,2
2248849,Mandouar,12.81667,-16.03333,Ziguinchor,Bignona,0,,,,,,,,,,,2
2248850,Mandouar,12.74361,-16.16028,Ziguinchor,Bignona,0,,,,,,,,,,,2
2248848,Mandoufou Fodé,13.01667,-13.93333,Kolda,Velingara,0,,,,,,,,,,,1
2248847,Mandoufou Kali,13.0,-13.91667,Kolda,Velingara,0,,,,,,,,,,,1
2248862,Mandé Diégane Tiaré,14.28435,-16.12892,Kaolack,Guinguineo,0,,,,,,,,,,,1
13508996,Mandé Keur Diène,14.3035,-16.13007,Kaolack,Guinguineo,0,,,,,,,,,,,1
2250174,Mandé Keur Miniane,14.2983,-16.12109,Kaolack,Guinguineo,0,,,,,,,,,,,1
2249482,Mandé Kouta,14.31522,-16.11083,Kaolack,Guinguineo,0,,,,,,,,,,,1
2248861,Mandégana,12.74972,-16.38083,Ziguinchor,Bignona,0,,,,,,,,,,,1
13658700,Mandéra,13.61921,-16.05646,Kaolack,Nioro Du Rip,0,,,,,,,,,,,1
2248843,Mangagoulak,12.68833,-16.44444,Ziguinchor,Bignona,0,,,,,,,,,,,1
2248842,Mangakounda,12.58,-15.93611,Sedhiou,Goudomp,0,kounda,Mandinka,,,,,,,,,1
2248840,Manganèm,14.0304,-15.36634,Kaffrine,Kaffrine,0,,,,,,,,,,,1
2248839,Mangara,15.18333,-16.25,Louga,Kebemer,0,,,,,,,,,,,1
2248837,Mangaroungou Santo,12.52972,-15.51889,Sedhiou,Goudomp,0,,,,,,,,,,,1
2248836,Mangassara,13.16667,-13.96667,Kolda,Velingara,0,,,,,,,,,,,1
2248833,Mangoulé,12.88333,-16.21667,Ziguinchor,Bignona,0,,,,,,,,,,,1
2248832,Mangoulé Oubème,12.85,-16.2,Ziguinchor,Bignona,0,,,,,,,,,,,1
2248830,Maniaré,13.25,-13.86667,Kolda,Velingara,0,,,,,,,,,,,1
2248829,Manigui,13.51667,-14.21667,Tambacounda,Tambacounda,0,,,,,,,,,,,1
2248828,Maniora Mandingue,13.01667,-15.7,Sedhiou,Bounkiling,0,,,,Mandingue,Maniora,,,,,,1
2248826,Mankakounda,13.61667,-15.78333,Kaolack,Nioro Du Rip,0,kounda,Mandinka,,,,,,,,,1
2248825,Mankolikounda,12.58917,-15.49278,Sedhiou,Goudomp,0,kounda,Mandinka,,,,,,,,,1
2248824,Mankono Ba,12.86583,-15.36111,Sedhiou,Sedhiou,0,,,,,,,Ba,Pulaar,,,1
2248823,Mankonondine,12.765,-15.55278,Sedhiou,Sedhiou,0,,,,,,,,,,,1
2248822,Mankonton,12.9875,-15.675,Sedhiou,Bounkiling,0,,,,,,,,,,,1
2248821,Manpatariel,13.1,-14.25,Kolda,Velingara,0,,,,,,,,,,,1
2248819,Mansa Dala,13.28333,-13.01667,Tambacounda,Tambacounda,0,,,,,,,,,,,1
2248820,Mansaba,13.25,-15.73333,Sedhiou,Bounkiling,0,,,,,,,,,,,1
2571737,Mansarinko,13.59573,-16.48235,,,0,,,,,,,,,,,1
13658699,Mansassou,13.63202,-16.13764,Fatick,Foundiougne,0,,,,,,,,,,,1
2248817,Mantat,12.82583,-16.66667,Ziguinchor,Bignona,0,,,,,,,,,,,1
2248257,Mantiabou,14.95658,-12.49423,Tambacounda,Bakel,0,,,,,,,,,,,1
2248815,Mantiankani,12.83333,-14.66667,Kolda,Kolda,0,,,,,,,,,,,1
13658818,Mantoré,13.03851,-16.04725,Ziguinchor,Bignona,0,,,,,,,,,,,1
2248845,Manékounda,12.62861,-15.74667,Sedhiou,Sedhiou,0,kounda,Mandinka,,,,,,,,,2
2248846,Manékounda,12.53333,-15.78333,Sedhiou,Goudomp,0,kounda,Mandinka,,,,,,,,,2
2248844,Manémane,13.1497,-16.17226,Ziguinchor,Bignona,0,,,,,,,,,,,1
2248812,Maodo,14.56667,-14.78333,Kaffrine,Koungheul,0,,,,,,,,,,,1
2248811,Maoua,12.52417,-16.07667,Ziguinchor,Ziguinchor,0,,,,,,,,,,,1
2248809,Maoum,12.95,-13.76667,Kolda,Velingara,0,,,,,,,,,,,1
2251330,Map,14.93066,-16.11721,Diourbel,Diourbel,0,,,,,,,,,,,1
2248808,Mapagne,13.68333,-14.38333,Tambacounda,Koumpentoum,0,,,,,,,,,,,1
13505405,Maplane,14.76725,-16.35501,Diourbel,Bambey,0,,,,,,,,,,,1
2248792,Mar Fafako,14.05365,-16.64268,Fatick,Fatick,0,,,,,,,,,,,1
2248787,Mar Lodj,14.04426,-16.67877,Fatick,Fatick,0,,,,,,,,,,,1
2248775,Mar Soulou,14.04153,-16.66805,Fatick,Fatick,0,,,,,,,,,,,1
2248806,Mara,13.9,-15.28333,Kaffrine,Kaffrine,0,,,,,,,,,,,1
2248803,Marakissa,12.85222,-15.94778,Sedhiou,Sedhiou,0,,,,,,,,,,,2
2248804,Marakissa,12.8,-14.98333,Kolda,Kolda,0,,,,,,,,,,,2
2248802,Maram Tiamé,14.96667,-15.95,Diourbel,Mbacke,0,,,,,,,,,,,1
6751854,Maramasita,13.61269,-12.42681,Tambacounda,Goudiry,0,,,,,,,,,,,1
2248801,Marandan,12.87722,-15.29972,Sedhiou,Sedhiou,0,,,,,,,,,,,1
13508569,Marane,14.43454,-16.2857,Fatick,Fatick,0,,,,,,,,,,,1
2248800,Mararan,13.1434,-16.06481,Ziguinchor,Bignona,0,,,,,,,,,,,1
2596079,Maraye,15.80389,-16.32528,Louga,Louga,0,,,,,,,,,,,1
2248799,Marda,16.54786,-14.4421,Saint Louis,Podor,0,,,,,,,,,,,1
2248791,Margou,13.25048,-11.81402,Kedougou,Saraya,0,,,,,,,,,,,1
2248790,Maribé Patimkibo,13.01667,-14.48333,Kolda,Kolda,0,,,,,,,,,,,1
2248789,Marivé Samba,13.33333,-14.68333,Kolda,Medina Yoroufoula,0,,,,,,,,,,,1
2247707,Marnane,14.73415,-16.62816,Thies,Thies,0,,,,,,,,,,,1
2248785,Maro Koumba,15.3917,-15.5948,Louga,Linguere,0,,,,,,,,,,,1
2248783,Maronkounda,12.56972,-15.64194,Sedhiou,Sedhiou,0,kounda,Mandinka,,,,,,,,,1
2248781,Marougou,12.9,-16.08333,Ziguinchor,Bignona,0,,,,,,,,,,,2
2248782,Marougou,12.44436,-11.91423,Kedougou,Kedougou,0,,,,,,,,,,,2
2248805,Marougoukoto,12.8205,-12.3219,Kedougou,Kedougou,0,,,,,,,,,,,1
2248780,Marougoundi,12.6675,-12.2427,Kedougou,Kedougou,0,,,,,,,,,,,1
2248779,Marout,14.38576,-16.27636,Fatick,Fatick,0,,,,,,,,,,,1
2248778,Marsa,14.72297,-12.33902,Tambacounda,Bakel,0,,,,,,,,,,,1
2248777,Marsassoum,12.8275,-15.98056,Sedhiou,Sedhiou,9815,,,,,,,,,,,1
2248776,Marsassoum Santa,12.82778,-15.93972,Sedhiou,Sedhiou,0,,,,,,,,,,,1
2248795,Marène,15.21667,-16.31667,Thies,Tivaoune,0,,,,,,,,,,,1
2248798,Maréfou Lo,15.4,-16.16667,Louga,Kebemer,0,,,,,,,Lo,Wolof,,,1
2248797,Marékounda,13.68333,-14.03333,Tambacounda,Tambacounda,0,kounda,Mandinka,,,,,,,,,1
2248794,Maréoua,12.68333,-13.1,Kedougou,Salemata,0,,,,,,,,,,,1
2248793,Marévé Bouré,12.76667,-13.96667,Kolda,Velingara,0,,,,,,,,,,,1
13508591,Massa,14.31285,-16.49901,Fatick,Fatick,0,,,,,,,,,,,1
2248773,Massadala,13.28914,-12.94135,Tambacounda,Tambacounda,0,,,,,,,,,,,1
2248771,Massakounda,13.50765,-12.01158,Tambacounda,Bakel,0,kounda,Mandinka,,,,,,,,,1
2248768,Massar,15.96667,-16.33333,Saint Louis,Saint Louis,0,,,,,,,,,,,4
2248769,Massar,15.78333,-16.23333,Louga,Louga,0,,,,,,,,,,,4
2248770,Massar,15.11667,-16.75,Thies,Tivaoune,0,,,,,,,,,,,4
13508574,Massar,14.37523,-16.25707,Fatick,Fatick,0,,,,,,,,,,,4
2248761,Massar Diop,15.8,-16.23333,Louga,Louga,0,,,,,,,Diop,Wolof,,,2
2248764,Massar Diop,15.316,-16.3111,Louga,Kebemer,0,,,,,,,Diop,Wolof,,,2
2596052,Massar Teug,15.805,-16.25833,Louga,Louga,0,,,,,,,,,,,1
2248765,Massara,15.33333,-16.33333,Louga,Kebemer,0,,,,,,,,,,,4
2248766,Massara,15.1111,-15.9518,Louga,Kebemer,0,,,,,,,,,,,4
2248767,Massara,12.73333,-14.78333,Kolda,Kolda,0,,,,,,,,,,,4
6917520,Massara,15.1231,-15.9379,Louga,Kebemer,0,,,,,,,,,,,4
2596008,Massara Gabou,16.24417,-16.25694,Saint Louis,Dagana,0,,,,,,,,,,,1
2248762,Massaran,13.06552,-16.22815,Ziguinchor,Bignona,0,,,,,,,,,,,1
2248760,Massaria,12.56583,-15.63111,Sedhiou,Sedhiou,0,,,,,,,,,,,1
2248757,Massembé,13.76667,-14.61667,Tambacounda,Koumpentoum,0,,,,,,,,,,,1
2248756,Massina Séné,12.9,-14.18333,Kolda,Kolda,0,,,,,,,Séné,Sérèr,,,1
2248754,Matal,15.4996,-15.3129,Louga,Linguere,0,,,,,,,,,,,1
2248752,Matam,15.65587,-13.25544,Matam,Matam,27695,,,,,,,,,,,1
2248750,Matel Banté,15.31667,-16.25,Louga,Kebemer,0,,,,,,,,,,,1
2248749,Matour,14.83333,-15.56667,Diourbel,Mbacke,0,,,,,,,,,,,1
6645337,Mauw,16.10574,-13.51855,Matam,Matam,0,,,,,,,,,,,1
2593137,Maya,13.99269,-16.5743,Fatick,Foundiougne,0,,,,,,,,,,,1
2248746,Mayaye,15.2471,-16.2554,Louga,Kebemer,0,,,,,,,,,,,2
2248747,Mayaye,14.42804,-15.88131,Fatick,Gossas,0,,,,,,,,,,,2
2248745,Maye Goumel,15.5461,-15.4243,Louga,Linguere,0,,,,,,,,,,,1
2248742,Maye Landang,14.87042,-15.74144,Diourbel,Mbacke,0,,,,,,,,,,,1
2248744,Mayel,14.88333,-15.75,Diourbel,Mbacke,0,,,,,,,,,,,1
2248741,Mayel Bao,12.95,-13.93333,Kolda,Velingara,0,,,,,,,,,,,1
2248739,Mayel Iesso,12.95,-13.93333,Kolda,Velingara,0,,,,,,,,,,,1
2248738,Mayel Mangatamba,12.95,-13.93333,Kolda,Velingara,0,,,,,,,,,,,1
2248737,Mayel Ndangam,14.68487,-12.90869,Matam,Kanel,0,,,,,,,,,,,1
2248735,Mayel Vanibabé,14.43333,-13.03333,Tambacounda,Goudiry,0,,,,,,,,,,,1
2248731,Mayor,12.98528,-15.73944,Sedhiou,Bounkiling,0,,,,,,,,,,,1
2248730,Mayoro,15.7,-16.0,Louga,Louga,0,,,,,,,,,,,1
13551575,Mayèl,14.90867,-15.62012,Louga,Linguere,0,,,,,,,,,,,1
2249001,Maéli Dibi,13.88333,-13.68333,Tambacounda,Tambacounda,0,,,,,,,,,,,1
2248987,Maïk,15.03333,-16.51667,Thies,Tivaoune,0,,,,,,,,,,,1
2248986,Maïl,14.83759,-12.54473,Tambacounda,Bakel,0,,,,,,,,,,,1
2248984,Maïna,13.48333,-13.68333,Tambacounda,Tambacounda,0,,,,,,,,,,,1
2248729,Mba,15.28333,-16.76667,Thies,Tivaoune,0,,,,,,,,,,,1
2248727,Mbaba,14.98517,-16.75307,Thies,Tivaoune,0,,,,,,,,,,,3
13504614,Mbaba,14.78791,-16.79365,Thies,Thies,0,,,,,,,,,,,3
13506746,Mbaba,14.74072,-16.58875,Diourbel,Bambey,0,,,,,,,,,,,3
2248726,Mbabane Mouride,14.4816,-15.25085,Kaffrine,Malem Hodar,0,,,,,,,,,,,1
13566086,Mbabane Peul,14.48106,-15.25609,Kaffrine,Malem Hodar,0,,,,Peul (Fulani),Mbabane,,,,,,1
2254594,Mbabanène,14.21309,-15.38372,Kaffrine,Malem Hodar,0,,,,,,,,,,,1
2254584,Mbablol,14.76912,-16.32992,Diourbel,Diourbel,0,,,,,,,,,,,1
2248725,Mbabou,15.26667,-16.21667,Louga,Kebemer,0,,,,,,,,,,,1
2254577,Mbaboumi,14.22952,-15.99279,Kaolack,Guinguineo,0,,,,,,,,,,,1
2248696,Mbacké Diolof,15.1623,-15.6209,Louga,Linguere,0,,,,,,,,,,,1
13508585,Mbadakhane,14.41414,-16.36739,Fatick,Fatick,0,,,,,,,,,,,1
2248722,Mbadakhoun,14.20764,-16.02038,Kaolack,Guinguineo,0,,,,,,,,,,,1
13658337,Mbadane,13.68175,-16.30783,Fatick,Foundiougne,0,,,,,,,,,,,1
2248723,Mbadar,15.35,-16.51667,Louga,Kebemer,0,,,,,,,,,,,1
2248721,Mbadat,14.53218,-16.35887,Fatick,Fatick,0,,,,,,,,,,,1
13507346,Mbadate,14.4938,-16.84386,Thies,Mbour,0,,,,,,,,,,,1
2248720,Mbadep,14.48333,-16.83333,Thies,Mbour,0,,,,,,,,,,,1
2248719,Mbadiane,13.98333,-14.83333,Kaffrine,Koungheul,0,,,,,,,,,,,4
13504807,Mbadiane,14.8283,-16.51916,Diourbel,Bambey,0,,,,,,,,,,,4
13505513,Mbadiane,14.91849,-16.223,Diourbel,Diourbel,0,,,,,,,,,,,4
13506769,Mbadiane,14.67232,-16.67549,Thies,Thies,0,,,,,,,,,,,4
13504653,Mbadiane Gora,14.80777,-16.5112,Diourbel,Bambey,0,,,,,,,,,,,1
2252609,Mbadianène,14.64777,-15.75848,Fatick,Gossas,0,,,,,,,,,,,3
13505575,Mbadianène,14.9524,-16.13907,Diourbel,Diourbel,0,,,,,,,,,,,3
13554674,Mbadianène,14.07178,-15.30171,Kaffrine,Malem Hodar,0,,,,,,,,,,,3
13506965,Mbadianéne,14.72754,-16.40486,Diourbel,Bambey,0,,,,,,,,,,,1
2248716,Mbadiou,13.96865,-16.09031,Kaolack,Kaolack,0,,,,,,,,,,,1
2248717,Mbadiène,15.3782,-15.1302,Louga,Linguere,0,,,,,,,,,,,3
2254543,Mbadiène,13.71842,-16.11488,Kaolack,Nioro Du Rip,0,,,,,,,,,,,3
13509314,Mbadiène,14.00357,-16.00881,Kaolack,Kaolack,0,,,,,,,,,,,3
2248718,Mbadié,14.95,-16.46667,Diourbel,Bambey,0,,,,,,,,,,,1
2254545,Mbadié Kad,14.76295,-16.38028,Diourbel,Bambey,0,,,,,,,,,kad,tree,1
13505487,Mbadié Ndioufène,14.75294,-16.38186,Diourbel,Bambey,0,,,,,,,,,,,1
2248713,Mbafaye,14.56671,-16.78376,Thies,Mbour,0,,,,,,,,,,,4
2248714,Mbafaye,14.4271,-16.40373,Fatick,Fatick,0,,,,,,,,,,,4
2254511,Mbafaye,14.18787,-15.93095,Kaolack,Guinguineo,0,,,,,,,,,,,4
13506786,Mbafaye,14.57419,-16.58108,Thies,Mbour,0,,,,,,,,,,,4
2248712,Mbagam,16.48556,-15.78139,Saint Louis,Dagana,0,,,,,,,,,,,1
2248711,Mbagne Séo,14.6318,-15.93557,Diourbel,Mbacke,0,,,,,,,,,,,1
2248710,Mbahdi,15.5442,-15.7826,Louga,Louga,0,,,,,,,,,,,1
2248703,Mbaiti,13.73333,-14.75,Tambacounda,Koumpentoum,0,,,,,,,,,,,1
13507246,Mbak Gaout,14.5552,-16.23534,Fatick,Fatick,0,,,,,,,,,,,1
2248701,Mbaka Lo,15.2325,-16.5685,Louga,Kebemer,0,,,,,,,Lo,Wolof,,,1
2248684,Mbakhane,14.56269,-16.39602,Fatick,Fatick,0,,,,,,,,,,,2
13506973,Mbakhane,14.67049,-16.26995,Diourbel,Diourbel,0,,,,,,,,,,,2
2248690,Mbakhas,15.90889,-16.29611,Saint Louis,Saint Louis,0,,,,,,,,,,,1
2254434,Mbakhis,15.2994,-16.3508,Thies,Tivaoune,0,,,,,,,,,,,1
2247782,Mbakhé,14.9192,-16.45456,Diourbel,Bambey,0,,,,,,,,,,,1
2248689,Mbakna,15.8782,-13.42234,Matam,Matam,0,,,,,,,,,,,1
13505497,Mbakoli,14.76343,-16.41433,Diourbel,Bambey,0,,,,,,,,,,,1
2248698,Mbaké,14.79032,-15.90803,Diourbel,Mbacke,101451,,,,,,,,,,,1
2248697,Mbaké Bari,15.494,-15.8829,Louga,Louga,0,,,,,,,,,,,1
2248695,Mbaké Djouroul,14.78333,-15.8,Diourbel,Mbacke,0,,,,,,,,,,,1
2248694,Mbaké Kayor,15.107,-16.1977,Louga,Kebemer,0,,,,,,,,,,,1
13507301,Mbaké Mayar,14.63843,-16.05178,Diourbel,Mbacke,0,,,,,,,,,,,1
2248693,Mbaké Nabé,14.2444,-12.64422,Tambacounda,Goudiry,0,,,,,,,,,,,1
2248692,Mbaké Saloum,14.33853,-16.17854,Kaolack,Kaolack,0,,,,,,,,,,,1
2248691,Mbaké Yégé,14.91667,-15.85,Diourbel,Mbacke,0,,,,,,,,,,,1
13658150,Mbakéri,13.8171,-16.14536,Kaolack,Nioro Du Rip,0,,,,,,,,,,,1
2248685,Mbal Fal,15.15,-16.43333,Thies,Tivaoune,0,,,,,,,Fal,Wolof,,,1
2248687,Mbalakhat,14.53519,-16.71139,Thies,Mbour,0,,,,,,,,,,,1
2248688,Mbalamsone,14.62365,-16.63033,Thies,Mbour,0,,,,,,,,,,,1
2254358,Mbalkam,14.55795,-16.5898,Thies,Mbour,0,,,,,,,,,,,1
7670895,Mballing,14.37911,-16.94782,Thies,Mbour,0,,,,,,,,,,,1
13506712,Mbalokh,14.65962,-16.71192,Thies,Thies,0,,,,,,,,,,,1
13509054,Mbalèm,14.45111,-16.22026,Fatick,Fatick,0,,,,,,,,,,,2
13658077,Mbalèm,13.8538,-16.3669,Fatick,Foundiougne,0,,,,,,,,,,,2
2248686,Mbalène,14.86149,-16.81057,Thies,Thies,0,,,,,,,,,,,2
13505447,Mbalène,14.9146,-16.43807,Diourbel,Bambey,0,,,,,,,,,,,2
2248683,Mbam,14.12082,-16.4359,Fatick,Foundiougne,0,,,,,,,,,,,2
2254343,Mbam,15.1128,-15.8496,Louga,Kebemer,0,,,,,,,,,,,2
2248681,Mbamane,14.40128,-16.32121,Fatick,Fatick,0,,,,,,,,,,,1
2254336,Mbamb,14.78059,-16.28082,Diourbel,Diourbel,0,,,,,,,,,,,1
2596093,Mbambara,15.95111,-16.49583,Saint Louis,Saint Louis,0,,,,,,,,,,,1
2246273,Mbambara Chérif,14.7186,-16.80249,Thies,Thies,0,,,,,,,,,,,1
2254316,Mbambey,14.79473,-16.5898,Diourbel,Bambey,0,,,,,,,,,,,1
2254307,Mbampana,14.85237,-16.63468,Thies,Thies,0,,,,,,,,,,,2
13507220,Mbampana,14.68739,-16.13775,Diourbel,Diourbel,0,,,,,,,,,,,2
2254310,Mban Djigane,14.38861,-15.85084,Fatick,Gossas,0,,,,,,,,,,,1
2248680,Mbanane,15.6484,-13.35814,Matam,Matam,0,,,,,,,,,,,1
2254304,Mbanani,14.72378,-15.90671,Diourbel,Mbacke,0,,,,,,,,,,,1
2248679,Mbanar,15.4275,-15.9357,Louga,Louga,0,,,,,,,,,,,1
2248678,Mbande,15.26667,-16.03333,Louga,Kebemer,0,,,,,,,,,,,1
2248677,Mbandé,15.91667,-16.13333,Louga,Louga,0,,,,,,,,,,,1
2248675,Mbane,16.26583,-15.8,Saint Louis,Dagana,0,,,,,,,,,,,4
2248676,Mbane,14.37877,-16.41806,Fatick,Fatick,0,,,,,,,,,,,4
2248682,Mbane,14.61012,-16.00582,Diourbel,Mbacke,0,,,,,,,,,,,4
2254273,Mbane,14.31634,-15.25426,Kaffrine,Malem Hodar,0,,,,,,,,,,,4
2248674,Mbane Eléana,16.25194,-15.69167,Saint Louis,Dagana,0,,,,,,,,,,,1
13504634,Mbangour,14.84278,-16.65816,Thies,Thies,0,,,,,,,,,,,1
2254242,Mbaniou,14.50656,-12.7832,Tambacounda,Goudiry,0,,,,,,,,,,,1
2247939,Mbankhèm,14.74513,-16.51238,Diourbel,Bambey,0,,,,,,,,,,,1
13506738,Mbankhèm Médine,14.60776,-16.67871,Thies,Mbour,0,,,madina,,,,,,,,1
2254235,Mbankouma,14.10801,-15.20224,Kaffrine,Malem Hodar,0,,,,,,,,,,,1
2248673,Mbanpana,13.66667,-16.11667,Kaolack,Nioro Du Rip,0,,,,,,,,,,,1
2248672,Mbantou,16.54103,-14.83789,Saint Louis,Podor,0,,,,,,,,,,,1
2248667,Mbap,13.71667,-15.78333,Kaolack,Nioro Du Rip,0,,,,,,,,,,,2
2248668,Mbap,13.6,-15.48333,Kaolack,Nioro Du Rip,0,,,,,,,,,,,2
2248666,Mbap Peul,15.15,-16.06667,Louga,Kebemer,0,,,,Peul (Fulani),Mbap,,,,,,1
2248665,Mbar,14.53736,-15.75887,Fatick,Gossas,0,,,,,,,,,,,1
2254164,Mbar Baouane,14.53674,-15.7181,Fatick,Gossas,0,,,,,,,,,,,1
2248653,Mbar Peul,14.55,-15.75,Fatick,Gossas,0,,,,Peul (Fulani),Mbar,,,,,,1
2254180,Mbaraglou,15.0741,-16.7145,Thies,Tivaoune,0,,,,,,,,,,,2
2254181,Mbaraglou,14.96528,-16.89317,Thies,Tivaoune,0,,,,,,,,,,,2
13504598,Mbaraglou Ogo,14.9615,-16.88858,Thies,Tivaoune,0,,,,,,,,,,,1
2596069,Mbarak,15.90194,-16.35861,Saint Louis,Saint Louis,0,,,,,,,,,,,1
2248664,Mbarama,15.18333,-16.06667,Louga,Kebemer,0,,,,,,,,,,,1
13505473,Mbarassane,14.76796,-16.31893,Diourbel,Diourbel,0,,,,,,,,,,,1
13506752,Mbardiak,14.74756,-16.67336,Thies,Thies,0,,,,,,,,,,,1
2248661,Mbari,15.38333,-16.06667,Louga,Kebemer,0,,,,,,,,,,,1
13505381,Mbari Birima,14.75688,-16.48131,Diourbel,Bambey,0,,,,,,,,,,,1
2245750,Mbari Darou,14.74823,-16.48339,Diourbel,Bambey,0,,,darou,,,,,,,,1
13504693,Mbari Diamm,14.92112,-16.58811,Diourbel,Bambey,0,,,,,,,,,,,1
13507050,Mbari Keur Sapolék,14.74709,-16.49879,Diourbel,Bambey,0,,,,,,,,,,,1
13505359,Mbari Kèr,14.88342,-16.45189,Diourbel,Bambey,0,,,,,,,,,,,1
13507013,Mbari Santhie,14.74729,-16.46849,Diourbel,Bambey,0,,,,,,,,,,,1
2248659,Mbarigo,16.07167,-16.37,Saint Louis,Saint Louis,0,,,,,,,,,,,1
2248657,Mbaro,15.25,-16.2,Louga,Kebemer,0,,,,,,,,,,,3
2248658,Mbaro,13.66667,-14.76667,Tambacounda,Koumpentoum,0,,,,,,,,,,,3
13504790,Mbaro,14.99559,-16.50902,Diourbel,Bambey,0,,,,,,,,,,,3
2254173,Mbarokounda,14.0196,-15.28702,Kaffrine,Malem Hodar,0,kounda,Mandinka,,,,,,,,,1
2248655,Mbarom,15.61667,-16.18333,Louga,Louga,0,,,,,,,,,,,2
2248656,Mbarom,15.43333,-16.33333,Louga,Kebemer,0,,,,,,,,,,,2
2248654,MbarouBof,16.15444,-16.32583,Saint Louis,Dagana,0,,,,,,,,,,,1
2248662,Mbarène,15.26667,-16.4,Thies,Tivaoune,0,,,,,,,,,,,1
2248663,Mbaré,15.31667,-16.05,Louga,Kebemer,0,,,,,,,,,,,1
2248652,Mbass,12.61667,-12.83333,Kedougou,Salemata,0,,,,,,,,,,,1
2248650,Mbassis,14.36725,-16.67957,Fatick,Fatick,0,,,,,,,,,,,3
2248651,Mbassis,14.08237,-16.42782,Fatick,Foundiougne,0,,,,,,,,,,,3
13508536,Mbassis,14.40756,-16.49769,Fatick,Fatick,0,,,,,,,,,,,3
13504675,Mbatal Mbambey,14.80318,-16.59071,Diourbel,Bambey,0,,,,,,,,,,,1
2248649,Mbatar,15.76667,-16.25,Louga,Louga,0,,,,,,,,,,,1
13505465,Mbathie,14.84653,-16.39305,Diourbel,Bambey,0,,,,,,,,,,,1
13554561,Mbatiaré,14.24782,-15.71551,Kaffrine,Birkelane,0,,,,,,,,,,,1
2254095,Mbatias Dièye,15.86611,-16.34917,Saint Louis,Saint Louis,0,,,,,,,,,,,1
2595987,Mbaubène,16.09972,-16.40694,Saint Louis,Dagana,0,,,,,,,,,,,1
2248671,Mbaw,15.80825,-16.52251,Louga,Louga,0,,,,,,,,,,,2
2251338,Mbaw,14.73192,-17.3274,Dakar,Pikine,0,,,,,,,,,,,2
2246689,Mbaw Gou Ndaw,14.74183,-17.35723,Dakar,Pikine,0,,,,,,,,,,,1
2248669,Mbawane,14.87944,-17.13107,Thies,Thies,0,,,,,,,,,,,1
13505592,Mbawor,14.87521,-16.10989,Diourbel,Mbacke,0,,,,,,,,,,,1
13507009,Mbayane,14.72066,-16.29775,Diourbel,Bambey,0,,,,,,,,,,,1
2595463,Mbayar,14.62631,-17.10713,Thies,Mbour,0,,,,,,,,,,,2
13507233,Mbayar,14.6482,-16.0523,Diourbel,Mbacke,0,,,,,,,,,,,2
2248644,Mbaye,15.53333,-16.45,Louga,Kebemer,0,,,,,,,Mbaye,Wolof,,,3
2248645,Mbaye,15.384,-15.2585,Louga,Linguere,0,,,,,,,Mbaye,Wolof,,,3
2248646,Mbaye,14.85,-16.36667,Diourbel,Bambey,0,,,,,,,Mbaye,Wolof,,,3
2248643,Mbaye Bakar,15.05,-16.78333,Thies,Tivaoune,0,,,,,,,,,,,1
2248640,Mbaye Bayou,15.11667,-16.88333,Thies,Tivaoune,0,,,,,,,,,,,1
2248639,Mbaye Dialo,15.2,-16.68333,Thies,Tivaoune,0,,,,,,,,,,,1
2248638,Mbaye Faye Fafa,13.73333,-15.8,Kaolack,Nioro Du Rip,0,,,,,,,,,,,1
2248637,Mbaye Faye Ouali Bop,13.73333,-15.85,Kaolack,Nioro Du Rip,0,,,,,,,,,,,1
2248633,Mbaye Mbaye,15.8306,-16.4007,Louga,Louga,0,,,,,,,Mbaye,Wolof,,,6
2248634,Mbaye Mbaye,15.6723,-16.3657,Louga,Louga,0,,,,,,,Mbaye,Wolof,,,6
2248635,Mbaye Mbaye,15.1312,-16.8927,Thies,Tivaoune,0,,,,,,,Mbaye,Wolof,,,6
2248636,Mbaye Mbaye,13.96667,-15.05,Kaffrine,Koungheul,0,,,,,,,Mbaye,Wolof,,,6
2248641,Mbaye Mbaye,15.89889,-16.28833,Saint Louis,Saint Louis,0,,,,,,,Mbaye,Wolof,,,6
2248642,Mbaye Mbaye,15.87,-16.27639,Saint Louis,Saint Louis,0,,,,,,,Mbaye,Wolof,,,6
2596058,Mbaye Mbaye Ouolof,15.87278,-16.31083,Saint Louis,Saint Louis,0,,,,Wolof,Mbaye Mbaye,,,,,,1
2596057,Mbaye Mbaye Peul,15.88167,-16.30389,Saint Louis,Saint Louis,0,,,,Peul (Fulani),Mbaye Mbaye,,,,,,1
2596056,Mbaye Mbaye Tout,15.88222,-16.31111,Saint Louis,Saint Louis,0,,,,,,,,,,,1
2248632,Mbaye Minké,14.58333,-16.4,Fatick,Fatick,0,,,,,,,,,,,1
2248617,Mbaye Njinakh,15.35,-16.51667,Louga,Kebemer,0,,,,,,,,,,,1
2248616,Mbaye Séo,14.6,-15.91667,Diourbel,Mbacke,0,,,,,,,,,,,1
11497861,Mbayene,13.9421,-15.69202,Kaffrine,Birkelane,0,,,,,,,,,,,1
2254477,Mbaylar Wolof,13.96333,-16.03518,Kaolack,Kaolack,0,,,,Wolof,Mbaylar,,,,,,1
2248618,Mbayène,15.0002,-16.86826,Thies,Tivaoune,0,,,,,,,,,,,15
2248621,Mbayène,15.76361,-16.36,Louga,Louga,0,,,,,,,,,,,15
2248622,Mbayène,15.71667,-16.16667,Louga,Louga,0,,,,,,,,,,,15
2248623,Mbayène,15.5114,-15.5643,Louga,Linguere,0,,,,,,,,,,,15
2248624,Mbayène,15.33333,-16.05,Louga,Kebemer,0,,,,,,,,,,,15
2248625,Mbayène,15.1724,-16.3039,Thies,Tivaoune,0,,,,,,,,,,,15
2248626,Mbayène,15.11667,-16.73333,Thies,Tivaoune,0,,,,,,,,,,,15
2248627,Mbayène,14.83063,-16.29105,Diourbel,Diourbel,0,,,,,,,,,,,15
2248629,Mbayène,14.75848,-16.18484,Diourbel,Diourbel,0,,,,,,,,,,,15
2248630,Mbayène,14.66667,-15.66667,Fatick,Gossas,0,,,,,,,,,,,15
2248631,Mbayène,14.58333,-15.76667,Fatick,Gossas,0,,,,,,,,,,,15
2595901,Mbayène,14.76664,-17.05602,Thies,Thies,0,,,,,,,,,,,15
13504549,Mbayène,14.81267,-16.85794,Thies,Thies,0,,,,,,,,,,,15
13504580,Mbayène,14.79152,-16.81572,Thies,Thies,0,,,,,,,,,,,15
13552840,Mbayène,14.69012,-15.81002,Diourbel,Mbacke,0,,,,,,,,,,,15
2248628,Mbayène Dankh,14.83196,-16.14894,Diourbel,Diourbel,0,,,,,,,,,,,1
2254073,Mbayène Diak,14.6627,-16.71813,Thies,Thies,0,,,,,,,,,,,1
2254074,Mbayène Missira,14.96831,-15.96505,Diourbel,Mbacke,0,,,missira,,,,,,,,1
2248620,Mbayène Ndakhar,13.83333,-15.31667,Kaffrine,Kaffrine,0,,,,,,,,,,,1
2248619,Mbayène Ndjoudam,15.1833,-15.9797,Louga,Kebemer,0,,,,,,,,,,,1
13505426,Mbayène Sob,14.84934,-16.27126,Diourbel,Diourbel,0,,,,,,,,,,,1
2248715,Mbaène,15.4178,-15.4669,Louga,Linguere,0,,,,,,,,,,,1
2248709,Mbaï Diop,15.13333,-16.13333,Louga,Kebemer,0,,,,,,,Diop,Wolof,,,1
2248707,Mbaïladji,14.26014,-12.77754,Tambacounda,Goudiry,0,,,,,,,,,,,1
2248706,Mbaïlar,15.11667,-16.48333,Thies,Tivaoune,0,,,,,,,,,,,1
2248705,Mbaïlo,15.1681,-15.9707,Louga,Kebemer,0,,,,,,,,,,,1
2248704,Mbaïseri,14.58333,-16.83333,Thies,Thies,0,,,,,,,,,,,1
2248702,Mbaïti Massamba,15.2,-16.16667,Louga,Kebemer,0,,,,,,,,,,,1
13554046,Mbediar,14.31376,-15.93827,Kaolack,Guinguineo,0,,,,,,,,,,,1
13508515,Mbel Bouk,14.42357,-16.28337,Fatick,Fatick,0,,,,,,,,,,,1
13509025,Mbel Sob,14.28553,-16.23065,Kaolack,Kaolack,0,,,,,,,,,,,1
13508544,Mbelakadiaw Khabane,14.34367,-16.28789,Fatick,Fatick,0,,,,,,,,,,,1
2248602,Mbelbouk,14.03387,-15.3943,Kaffrine,Kaffrine,0,,,,,,,,,,,1
2253974,Mbelkhokh,14.48421,-15.83199,Fatick,Gossas,0,,,,,,,,,,,1
2248595,Mbelkmor,14.51667,-15.83333,Fatick,Gossas,0,,,,,,,,,,,1
13507459,Mbelméw,14.44353,-16.58852,Fatick,Fatick,0,,,,,,,,,,,1
13509064,Mbengane,14.43298,-16.1791,Fatick,Gossas,0,,,,,,,,,,,1
2248577,Mbenguène,14.9,-16.46667,Diourbel,Bambey,0,,,,,,,,,,,4
13504592,Mbenguène,14.96931,-16.94859,Thies,Tivaoune,0,,,,,,,,,,,4
13553602,Mbenguène,14.72941,-15.33126,Louga,Linguere,0,,,,,,,,,,,4
13554408,Mbenguène,14.20758,-15.84796,Kaolack,Guinguineo,0,,,,,,,,,,,4
2248574,Mber,15.21667,-16.55,Thies,Tivaoune,0,,,,,,,,,,,1
2253660,Mbessédji Bara,14.32365,-15.75053,Kaolack,Guinguineo,0,,,,,,,,,,,1
13554072,Mbessédji Macissé,14.32003,-15.72237,Kaolack,Guinguineo,0,,,,,,,,,,,1
13554048,Mbessédji Mansali,14.3208,-15.75162,Kaolack,Guinguineo,0,,,,,,,,,,,1
2248566,Mbetèt,15.3,-16.71667,Louga,Kebemer,0,,,,,,,,,,,1
2248569,Mbeuksine,15.2428,-16.1176,Louga,Kebemer,0,,,,,,,,,,,1
2248563,Mbeuleukhé,15.6487,-15.3492,Louga,Linguere,1510,,,,,,,,,,,3
13504659,Mbeuleukhé,14.95996,-16.66347,Thies,Tivaoune,0,,,,,,,,,,,3
13504660,Mbeuleukhé,14.97978,-16.61952,Thies,Tivaoune,0,,,,,,,,,,,3
2248575,Mbeup,14.75756,-15.5567,Diourbel,Mbacke,0,,,,,,,,,,,1
13504560,Mbeussine,14.96527,-16.88066,Thies,Tivaoune,0,,,,,,,,,,,1
2248562,Mbeut,14.78938,-17.16628,Dakar,Rufisque,0,,,,,,,,,,,1
13505528,Mbeuti,14.80309,-16.13671,Diourbel,Diourbel,0,,,,,,,,,,,1
13507286,Mbeyna Sérèr,14.58645,-16.10391,Diourbel,Diourbel,0,,,,Sérèr,Mbeyna,,,,,,1
13507264,Mbeyna Wolof,14.58084,-16.11491,Diourbel,Diourbel,0,,,,Wolof,Mbeyna,,,,,,1
2595916,Mbidiam Lébou,14.89157,-17.07844,Thies,Thies,0,,,,,,,,,,,1
2248553,Mbidiam Wolof,14.89523,-17.0785,Thies,Thies,0,,,,Wolof,Mbidiam,,,,,,1
13507036,Mbidé,14.72545,-16.49437,Diourbel,Bambey,0,,,,,,,,,,,1
2248552,Mbil,13.98571,-16.39011,Fatick,Foundiougne,0,,,,,,,,,,,1
13505520,Mbili,14.78794,-16.08234,Diourbel,Mbacke,0,,,,,,,,,,,1
2248549,Mbilor,16.51667,-15.58333,Saint Louis,Dagana,0,,,,,,,,,,,1
2248548,Mbilor Diéri,16.48278,-15.55833,Saint Louis,Dagana,0,,,,,,,,,,,1
2248547,Mbindi,15.9,-16.31667,Saint Louis,Saint Louis,0,,,,,,,,,,,1
13507001,Mbindo,14.6292,-16.30078,Diourbel,Diourbel,0,,,,,,,,,,,1
2248546,Mbinguène,15.61667,-16.41667,Louga,Kebemer,0,,,,,,,,,,,1
2248545,Mbinguène Diouar,15.35,-16.41667,Louga,Kebemer,0,,,,,,,,,,,1
2248544,Mbinndiouga,14.53333,-15.86667,Fatick,Gossas,0,,,,,,,,,,,1
2253888,Mbinondar,14.47896,-16.4547,Fatick,Fatick,0,,,,,,,,,,,1
2248543,Mbirakam,15.1,-16.03333,Louga,Kebemer,0,,,,,,,,,,,1
2248542,Mbirama,15.8,-16.13333,Louga,Louga,0,,,,,,,,,,,1
2248541,Mbirane Gaye,15.9,-16.23333,Louga,Louga,0,,,,,,,Gaye,Wolof,,,1
2248540,Mbirdiam,14.76297,-17.10806,Thies,Thies,0,,,,,,,,,,,2
2595580,Mbirdiam,14.69425,-17.12593,Thies,Thies,0,,,,,,,,,,,2
2248539,Mbirine,15.15,-16.41667,Thies,Tivaoune,0,,,,,,,,,,,1
2248538,Mbirk,14.28333,-16.35,Fatick,Fatick,0,,,,,,,,,,,1
13657991,Mbiskit,13.76279,-16.42162,Fatick,Foundiougne,0,,,,,,,,,,,1
2248537,Mbissaw,14.82819,-17.0877,Thies,Thies,0,,,,,,,,,,,1
2248115,Mbissel,14.14474,-16.74539,Fatick,Fatick,0,,,,,,,,,,,1
2248536,Mbississ,15.43333,-16.31667,Louga,Kebemer,0,,,,,,,,,,,1
2248535,Mbit,14.9,-16.38333,Diourbel,Bambey,0,,,,,,,,,,,1
2248534,Mbitéyène,13.75,-15.95,Kaolack,Nioro Du Rip,0,,,,,,,,,,,1
2253830,Mbitéyène Abdou,13.91906,-16.14567,Kaolack,Kaolack,0,,,,,,,,,,,1
13658219,Mbitéyène Momat,13.89493,-16.13876,Kaolack,Kaolack,0,,,,,,,,,,,1
13509102,Mbitéyène Wélor,14.03005,-16.26084,Kaolack,Kaolack,0,,,,,,,,,,,1
2248533,Mboba,15.15,-16.18333,Louga,Kebemer,0,,,,,,,,,,,2
2253819,Mboba,14.84076,-16.35169,Diourbel,Diourbel,0,,,,,,,,,,,2
2248531,Mbobou,15.48333,-16.28333,Louga,Louga,0,,,,,,,,,,,1
2248532,Mbobène,14.62302,-15.92767,Diourbel,Mbacke,0,,,,,,,,,,,3
13505415,Mbobène,14.93152,-16.41778,Diourbel,Bambey,0,,,,,,,,,,,3
13505424,Mbobène,14.87204,-16.32001,Diourbel,Diourbel,0,,,,,,,,,,,3
2253766,Mbobène Gouye,14.84223,-16.2086,Diourbel,Diourbel,0,,,,,,,,,gouye,tree,1
2248464,Mbodiène,14.99023,-15.76824,Louga,Linguere,0,,,,,,,,,,,8
2248527,Mbodiène,14.21735,-16.17008,Kaolack,Kaolack,0,,,,,,,,,,,8
2248528,Mbodiène,14.82347,-15.81039,Diourbel,Mbacke,0,,,,,,,,,,,8
13504609,Mbodiène,14.93075,-16.85007,Thies,Tivaoune,0,,,,,,,,,,,8
13505495,Mbodiène,14.79151,-16.47285,Diourbel,Bambey,0,,,,,,,,,,,8
13506466,Mbodiène,14.73538,-16.82301,Thies,Thies,0,,,,,,,,,,,8
13507243,Mbodiène,14.71392,-16.07615,Diourbel,Mbacke,0,,,,,,,,,,,8
13554434,Mbodiène,14.1289,-15.84392,Kaffrine,Birkelane,0,,,,,,,,,,,8
13509081,Mbodiène Plage,14.23089,-16.87282,Thies,Mbour,0,,,,,,,,,,,1
2248529,Mbodiène Wolof,14.24174,-16.86715,Thies,Mbour,0,,,,Wolof,Mbodiène,,,,,,1
2248530,Mbodié,15.4155,-15.9934,Louga,Louga,0,,,,,,,,,,,1
2248526,Mbodogne,14.9,-15.9,Diourbel,Mbacke,0,,,,,,,,,,,1
2254510,Mbofaye,14.69555,-16.57774,Diourbel,Bambey,0,,,,,,,,,,,1
2253673,Mbokhéodane,14.59991,-16.46415,Diourbel,Bambey,0,,,,,,,,,,,1
2248517,Mbokhéodof,14.23427,-16.30962,Kaolack,Kaolack,0,,,,,,,,,,,1
13553472,Mboki Barguèl,14.52601,-15.64594,Fatick,Gossas,0,,,,,,,,,,,1
2248525,Mbollop,13.93333,-15.55,Kaffrine,Birkelane,0,,,,,,,,,,,1
2253703,Mboloyél,15.87472,-13.47512,Matam,Matam,0,,,,,,,,,,,1
2248521,Mboltagne Nar,15.4,-16.35,Louga,Kebemer,0,,,,,,,,,,,1
2596016,Mboltogne,16.15056,-16.3075,Saint Louis,Dagana,0,,,,,,,,,,,3
13504797,Mboltogne,14.84756,-16.66859,Thies,Thies,0,,,,,,,,,,,3
13507024,Mboltogne,14.50443,-16.39621,Fatick,Fatick,0,,,,,,,,,,,3
2253690,Mbomboye,14.70933,-16.92804,Thies,Thies,0,,,,,,,,,,,1
13506785,Mbomboye Deux,14.6685,-16.61029,Diourbel,Bambey,0,,,,,,2,,,,,1
2253691,Mbomboye Un,14.66311,-16.61233,Diourbel,Bambey,0,,,,,,1,,,,,1
2248519,Mbon Bassari,12.5767,-12.8835,Kedougou,Salemata,0,,,,Bassari,Mbon,,,,,,1
2248520,Mbon Peul,12.5574,-12.8964,Kedougou,Salemata,0,,,,Peul (Fulani),Mbon,,,,,,1
2248516,Mborine,15.1,-16.68333,Thies,Tivaoune,0,,,,,,,,,,,1
2248515,Mboro,15.14051,-16.88682,Thies,Tivaoune,40811,,,,,,,,,,,1
2248514,Mboro Kandio,15.1571,-16.9191,Thies,Tivaoune,0,,,,,,,,,,,1
2248513,Mboro-sur-Mer,15.1741,-16.9103,Thies,Tivaoune,0,,,,,,,,,,,1
2248512,Mbos,14.36484,-15.74584,Kaolack,Guinguineo,4347,,,,,,,,,,,3
2253663,Mbos,13.99859,-16.00381,Kaolack,Kaolack,0,,,,,,,,,,,3
13504690,Mbos,14.78925,-16.62335,Thies,Thies,0,,,,,,,,,,,3
2248511,Mbos Bala Peul,14.39627,-15.73225,Kaolack,Guinguineo,0,,,,Peul (Fulani),Mbos Bala,,,,,,1
2248508,Mbos Ndiamb,14.46829,-16.06702,Fatick,Gossas,4347,,,,,,,,,,,1
2595416,Mbos Ngogne,14.52837,-17.065,Thies,Mbour,0,,,,,,,,,,,1
2248509,Mbos Wadiour,14.37575,-15.78033,Kaolack,Guinguineo,0,,,,,,,,,,,1
13507234,Mbossèkh,14.7114,-16.2223,Diourbel,Diourbel,0,,,,,,,,,,,1
2595658,Mbot,14.69534,-17.22337,Dakar,Rufisque,0,,,,,,,,,,,1
13504677,Mbotal,14.79801,-16.53523,Diourbel,Bambey,0,,,,,,,,,,,1
13508526,Mbotil Kop,14.3177,-16.28617,Fatick,Fatick,0,,,,,,,,,,,2
13508575,Mbotil Kop,14.29771,-16.29463,Fatick,Fatick,0,,,,,,,,,,,2
13508572,Mbotil Ndone,14.42417,-16.29676,Fatick,Fatick,0,,,,,,,,,,,1
2248507,Mbouba,16.19002,-14.01562,Saint Louis,Podor,4896,,,,,,,,,,,1
2248506,Mboubane,14.8323,-16.57106,Diourbel,Bambey,0,,,,,,,,,,,2
13507451,Mboubane,14.37604,-16.56868,Fatick,Fatick,0,,,,,,,,,,,2
2596044,Mboubène Mbatar,15.76083,-16.26444,Louga,Louga,0,,,,,,,,,,,1
2248504,Mboudaye,14.4708,-16.60812,Thies,Mbour,0,,,,,,,,,,,5
2248505,Mboudaye,14.40193,-16.42675,Fatick,Fatick,0,,,,,,,,,,,5
13507237,Mboudaye,14.57901,-16.19192,Diourbel,Diourbel,0,,,,,,,,,,,5
13508992,Mboudaye,14.39545,-16.0898,Fatick,Gossas,0,,,,,,,,,,,5
13658171,Mboudaye,13.90879,-15.99987,Kaolack,Kaolack,0,,,,,,,,,,,5
2253643,Mboudaye Sérèr,13.93083,-16.18053,Kaolack,Kaolack,0,,,,Sérèr,Mboudaye,,,,,,1
2244940,Mboudaye Tawa,13.97402,-16.20328,Kaolack,Kaolack,0,,,,,,,,,,,1
2253629,Mboufoudj,14.5701,-16.62291,Thies,Mbour,0,,,,,,,,,,,1
2248503,Mboufta,15.03333,-16.7,Thies,Tivaoune,0,,,,,,,,,,,1
2595595,Mbouka,14.63211,-17.12743,Thies,Mbour,0,,,,,,,,,,,1
2595616,Mbouka Peul,14.68733,-17.15392,Dakar,Rufisque,0,,,,Peul (Fulani),Mbouka,,,,,,1
13504796,Mboukhoumé,14.76683,-16.53829,Diourbel,Bambey,0,,,,,,,,,,,1
2248502,Mbouki,15.11667,-16.06667,Louga,Kebemer,0,,,,,,,,,,,2
13505511,Mbouki,14.79511,-16.09876,Diourbel,Mbacke,0,,,,,,,,,,,2
2248501,Mboukoutour,14.43333,-16.45,Fatick,Fatick,0,,,,,,,,,,,1
2248485,Mboul,14.74812,-17.09607,Thies,Thies,0,,,,,,,,,,,8
2248495,Mboul,15.5041,-16.4166,Louga,Kebemer,0,,,,,,,,,,,8
2248496,Mboul,15.3499,-14.4611,Matam,Ranerou,0,,,,,,,,,,,8
2248497,Mboul,14.63333,-16.45,Diourbel,Bambey,0,,,,,,,,,,,8
2248499,Mboul,14.05,-13.91667,Tambacounda,Tambacounda,0,,,,,,,,,,,8
2248500,Mboul,13.93333,-15.31667,Kaffrine,Kaffrine,0,,,,,,,,,,,8
2595767,Mboul,14.72215,-17.4908,Dakar,Dakar,0,,,,,,,,,,,8
2595888,Mboul,14.75204,-17.09327,Thies,Thies,0,,,,,,,,,,,8
13554565,Mboul Baol,14.23064,-15.50998,Kaffrine,Kaffrine,0,,,,,,,,,,,1
13658041,Mboul Diamé,13.88802,-16.37742,Fatick,Foundiougne,0,,,,,,,,,,,1
2248498,Mboul Kaèl,14.58048,-15.92108,Diourbel,Mbacke,0,,,,,,,,,,,1
2253552,Mboul Peul,14.21554,-15.50011,Kaffrine,Kaffrine,0,,,,Peul (Fulani),Mboul,,,,,,1
13506998,Mboul Souka,14.51437,-16.3446,Fatick,Fatick,0,,,,,,,,,,,1
2248494,Mboula,15.6724,-15.4344,Louga,Linguere,0,,,,,,,,,,,1
13504714,Mboulfa,14.85173,-16.703,Thies,Thies,0,,,,,,,,,,,1
2248490,Mboulkane,15.1,-16.05,Louga,Kebemer,0,,,,,,,,,,,1
13509357,Mboulo Mbofi,14.19502,-16.01376,Kaolack,Guinguineo,0,,,,,,,,,,,1
2253564,Mboulougne Diavandou,14.3837,-15.70564,Kaolack,Guinguineo,0,,,,,,,,,,,1
13554026,Mboulougne Saer,14.4217,-15.76131,Kaolack,Guinguineo,0,,,,,,,,,,,1
2248486,Mboulougne Sénou,14.41389,-15.78425,Kaolack,Guinguineo,0,,,,,,,,,,,1
2248487,Mboulouk,15.98333,-16.25,Saint Louis,Saint Louis,0,,,,,,,,,,,1
13506726,Mbouloukhtèn,14.63966,-16.70107,Thies,Mbour,0,,,,,,,,,,,1
13506761,Mbouloukhtèn Mboul,14.65006,-16.65279,Thies,Thies,0,,,,,,,,,,,1
13506783,Mbouloukhtèn Séko,14.6244,-16.67523,Thies,Mbour,0,,,,,,,,,,,1
13554436,Mbouloum,14.15408,-15.79378,Kaffrine,Birkelane,0,,,,,,,,,,,2
13658049,Mbouloum,13.89454,-16.3639,Fatick,Foundiougne,0,,,,,,,,,,,2
2248491,Mboulèm,14.38658,-16.8943,Thies,Mbour,0,,,,,,,,,,,3
2248492,Mboulèm,14.22086,-16.0302,Kaolack,Guinguineo,0,,,,,,,,,,,3
13505402,Mboulèm,14.77479,-16.48999,Diourbel,Bambey,0,,,,,,,,,,,3
2248493,Mboulé,15.2,-16.45,Thies,Tivaoune,0,,,,,,,,,,,1
2253551,Mbouma,13.90436,-16.07079,Kaolack,Kaolack,0,,,,,,,,,,,1
13508530,Mbouma Deux,14.36007,-16.32542,Fatick,Fatick,0,,,,,,2,,,,,1
13508582,Mbouma Trois,14.38439,-16.32361,Fatick,Fatick,0,,,,,,3,,,,,1
13508534,Mbouma Un,14.37181,-16.32567,Fatick,Fatick,0,,,,,,1,,,,,1
2248483,Mboume Niel,14.66667,-13.36667,Matam,Kanel,0,,,,,,,,,,,1
13505508,Mboumi,14.858,-16.16647,Diourbel,Diourbel,0,,,,,,,,,,,1
2596073,Mboundi,15.89528,-16.39389,Saint Louis,Saint Louis,0,,,,,,,,,,,1
2248482,Mboundou Mbaba,14.61667,-14.61667,Matam,Ranerou,0,,,,,,,,,,,1
2248481,Mboune,14.7,-13.56667,Matam,Kanel,0,,,,,,,,,,,1
2595618,Mbounka Bambara,14.69463,-17.16143,Dakar,Rufisque,0,,,,Bambara,Mbounka,,,,,,1
2248479,Mboup,15.61667,-16.31667,Louga,Louga,0,,,,,,,,,,,1
2248477,Mbour,14.42196,-16.96375,Thies,Mbour,284189,,,,,,,,,,,1
13508554,Mbour Sine,14.43864,-16.29453,Fatick,Fatick,0,,,,,,,,,,,1
2248475,Mbouro,13.7,-14.16667,Tambacounda,Tambacounda,0,,,,,,,,,,,1
2248473,Mbourokh,14.39433,-16.87424,Thies,Mbour,0,,,,,,,,,,,1
2248474,Mbouromassi,13.61667,-14.31667,Tambacounda,Tambacounda,0,,,,,,,,,,,1
2248471,Mbouroukh Bambara,14.6652,-17.11975,Thies,Mbour,0,,,,Bambara,Mbouroukh,,,,,,1
2248472,Mbouroukh Sérèr,14.66405,-17.12899,Thies,Mbour,0,,,,Sérèr,Mbouroukh,,,,,,1
2254120,Mboursine,14.38981,-15.90694,Fatick,Gossas,0,,,,,,,,,,,1
2253495,Mbourwaye,14.71034,-16.72128,Thies,Thies,0,,,,,,,,,,,1
2248476,Mbouré,13.85,-14.9,Kaffrine,Koungheul,0,,,,,,,,,,,1
13506519,Mbousnakh Ngathie,14.67675,-16.78122,Thies,Thies,0,,,,,,,,,,,1
13506513,Mbousnakh Ngor,14.6934,-16.78407,Thies,Thies,0,,,,,,,,,,,1
13506499,Mbousnakh Ngot,14.6874,-16.77563,Thies,Thies,0,,,,,,,,,,,1
2248470,Mbousnakh Ngourbane,14.66445,-16.77503,Thies,Thies,0,,,,,,,,,,,1
2248469,Mboussali,14.83333,-15.63333,Diourbel,Mbacke,0,,,,,,,,,,,1
2248468,Mbousso Ndir,14.80791,-16.49372,Diourbel,Bambey,0,,,,,,,,,,,1
2248466,Mboussobé,15.3257,-15.5913,Louga,Linguere,0,,,,,,,,,,,3
2248467,Mboussobé,14.84931,-15.75869,Diourbel,Mbacke,0,,,,,,,,,,,3
2253490,Mboussobé,15.3574,-15.5723,Louga,Linguere,0,,,,,,,,,,,3
13504648,Mbouye,14.95494,-16.59907,Diourbel,Bambey,0,,,,,,,,,,,1
13658188,Mbowène,13.97999,-16.07145,Kaolack,Kaolack,0,,,,,,,,,,,1
13658051,Mbowène Ibra,13.89616,-16.29956,Fatick,Foundiougne,0,,,,,,,,,,,1
13658052,Mbowène Souley,13.894,-16.3058,Fatick,Foundiougne,0,,,,,,,,,,,1
2247596,Mboye,15.95333,-16.34056,Saint Louis,Saint Louis,0,,,,,,,,,,,2
2596062,Mboye,15.97222,-16.32472,Saint Louis,Saint Louis,0,,,,,,,,,,,2
2595500,Mboyenâk,14.69152,-17.09979,Thies,Thies,0,,,,,,,,,,,1
2248465,Mboynane,15.6536,-15.3871,Louga,Linguere,0,,,,,,,,,,,1
2248461,Mboyo,16.63642,-14.80298,Saint Louis,Podor,0,,,,,,,,,,,2
2248462,Mboyo,16.5255,-14.79751,Saint Louis,Podor,0,,,,,,,,,,,2
2248463,Mboyène,14.69275,-16.39188,Diourbel,Bambey,0,,,,,,,,,,,2
13506997,Mboyène,14.52253,-16.46363,Fatick,Fatick,0,,,,,,,,,,,2
2248459,Mbram,14.96667,-15.95,Diourbel,Mbacke,0,,,,,,,,,,,1
2248458,Mbrama Rat,15.81667,-16.06667,Louga,Louga,0,,,,,,,,,,,1
2248457,Mbrar,16.03028,-15.95917,Louga,Louga,0,,,,,,,,,,,1
2248456,Mbress,16.15778,-16.20167,Saint Louis,Dagana,0,,,,,,,,,,,1
2595939,Mbâyène,14.97461,-17.00269,Thies,Tivaoune,0,,,,,,,,,,,1
2248598,Mbèlègne Kodiolè,15.9864,-15.6621,Louga,Louga,0,,,,,,,,,,,1
2248576,Mbèndi,14.89198,-17.02963,Thies,Tivaoune,0,,,,,,,,,,,1
13551155,Mbène,14.77345,-15.94297,Diourbel,Mbacke,0,,,,,,,,,,,1
2248573,Mbèr,15.41667,-16.08333,Louga,Louga,0,,,,,,,,,,,2
13505408,Mbèr,14.90394,-16.38871,Diourbel,Bambey,0,,,,,,,,,,,2
2248570,Mbèss,15.41667,-16.68333,Louga,Kebemer,0,,,,,,,,,,,1
2248559,Mbèye,15.29379,-16.43447,Thies,Tivaoune,0,,,,,,,,,,,4
2248560,Mbèye,14.77773,-16.36051,Diourbel,Bambey,0,,,,,,,,,,,4
2595854,Mbèye,14.82738,-17.21184,Dakar,Rufisque,0,,,,,,,,,,,4
13505537,Mbèye,14.76168,-16.1367,Diourbel,Diourbel,0,,,,,,,,,,,4
2248615,Mbédap,14.44336,-16.55965,Fatick,Fatick,0,,,,,,,,,,,2
13507441,Mbédap,14.48409,-16.60125,Thies,Mbour,0,,,,,,,,,,,2
2248614,Mbédiègne,15.21667,-16.56667,Louga,Kebemer,0,,,,,,,,,,,1
2248613,Mbédiène,15.5036,-16.1997,Louga,Louga,0,,,,,,,,,,,1
13508560,Mbéfoutèn,14.35416,-16.26272,Fatick,Fatick,0,,,,,,,,,,,1
2248610,Mbéfél,14.45115,-16.62546,Thies,Mbour,0,,,,,,,,,,,1
2248609,Mbégaye,16.13306,-16.27,Saint Louis,Dagana,0,,,,,,,,,,,1
2248608,Mbégué,14.44693,-15.49894,Kaffrine,Kaffrine,0,,,,,,,,,,,1
13554114,Mbégué Goumé,14.45938,-15.47462,Kaffrine,Kaffrine,0,,,,,,,,,,,1
2248605,Mbéguéré,15.05,-16.03333,Louga,Kebemer,0,,,,,,,,,,,1
2248604,Mbélakadio,14.33996,-16.2952,Fatick,Fatick,0,,,,,,,,,,,1
2248603,Mbélane,14.04916,-16.4437,Fatick,Foundiougne,0,,,,,,,,,,,1
2248601,Mbélbouk,14.27046,-16.24066,Kaolack,Kaolack,0,,,,,,,,,,,1
2248599,Mbélegne,15.7433,-15.7572,Louga,Louga,0,,,,,,,,,,,2
2248600,Mbélegne,15.4814,-15.9959,Louga,Louga,0,,,,,,,,,,,2
13507035,Mbélgor,14.51911,-16.29284,Fatick,Fatick,0,,,,,,,,,,,1
2248597,Mbéli,15.0807,-15.5761,Louga,Linguere,0,,,,,,,,,,,1
13509065,Mbélobé,14.26551,-16.12958,Kaolack,Kaolack,0,,,,,,,,,,,1
2248592,Mbélogne,15.6099,-14.3886,Saint Louis,Podor,0,,,,,,,,,,,3
2248593,Mbélogne,14.8,-15.76667,Diourbel,Mbacke,0,,,,,,,,,,,3
2253965,Mbélogne,14.14039,-15.04531,Kaffrine,Koungheul,0,,,,,,,,,,,3
2248589,Mbélogne Bali,14.66667,-14.68333,Matam,Ranerou,0,,,,,,,,,,,1
2248588,Mbélogne Bayédi,16.10167,-15.69583,Saint Louis,Dagana,0,,,,,,,,,,,1
2248584,Mbélogne Goudé,16.18528,-15.58194,Saint Louis,Dagana,0,,,,,,,,,,,1
2248582,Mbélone,15.54877,-13.4508,Matam,Matam,0,,,,,,,,,,,1
2248581,Mbélongout,14.38368,-16.63917,Fatick,Fatick,0,,,,,,,,,,,1
13507440,Mbélongout Garage,14.38432,-16.65341,Fatick,Fatick,0,,,,,,,,,,,1
2253964,Mbélonguit,14.25816,-16.29745,Kaolack,Kaolack,0,,,,,,,,,,,1
2248580,Mbéma,12.6,-12.71667,Kedougou,Salemata,0,,,,,,,,,,,1
2248579,Mbémène,15.2167,-15.5463,Louga,Linguere,0,,,,,,,,,,,1
2248606,Mbénguène Diavar,15.3416,-16.4059,Louga,Kebemer,0,,,,,,,,,,,1
2253950,Mbéné Diouma,14.01801,-15.58742,Kaffrine,Kaffrine,0,,,,,,,,,,,1
2253949,Mbéné Mamour,14.03624,-15.57589,Kaffrine,Kaffrine,0,,,,,,,,,,,1
2248572,Mbéraye,16.14547,-16.38198,Saint Louis,Dagana,0,,,,,,,,,,,1
13507434,Mbétit Diarèkh,14.4444,-16.5322,Fatick,Fatick,0,,,,,,,,,,,1
2248565,Mbétit Ngouye,14.43572,-16.55109,Fatick,Fatick,0,,,,,,,,,,,1
2248567,Mbétét,14.35,-14.98333,Kaffrine,Koungheul,0,,,,,,,,,,,1
2248561,Mbéwane,14.68472,-16.65687,Thies,Thies,0,,,,,,,,,,,1
2248556,Mbéyène,15.6821,-15.5543,Louga,Linguere,0,,,,,,,,,,,2
13504735,Mbéyène,14.77492,-16.54826,Diourbel,Bambey,0,,,,,,,,,,,2
2248558,Mbéyélogne,15.4812,-15.4639,Louga,Linguere,0,,,,,,,,,,,1
2248611,Mbééda,15.75,-13.78333,Matam,Matam,0,,,,,,,,,,,1
2248524,Mbôlo Ali,16.05435,-13.80079,Saint Louis,Podor,0,,,,,,,,,,,1
2248523,Mbôlo Birane,16.06165,-13.81455,Saint Louis,Podor,0,,,,,,,,,,,1
2248455,Mdifif,15.03333,-16.75,Thies,Tivaoune,0,,,,,,,,,,,1
11101810,Medinatoul Salam 2,14.07664,-15.07668,Kaffrine,Koungheul,0,,,,,,,,,,,2
11101811,Medinatoul Salam 2,14.04267,-15.53218,Kaffrine,Kaffrine,0,,,,,,,,,,,2
2248406,Memedou Komba,15.35,-16.36667,Louga,Kebemer,0,,,,,,,,,,,1
2248404,Menguelé,15.8853,-15.7049,Louga,Louga,0,,,,,,,,,,,1
2595988,Menguègne Boye,16.00917,-16.36083,Saint Louis,Saint Louis,0,,,,,,,,,,,1
2595989,Menguègne Peul,16.02194,-16.34583,Saint Louis,Saint Louis,0,,,,Peul (Fulani),Menguègne,,,,,,1
2248403,Menguèye,16.01722,-16.35694,Saint Louis,Saint Louis,0,,,,,,,,,,,1
2248375,Merina Dia,15.55,-16.35,Louga,Kebemer,0,,,,,,,Dia,Pulaar,,,1
2248367,Merina Guèye,15.11667,-16.85,Thies,Tivaoune,0,,,,,,,Guèye,Wolof,,,1
2248363,Merina Ndiègne,15.38333,-16.5,Louga,Kebemer,0,,,,,,,,,,,1
2248361,Merina Palèm,15.78333,-16.26667,Louga,Louga,0,,,,,,,,,,,1
2248357,Merina Sek,15.45,-16.51667,Louga,Kebemer,0,,,,,,,,,,,1
8030383,Mermoz Boabab,14.70649,-17.47581,Dakar,Dakar,15000,,,,,,,,,,,1
2248354,Messeré,15.0,-16.63333,Thies,Tivaoune,0,,,,,,,,,,,1
2248353,Messére Guibel,13.96667,-14.83333,Kaffrine,Koungheul,0,,,,,,,,,,,1
2248352,Messéré Mbabon,15.21667,-16.23333,Louga,Kebemer,0,,,,,,,,,,,1
2248351,Messéré Teug,15.48333,-16.45,Louga,Kebemer,0,,,,,,,,,,,1
2248350,Messéré Tiakel,13.86667,-14.86667,Kaffrine,Koungheul,0,,,,,,,,,,,1
2248348,Meumou,14.98333,-16.66667,Thies,Tivaoune,0,,,,,,,,,,,1
13504679,Meun Wolof,14.992,-16.66962,Thies,Tivaoune,0,,,,Wolof,Meun,,,,,,1
2248346,Mguène,15.43333,-16.36667,Louga,Kebemer,0,,,,,,,,,,,1
2248345,Miga Roto,15.4504,-15.3647,Louga,Linguere,0,,,,,,,,,,,1
2248343,Miliou,12.66667,-13.08333,Kedougou,Salemata,0,,,,,,,,,,,1
2248341,Mina,13.83333,-15.43333,Kaffrine,Kaffrine,0,,,,,,,,,,,1
2248339,Minal,13.86667,-15.06667,Kaffrine,Koungheul,0,,,,,,,,,,,2
2248340,Minal,13.81667,-14.76667,Kaffrine,Koungheul,0,,,,,,,,,,,2
2595661,Minam,14.67944,-17.21767,Dakar,Rufisque,0,,,,,,,,,,,3
2595711,Minam,14.73997,-17.45033,Dakar,Dakar,0,,,,,,,,,,,3
13553616,Minam,14.54654,-15.02782,Kaffrine,Koungheul,0,,,,,,,,,,,3
2248317,Missira,14.93333,-16.08333,Diourbel,Mbacke,0,,,missira,,,,,,,,17
2248318,Missira,14.93897,-15.96194,Diourbel,Mbacke,0,,,missira,,,,,,,,17
2248319,Missira,14.25,-14.56667,Tambacounda,Koumpentoum,0,,,missira,,,,,,,,17
2248321,Missira,13.99093,-15.11367,Kaffrine,Koungheul,0,,,missira,,,,,,,,17
2248322,Missira,13.8,-13.76667,Tambacounda,Tambacounda,0,,,missira,,,,,,,,17
2248323,Missira,13.76639,-15.9959,Kaolack,Nioro Du Rip,0,,,missira,,,,,,,,17
2248324,Missira,13.68315,-16.50166,Fatick,Foundiougne,0,,,missira,,,,,,,,17
2248325,Missira,13.53333,-13.51667,Tambacounda,Tambacounda,0,,,missira,,,,,,,,17
2248326,Missira,13.3,-15.75,Sedhiou,Bounkiling,0,,,missira,,,,,,,,17
2248327,Missira,13.18333,-13.61667,Kolda,Velingara,0,,,missira,,,,,,,,17
2248329,Missira,13.07766,-16.59371,Ziguinchor,Bignona,0,,,missira,,,,,,,,17
2248330,Missira,13.05,-15.43333,Sedhiou,Bounkiling,0,,,missira,,,,,,,,17
2248331,Missira,12.85,-14.65,Kolda,Kolda,0,,,missira,,,,,,,,17
2248332,Missira,12.7225,-15.80028,Sedhiou,Sedhiou,0,,,missira,,,,,,,,17
2248333,Missira,12.7,-14.86667,Kolda,Kolda,0,,,missira,,,,,,,,17
2248334,Missira,12.55444,-15.49083,Sedhiou,Goudomp,0,,,missira,,,,,,,,17
13553592,Missira,14.57486,-15.27986,Kaffrine,Malem Hodar,0,,,missira,,,,,,,,17
13658016,Missira Aliou,13.79428,-16.28967,Fatick,Foundiougne,0,,,missira,,,,,,,,1
2248316,Missira Balde Kayéra,13.41667,-14.91667,Kolda,Medina Yoroufoula,0,,,missira,,,,,,,,1
2248315,Missira Bokoda,12.81667,-14.85,Kolda,Kolda,0,,,missira,,,,,,,,1
2248314,Missira Bourbon,12.76639,-15.21778,Sedhiou,Goudomp,0,,,missira,,,,,,,,1
2248313,Missira Boyene,13.38333,-14.75,Kolda,Medina Yoroufoula,0,,,missira,,,,,,,,1
2248312,Missira Damantan,12.96667,-13.36667,Tambacounda,Tambacounda,0,,,missira,,,,,,,,1
2248311,Missira Dantilia,12.50312,-11.6894,Kedougou,Saraya,0,,,missira,,,,,,,,1
2248310,Missira Diaka,13.15,-13.43333,Tambacounda,Tambacounda,0,,,missira,,,,,,,,1
2248309,Missira Diné,13.86622,-16.05834,Kaolack,Nioro Du Rip,0,,,missira,,,,,,,,1
2248308,Missira Doro,13.31667,-15.28333,Kolda,Medina Yoroufoula,0,,,missira,,,,,,,,1
13554696,Missira Fas,14.1294,-15.16856,Kaffrine,Malem Hodar,0,,,missira,,,,,,,,1
13554683,Missira Hodar,14.15742,-15.24578,Kaffrine,Malem Hodar,0,,,missira,,,,,,,,1
2248306,Missira Kouba,13.2,-13.78333,Kolda,Velingara,0,,,missira,,,,,,,,1
2248305,Missira Loène,14.95,-15.98333,Diourbel,Mbacke,0,,,missira,,,,,,,,1
2248304,Missira Mamadou Baldé,12.76583,-15.01694,Kolda,Kolda,0,,,missira,,,,,,,,1
13554691,Missira Ndramé,14.10803,-15.12742,Kaffrine,Malem Hodar,0,,,missira,,,,,,,,1
6648016,Missira Samba Yissé,14.80896,-12.44814,Tambacounda,Bakel,0,,,missira,,,,,,,,1
2248328,Missira Sirimana,13.08717,-11.70181,Kedougou,Saraya,0,,,missira,,,,,,,,1
13658225,Missira Thissé,13.84283,-16.22157,Kaolack,Nioro Du Rip,0,,,missira,,,,,,,,1
2248303,Missira Tioyène,14.41667,-14.88333,Kaffrine,Koungheul,0,,,missira,,,,,,,,1
11497860,Missirah Wadene,14.22928,-14.85226,Kaffrine,Koungheul,0,,,missira,,,,,,,,1
2248300,Mlomp,12.82889,-16.5275,Ziguinchor,Bignona,0,,,,,,,,,,,2
2248301,Mlomp,12.55306,-16.59417,Ziguinchor,Oussouye,0,,,,,,,,,,,2
2248296,Modi Boulo,15.79905,-13.48124,Matam,Matam,0,,,,,,,,,,,1
2248293,Modi Koko,15.0,-15.83333,Louga,Kebemer,0,,,,,,,,,,,1
2248299,Modiane,14.56667,-16.71667,Thies,Mbour,0,,,,,,,,,,,1
2248298,Modiane Ehaye,14.38333,-15.88333,Fatick,Gossas,0,,,,,,,,,,,1
2248294,Modikélol,15.31667,-13.91667,Matam,Ranerou,0,,,,,,,,,,,1
2248291,Modji,14.43167,-15.31288,Kaffrine,Malem Hodar,0,,,,,,,,,,,2
2248292,Modji,15.4235,-15.8805,Louga,Louga,0,,,,,,,,,,,2
2248290,Modou Tal,14.93333,-15.76667,Louga,Linguere,0,,,,,,,,,,,1
2248289,Mofoti,13.53333,-13.63333,Tambacounda,Tambacounda,0,,,,,,,,,,,1
2248288,Mogo Yalalbé,15.65996,-13.39852,Matam,Matam,0,,,,,,,,,,,1
2248287,Mogré,15.3184,-15.024,Louga,Linguere,0,,,,,,,,,,,1
2248285,Mokane Diarèkh,14.45859,-16.48703,Fatick,Fatick,0,,,,,,,,,,,1
13508579,Mokane Ngouye,14.47376,-16.49239,Fatick,Fatick,0,,,,,,,,,,,1
2248284,Moki,12.83333,-14.46667,Kolda,Kolda,0,,,,,,,,,,,1
6645338,Mollé Wala,16.13833,-13.49531,Matam,Matam,0,,,,,,,,,,,1
2248282,Molor,14.71667,-16.66667,Thies,Thies,0,,,,,,,,,,,1
2248281,Moltaba,12.81667,-14.76667,Kolda,Kolda,0,,,,,,,,,,,1
13508588,Mone,14.40166,-16.28398,Fatick,Fatick,0,,,,,,,,,,,1
2248277,Mongona,12.97861,-16.46389,Ziguinchor,Bignona,0,,,,,,,,,,,1
2248275,Moniam,13.1,-15.9,Sedhiou,Bounkiling,0,,,,,,,,,,,2
2248276,Moniam,12.87861,-16.17667,Ziguinchor,Bignona,0,,,,,,,,,,,2
2248274,Monorop,14.53333,-16.53333,Thies,Mbour,0,,,,,,,,,,,1
2248273,Mont Rolland,14.9182,-16.9823,Thies,Tivaoune,0,,,,,,,,,,,1
2248270,Mordam Guèye,15.1216,-15.9869,Louga,Kebemer,0,,,,,,,Guèye,Wolof,,,1
2248268,Mori,13.73333,-14.55,Tambacounda,Koumpentoum,0,,,,,,,,,,,1
13554549,Mori Bougou,14.0708,-15.66839,Kaffrine,Birkelane,0,,,,,,,,,,,1
2248265,Mori Kounda,12.71667,-14.03333,Kolda,Velingara,0,kounda,Mandinka,,,,,,,,,1
2248267,Moribougou,14.837,-12.46175,Tambacounda,Bakel,0,,,,,,,,,,,1
2248264,Morikounda,12.79333,-16.06028,Ziguinchor,Bignona,0,kounda,Mandinka,,,,,,,,,1
2248263,Morlo,14.85,-15.93333,Diourbel,Mbacke,0,,,,,,,,,,,1
2248261,Moro Ndiaye,14.91667,-16.15,Diourbel,Diourbel,0,,,,,,,Ndiaye,Wolof,,,1
2248784,Moronèm,14.48487,-16.28977,Fatick,Fatick,0,,,,,,,,,,,1
2248259,Morou,16.13639,-15.43889,Saint Louis,Dagana,0,,,,,,,,,,,1
2248258,Moroye,14.05,-13.56667,Tambacounda,Goudiry,0,,,,,,,,,,,1
2248262,Moroïafara,12.61667,-11.78333,Kedougou,Kedougou,0,,,,,,,,,,,1
2248256,Mosguée,12.81278,-15.97417,Sedhiou,Sedhiou,0,,,,,,,,,,,1
2248253,Mossor,12.36667,-16.73333,Ziguinchor,Oussouye,0,,,,,,,,,,,1
2248252,Moudéri,15.05673,-12.59079,Tambacounda,Bakel,0,,,,,,,,,,,1
2248251,Mougnini,12.9,-13.73333,Kolda,Velingara,0,,,,,,,,,,,1
2248250,Moui,13.93333,-15.48333,Kaffrine,Kaffrine,0,,,,,,,,,,,1
2248249,Moui Ndiobone,15.2,-16.21667,Louga,Kebemer,0,,,,,,,,,,,1
2248248,Mouit,15.86697,-16.50574,Saint Louis,Saint Louis,0,,,,,,,,,,,1
2248246,Moukh Moukh,15.4343,-15.787,Louga,Louga,0,,,,,,,,,,,1
2250112,Moula Ndiaga,13.99202,-15.81177,Kaolack,Kaolack,0,,,,,,,,,,,1
2248242,Moulessi,13.58333,-13.65,Tambacounda,Tambacounda,0,,,,,,,,,,,1
2248241,Moulounga,12.43595,-11.68652,Kedougou,Saraya,0,,,,,,,,,,,1
2248239,Mounavara,13.86667,-15.41667,Kaffrine,Kaffrine,0,,,,,,,,,,,1
2248238,Moundaï Orgo,16.63699,-14.70213,Saint Louis,Podor,0,,,,,,,,,,,1
2248236,Moundo Sankoulé,13.05,-13.83333,Kolda,Velingara,0,,,,,,,,,,,1
2248237,Moundé,13.95565,-16.64889,Fatick,Foundiougne,0,,,,,,,,,,,1
2248232,Mountabou,13.66667,-13.61667,Tambacounda,Tambacounda,0,,,,,,,,,,,1
2248231,Mounti,12.96667,-13.91667,Kolda,Velingara,0,,,,,,,,,,,1
2248227,Mour,14.59483,-15.63871,Fatick,Gossas,0,,,,,,,,,,,1
2248229,Moura Mal,15.83333,-16.06667,Louga,Louga,0,,,,,,,,,,,1
2248230,Mouran,13.22367,-11.6101,Kedougou,Saraya,0,,,,,,,,,,,1
2248228,Mourdioujène,15.08333,-16.98333,Thies,Tivaoune,0,,,,,,,,,,,1
13617458,Mourel,15.78678,-16.53138,Louga,Louga,0,,,,,,,,,,,1
13507443,Mourid,14.38074,-16.59494,Fatick,Fatick,0,,,,,,,,,,,1
2248225,Mouril,15.76667,-16.48333,Louga,Louga,0,,,,,,,,,,,1
2248224,Mourkadié,16.52029,-14.74668,Saint Louis,Podor,0,,,,,,,,,,,1
2248223,Mouro,15.3081,-15.9707,Louga,Kebemer,0,,,,,,,,,,,1
2248222,Mourtéki,14.7,-15.96667,Diourbel,Mbacke,0,,,,,,,,,,,1
2248220,Mousdalifa,13.9,-15.0,Kaffrine,Koungheul,0,,,,,,,,,,,1
2248254,Mousladji Deux,14.96665,-16.30227,Diourbel,Diourbel,0,,,,,,2,,,,,1
2248255,Mousladji Un,14.93801,-16.31789,Diourbel,Diourbel,0,,,,,,1,,,,,1
2248219,Moussa Gaye,13.71667,-16.33333,Fatick,Foundiougne,0,,,,,,,Gaye,Wolof,,,1
2248216,Moussala,13.69254,-12.05981,Tambacounda,Bakel,0,,,,,,,,,,,3
2248218,Moussala,13.1907,-11.50432,Kedougou,Saraya,0,,,,,,,,,,,3
6658544,Moussala,12.91628,-11.40616,Kedougou,Saraya,0,,,,,,,,,,,3
13554681,Moustakhina,14.07567,-15.28293,Kaffrine,Malem Hodar,0,,,,,,,,,,,1
2248214,Moutina,12.37,-16.58028,Ziguinchor,Oussouye,0,,,,,,,,,,,1
2248213,Mouye,15.5553,-15.5322,Louga,Linguere,0,,,,,,,,,,,1
13554697,Mouye Pâfa,14.20829,-15.07371,Kaffrine,Koungheul,0,,,,,,,,,,,1
2248247,Mouïtaba,13.11667,-14.46667,Kolda,Medina Yoroufoula,0,,,,,,,,,,,1
2248212,Moyafara,12.8325,-15.27083,Sedhiou,Goudomp,0,,,,,,,,,,,1
2248211,Mpak,12.46194,-16.23806,Ziguinchor,Ziguinchor,0,,,,,,,,,,,1
2248209,Mpal Kéli,15.43333,-16.21667,Louga,Louga,0,,,,,,,,,,,1
2248206,Mpas,14.18333,-13.96667,Tambacounda,Koumpentoum,0,,,,,,,,,,,1
2248740,Mâyél Dibi,13.88333,-13.63333,Tambacounda,Tambacounda,0,,,,,,,,,,,1
13508537,Mèm,14.44018,-16.39057,Fatick,Fatick,0,,,,,,,,,,,1
2248349,Mèt,14.55978,-16.04572,Diourbel,Diourbel,0,,,,,,,,,,,1
2248443,Médina,14.68263,-17.44908,Dakar,Dakar,0,medina,Arabic>Wolof,madina,,,,,,,,7
2248447,Médina,13.98333,-15.16667,Kaffrine,Kaffrine,0,medina,Arabic>Wolof,madina,,,,,,,,7
2248448,Médina,13.93333,-14.81667,Kaffrine,Koungheul,0,medina,Arabic>Wolof,madina,,,,,,,,7
2248449,Médina,13.88333,-15.4,Kaffrine,Kaffrine,0,medina,Arabic>Wolof,madina,,,,,,,,7
2248450,Médina,13.71667,-15.86667,Kaolack,Nioro Du Rip,0,medina,Arabic>Wolof,madina,,,,,,,,7
2596005,Médina,16.17778,-16.32889,Saint Louis,Dagana,0,medina,Arabic>Wolof,madina,,,,,,,,7
13658058,Médina,13.81992,-16.45016,Fatick,Foundiougne,0,medina,Arabic>Wolof,madina,,,,,,,,7
2248442,Médina Abolou,13.76667,-14.76667,Tambacounda,Koumpentoum,0,medina,Arabic>Wolof,madina,,,,,,,,1
2248441,Médina Babou,13.96667,-15.78333,Kaolack,Kaolack,0,medina,Arabic>Wolof,madina,,,,,,,,1
13658734,Médina Birassou,13.04118,-16.6601,Ziguinchor,Bignona,0,medina,Arabic>Wolof,madina,,,,,,,,1
2248439,Médina Boéni,12.66667,-13.05,Kedougou,Salemata,0,medina,Arabic>Wolof,madina,,,,,,,,1
13658144,Médina Bèye,13.90971,-16.01694,Kaolack,Kaolack,0,medina,Arabic>Wolof,madina,,,,,,,,1
2248438,Médina Chérif,12.93333,-14.21667,Kolda,Kolda,0,medina,Arabic>Wolof,madina,,,,,,,,1
2248437,Médina Dakhar,15.1022,-16.547,Thies,Tivaoune,0,medina,Arabic>Wolof,madina,,,,,,dakhar,tree,1
13553640,Médina Diamaguène,14.51398,-15.116,Kaffrine,Malem Hodar,0,medina,Arabic>Wolof,madina,,,,,,,,1
2250552,Médina Diané,13.78345,-16.18982,Kaolack,Nioro Du Rip,0,medina,Arabic>Wolof,madina,,,,,,,,1
2249034,Médina Djikoye,13.62699,-16.28772,Fatick,Foundiougne,0,medina,Arabic>Wolof,madina,,,,,,,,1
2248433,Médina Gounas,13.13607,-13.75566,Kolda,Velingara,36588,medina,Arabic>Wolof,madina,,,,,,,,2
2595779,Médina Gounas,14.76844,-17.38633,Dakar,Guediawaye,0,medina,Arabic>Wolof,madina,,,,,,,,2
2595815,Médina Kel,14.77312,-17.31721,Dakar,Pikine,0,medina,Arabic>Wolof,madina,,,,,,,,1
2248432,Médina Keur Babou,13.91667,-15.65,Kaffrine,Birkelane,0,medina,Arabic>Wolof,madina,,,,,,,,1
2248430,Médina Koli,13.9,-15.11667,Kaffrine,Koungheul,0,medina,Arabic>Wolof,madina,,,,,,,,1
13658172,Médina Kébé,13.96133,-16.21873,Fatick,Foundiougne,0,medina,Arabic>Wolof,madina,,,,,,,,1
13658218,Médina Laïti,13.94433,-16.03154,Kaolack,Kaolack,0,medina,Arabic>Wolof,madina,,,,,,,,1
13658003,Médina Mafadi,13.81311,-16.29928,Fatick,Foundiougne,0,medina,Arabic>Wolof,madina,,,,,,,,1
13658131,Médina Mas,13.77344,-16.06054,Kaolack,Nioro Du Rip,0,medina,Arabic>Wolof,madina,,,,,,,,1
13658178,Médina Mbandji,13.82837,-16.1436,Kaolack,Nioro Du Rip,0,medina,Arabic>Wolof,madina,,,,,,,,1
2248429,Médina Mbaye Faye,13.71667,-15.88333,Kaolack,Nioro Du Rip,0,medina,Arabic>Wolof,madina,,,,Faye,Sérèr,,,1
2248428,Médina Mbayène,14.03333,-14.83333,Kaffrine,Koungheul,0,medina,Arabic>Wolof,madina,,,,,,,,3
2248557,Médina Mbayène,14.74794,-15.50919,Diourbel,Mbacke,0,medina,Arabic>Wolof,madina,,,,,,,,3
13553471,Médina Mbayène,14.70618,-15.55716,Diourbel,Mbacke,0,medina,Arabic>Wolof,madina,,,,,,,,3
2248427,Médina Ndiayène,14.36667,-14.86667,Kaffrine,Koungheul,0,medina,Arabic>Wolof,madina,,,,,,,,1
13658324,Médina Ngayène,13.6567,-16.29445,Fatick,Foundiougne,0,medina,Arabic>Wolof,madina,,,,,,,,1
2248425,Médina Pakane,13.03333,-13.78333,Kolda,Velingara,0,medina,Arabic>Wolof,madina,,,,,,,,1
2248424,Médina Sabakh,13.6,-15.58333,Kaolack,Nioro Du Rip,0,medina,Arabic>Wolof,madina,,,,,,,,1
13554686,Médina Safa Goubi,14.23068,-15.26355,Kaffrine,Malem Hodar,0,medina,Arabic>Wolof,madina,,,,,,,,1
13658162,Médina Salam,13.76339,-16.14794,Kaolack,Nioro Du Rip,0,medina,Arabic>Wolof,madina,,,,,,,,1
2248423,Médina Sali,13.88333,-14.9,Kaffrine,Koungheul,0,medina,Arabic>Wolof,madina,,,,,,,,1
2248421,Médina Samba Gouro,14.77958,-12.57263,Tambacounda,Bakel,0,medina,Arabic>Wolof,madina,,,,,,,,1
2248422,Médina Sambène,14.33333,-14.91667,Kaffrine,Koungheul,0,medina,Arabic>Wolof,madina,,,,,,,,1
13658328,Médina Santhie,13.71205,-16.41046,Fatick,Foundiougne,0,medina,Arabic>Wolof,madina,,,,,,,,1
2248419,Médina Sintiou Amat Maram,13.81667,-15.46667,Kaffrine,Kaffrine,0,medina,Arabic>Wolof,madina,,,,,,,,1
13554556,Médina Taba,14.05762,-15.54452,Kaffrine,Kaffrine,0,medina,Arabic>Wolof,madina,,,,,,,,1
2248417,Médina Tiarène,14.1,-15.1,Kaffrine,Koungheul,0,medina,Arabic>Wolof,madina,,,,,,,,1
2595687,Médina Tioub,14.77368,-17.26591,Dakar,Rufisque,0,medina,Arabic>Wolof,madina,,,,,,,,1
13658707,Médina Tiâmène,13.70911,-16.06525,Kaolack,Nioro Du Rip,0,medina,Arabic>Wolof,madina,,,,,,,,1
2248416,Médina Tobène,14.23333,-14.66667,Kaffrine,Koungheul,0,medina,Arabic>Wolof,madina,,,,,,,,1
2248414,Médina Yelour,16.19028,-15.6175,Saint Louis,Dagana,0,medina,Arabic>Wolof,madina,,,,,,,,1
2248413,Médina Yogué,12.93333,-14.28333,Kolda,Kolda,0,medina,Arabic>Wolof,madina,,,,,,,,1
2248435,Médina el Hadji,12.75,-14.91667,Kolda,Kolda,0,medina,Arabic>Wolof,madina,,,,,,,,1
2248412,Médina-Yorofoula,13.3,-14.71667,Kolda,Medina Yoroufoula,3000,medina,Arabic>Wolof,madina,,,,,,,,1
2248418,Médinassi,15.3158,-15.4883,Louga,Linguere,0,,,,,,,,,,,1
2595400,Médinatoul Mounawara,14.53089,-17.01339,Thies,Mbour,0,,,,,,,,,,,1
2248411,Médine,14.85705,-17.01853,Thies,Tivaoune,0,medina,Arabic>Wolof,madina,,,,,,,,2
13506718,Médine,14.57031,-16.69017,Thies,Mbour,0,medina,Arabic>Wolof,madina,,,,,,,,2
2248410,Méguièg,12.94694,-16.14472,Ziguinchor,Bignona,0,,,,,,,,,,,1
2248409,Mékhé,15.1097,-16.6218,Thies,Tivaoune,27566,,,,,,,,,,,1
13504724,Mékhé Lambaye,14.77705,-16.52726,Diourbel,Bambey,0,,,,,,,,,,,1
2248407,Mékhé Village,15.1174,-16.6799,Thies,Tivaoune,0,,,,,,,,,,,1
2248985,Mélakh,15.3167,-15.567,Louga,Linguere,0,,,,,,,,,,,1
13505598,Mélo,14.764,-16.20415,Diourbel,Diourbel,0,,,,,,,,,,,1
2248405,Méné,16.54512,-14.84344,Saint Louis,Podor,0,,,,,,,,,,,1
2248401,Méo,13.86667,-15.36667,Kaffrine,Kaffrine,0,,,,,,,,,,,1
2248399,Méo Ndiayène,13.88333,-15.35,Kaffrine,Kaffrine,0,,,,,,,,,,,1
2248398,Méo Ndioubène,13.9,-15.35,Kaffrine,Kaffrine,0,,,,,,,,,,,1
2248396,Méou Diobène,13.31667,-14.85,Kolda,Medina Yoroufoula,0,,,,,,,,,,,1
2248397,Méouane,15.0765,-16.7602,Thies,Tivaoune,0,,,,,,,,,,,1
2248393,Méoundou,15.06667,-16.45,Thies,Tivaoune,0,,,,,,,,,,,2
2248394,Méoundou,15.0392,-16.3403,Thies,Tivaoune,0,,,,,,,,,,,2
2248386,Méri,16.21554,-14.05578,Saint Louis,Podor,0,,,,,,,,,,,1
2248380,Mérina,15.26667,-16.23333,Louga,Kebemer,0,,,,,,,,,,,4
2248381,Mérina,15.2649,-15.9891,Louga,Kebemer,0,,,,,,,,,,,4
2248384,Mérina,14.71164,-17.26473,Dakar,Rufisque,0,,,,,,,,,,,4
13506780,Mérina,14.72063,-16.58088,Diourbel,Bambey,0,,,,,,,,,,,4
2248378,Mérina Asta,15.0248,-16.3863,Thies,Tivaoune,0,,,,,,,,,,,1
2596075,Mérina Bara,15.84167,-16.35861,Saint Louis,Saint Louis,0,,,,,,,,,,,1
2248377,Mérina Bébé,15.61667,-16.41667,Louga,Kebemer,0,,,,,,,,,,,1
2248376,Mérina Dakar,15.63333,-16.43333,Louga,Kebemer,0,,,,,,,,,,,1
13505352,Mérina Dieng,14.9105,-16.34206,Diourbel,Diourbel,0,,,,,,,Dieng,Wolof,,,1
2248370,Mérina Diop,15.71667,-16.31667,Louga,Louga,0,,,,,,,Diop,Wolof,,,7
2248371,Mérina Diop,15.56667,-16.03333,Louga,Louga,0,,,,,,,Diop,Wolof,,,7
2248372,Mérina Diop,15.48333,-16.5,Louga,Kebemer,0,,,,,,,Diop,Wolof,,,7
2248373,Mérina Diop,15.33333,-16.55,Louga,Kebemer,0,,,,,,,Diop,Wolof,,,7
2248374,Mérina Diop,15.05,-16.45,Thies,Tivaoune,0,,,,,,,Diop,Wolof,,,7
2253212,Mérina Diop,14.8274,-15.77767,Diourbel,Mbacke,0,,,,,,,Diop,Wolof,,,7
13504685,Mérina Diop,14.85712,-16.50657,Diourbel,Bambey,0,,,,,,,Diop,Wolof,,,7
2248369,Mérina Fal,15.11667,-16.81667,Thies,Tivaoune,0,,,,,,,Fal,Wolof,,,1
13505369,Mérina Kane,14.97551,-16.49488,Diourbel,Bambey,0,,,,,,,Kane,Pulaar,,,1
2248364,Mérina Ndiaye,15.5133,-16.5115,Louga,Kebemer,0,,,,,,,Ndiaye,Wolof,,,2
2248365,Mérina Ndiaye,15.36667,-16.58333,Louga,Kebemer,0,,,,,,,Ndiaye,Wolof,,,2
2248362,Mérina Ndiol,15.2872,-16.6805,Louga,Kebemer,0,,,,,,,,,,,1
2248379,Mérina Sal,15.84111,-16.3625,Saint Louis,Saint Louis,0,,,,,,,,,,,2
2254455,Mérina Sal,14.96975,-16.70008,Thies,Tivaoune,0,,,,,,,,,,,2
2248360,Mérina Sambé,15.2,-16.75,Thies,Tivaoune,0,,,,,,,,,,,1
2248359,Mérina Santié,15.7,-16.38333,Louga,Louga,0,,,,,,,,,,,1
2248358,Mérina Sar,15.43333,-16.08333,Louga,Louga,0,,,,,,,Sar,Wolof,,,3
2248420,Mérina Sar,14.56697,-15.92129,Diourbel,Mbacke,0,,,,,,,Sar,Wolof,,,3
13507217,Mérina Sar,14.55469,-16.13342,Diourbel,Diourbel,0,,,,,,,Sar,Wolof,,,3
2248382,Mérina Sill,14.8964,-16.24815,Diourbel,Diourbel,0,,,,,,,,,,,1
2248356,Mérina Simong,15.61667,-16.41667,Louga,Kebemer,0,,,,,,,,,,,1
2248383,Mérina Tiakho,14.77501,-16.10652,Diourbel,Diourbel,0,,,,,,,,,,,1
2248368,Mérinaguene,15.9473,-15.9696,Louga,Louga,0,,,,,,,,,,,1
2248391,Mérékoto,14.05,-13.4,Tambacounda,Goudiry,0,,,,,,,,,,,1
13658192,Méréla Santhie,13.78846,-16.08625,Kaolack,Nioro Du Rip,0,,,,,,,,,,,1
13658160,Méréla Yoro,13.78225,-16.07821,Kaolack,Nioro Du Rip,0,,,,,,,,,,,1
2248388,Méréto,13.81667,-14.45,Tambacounda,Koumpentoum,0,,,,,,,,,,,1
2248387,Mérévé,12.71667,-14.46667,Kolda,Kolda,0,,,,,,,,,,,1
2248355,Mésséré,14.47823,-15.88012,Fatick,Gossas,0,,,,,,,,,,,1
13509038,Mét,14.4296,-16.11804,Fatick,Gossas,0,,,,,,,,,,,1
2248347,Mévél,15.6534,-15.2639,Louga,Linguere,0,,,,,,,,,,,1
2248400,Méw Méw,14.30326,-15.97716,Kaolack,Guinguineo,0,,,,,,,,,,,1
13554670,Méw Ndiobène,14.02342,-15.10722,Kaffrine,Koungheul,0,,,,,,,,,,,1
2248395,Méwdou Kane,14.96008,-16.55304,Diourbel,Bambey,0,,,,,,,Kane,Pulaar,,,1
2248203,Naba,14.84398,-15.71772,Diourbel,Mbacke,0,,,,,,,,,,,1
2248202,Nabadji,15.73715,-13.38921,Matam,Matam,0,,,,,,,,,,,1
2248201,Naban,14.83333,-15.73333,Diourbel,Mbacke,0,,,,,,,,,,,1
2248200,Nabar,14.8,-15.71667,Diourbel,Mbacke,0,,,,,,,,,,,1
2248185,Nafadji,12.62013,-11.61284,Kedougou,Saraya,0,,,,,,,,,,,1
13506475,Nafar,14.7151,-16.81729,Thies,Thies,0,,,,,,,,,,,1
13507463,Nakhamaye,14.36882,-16.69651,Fatick,Fatick,0,,,,,,,,,,,1
13504748,Nakhnèkh,14.75385,-16.63118,Thies,Thies,0,,,,,,,,,,,1
2248186,Naké,14.78727,-16.42052,Diourbel,Bambey,0,,,,,,,,,,,1
2248184,Nalal Daou,15.2165,-14.2041,Matam,Ranerou,0,,,,,,,,,,,1
2248180,Namandéri,14.91312,-12.59428,Matam,Kanel,0,,,,,,,,,,,1
2248178,Namara,13.0,-14.08333,Kolda,Velingara,0,,,,,,,,,,,1
13552822,Namari,14.56385,-15.81867,Fatick,Gossas,0,,,,,,,,,,,1
13553468,Namas,14.61066,-15.66461,Fatick,Gossas,0,,,,,,,,,,,1
2248166,Namo,12.9,-14.86667,Kolda,Kolda,0,,,,,,,,,,,1
2248165,Namoun,12.75,-16.05,Ziguinchor,Bignona,0,,,,,,,,,,,1
2248168,Namène,15.3,-16.23333,Louga,Kebemer,0,,,,,,,,,,,1
2248170,Naméko,12.68333,-14.68333,Kolda,Kolda,0,,,,,,,,,,,1
2248169,Namél,12.5584,-12.4621,Kedougou,Kedougou,0,,,,,,,,,,,1
2248162,Nandjigui,13.98333,-15.53333,Kaffrine,Birkelane,0,,,,,,,,,,,1
2248161,Nandoumari,12.3456,-12.3571,Kedougou,Kedougou,0,,,,,,,,,,,1
2248157,Nangadi,14.86303,-15.53431,Louga,Linguere,0,,,,,,,,,,,1
2248156,Nanganam,14.16667,-13.03333,Tambacounda,Goudiry,0,,,,,,,,,,,1
2248155,Nangango,16.58539,-14.80607,Saint Louis,Podor,0,,,,,,,,,,,1
2248154,Nangar,12.605,-12.8098,Kedougou,Salemata,0,,,,,,,,,,,1
2248152,Nango,12.63333,-12.91667,Kedougou,Salemata,0,,,,,,,,,,,1
2248150,Nanine Koye,14.1,-14.51667,Tambacounda,Koumpentoum,0,,,,,,,,,,,1
2248149,Nankilan,13.81667,-14.18333,Tambacounda,Koumpentoum,0,,,,,,,,,,,1
2248159,Nané,12.85,-14.2,Kolda,Kolda,0,,,,,,,,,,,1
2248158,Nanéko,13.21667,-15.33333,Kolda,Medina Yoroufoula,0,,,,,,,,,,,1
2248148,Naolérou,13.6,-15.93333,Kaolack,Nioro Du Rip,0,,,,,,,,,,,1
2248147,Naoni,14.41667,-15.63333,Kaffrine,Kaffrine,0,,,,,,,,,,,1
2248146,Naoudé,13.86667,-13.35,Tambacounda,Goudiry,0,,,,,,,,,,,1
2248143,Naouré,15.0512,-14.4409,Matam,Ranerou,0,,,,,,,,,,,1
2248138,Narga,14.8083,-15.7965,Diourbel,Mbacke,0,,,,,,,,,,,3
2248139,Narga,14.49231,-15.88587,Fatick,Gossas,0,,,,,,,,,,,3
2248140,Narga,14.35,-15.88333,Kaolack,Guinguineo,0,,,,,,,,,,,3
2595544,Narkokal,14.73182,-17.12004,Thies,Thies,0,,,,,,,,,,,1
2245165,Nasrou,14.65045,-15.81597,Diourbel,Mbacke,0,,,,,,,,,,,1
2248137,Nass,15.11667,-16.85,Thies,Tivaoune,0,,,,,,,,,,,1
2248136,Nassiné,13.53333,-14.26667,Tambacounda,Tambacounda,0,,,,,,,,,,,1
2248134,Natchilati,12.75,-13.8,Kolda,Velingara,0,,,,,,,,,,,1
2248133,Natia,12.46667,-12.35,Kedougou,Kedougou,0,,,,,,,,,,,1
2248132,Natol,14.83333,-15.6,Diourbel,Mbacke,0,,,,,,,,,,,1
2248131,Navarène,14.20399,-15.33901,Kaffrine,Malem Hodar,0,,,,,,,,,,,1
2248129,Navel,15.63275,-13.246,Matam,Matam,0,,,,,,,,,,,2
2248130,Navel,15.6129,-15.6087,Louga,Linguere,0,,,,,,,,,,,2
2248144,Nawdourou,14.0857,-15.95551,Kaolack,Kaolack,0,,,,,,,,,,,1
13554548,Nawel,14.11745,-15.73312,Kaffrine,Birkelane,0,,,,,,,,,,,1
2248127,Naydé,15.7287,-15.9413,Louga,Louga,0,,,,,,,,,,,2
2248128,Naydé,15.1349,-15.2624,Louga,Linguere,0,,,,,,,,,,,2
2248124,Naye Boyal,14.51667,-15.71667,Fatick,Gossas,0,,,,,,,,,,,1
2248122,Nayobé,15.6502,-16.0479,Louga,Louga,0,,,,,,,,,,,1
2248121,Nayon Diam Poulo,14.43333,-14.55,Tambacounda,Koumpentoum,0,,,,,,,,,,,1
2248120,Nayon Keur Kadi,14.43333,-14.56667,Tambacounda,Koumpentoum,0,,,,,,,,,,,1
2248119,Nayon Madou,14.41667,-14.55,Tambacounda,Koumpentoum,0,,,,,,,,,,,1
2248126,Nayé,14.4185,-12.20801,Tambacounda,Bakel,0,,,,,,,,,,,1
2248196,Naéré,16.22917,-15.88611,Saint Louis,Dagana,0,,,,,,,,,,,1
2248191,Naïdé,15.9611,-14.8975,Louga,Linguere,0,,,,,,,,,,,2
2248192,Naïdé,14.97941,-15.85546,Diourbel,Mbacke,0,,,,,,,,,,,2
2248190,Naïdé Boussa,14.96667,-15.86667,Diourbel,Mbacke,0,,,,,,,,,,,1
2248189,Naïfa,12.78333,-14.8,Kolda,Kolda,0,,,,,,,,,,,1
2248117,Nbamba,15.13333,-16.53333,Thies,Tivaoune,0,,,,,,,,,,,1
2248116,Nbanar,15.9841,-15.8758,Louga,Louga,0,,,,,,,,,,,1
2248113,Nboutembou,13.6,-14.33333,Tambacounda,Tambacounda,0,,,,,,,,,,,1
2596015,Nbéla,16.15667,-16.30167,Saint Louis,Dagana,0,,,,,,,,,,,1
2248112,Ndabe Sow,15.87639,-16.26861,Saint Louis,Saint Louis,0,,,,,,,Sow,Pulaar,,,1
2596055,Ndabe Tal,15.88694,-16.26528,Saint Louis,Saint Louis,0,,,,,,,,,,,1
13505541,Ndabo,14.80703,-16.18961,Diourbel,Diourbel,0,,,,,,,,,,,1
2248111,Ndadafakh,14.53595,-16.77004,Thies,Mbour,0,,,,,,,,,,,1
13504656,Ndaga Lambaye,14.77999,-16.55297,Diourbel,Bambey,0,,,,,,,,,,,1
13508984,Ndagane Keur Diouli,14.39663,-16.23485,Fatick,Fatick,0,,,,,,,,,,,1
2248109,Ndagane Ligne,14.37527,-16.24415,Fatick,Fatick,0,,,,,,,,,,,1
2593150,Ndagane Touti,13.70376,-16.51903,Fatick,Foundiougne,0,,,,,,,,,,,1
13658216,Ndaissé Alfa,13.92915,-16.15903,Kaolack,Kaolack,0,,,,,,,,,,,1
13658136,Ndaissé Babou,13.91796,-16.15915,Kaolack,Kaolack,0,,,,,,,,,,,1
13658229,Ndaissé Sadio,13.92381,-16.16456,Kaolack,Kaolack,0,,,,,,,,,,,1
13508563,Ndak Deux,14.26691,-16.27036,Kaolack,Kaolack,0,,,,,,2,,,,,1
2253366,Ndak Ndam,14.59686,-16.53765,Thies,Mbour,0,,,,,,,,,,,2
13506762,Ndak Ndam,14.60936,-16.59603,Thies,Mbour,0,,,,,,,,,,,2
13508589,Ndak Un,14.28018,-16.25157,Kaolack,Kaolack,0,,,,,,1,,,,,1
13506962,Ndakh,14.7341,-16.33119,Diourbel,Bambey,0,,,,,,,,,,,1
2248102,Ndakhar,15.9494,-16.2204,Saint Louis,Saint Louis,0,,,,,,,,,,,7
2248103,Ndakhar,15.75,-16.1,Louga,Louga,0,,,,,,,,,,,7
2248104,Ndakhar,15.16667,-16.68333,Thies,Tivaoune,0,,,,,,,,,,,7
2248105,Ndakhar,15.16667,-16.03333,Louga,Kebemer,0,,,,,,,,,,,7
2248106,Ndakhar,13.8,-15.51667,Kaffrine,Kaffrine,0,,,,,,,,,,,7
2248107,Ndakhar,14.72942,-15.95899,Diourbel,Mbacke,0,,,,,,,,,,,7
2248108,Ndakhar,14.08713,-15.05415,Kaffrine,Koungheul,0,,,,,,,,,,,7
2248101,Ndakhar Birima,15.38333,-16.38333,Louga,Kebemer,0,,,,,,,,,,,1
2248100,Ndakhar Koba,15.96667,-16.06667,Louga,Louga,0,,,,,,,,,,,1
2248099,Ndakhar Lamane,15.4,-16.43333,Louga,Kebemer,0,,,,,,,,,,,1
2248098,Ndakhar-Poste,13.81667,-15.3,Kaffrine,Kaffrine,0,,,,,,,,,,,1
13509020,Ndalane Bambara,14.29667,-16.1996,Kaolack,Kaolack,0,,,,Bambara,Ndalane,,,,,,1
2248097,Ndalarlo,15.7101,-15.9642,Louga,Louga,0,,,,,,,,,,,1
2595659,Ndaldali,14.68974,-17.22624,Dakar,Rufisque,0,,,,,,,,,,,1
2248096,Ndalinguèr,15.21667,-16.46667,Thies,Tivaoune,0,,,,,,,,,,,1
2248095,Ndalla,15.5398,-15.9453,Louga,Louga,0,,,,,,,,,,,1
2248090,Ndam,15.58333,-16.08333,Louga,Louga,0,,,,,,,,,,,5
2248093,Ndam,14.08333,-14.58333,Tambacounda,Koumpentoum,0,,,,,,,,,,,5
2253330,Ndam,14.43046,-15.85199,Fatick,Gossas,0,,,,,,,,,,,5
13504535,Ndam,14.82322,-16.80214,Thies,Thies,0,,,,,,,,,,,5
13506742,Ndam,14.59878,-16.73875,Thies,Mbour,0,,,,,,,,,,,5
2248085,Ndam Gott,15.58333,-16.28333,Louga,Louga,0,,,,,,,,,,,1
2248084,Ndam Guinop,15.33333,-16.25,Louga,Kebemer,0,,,,,,,,,,,1
2248081,Ndam Khab,15.7,-16.13333,Louga,Louga,0,,,,,,,,,,,1
2248080,Ndam Khalil,15.63333,-16.15,Louga,Louga,0,,,,,,,,,,,1
2248079,Ndam Lo,14.6,-15.63333,Fatick,Gossas,0,,,,,,,Lo,Wolof,,,2
2248092,Ndam Lo,14.86197,-17.09293,Thies,Thies,0,,,,,,,Lo,Wolof,,,2
2248091,Ndam Lô,15.00706,-16.01759,Louga,Kebemer,0,,,,,,,Lô,Wolof,,,2
2248094,Ndam Lô,13.69408,-16.01037,Kaolack,Nioro Du Rip,0,,,,,,,Lô,Wolof,,,2
2248077,Ndam Matakh,15.35,-16.15,Louga,Kebemer,0,,,,,,,,,,,1
2248088,Ndam Ndam,15.6043,-16.3917,Louga,Kebemer,0,,,,,,,,,,,1
13504757,Ndam Ndiaga,14.96779,-16.64661,Thies,Tivaoune,0,,,,,,,,,,,1
2246232,Ndam Sanossi,14.97316,-16.0818,Louga,Kebemer,0,,,,,,,,,,,1
13505534,Ndam Sar,14.77203,-16.20859,Diourbel,Diourbel,0,,,,,,,Sar,Wolof,,,1
2248089,Ndama,13.81667,-15.7,Kaolack,Nioro Du Rip,0,,,,,,,,,,,1
2248087,Ndame,14.82003,-15.87476,Diourbel,Mbacke,0,,,,,,,,,,,2
2253316,Ndame,14.4979,-15.75305,Fatick,Gossas,0,,,,,,,,,,,2
2248082,Ndamio,15.41667,-16.38333,Louga,Kebemer,0,,,,,,,,,,,2
2248083,Ndamio,15.06667,-16.88333,Thies,Tivaoune,0,,,,,,,,,,,2
2248078,Ndamlo,15.01667,-16.58333,Thies,Tivaoune,0,,,,,,,,,,,1
2248076,Ndandantou,15.23333,-16.68333,Thies,Tivaoune,0,,,,,,,,,,,1
2248075,Ndande,15.2722,-16.517,Thies,Tivaoune,0,,,,,,,,,,,1
13504759,Ndane,14.78898,-16.73079,Thies,Thies,0,,,,,,,,,,,1
2248070,Ndang,15.1693,-16.6373,Thies,Tivaoune,0,,,,,,,,,,,1
2248074,Ndanga,13.81667,-14.83333,Kaffrine,Koungheul,0,,,,,,,,,,,1
2253305,Ndangalma,14.72429,-16.56699,Diourbel,Bambey,0,,,,,,,,,,,1
2248073,Ndangane,14.07464,-16.69252,Fatick,Fatick,0,,,,,,,,,,,4
2250434,Ndangane,14.07638,-15.92396,Kaolack,Kaolack,0,,,,,,,,,,,4
2253304,Ndangane,14.10094,-15.84216,Kaffrine,Birkelane,0,,,,,,,,,,,4
2595431,Ndangane,14.48995,-17.08199,Thies,Mbour,0,,,,,,,,,,,4
13658059,Ndangane Badoudou,13.8515,-16.41327,Fatick,Foundiougne,0,,,,,,,,,,,1
2248071,Ndangar,15.23333,-16.75,Thies,Tivaoune,0,,,,,,,,,,,1
2253300,Ndangour,14.48128,-15.70774,Kaolack,Guinguineo,0,,,,,,,,,,,1
2248069,Ndangour Fal,15.86667,-16.16667,Louga,Louga,0,,,,,,,Fal,Wolof,,,1
13508576,Ndanguèm,14.3851,-16.29775,Fatick,Fatick,0,,,,,,,,,,,1
2248068,Ndanka,13.88333,-15.51667,Kaffrine,Kaffrine,0,,,,,,,,,,,1
2253301,Ndankh,14.66583,-16.25832,Diourbel,Diourbel,0,,,,,,,,,,,1
2248067,Ndankou,13.83333,-15.36667,Kaffrine,Kaffrine,0,,,,,,,,,,,1
2248064,Ndaouère,15.46667,-16.26667,Louga,Louga,0,,,,,,,,,,,1
2253255,Ndar Gouye,14.67685,-15.62237,Fatick,Gossas,0,,,,,,,,,gouye,tree,1
2248054,Ndar Sall,15.221,-16.3821,Thies,Tivaoune,0,,,,,,,Sall,Pulaar,,,1
2253096,Ndar Tout,16.03361,-16.50818,Saint Louis,Saint Louis,0,,,,,,,,,,,1
13551959,Ndara Fal,14.98757,-15.03078,Louga,Linguere,0,,,,,,,Fal,Wolof,,,1
2248060,Ndarami,15.582,-14.781,Louga,Linguere,0,,,,,,,,,,,1
2248062,Ndaramé,13.81667,-15.03333,,,0,,,,,,,,,,,1
2247387,Ndarap,14.62831,-16.29155,Diourbel,Diourbel,0,,,,,,,,,,,1
2248058,Ndari,15.05,-16.78333,Thies,Tivaoune,0,,,,,,,,,,,1
13514610,Ndari Diop,14.94075,-16.45348,Diourbel,Bambey,0,,,,,,,Diop,Wolof,,,1
13505428,Ndari Gad,14.93867,-16.46656,Diourbel,Bambey,0,,,,,,,,,,,1
2248059,Ndari Palène,14.93901,-16.44759,Diourbel,Bambey,0,,,,,,,,,,,1
2248056,Ndarou Diobène,13.86667,-13.33333,Tambacounda,Goudiry,0,,,,,,,,,,,1
2248053,Ndat Diokoul,15.33333,-16.36667,Louga,Kebemer,0,,,,,,,,,,,1
2248052,Ndatou,14.1,-14.3,Tambacounda,Koumpentoum,0,,,,,,,,,,,1
2248065,Ndavéne,15.6603,-16.246,Louga,Louga,0,,,,,,,,,,,1
13658026,Ndaw Malik,13.78944,-16.30198,Fatick,Foundiougne,0,,,,,,,,,,,1
2248051,Ndawas Diagne,15.85194,-16.29083,Louga,Louga,0,,,,,,,Diagne,Wolof,,,1
2253085,Ndawène,14.32049,-15.75979,Kaolack,Guinguineo,0,,,,,,,,,,,3
13551557,Ndawène,14.90933,-15.6123,Louga,Linguere,0,,,,,,,,,,,3
13658121,Ndawène,13.95401,-16.18965,Kaolack,Kaolack,0,,,,,,,,,,,3
2248021,Ndayane,14.56494,-17.12457,Thies,Mbour,0,,,,,,,,,,,2
2248050,Ndayane,14.4293,-15.80629,Fatick,Gossas,0,,,,,,,,,,,2
2250756,Ndayiri,14.31517,-16.26542,Kaolack,Kaolack,0,,,,,,,,,,,2
13508555,Ndayiri,14.33113,-16.26863,Fatick,Fatick,0,,,,,,,,,,,2
2596013,Ndellé Boye,16.16778,-16.28806,Saint Louis,Dagana,0,,,,,,,,,,,1
13658187,Ndem,13.81431,-16.10291,Kaolack,Nioro Du Rip,0,,,,,,,,,,,1
13658749,Ndembane,13.00845,-16.33758,Ziguinchor,Bignona,0,,,,,,,,,,,1
2248034,Ndemgom,14.41667,-15.9,Fatick,Gossas,0,,,,,,,,,,,1
2248027,Nder,16.255,-15.88722,Saint Louis,Dagana,0,,,,,,,,,,,3
2248028,Nder,15.7,-16.21667,Louga,Louga,0,,,,,,,,,,,3
2248029,Nder,15.08333,-16.56667,Thies,Tivaoune,0,,,,,,,,,,,3
2248026,Nderi,13.95,-15.8,Kaolack,Kaolack,0,,,,,,,,,,,1
13505391,Ndeuguègne,14.79456,-16.27226,Diourbel,Diourbel,0,,,,,,,,,,,1
2248025,Ndeuguèt,15.85167,-16.45861,Saint Louis,Saint Louis,0,,,,,,,,,,,1
13507250,Ndeuksi,14.74145,-16.17133,Diourbel,Diourbel,0,,,,,,,,,,,1
2248024,Ndeukta,15.68333,-16.18333,Louga,Louga,0,,,,,,,,,,,1
2248023,Ndeune,15.15,-16.93333,Thies,Tivaoune,0,,,,,,,,,,,1
13505510,Ndeuneukh,14.80993,-16.06226,Diourbel,Mbacke,0,,,,,,,,,,,1
2248022,Ndeur,15.11667,-16.7,Thies,Tivaoune,0,,,,,,,,,,,1
2248020,Ndeuye,14.83749,-17.04259,Thies,Tivaoune,0,,,,,,,,,,,1
2248002,Ndia,14.98052,-16.79065,Thies,Tivaoune,0,,,,,,,,,,,5
2248017,Ndia,15.73333,-16.11667,Louga,Louga,0,,,,,,,,,,,5
2248018,Ndia,14.86918,-16.11724,Diourbel,Diourbel,0,,,,,,,,,,,5
2248019,Ndia,14.55574,-12.74976,Tambacounda,Goudiry,0,,,,,,,,,,,5
13504623,Ndia,14.91246,-16.82996,Thies,Tivaoune,0,,,,,,,,,,,5
13505412,Ndia Dakhar,14.81995,-16.29537,Diourbel,Diourbel,0,,,,,,,,,dakhar,tree,1
13505589,Ndia Deux,14.80329,-16.17297,Diourbel,Diourbel,0,,,,,,2,,,,,1
13505417,Ndia Gandiol,14.96514,-16.26659,Diourbel,Diourbel,0,,,,,,,,,,,1
2248011,Ndia Gondiol,15.4384,-15.1315,Louga,Linguere,0,,,,,,,,,,,1
13505388,Ndia Kad,14.8208,-16.28244,Diourbel,Diourbel,0,,,,,,,,,kad,tree,1
13505519,Ndia Khakham,14.86151,-16.23822,Diourbel,Diourbel,0,,,,,,,,,,,1
13505374,Ndia Lakhas,14.77888,-16.26771,Diourbel,Diourbel,0,,,,,,,,,,,1
13505485,Ndia Mbouti,14.82985,-16.27513,Diourbel,Diourbel,0,,,,,,,,,,,1
2247873,Ndia Sam,14.75,-16.08333,Diourbel,Mbacke,0,,,,,,,,,,,2
13551567,Ndia Sam,14.9345,-15.60679,Louga,Linguere,0,,,,,,,,,,,2
2247865,Ndia Tako,14.91667,-16.05,Diourbel,Mbacke,0,,,,,,,,,,,1
2248016,Ndiabak,13.78333,-14.11667,Tambacounda,Tambacounda,0,,,,,,,,,,,1
13504773,Ndiabakhali,14.76961,-16.61746,Thies,Thies,0,,,,,,,,,,,1
2252989,Ndiabane Lamine,15.4926,-15.4489,Louga,Linguere,0,,,,,,,,,,,1
2253416,Ndiabani,15.3263,-15.768,Louga,Linguere,0,,,,,,,,,,,1
13507018,Ndiabaye,14.67799,-16.30827,Diourbel,Diourbel,0,,,,,,,,,,,1
2248015,Ndiabi,15.05,-16.48333,Thies,Tivaoune,0,,,,,,,,,,,2
13504783,Ndiabi,14.88607,-16.51422,Diourbel,Bambey,0,,,,,,,,,,,2
2248014,Ndiabi Fal,15.35,-16.43333,Louga,Kebemer,0,,,,,,,Fal,Wolof,,,1
2248012,Ndiabo,13.96667,-15.53333,Kaffrine,Birkelane,0,,,,,,,,,,,2
2248013,Ndiabo,13.65,-15.5,Kaolack,Nioro Du Rip,0,,,,,,,,,,,2
2248010,Ndiadiane,14.4941,-16.65085,Thies,Mbour,0,,,,,,,,,,,2
2252954,Ndiadiane,14.68069,-16.5129,Diourbel,Bambey,0,,,,,,,,,,,2
13506731,Ndiadiane Tiékène,14.69008,-16.50581,Diourbel,Bambey,0,,,,,,,,,,,1
2248009,Ndiadieu,15.15,-16.38333,Thies,Tivaoune,0,,,,,,,,,,,1
13507457,Ndiadj Mar,14.34646,-16.5716,Fatick,Fatick,0,,,,,,,,,,,1
2253972,Ndiafaf Beltyindé,16.10108,-13.63441,Matam,Matam,0,,,,,,,,,,,1
2248005,Ndiafat,14.0753,-16.16951,Kaolack,Kaolack,0,,,,,,,,,,,1
13509327,Ndiafat Peul,14.09549,-16.15646,Kaolack,Kaolack,0,,,,Peul (Fulani),Ndiafat,,,,,,1
6645340,Ndiafat Sorokoum,16.10588,-13.6256,Matam,Matam,0,,,,,,,,,,,1
13509348,Ndiafat Sossé,14.09013,-16.16482,Kaolack,Kaolack,0,,,,,,,,,,,1
13509331,Ndiafat Sérèr,14.08719,-16.16986,Kaolack,Kaolack,0,,,,Sérèr,Ndiafat,,,,,,1
13509317,Ndiafat Wolof,14.08416,-16.17231,Kaolack,Kaolack,0,,,,Wolof,Ndiafat,,,,,,1
11497855,Ndiaffate Escale,14.07481,-16.1744,Kaolack,Kaolack,0,,,,,,,,,,,1
13658148,Ndiafori,13.79466,-16.14812,Kaolack,Nioro Du Rip,0,,,,,,,,,,,1
13504544,Ndiafougne,14.97176,-16.92758,Thies,Tivaoune,0,,,,,,,,,,,1
2252941,Ndiafé Ndiafé,13.89125,-16.32776,Fatick,Foundiougne,0,,,,,,,,,,,1
2248004,Ndiaga,13.93333,-15.75,Kaolack,Kaolack,0,,,,,,,,,,,1
2248003,Ndiagamba,14.31334,-16.65461,Fatick,Fatick,0,,,,,,,,,,,1
2248001,Ndiaganiao,14.53715,-16.7274,Thies,Mbour,0,,,,,,,,,,,1
2247994,Ndiagne,15.4094,-16.0707,Louga,Louga,7496,,,,,,,,,,,9
2247995,Ndiagne,15.1028,-15.9642,Louga,Kebemer,0,,,,,,,,,,,9
2247996,Ndiagne,14.92413,-16.37806,Diourbel,Bambey,0,,,,,,,,,,,9
2247997,Ndiagne,14.71667,-15.8,Diourbel,Mbacke,0,,,,,,,,,,,9
2247998,Ndiagne,14.46287,-16.86726,Thies,Mbour,0,,,,,,,,,,,9
2247999,Ndiagne,12.84833,-16.035,Ziguinchor,Bignona,0,,,,,,,,,,,9
13504564,Ndiagne,14.82277,-16.79145,Thies,Thies,0,,,,,,,,,,,9
13504732,Ndiagne,14.79085,-16.56793,Diourbel,Bambey,0,,,,,,,,,,,9
13658142,Ndiagne,13.92558,-16.10773,Kaolack,Kaolack,0,,,,,,,,,,,9
13507025,Ndiagne Boumi,14.70453,-16.30533,Diourbel,Bambey,0,,,,,,,,,,,1
2596087,Ndiagne Fal,15.81222,-16.47861,Louga,Louga,0,,,,,,,Fal,Wolof,,,1
2252929,Ndiagne Kahone,14.35204,-15.82126,Kaolack,Guinguineo,0,,,,,,,,,,,1
13505469,Ndiagne Sitor,14.90428,-16.48256,Diourbel,Bambey,0,,,,,,,,,,,1
2247993,Ndiagne Tali,15.3636,-15.786,Louga,Linguere,0,,,,,,,,,,,1
2247992,Ndiagne Tiouli,15.0289,-15.982,Louga,Kebemer,0,,,,,,,,,,,1
13506966,Ndiagne Toufa,14.73432,-16.37065,Diourbel,Bambey,0,,,,,,,,,,,1
2247986,Ndiagnène Issoup,13.92016,-16.25577,Fatick,Foundiougne,0,,,,,,,,,,,1
13658151,Ndiagnène Omar,13.915,-16.23881,Fatick,Foundiougne,0,,,,,,,,,,,1
2252927,Ndiago,14.31652,-15.89596,Kaolack,Guinguineo,0,,,,,,,,,,,1
13658211,Ndiago Deux,13.85742,-16.09897,Kaolack,Nioro Du Rip,0,,,,,,2,,,,,1
13658128,Ndiago Un,13.78878,-16.05663,Kaolack,Nioro Du Rip,0,,,,,,1,,,,,1
2247988,Ndiaguenbal,16.22056,-16.22917,Saint Louis,Dagana,0,,,,,,,,,,,1
2247987,Ndiaguène,15.21667,-16.13333,Louga,Kebemer,0,,,,,,,,,,,2
13658141,Ndiaguène,13.94361,-16.0503,Kaolack,Kaolack,0,,,,,,,,,,,2
2248000,Ndiaguène Ouolof,15.86083,-16.26667,Louga,Louga,0,,,,Wolof,Ndiaguène,,,,,,1
2596053,Ndiaguène Peul,15.85111,-16.26944,Louga,Louga,0,,,,Peul (Fulani),Ndiaguène,,,,,,1
13507017,Ndiaguéné Boumak,14.72326,-16.34167,Diourbel,Bambey,0,,,,,,,,,,,1
2247985,Ndiahène,13.66667,-15.68333,Kaolack,Nioro Du Rip,0,,,,,,,,,,,1
2247984,Ndiainar,14.43333,-16.03333,Fatick,Gossas,0,,,,,,,,,,,1
2247983,Ndiak,15.46667,-16.23333,Louga,Louga,0,,,,,,,,,,,1
2247982,Ndiakala,14.76667,-16.48333,Diourbel,Bambey,0,,,,,,,,,,,1
13504755,Ndiakalak,14.77543,-16.51443,Diourbel,Bambey,0,,,,,,,,,,,1
13506991,Ndiakane,14.71078,-16.37933,Diourbel,Bambey,0,,,,,,,,,,,1
13508565,Ndiakanèm,14.45153,-16.31875,Fatick,Fatick,0,,,,,,,,,,,1
2247979,Ndiakha Fal,15.43333,-16.48333,Louga,Kebemer,0,,,,,,,Fal,Wolof,,,1
2247978,Ndiakhal,15.63333,-16.3,Louga,Louga,0,,,,,,,,,,,1
2247977,Ndiakhalam,15.05,-16.61667,Thies,Tivaoune,0,,,,,,,,,,,1
2247976,Ndiakhar,15.5236,-16.0138,Louga,Louga,0,,,,,,,,,,,1
2595902,Ndiakhat Madarou Sis,14.7695,-17.04867,Thies,Thies,0,,,,,,,,,,,1
2250037,Ndiakhate,13.97269,-16.17927,Kaolack,Kaolack,0,,,,,,,,,,,1
2247886,Ndiakhaté,15.1317,-15.988,Louga,Kebemer,0,,,,,,,,,,,5
2247974,Ndiakhaté,15.58333,-16.08333,Louga,Louga,0,,,,,,,,,,,5
2247975,Ndiakhaté,15.503,-15.2266,Louga,Linguere,0,,,,,,,,,,,5
2247989,Ndiakhaté,14.98483,-16.34331,Diourbel,Diourbel,0,,,,,,,,,,,5
13507292,Ndiakhaté,14.57711,-16.2358,Diourbel,Diourbel,0,,,,,,,,,,,5
13504629,Ndiakhaté Gormone,14.97405,-16.87095,Thies,Tivaoune,0,,,,,,,,,,,1
2247884,Ndiakhaté Ndiassane,14.90442,-16.85059,Thies,Tivaoune,0,,,,,,,,,,,1
2247973,Ndiakhaté Sar,15.05,-16.56667,Thies,Tivaoune,0,,,,,,,Sar,Wolof,,,1
13504596,Ndiakhaté Sokhna,14.93016,-16.83199,Thies,Tivaoune,0,,,,,,,,,,,1
2247677,Ndiakhaye,15.292,-15.3388,Louga,Linguere,0,,,,,,,,,,,3
2247899,Ndiakhaye,14.8792,-15.89277,Diourbel,Mbacke,0,,,,,,,,,,,3
13506747,Ndiakhaye,14.61788,-16.61348,Thies,Mbour,0,,,,,,,,,,,3
2247971,Ndiakher,15.9288,-16.4471,Saint Louis,Saint Louis,0,,,,,,,,,,,2
2247972,Ndiakher,15.86667,-16.41667,Saint Louis,Saint Louis,0,,,,,,,,,,,2
2247970,Ndiakheté,15.11667,-16.6,Thies,Tivaoune,0,,,,,,,,,,,1
2596070,Ndiakhip I,15.92306,-16.37361,Saint Louis,Saint Louis,0,,,,,,1,,,,,1
2596071,Ndiakhip II,15.92222,-16.3675,Saint Louis,Saint Louis,0,,,,,,2,,,,,1
2247888,Ndiakho,15.00038,-16.18802,Thies,Tivaoune,0,,,,,,,,,,,1
13504726,Ndiakhou,14.7604,-16.63451,Thies,Thies,0,,,,,,,,,,,1
2247968,Ndiakhoumbo,15.3,-16.25,Louga,Kebemer,0,,,,,,,,,,,1
2247969,Ndiakhétè,15.25,-16.51667,Thies,Tivaoune,0,,,,,,,,,,,1
2247980,Ndiakir,16.0108,-13.71196,Matam,Matam,0,,,,,,,,,,,1
2247966,Ndiakone,14.48367,-12.74932,Tambacounda,Goudiry,0,,,,,,,,,,,1
2247965,Ndialak,15.38333,-16.61667,Louga,Kebemer,0,,,,,,,,,,,1
2247963,Ndialakhar,15.9748,-16.3735,Saint Louis,Saint Louis,0,,,,,,,,,,,2
2252863,Ndialakhar,14.81297,-15.741,Diourbel,Mbacke,0,,,,,,,,,,,2
13514633,Ndialal Ndoudi,14.37651,-16.19369,Fatick,Fatick,0,,,,,,,,,,,1
2247962,Ndialal Safokine,14.37163,-16.21355,Fatick,Fatick,0,,,,,,,,,,,1
2247961,Ndialam,16.12611,-16.33167,Saint Louis,Saint Louis,0,,,,,,,,,,,1
2252848,Ndialap,14.74362,-16.27831,Diourbel,Diourbel,0,,,,,,,,,,,2
13507044,Ndialap,14.72518,-16.28365,Diourbel,Diourbel,0,,,,,,,,,,,2
2247959,Ndialber,15.21667,-16.35,Thies,Tivaoune,0,,,,,,,,,,,1
2247960,Ndialbé,15.06667,-16.28333,Thies,Tivaoune,0,,,,,,,,,,,1
2247957,Ndialigué,14.93738,-16.39159,Diourbel,Bambey,0,,,,,,,,,,,2
13554028,Ndialigué,14.32046,-15.9665,Kaolack,Guinguineo,0,,,,,,,,,,,2
2247964,Ndiallakhâr,15.77056,-16.42306,Louga,Louga,0,,,,,,,,,,,1
2596066,Ndiallakhâr Peul,15.98778,-16.35778,Saint Louis,Saint Louis,0,,,,Peul (Fulani),Ndiallakhâr,,,,,,1
2247956,Ndialo,15.38333,-16.31667,Louga,Kebemer,0,,,,,,,,,,,1
2247955,Ndialouye,15.38333,-16.28333,Louga,Kebemer,0,,,,,,,,,,,1
2247958,Ndialène,16.49417,-15.86806,Saint Louis,Dagana,0,,,,,,,,,,,1
2247954,Ndiam,13.98333,-15.91667,Kaolack,Kaolack,0,,,,,,,,,,,1
2247953,Ndiama,12.93167,-15.5925,Sedhiou,Bounkiling,0,,,,,,,,,,,2
13506706,Ndiama,14.73238,-16.58393,Diourbel,Bambey,0,,,,,,,,,,,2
2247952,Ndiamadj,15.9,-16.2,Louga,Louga,0,,,,,,,,,,,1
2247951,Ndiamaguène,15.1949,-15.9709,Louga,Kebemer,0,,,,,,,,,,,1
2247950,Ndiamakouta,13.33333,-15.63333,Sedhiou,Bounkiling,0,,,,,,,,,,,2
2252804,Ndiamakouta,13.31667,-15.63333,Sedhiou,Bounkiling,7179,,,,,,,,,,,2
2247948,Ndiamane,15.315,-15.4828,Louga,Linguere,0,,,,,,,,,,,1
13505406,Ndiamb,14.78539,-16.33237,Diourbel,Diourbel,0,,,,,,,,,,,1
2252734,Ndiambang,13.86943,-16.40673,Fatick,Foundiougne,0,,,,,,,,,,,1
2247947,Ndiambor,15.4463,-15.919,Louga,Louga,0,,,,,,,,,,,1
2247946,Ndiambou,15.7,-16.41667,Louga,Louga,0,,,,,,,,,,,1
2247942,Ndiambour,14.56522,-16.34001,Fatick,Fatick,0,,,,,,,,,,,3
13505368,Ndiambour,14.97048,-16.42515,Diourbel,Bambey,0,,,,,,,,,,,3
13554020,Ndiambour,14.40644,-15.91175,Fatick,Gossas,0,,,,,,,,,,,3
2247945,Ndiamsil,14.46667,-16.26667,Fatick,Fatick,0,,,,,,,,,,,2
13504729,Ndiamsil,14.86838,-16.57349,Diourbel,Bambey,0,,,,,,,,,,,2
2252747,Ndiamsil Pèye,14.87115,-16.55469,Diourbel,Bambey,0,,,,,,,,,,,1
2247944,Ndianaour,15.53333,-16.5,Louga,Kebemer,0,,,,,,,,,,,1
13507353,Ndianda Wolof,14.25004,-16.82875,Thies,Mbour,0,,,,Wolof,Ndianda,,,,,,1
2247941,Ndianda Yougo,14.22341,-16.81532,Thies,Mbour,0,,,,,,,,,,,1
11072095,Ndiandane,16.5924,-14.99152,Saint Louis,Podor,4839,,,,,,,,,,,1
2247940,Ndiande,14.60578,-16.24404,Diourbel,Diourbel,0,,,,,,,,,,,1
2247934,Ndiane,15.0822,-15.8833,Louga,Kebemer,0,,,,,,,,,,,2
2247937,Ndiane,14.55,-16.45,Fatick,Fatick,0,,,,,,,,,,,2
2247931,Ndiane Ndiaye,15.41667,-16.25,Louga,Kebemer,0,,,,,,,Ndiaye,Wolof,,,1
2247930,Ndiane Sabo,15.6045,-15.3851,Louga,Linguere,0,,,,,,,,,,,1
2247929,Ndiang,15.65,-16.23333,Louga,Louga,0,,,,,,,,,,,1
13504708,Ndianga,14.89379,-16.58283,Diourbel,Bambey,0,,,,,,,,,,,1
2247262,Ndianghal,14.62172,-17.15857,Dakar,Rufisque,0,,,,,,,,,,,1
2247928,Ndiangué,16.46889,-15.71972,Saint Louis,Dagana,0,,,,,,,,,,,1
2247926,Ndianiène,13.93333,-15.5,Kaffrine,Birkelane,0,,,,,,,,,,,1
2247925,Ndianiène Babori,13.96667,-15.6,Kaffrine,Birkelane,0,,,,,,,,,,,1
13658161,Ndiankha Ali,13.9492,-16.21246,Fatick,Foundiougne,0,,,,,,,,,,,1
13507251,Ndiankhène,14.71615,-16.17289,Diourbel,Diourbel,0,,,,,,,,,,,1
2247923,Ndiankot,13.93333,-15.01667,Kaffrine,Koungheul,0,,,,,,,,,,,1
2247924,Ndianké,15.26667,-16.11667,Louga,Kebemer,0,,,,,,,,,,,1
2247922,Ndianrhène,14.7,-16.28333,Diourbel,Diourbel,0,,,,,,,,,,,1
13507454,Ndianèm,14.27617,-16.71393,Fatick,Fatick,0,,,,,,,,,,,2
13508546,Ndianèm,14.48727,-16.4079,Fatick,Fatick,0,,,,,,,,,,,2
2247932,Ndiané,15.5414,-15.2292,Louga,Linguere,0,,,,,,,,,,,6
2247933,Ndiané,15.1,-16.33333,Thies,Tivaoune,0,,,,,,,,,,,6
2247935,Ndiané,15.01667,-16.36667,Diourbel,Diourbel,0,,,,,,,,,,,6
13504578,Ndiané,14.75796,-16.75944,Thies,Thies,0,,,,,,,,,,,6
13504686,Ndiané,14.82632,-16.60715,Diourbel,Bambey,0,,,,,,,,,,,6
13505540,Ndiané,14.88305,-16.03879,Diourbel,Mbacke,0,,,,,,,,,,,6
13505403,Ndiané Deux,14.99296,-16.37164,Diourbel,Bambey,0,,,,,,2,,,,,1
13505376,Ndiané Un,14.98842,-16.37585,Diourbel,Bambey,0,,,,,,1,,,,,1
2247920,Ndiao,16.47222,-15.72972,Saint Louis,Dagana,0,,,,,,,,,,,3
2247921,Ndiao,15.6051,-15.8999,Louga,Louga,0,,,,,,,,,,,3
13552829,Ndiao,14.70368,-15.91251,Diourbel,Mbacke,0,,,,,,,,,,,3
2247918,Ndiao Bambali,13.85,-15.55,Kaffrine,Kaffrine,0,,,,,,,,,,,1
2247917,Ndiao Boudi,15.7387,-15.9697,Louga,Louga,0,,,,,,,,,,,1
2247916,Ndiao Ndiao,15.05,-16.15,Louga,Kebemer,0,,,,,,,,,,,1
2252691,Ndiaobé Edé,15.0571,-15.7873,Louga,Linguere,0,,,,,,,,,,,1
2247915,Ndiaor,15.43333,-16.15,Louga,Louga,0,,,,,,,,,,,1
2247914,Ndiaossir Dièye,15.89889,-16.3775,Saint Louis,Saint Louis,0,,,,,,,,,,,1
2247913,Ndiaou,15.21667,-16.23333,Louga,Kebemer,0,,,,,,,,,,,1
2247904,Ndiaou Ndiaou,15.05,-16.38333,Thies,Tivaoune,0,,,,,,,,,,,1
2247911,Ndiaouara,13.91667,-15.31667,Kaffrine,Kaffrine,0,,,,,,,,,,,2
2247912,Ndiaouara,13.6,-15.7,Kaolack,Nioro Du Rip,0,,,,,,,,,,,2
2247909,Ndiaouara-Torobé,16.58581,-14.85425,Saint Louis,Podor,0,,,,,,,,,,,1
2247908,Ndiaoudi,15.4705,-15.9503,Louga,Louga,0,,,,,,,,,,,1
2247907,Ndiaoudoun,16.06389,-16.38361,Saint Louis,Saint Louis,0,,,,,,,,,,,1
2247903,Ndiaouta,16.10007,-16.29423,Saint Louis,Dagana,0,,,,,,,,,,,1
2247906,Ndiaoué,15.08333,-16.1,Louga,Kebemer,0,,,,,,,,,,,1
2247902,Ndiaovène,15.46667,-16.45,Louga,Kebemer,0,,,,,,,,,,,1
2595913,Ndiar Tidiane,14.8454,-17.10283,Thies,Thies,0,,,,,,,,,,,1
2247900,Ndiarato,14.58333,-15.61667,Fatick,Gossas,0,,,,,,,,,,,1
2252668,Ndiaraw,14.89071,-16.64987,Diourbel,Bambey,0,,,,,,,,,,,2
2252669,Ndiaraw,14.5269,-16.79564,Thies,Mbour,0,,,,,,,,,,,2
13504716,Ndiaraw Santhie,14.88958,-16.6636,Thies,Thies,0,,,,,,,,,,,1
2247898,Ndiarde,15.18333,-16.38333,Thies,Tivaoune,0,,,,,,,,,,,1
13506736,Ndiarga,14.71958,-16.64232,Thies,Thies,0,,,,,,,,,,,1
13504785,Ndiarga Lambaye,14.80568,-16.57108,Diourbel,Bambey,0,,,,,,,,,,,1
13504658,Ndiarga Polék,14.75453,-16.52532,Diourbel,Bambey,0,,,,,,,,,,,1
13505466,Ndiarga Tiénène,14.84623,-16.45968,Diourbel,Bambey,0,,,,,,,,,,,1
2247889,Ndiargué,15.1,-16.38333,Thies,Tivaoune,0,,,,,,,,,,,1
2247885,Ndiarhaté,15.3,-16.51667,Louga,Kebemer,0,,,,,,,,,,,2
2247887,Ndiarhaté,15.1,-16.8,Thies,Tivaoune,0,,,,,,,,,,,2
2247882,Ndiarhaye,16.18639,-15.82472,Louga,Louga,0,,,,,,,,,,,2
2247883,Ndiarhaye,16.14389,-15.72194,Saint Louis,Dagana,0,,,,,,,,,,,2
2247879,Ndiari Ndiofo,14.75455,-15.69659,Diourbel,Mbacke,0,,,,,,,,,,,2
13553601,Ndiari Ndiofo,14.55733,-15.04184,Kaffrine,Malem Hodar,0,,,,,,,,,,,2
2247949,Ndiarmane,14.30895,-16.84887,Thies,Mbour,0,,,,,,,,,,,1
13506472,Ndiarmèw,14.51177,-16.91649,Thies,Mbour,0,,,,,,,,,,,1
2247877,Ndiarno,15.48333,-16.23333,Louga,Louga,0,,,,,,,,,,,5
2247878,Ndiarno,15.4137,-15.2959,Louga,Linguere,0,,,,,,,,,,,5
2252646,Ndiarno,14.91694,-16.53004,Diourbel,Bambey,0,,,,,,,,,,,5
13504809,Ndiarno,14.77548,-16.58656,Diourbel,Bambey,0,,,,,,,,,,,5
13505490,Ndiarno,14.77607,-16.38691,Diourbel,Bambey,0,,,,,,,,,,,5
2247876,Ndiarno Diop,15.51667,-16.46667,Louga,Kebemer,0,,,,,,,Diop,Wolof,,,1
2247875,Ndiarno Ouadé,15.45,-16.41667,Louga,Kebemer,0,,,,,,,,,,,1
2252647,Ndiarno Rikadji,14.87632,-16.61312,Diourbel,Bambey,0,,,,,,,,,,,1
13509082,Ndiarogne Sérèr,14.21907,-16.76284,Thies,Mbour,0,,,,Sérèr,Ndiarogne,,,,,,1
2247874,Ndiarogne Wolof,14.18084,-16.78264,Thies,Mbour,0,,,,Wolof,Ndiarogne,,,,,,1
2252673,Ndiarop,14.43835,-16.61362,Fatick,Fatick,0,,,,,,,,,,,1
2247891,Ndiarème,16.55,-15.43333,Saint Louis,Dagana,0,,,,,,,,,,,1
2247890,Ndiarène,15.43333,-16.01667,Louga,Louga,0,,,,,,,,,,,1
2247894,Ndiaré,15.5264,-15.8931,Louga,Louga,0,,,,,,,,,,,5
2247895,Ndiaré,15.46667,-16.11667,Louga,Louga,0,,,,,,,,,,,5
2247896,Ndiaré,15.36667,-16.3,Louga,Kebemer,0,,,,,,,,,,,5
2247897,Ndiaré,14.01667,-14.23333,Tambacounda,Koumpentoum,0,,,,,,,,,,,5
13551553,Ndiaré,14.90823,-15.55425,Louga,Linguere,0,,,,,,,,,,,5
2247893,Ndiaré Bayel,15.41667,-16.18333,Louga,Kebemer,0,,,,,,,,,,,1
2247892,Ndiaré Diéri,15.2769,-15.8484,Louga,Kebemer,0,,,,,,,,,,,1
2252660,Ndiaré Ndiaye,14.45041,-15.75668,Kaolack,Guinguineo,0,,,,,,,Ndiaye,Wolof,,,1
2247872,Ndiass,15.11667,-16.53333,Thies,Tivaoune,0,,,,,,,,,,,1
8430875,Ndiassa,14.67392,-17.1045,Thies,Mbour,0,,,,,,,,,,,1
2247869,Ndiassane,14.91945,-16.8298,Thies,Tivaoune,0,,,,,,,,,,,3
2247870,Ndiassane,14.60698,-16.62862,Thies,Mbour,0,,,,,,,,,,,3
2595876,Ndiassane,14.769,-17.15571,Dakar,Rufisque,0,,,,,,,,,,,3
13506728,Ndiassane Keur Ndiouma,14.63193,-16.61922,Thies,Mbour,0,,,,,,,,,,,1
13509100,Ndiassane Saloum,14.11463,-16.28044,Fatick,Foundiougne,0,,,,,,,,,,,1
2247868,Ndiassi,15.16667,-16.2,Louga,Kebemer,0,,,,,,,,,,,1
13506975,Ndiata Dabél,14.6712,-16.34665,Diourbel,Bambey,0,,,,,,,,,,,1
13507027,Ndiata Gaye,14.66681,-16.34585,Diourbel,Bambey,0,,,,,,,Gaye,Wolof,,,1
13505585,Ndiatak,14.87036,-16.21451,Diourbel,Diourbel,0,,,,,,,,,,,1
2247866,Ndiatakh,15.33333,-16.3,Louga,Kebemer,0,,,,,,,,,,,1
2252629,Ndiatara,14.74008,-15.82344,Diourbel,Mbacke,0,,,,,,,,,,,1
2247864,Ndiatiang,14.03847,-16.22888,Kaolack,Kaolack,0,,,,,,,,,,,1
2247860,Ndiavrigne,15.11667,-16.53333,Thies,Tivaoune,0,,,,,,,,,,,1
6920413,Ndiavrigne Amadou,15.3742,-16.6338,Louga,Kebemer,0,,,,,,,,,,,1
2247859,Ndiavrigne Fal,15.41667,-16.53333,Louga,Kebemer,0,,,,,,,Fal,Wolof,,,1
2247858,Ndiavrigne Ilo,15.43333,-16.63333,Louga,Kebemer,0,,,,,,,,,,,1
2247857,Ndiavrigne Ndiaye,15.43333,-16.58333,Louga,Kebemer,0,,,,,,,Ndiaye,Wolof,,,1
2247856,Ndiavrigne Paté,15.4,-16.61667,Louga,Kebemer,0,,,,,,,,,,,1
2247855,Ndiavrigne Samoad,15.41667,-16.65,Louga,Kebemer,0,,,,,,,,,,,1
2247861,Ndiavène,13.83333,-14.6,Tambacounda,Koumpentoum,0,,,,,,,,,,,3
2247862,Ndiavène,13.8,-15.71667,Kaolack,Nioro Du Rip,0,,,,,,,,,,,3
2247863,Ndiavène,13.4,-14.96667,Kolda,Medina Yoroufoula,0,,,,,,,,,,,3
2247905,Ndiavéne,15.61,-16.0293,Louga,Louga,0,,,,,,,,,,,1
13504632,Ndiaw,14.92582,-16.71694,Thies,Tivaoune,0,,,,,,,,,,,2
13505545,Ndiaw,14.78282,-16.22388,Diourbel,Diourbel,0,,,,,,,,,,,2
13657982,Ndiaw Diamagueun,13.86842,-16.32115,Fatick,Foundiougne,0,,,,,,,,,,,1
13504721,Ndiawagne,14.93662,-16.53112,Diourbel,Bambey,0,,,,,,,,,,,1
8617598,Ndiawar,16.58701,-14.8533,Saint Louis,Podor,0,,,,,,,,,,,1
2252605,Ndiawara Alkali,13.78884,-16.01346,Kaolack,Nioro Du Rip,0,,,,,,,,,,,1
13658212,Ndiawène,13.86812,-16.0286,Kaolack,Nioro Du Rip,0,,,,,,,,,,,1
2247850,Ndiaye,16.16361,-16.19194,Saint Louis,Dagana,0,,,,,,,Ndiaye,Wolof,,,3
2247851,Ndiaye,15.81667,-16.06667,Louga,Louga,0,,,,,,,Ndiaye,Wolof,,,3
2247852,Ndiaye,14.96667,-16.46667,Diourbel,Bambey,0,,,,,,,Ndiaye,Wolof,,,3
13505496,Ndiaye Ala Deux,14.99029,-16.42205,Diourbel,Bambey,0,,,,,,2,,,,,1
2247854,Ndiaye Ala Un,14.98804,-16.41387,Diourbel,Bambey,0,,,,,,1,,,,,1
2247849,Ndiaye Bop,14.90885,-17.00266,Thies,Tivaoune,0,,,,,,,,,,,1
2247848,Ndiaye Boumi,15.2045,-16.5881,Louga,Kebemer,0,,,,,,,,,,,1
13504774,Ndiaye Dankh,14.92195,-16.56182,Diourbel,Bambey,0,,,,,,,,,,,1
13509011,Ndiaye Guèye,14.31399,-16.21535,Kaolack,Kaolack,0,,,,,,,Guèye,Wolof,,,1
2247845,Ndiaye Kounda,13.93333,-15.45,Kaffrine,Kaffrine,0,kounda,Mandinka,,,,,,,,,2
2247846,Ndiaye Kounda,13.86667,-15.15,Kaffrine,Kaffrine,0,kounda,Mandinka,,,,,,,,,2
2247938,Ndiaye Ndiangou,15.5445,-15.8108,Louga,Louga,0,,,,,,,,,,,1
6920418,Ndiaye Ndiangoul,15.7998,-16.0784,Louga,Louga,0,,,,,,,,,,,1
2247841,Ndiaye Ndiaye,14.54834,-16.73365,Thies,Mbour,0,,,,,,,Ndiaye,Wolof,,,2
2252599,Ndiaye Ndiaye,13.78093,-16.2556,Fatick,Foundiougne,0,,,,,,,Ndiaye,Wolof,,,2
2247842,Ndiaye Ndiaye Sérèr,13.98175,-16.35559,Fatick,Foundiougne,0,,,,Sérèr,Ndiaye Ndiaye,,,,,,1
2247843,Ndiaye Ndiaye Wolof,13.95717,-16.35054,Fatick,Foundiougne,0,,,,Wolof,Ndiaye Ndiaye,,,,,,1
2596010,Ndiaye Nguènt,16.19833,-16.26472,Saint Louis,Dagana,0,,,,,,,,,,,1
2247819,Ndiaye Tioro,15.2,-16.58333,Louga,Kebemer,0,,,,,,,,,,,1
2247847,Ndiayekounda,13.75,-16.18333,Fatick,Foundiougne,0,kounda,Mandinka,,,,,,,,,1
2247844,Ndiayel,13.65,-14.55,,,0,,,,,,,,,,,1
2247788,Ndiayène,14.66556,-15.62877,Fatick,Gossas,0,,,,,,,,,,,21
2247826,Ndiayène,16.5,-15.03333,Saint Louis,Podor,0,,,,,,,,,,,21
2247827,Ndiayène,15.81667,-16.16667,Louga,Louga,0,,,,,,,,,,,21
2247828,Ndiayène,15.76139,-16.42639,Louga,Louga,0,,,,,,,,,,,21
2247829,Ndiayène,15.705,-15.5994,Louga,Linguere,0,,,,,,,,,,,21
2247830,Ndiayène,15.61658,-14.41004,Matam,Ranerou,0,,,,,,,,,,,21
2247831,Ndiayène,15.5562,-15.8633,Louga,Louga,0,,,,,,,,,,,21
2247832,Ndiayène,15.48333,-16.01667,Louga,Louga,0,,,,,,,,,,,21
2247833,Ndiayène,15.2,-16.06667,Louga,Kebemer,0,,,,,,,,,,,21
2247836,Ndiayène,14.43333,-16.25,Fatick,Fatick,0,,,,,,,,,,,21
2247837,Ndiayène,14.05,-14.88333,Kaffrine,Koungheul,0,,,,,,,,,,,21
2247838,Ndiayène,13.93333,-15.03333,Kaffrine,Koungheul,0,,,,,,,,,,,21
2247839,Ndiayène,13.81667,-15.11667,Kaffrine,Kaffrine,0,,,,,,,,,,,21
2247840,Ndiayène,13.7,-14.75,Tambacounda,Koumpentoum,0,,,,,,,,,,,21
2252595,Ndiayène,14.7121,-15.94189,Diourbel,Mbacke,0,,,,,,,,,,,21
2252596,Ndiayène,14.59969,-15.60902,Fatick,Gossas,0,,,,,,,,,,,21
2595455,Ndiayène,14.59667,-17.09279,Thies,Mbour,0,,,,,,,,,,,21
13505440,Ndiayène,14.99832,-16.27765,Thies,Tivaoune,0,,,,,,,,,,,21
13507272,Ndiayène,14.72367,-16.06418,Diourbel,Mbacke,0,,,,,,,,,,,21
13508989,Ndiayène,14.43576,-16.10144,Fatick,Gossas,0,,,,,,,,,,,21
13658033,Ndiayène,13.90051,-16.3266,Fatick,Foundiougne,0,,,,,,,,,,,21
2247825,Ndiayène Bagana,14.08336,-15.61074,Kaffrine,Birkelane,0,,,,,,,,,,,1
2247824,Ndiayène Bamba,13.81667,-14.61667,Tambacounda,Koumpentoum,0,,,,,,,,,,,1
2247823,Ndiayène Diam Diam,13.86667,-14.66667,Tambacounda,Koumpentoum,0,,,,,,,,,,,1
2248006,Ndiayène Doulel,15.1801,-15.5605,Louga,Linguere,0,,,,,,,,,,,1
2247822,Ndiayène Fodé,13.7647,-16.26794,Fatick,Foundiougne,0,,,,,,,,,,,1
2247821,Ndiayène Guirène,15.7119,-15.6238,Louga,Louga,0,,,,,,,,,,,1
13658213,Ndiayène Kad,13.8686,-16.21251,Fatick,Foundiougne,0,,,,,,,,,kad,tree,1
13658318,Ndiayène Keur Momat Tiané,13.72769,-16.29831,Fatick,Foundiougne,0,,,,,,,,,,,1
2247820,Ndiayène Lour,14.28333,-14.78333,Kaffrine,Koungheul,0,,,,,,,,,,,1
2252946,Ndiayène Momat,13.72754,-16.09699,Kaolack,Nioro Du Rip,0,,,,,,,,,,,1
13658078,Ndiayène Moussa,13.82041,-16.32159,Fatick,Foundiougne,0,,,,,,,,,,,1
13504538,Ndiayène None,14.82163,-16.84211,Thies,Thies,0,,,,,,,,,,,1
2247477,Ndiayène Poste,13.61001,-16.03586,Kaolack,Nioro Du Rip,0,,,,,,,,,,,1
13505395,Ndiayène Pèw,14.93816,-16.29106,Diourbel,Diourbel,0,,,,,,,,,,,1
2252598,Ndiayène Sadiakhou,14.1191,-15.06523,Kaffrine,Koungheul,0,,,,,,,,,,,1
2252542,Ndiayène Sirakh,14.70648,-16.65808,Thies,Thies,0,,,,,,,,,,,1
13507354,Ndiayène Sirif,14.45938,-16.84922,Thies,Mbour,0,,,,,,,,,,,1
13508543,Ndiayène Sémou,14.39518,-16.39994,Fatick,Fatick,0,,,,,,,,,,,1
13506970,Ndiayène Tok,14.51947,-16.32818,Fatick,Fatick,0,,,,,,,,,,,1
2252594,Ndiayène Waly,14.16112,-15.83686,Kaffrine,Birkelane,0,,,,,,,,,,,1
2248007,Ndiaène,15.0122,-15.9422,Louga,Kebemer,0,,,,,,,,,,,1
2247809,Ndiba,14.35429,-16.14611,Kaolack,Kaolack,0,,,,,,,,,,,3
2247817,Ndiba,13.76667,-15.55,Kaolack,Nioro Du Rip,0,,,,,,,,,,,3
2247818,Ndiba,13.68975,-16.07407,Kaolack,Nioro Du Rip,0,,,,,,,,,,,3
2247816,Ndiba Ndiayène,13.68333,-15.66667,Kaolack,Nioro Du Rip,0,,,,,,,,,,,1
2247813,Ndibène Dahra,15.3338,-15.4766,Louga,Linguere,32941,,,,,,,,,,,1
2247815,Ndibé,15.08333,-16.11667,Louga,Kebemer,0,,,,,,,,,,,1
2247812,Ndidiène,14.48333,-16.65,Thies,Mbour,0,,,,,,,,,,,1
2247811,Ndidor,14.51142,-16.32337,Fatick,Fatick,0,,,,,,,,,,,1
2247808,Ndiebel,14.34604,-16.15656,Kaolack,Kaolack,0,,,,,,,,,,,1
2247799,Ndieguiène,13.65,-15.88333,Kaolack,Nioro Du Rip,0,,,,,,,,,,,1
2247802,Ndiegué,15.03333,-16.76667,Thies,Tivaoune,0,,,,,,,,,,,1
13554024,Ndielaw,14.40985,-15.88914,Fatick,Gossas,0,,,,,,,,,,,1
2247797,Ndielber,14.69888,-16.32527,Diourbel,Bambey,0,,,,,,,,,,,1
2247793,Ndielkougne Diol,15.23333,-16.73333,Thies,Tivaoune,0,,,,,,,,,,,1
2247784,Ndieng,14.81486,-16.47464,Diourbel,Bambey,0,,,,,,,,,,,2
2247785,Ndieng,14.18333,-15.86667,Kaolack,Guinguineo,0,,,,,,,,,,,2
2247783,Ndieng Madior,15.35,-16.48333,Louga,Kebemer,0,,,,,,,,,,,1
13504713,Ndiengal,14.98301,-16.71337,Thies,Tivaoune,0,,,,,,,,,,,1
13657990,Ndienghène Madi,13.95255,-16.37851,Fatick,Foundiougne,0,,,,,,,,,,,1
13658022,Ndienghène Malik,13.97352,-16.31107,Fatick,Foundiougne,0,,,,,,,,,,,1
13553612,Ndienguène,14.50228,-15.12126,Kaffrine,Malem Hodar,0,,,,,,,,,,,1
2247780,Ndierba,16.51667,-15.31667,Saint Louis,Podor,0,,,,,,,,,,,1
2247798,Ndieuk,15.3803,-15.9863,Louga,Louga,0,,,,,,,,,,,1
13505498,Ndieulbèr Deux,14.92648,-16.48579,Diourbel,Bambey,0,,,,,,2,,,,,1
13505458,Ndieulbèr Un,14.93065,-16.49454,Diourbel,Bambey,0,,,,,,1,,,,,1
2247772,Ndigal,14.8,-15.78333,Diourbel,Mbacke,0,,,,,,,,,,,2
2247773,Ndigal,14.76667,-15.8,Diourbel,Mbacke,0,,,,,,,,,,,2
13509039,Ndigalèm,14.40628,-16.07933,Fatick,Gossas,0,,,,,,,,,,,1
2247770,Ndigo Maï Al,15.08333,-16.38333,Thies,Tivaoune,0,,,,,,,,,,,1
2247769,Ndigué,15.26667,-16.36667,Thies,Tivaoune,0,,,,,,,,,,,1
13551564,Ndiguél,14.93473,-15.52681,Louga,Linguere,0,,,,,,,,,,,1
2247768,Ndikaye,14.51667,-16.98333,Thies,Mbour,0,,,,,,,,,,,1
2247767,Ndikion,15.23333,-16.08333,Louga,Kebemer,0,,,,,,,,,,,1
2247765,Ndilar,15.05,-16.4,Thies,Tivaoune,0,,,,,,,,,,,1
2247764,Ndiliki,14.79671,-15.94567,Diourbel,Mbacke,0,,,,,,,,,,,1
2247763,Ndilla,15.3377,-15.0524,Louga,Linguere,0,,,,,,,,,,,1
2252524,Ndilé,14.02954,-15.80328,Kaolack,Kaolack,0,,,,,,,,,,,1
13506725,Ndim,14.70109,-16.62722,Thies,Thies,0,,,,,,,,,,,1
2251458,Ndim Gouye Ndiaye,14.6847,-16.62758,Thies,Thies,0,,,,,,,Ndiaye,Wolof,gouye,tree,1
2247761,Ndimb,14.87248,-16.24894,Diourbel,Diourbel,0,,,,,,,,,ndimb,tree,2
13506713,Ndimb,14.7108,-16.57967,Diourbel,Bambey,0,,,,,,,,,ndimb,tree,2
13506717,Ndimb Diol,14.67126,-16.69043,Thies,Thies,0,,,,,,,,,ndimb,tree,1
2252517,Ndimb Korki,14.06216,-15.67485,Kaffrine,Birkelane,0,,,,,,,,,ndimb,tree,1
2247762,Ndimb Ndadène,14.78678,-16.3801,Diourbel,Bambey,0,,,,,,,,,ndimb,tree,1
13507020,Ndimb Ngoye,14.62473,-16.47571,Diourbel,Bambey,0,,,,,,,,,ndimb,tree,1
13509086,Ndimbiding,14.18134,-16.68994,Fatick,Fatick,0,,,,,,,,,,,1
2247760,Ndimbou Touba,13.81667,-15.58333,Kaolack,Nioro Du Rip,0,,,touba,,,,,,,,1
2595705,Ndinat,14.76248,-17.47787,Dakar,Dakar,0,,,,,,,,,,,1
2247758,Ndinbou,16.04722,-16.00167,Louga,Louga,0,,,,,,,,,,,1
13554037,Ndindi,14.30175,-15.80451,Kaolack,Guinguineo,0,,,,,,,,,,,1
2247754,Ndindi Abdou,14.87484,-15.82614,Diourbel,Mbacke,0,,,,,,,,,,,1
13504576,Ndindi Bal,14.95928,-16.79611,Thies,Tivaoune,0,,,,,,,,,,,1
13505532,Ndindi Gouye,14.90493,-16.20256,Diourbel,Diourbel,0,,,,,,,,,gouye,tree,1
2252509,Ndindi Hane,14.83456,-16.80534,Thies,Thies,0,,,,,,,,,,,1
2247755,Ndindy,14.89451,-16.20409,Diourbel,Diourbel,0,,,,,,,,,,,1
2247757,Ndindé,15.95,-16.16667,Louga,Louga,0,,,,,,,,,,,2
13658094,Ndindé,13.98698,-16.66381,Fatick,Foundiougne,0,,,,,,,,,,,2
2252492,Ndingler,14.37954,-15.70528,Kaolack,Guinguineo,0,,,,,,,,,,,1
13554023,Ndingler Mboubène,14.26777,-15.98834,Kaolack,Guinguineo,0,,,,,,,,,,,1
2252504,Ndingler Ndiayène,14.25811,-15.98859,Kaolack,Guinguineo,0,,,,,,,,,,,1
13554053,Ndingler Tawfekh,14.27837,-15.98829,Kaolack,Guinguineo,0,,,,,,,,,,,1
2252506,Ndinglèr,14.51241,-16.82153,Thies,Mbour,0,,,,,,,,,,,1
2252505,Ndinglèr Ngogom,14.74138,-16.67412,Thies,Thies,0,,,,,,,,,,,1
13509012,Ndinglèr Peul,14.26817,-16.00015,Kaolack,Guinguineo,0,,,,Peul (Fulani),Ndinglèr,,,,,,1
13507304,Ndinkou,14.67614,-16.15535,Diourbel,Diourbel,0,,,,,,,,,,,1
2247753,Ndiné,15.08333,-16.36667,Thies,Tivaoune,0,,,,,,,,,,,2
13506958,Ndiné,14.66482,-16.41959,Diourbel,Bambey,0,,,,,,,,,,,2
2247706,Ndiob,14.54469,-16.25475,Fatick,Fatick,0,,,,,,,,,,,1
13508517,Ndioba,14.36702,-16.47429,Fatick,Fatick,0,,,,,,,,,,,1
2247737,Ndiobiène,13.98333,-15.88333,Kaolack,Kaolack,0,,,,,,,,,,,1
2247736,Ndiobo,15.4,-16.18333,Louga,Kebemer,0,,,,,,,,,,,1
2247696,Ndiobène,13.94619,-16.11932,Kaolack,Kaolack,0,,,,,,,,,,,18
2247739,Ndiobène,15.96667,-16.16667,Louga,Louga,0,,,,,,,,,,,18
2247741,Ndiobène,15.7207,-16.3925,Louga,Louga,0,,,,,,,,,,,18
2247742,Ndiobène,15.66667,-16.15,Louga,Louga,0,,,,,,,,,,,18
2247743,Ndiobène,15.56667,-16.05,Louga,Louga,0,,,,,,,,,,,18
2247744,Ndiobène,15.4,-16.26667,Louga,Kebemer,0,,,,,,,,,,,18
2247745,Ndiobène,15.15,-16.23333,Louga,Kebemer,0,,,,,,,,,,,18
2247746,Ndiobène,15.08333,-16.18333,Louga,Kebemer,0,,,,,,,,,,,18
2247747,Ndiobène,14.85958,-16.88583,Thies,Thies,0,,,,,,,,,,,18
2247748,Ndiobène,14.86571,-15.82028,Diourbel,Mbacke,0,,,,,,,,,,,18
2247749,Ndiobène,14.29562,-15.18652,Kaffrine,Malem Hodar,0,,,,,,,,,,,18
2247750,Ndiobène,14.0,-13.41667,Tambacounda,Goudiry,0,,,,,,,,,,,18
2247814,Ndiobène,15.1102,-15.8663,Louga,Kebemer,0,,,,,,,,,,,18
2252481,Ndiobène,14.77085,-16.70452,Thies,Thies,0,,,,,,,,,,,18
13506714,Ndiobène,14.67591,-16.65535,Thies,Thies,0,,,,,,,,,,,18
13506767,Ndiobène,14.66054,-16.66348,Thies,Thies,0,,,,,,,,,,,18
13506775,Ndiobène,14.70377,-16.56536,Diourbel,Bambey,0,,,,,,,,,,,18
13658004,Ndiobène,13.90281,-16.31032,Fatick,Foundiougne,0,,,,,,,,,,,18
2247694,Ndiobène Galo,13.90891,-16.00141,Kaolack,Kaolack,0,,,,,,,,,,,1
13658204,Ndiobène Mat,13.95922,-16.07978,Kaolack,Kaolack,0,,,,,,,,,,,1
2247740,Ndiobène Mbatar,15.78028,-16.25778,Louga,Louga,0,,,,,,,,,,,1
2596023,Ndiobène Takhmbeut,16.01417,-16.27972,Saint Louis,Saint Louis,0,,,,,,,,,,,1
13658223,Ndiobène Talène,13.94267,-16.12285,Kaolack,Kaolack,0,,,,,,,,,,,1
2247738,Ndiobène Taye,15.28333,-16.4,Thies,Tivaoune,0,,,,,,,,,,,1
2596100,Ndiobène Toubé Peul,15.99889,-16.4475,Saint Louis,Saint Louis,0,,,,Peul (Fulani),Ndiobène Toubé,,,,,,1
13504671,Ndiobél,14.9171,-16.52451,Diourbel,Bambey,0,,,,,,,,,,,1
13507028,Ndiodiom,14.64798,-16.46713,Diourbel,Bambey,0,,,,,,,,,,,1
2247734,Ndiodori,14.63333,-14.98333,Kaffrine,Koungheul,0,,,,,,,,,,,1
2247735,Ndiodème,15.6,-16.5,Louga,Kebemer,0,,,,,,,,,,,1
2247733,Ndiognik,14.03472,-15.64469,Kaffrine,Birkelane,0,,,,,,,,,,,2
13553453,Ndiognik,14.69147,-15.57722,Diourbel,Mbacke,0,,,,,,,,,,,2
2247732,Ndiogol Dieng,15.25,-16.66667,Louga,Kebemer,0,,,,,,,Dieng,Wolof,,,1
2247731,Ndiogop,14.80943,-16.1501,Diourbel,Diourbel,0,,,,,,,,,,,2
2252466,Ndiogop,14.88642,-15.72521,Diourbel,Mbacke,0,,,,,,,,,,,2
2247730,Ndioguèye,15.61667,-16.48333,Louga,Kebemer,0,,,,,,,,,,,1
2247728,Ndiok,13.88333,-15.33333,Kaffrine,Kaffrine,0,,,,,,,,,,,1
2247727,Ndiok Doumaléourou,14.43333,-16.18333,Fatick,Gossas,0,,,,,,,,,,,1
2247726,Ndiok Gadou Pane,15.25,-16.55,Louga,Kebemer,0,,,,,,,,,,,1
2247725,Ndiok Sal,15.75278,-16.26083,Louga,Louga,0,,,,,,,,,,,1
2247724,Ndiok Thiam,15.21667,-16.28333,Thies,Tivaoune,0,,,,,,,Thiam,Wolof,,,1
2247703,Ndiokhoba,14.68095,-16.28978,Diourbel,Diourbel,0,,,,,,,,,,,1
13658087,Ndiokholokho,13.83023,-16.36218,Fatick,Foundiougne,0,,,,,,,,,,,1
13508538,Ndiokél,14.4046,-16.25792,Fatick,Fatick,0,,,,,,,,,,,1
2247175,Ndiol,15.87878,-16.50163,Saint Louis,Saint Louis,0,,,,,,,,,,,3
2247722,Ndiol,16.14361,-16.30167,Saint Louis,Dagana,0,,,,,,,,,,,3
13507255,Ndiol,14.69673,-16.00694,Diourbel,Mbacke,0,,,,,,,,,,,3
2247723,Ndiol Khokhane,14.26108,-16.68981,Fatick,Fatick,0,,,,,,,,,,,1
13507458,Ndiol Mangane,14.28379,-16.70027,Fatick,Fatick,0,,,,,,,,,,,1
2596017,Ndiol Peul,16.13944,-16.31806,Saint Louis,Dagana,0,,,,Peul (Fulani),Ndiol,,,,,,1
2247718,Ndiol Sek,15.03333,-16.31667,Thies,Tivaoune,0,,,,,,,,,,,1
2247721,Ndiolbé,15.06667,-16.3,Thies,Tivaoune,0,,,,,,,,,,,1
2243949,Ndiolofène,14.33539,-15.77992,Kaolack,Guinguineo,0,,,,,,,,,,,6
2247720,Ndiolofène,13.18333,-15.65,Sedhiou,Bounkiling,0,,,,,,,,,,,6
2252422,Ndiolofène,14.4285,-15.66122,Kaffrine,Kaffrine,0,,,,,,,,,,,6
2252426,Ndiolofène,14.37033,-15.86537,Kaolack,Guinguineo,0,,,,,,,,,,,6
2595996,Ndiolofène,16.02111,-16.48778,Saint Louis,Saint Louis,0,,,,,,,,,,,6
13507275,Ndiolofène,14.72484,-16.01472,Diourbel,Mbacke,0,,,,,,,,,,,6
2247719,Ndiolrhos,14.23333,-14.91667,Kaffrine,Koungheul,0,,,,,,,,,,,1
2247717,Ndiombass,15.08333,-16.68333,Thies,Tivaoune,0,,,,,,,,,,,1
2252566,Ndiombo,14.81786,-16.43709,Diourbel,Bambey,0,,,,,,,,,,,1
2252415,Ndiomborel,13.99434,-16.28269,Fatick,Foundiougne,0,,,,,,,,,,,1
2247716,Ndiomdi,14.04922,-16.36866,Fatick,Foundiougne,0,,,,,,,,,,,1
2247714,Ndiompi,15.1597,-16.4231,Thies,Tivaoune,0,,,,,,,,,,,1
13505386,Ndiompi Deux,14.96913,-16.33154,Diourbel,Diourbel,0,,,,,,2,,,,,1
13505454,Ndiompi Trois,14.97237,-16.31385,Diourbel,Diourbel,0,,,,,,3,,,,,1
2254768,Ndiompi Un,14.96058,-16.33085,Diourbel,Diourbel,0,,,,,,1,,,,,1
13507262,Ndionaye,14.72918,-16.16848,Diourbel,Diourbel,0,,,,,,,,,,,1
13504636,Ndione,14.8035,-16.64783,Thies,Thies,0,,,,,,,,,,,1
2252148,Ndione Kad Deux,14.63783,-16.3715,Diourbel,Bambey,0,,,,,,2,,,kad,tree,1
2247711,Ndione Kad Un,14.64583,-16.36954,Diourbel,Bambey,0,,,,,,1,,,kad,tree,1
2247712,Ndione Maténing,14.6147,-16.41245,Diourbel,Bambey,0,,,,,,,,,,,1
2247710,Ndione Tigom,14.56667,-16.33333,Fatick,Fatick,0,,,,,,,,,,,1
13507055,Ndione Tiogom,14.58156,-16.35996,Fatick,Fatick,0,,,,,,,,,,,1
2595698,Ndiongarane,14.7475,-17.51833,Dakar,Dakar,0,,,,,,,,,,,1
2247709,Ndiongo,16.21611,-16.23917,Saint Louis,Dagana,0,,,,,,,,,,,1
2252404,Ndiongolor,14.35659,-16.48917,Fatick,Fatick,0,,,,,,,,,,,1
13657995,Ndiongone Bouré,13.92264,-16.39128,Fatick,Foundiougne,0,,,,,,,,,,,1
13658089,Ndiongone Ndiak,13.91262,-16.37484,Fatick,Foundiougne,0,,,,,,,,,,,1
2252467,Ndiongone Sam,13.89398,-16.37807,Fatick,Foundiougne,0,,,,,,,,,,,1
2247708,Ndionguène,14.01234,-15.9298,Kaolack,Kaolack,0,,,,,,,,,,,1
2595912,Ndionène,14.85347,-17.09664,Thies,Thies,0,,,,,,,,,,,1
2247705,Ndiop,15.95167,-16.355,Saint Louis,Saint Louis,0,,,,,,,,,,,4
13506483,Ndiop,14.50025,-16.95026,Thies,Mbour,0,,,,,,,,,,,4
13506727,Ndiop,14.65032,-16.61086,Diourbel,Bambey,0,,,,,,,,,,,4
13506759,Ndiop,14.71392,-16.62319,Thies,Thies,0,,,,,,,,,,,4
13658074,Ndiop Keur Ibra Mbéri,13.79227,-16.35037,Fatick,Foundiougne,0,,,,,,,,,,,1
13658322,Ndiop Keur Omar Sar,13.68518,-16.3841,Fatick,Foundiougne,0,,,,,,,Sar,Wolof,,,1
2247704,Ndiop Sissé,15.2,-16.76667,Thies,Tivaoune,0,,,,,,,,,,,1
2252393,Ndiop Tiarène,13.8059,-16.36218,Fatick,Foundiougne,0,,,,,,,,,,,1
2247702,Ndiorokh Mbot,14.47133,-17.03048,Thies,Mbour,0,,,,,,,,,,,1
2595478,Ndiorokh Ndoutane,14.61633,-17.02348,Thies,Mbour,0,,,,,,,,,,,1
13508988,Ndiorokoum,14.38979,-16.24223,Fatick,Fatick,0,,,,,,,,,,,1
2252379,Ndiosmone,14.4139,-16.66016,Fatick,Fatick,0,,,,,,,,,,,1
13507468,Ndiosmone Santhie,14.40907,-16.66623,Fatick,Fatick,0,,,,,,,,,,,1
2247700,Ndiossi,15.3703,-15.534,Louga,Linguere,0,,,,,,,,,,,1
2247699,Ndiot,14.87756,-12.93087,Matam,Kanel,0,,,,,,,,,,,1
2247698,Ndiot Khol,15.25,-16.46667,Thies,Tivaoune,0,,,,,,,,,,,1
13504691,Ndiothie,14.77644,-16.64556,Thies,Thies,0,,,,,,,,,,,2
13504787,Ndiothie,14.82729,-16.53713,Diourbel,Bambey,0,,,,,,,,,,,2
2252377,Ndioté Biram,14.2892,-15.28652,Kaffrine,Malem Hodar,0,,,,,,,,,,,1
13554088,Ndioté Djolofène,14.2945,-15.27762,Kaffrine,Malem Hodar,0,,,,,,,,,,,1
2248893,Ndioté Mor Coumba,14.27138,-15.2962,Kaffrine,Malem Hodar,0,,,,,,,,,,,1
2252376,Ndioté Séyane,14.30675,-15.29629,Kaffrine,Malem Hodar,0,,,,,,,,,,,1
2247693,Ndioub Nâne Ouolof,15.98417,-16.30194,Saint Louis,Saint Louis,0,,,,Wolof,Ndioub Nâne,,,,,,1
2596059,Ndioub Nâne Peul,15.97333,-16.31139,Saint Louis,Saint Louis,0,,,,Peul (Fulani),Ndioub Nâne,,,,,,1
2247692,Ndioudiouf,14.4046,-16.75398,Thies,Mbour,0,,,,,,,,,,,7
2252365,Ndioudiouf,14.77187,-16.53286,Diourbel,Bambey,0,,,,,,,,,,,7
2252366,Ndioudiouf,14.34368,-16.4588,Fatick,Fatick,0,,,,,,,,,,,7
13504769,Ndioudiouf,14.8102,-16.71622,Thies,Thies,0,,,,,,,,,,,7
13506501,Ndioudiouf,14.55405,-16.79547,Thies,Mbour,0,,,,,,,,,,,7
13506969,Ndioudiouf,14.52297,-16.43581,Fatick,Fatick,0,,,,,,,,,,,7
13507295,Ndioudiouf,14.52928,-16.23089,Fatick,Fatick,0,,,,,,,,,,,7
2247695,Ndioudiène,13.99182,-15.47439,Kaffrine,Kaffrine,0,,,,,,,,,,,1
13504670,Ndioufdiouf,14.91506,-16.5494,Diourbel,Bambey,0,,,,,,,,,,,1
2246889,Ndioufène,14.90849,-16.56415,Diourbel,Bambey,0,,,,,,,,,,,5
2247691,Ndioufène,13.68333,-16.11667,Kaolack,Nioro Du Rip,0,,,,,,,,,,,5
2252359,Ndioufène,14.73605,-15.62246,Diourbel,Mbacke,0,,,,,,,,,,,5
13504542,Ndioufène,14.75259,-16.768,Thies,Thies,0,,,,,,,,,,,5
13507309,Ndioufène,14.74258,-16.14579,Diourbel,Diourbel,0,,,,,,,,,,,5
13658075,Ndioufène Mbambara,13.83994,-16.32447,Fatick,Foundiougne,0,,,,,,,,,,,1
2247689,Ndiouga Dramé,13.83333,-15.86667,Kaolack,Nioro Du Rip,0,,,,,,,Dramé,Mandinka,,,1
2247668,Ndiougoup,15.2854,-15.8079,Louga,Linguere,0,,,,,,,,,,,1
2595878,Ndiougouye,14.79774,-17.19006,Dakar,Rufisque,0,,,,,,,,,,,1
2596009,Ndiougue Bress,16.21194,-16.255,Saint Louis,Dagana,0,,,,,,,,,,,1
2247688,Ndiouguène,14.9471,-15.9478,Diourbel,Mbacke,0,,,,,,,,,,,1
2252346,Ndiouk,14.39407,-16.78534,Thies,Mbour,0,,,,,,,,,,,1
13505564,Ndioukane,14.84036,-16.09491,Diourbel,Mbacke,0,,,,,,,,,,,1
13507316,Ndioukh Fissél,14.41453,-16.77773,Thies,Mbour,0,,,,,,,,,,,1
13507335,Ndioukh Médoun,14.41116,-16.80813,Thies,Mbour,0,,,,,,,,,,,1
2252348,Ndioukh Tirokh,14.42232,-16.81975,Thies,Mbour,0,,,,,,,,,,,1
2247667,Ndiouki,14.99718,-15.65352,Louga,Linguere,0,,,,,,,,,,,1
2252446,Ndioukoul Dieng,14.76403,-16.67366,Thies,Thies,0,,,,,,,Dieng,Wolof,,,1
13507270,Ndioukèm,14.7272,-16.2395,Diourbel,Diourbel,0,,,,,,,,,,,1
13506974,Ndioulbèt,14.52729,-16.37999,Fatick,Fatick,0,,,,,,,,,,,1
2247687,Ndiouli,14.6476,-16.42625,Diourbel,Bambey,0,,,,,,,,,,,1
2247684,Ndioum,16.51293,-14.64706,Saint Louis,Podor,20270,,,,,,,,,,,3
2247685,Ndioum,14.01667,-14.68333,Kaffrine,Koungheul,0,,,,,,,,,,,3
2247686,Ndioum,14.0,-14.66667,Kaffrine,Koungheul,0,,,,,,,,,,,3
2247681,Ndioum Guènt,14.36533,-15.19817,Kaffrine,Malem Hodar,0,,,,,,,,,,,1
2252323,Ndioum Ndiao,14.2637,-15.14843,Kaffrine,Malem Hodar,0,,,,,,,,,,,1
2247683,Ndioumane,14.63145,-15.99892,Diourbel,Mbacke,0,,,,,,,,,,,1
13507223,Ndioumane Peul,14.65385,-16.00908,Diourbel,Mbacke,0,,,,Peul (Fulani),Ndioumane,,,,,,1
2252322,Ndioundia,14.20818,-15.72813,Kaffrine,Birkelane,0,,,,,,,,,,,1
2593141,Ndioundioukh,13.8883,-16.50021,Fatick,Foundiougne,0,,,,,,,,,,,1
13658155,Ndioungouti Malik,13.85197,-16.127,Kaolack,Nioro Du Rip,0,,,,,,,,,,,1
13658166,Ndioungouti Serigne,13.85479,-16.13295,Kaolack,Nioro Du Rip,0,,,serigne,,,,,,,,1
13658025,Ndiourbel,13.90132,-16.25442,Fatick,Foundiougne,0,,,,,,,,,,,1
13509358,Ndiourbel Ngor,14.24393,-16.17902,Kaolack,Kaolack,0,,,,,,,,,,,1
13509333,Ndiourbel Sabour,14.23269,-16.19916,Kaolack,Kaolack,0,,,,,,,,,,,1
2252307,Ndiourbel Sine,14.50457,-16.19589,Fatick,Fatick,0,,,,,,,,,,,1
2247679,Ndiourki,15.1634,-15.9805,Louga,Kebemer,0,,,,,,,,,,,1
2252303,Ndiouroul,14.7819,-15.77846,Diourbel,Mbacke,0,,,,,,,,,,,1
13551145,Ndiouroul Dara,14.78064,-15.76305,Diourbel,Mbacke,0,,,,,,,,,,,1
13507475,Ndiouroup Cop,14.40209,-16.57686,Fatick,Fatick,0,,,,,,,,,,,1
13507431,Ndiouroup Léraye,14.33681,-16.56594,Fatick,Fatick,0,,,,,,,,,,,1
13505393,Ndiourène,14.85268,-16.42907,Diourbel,Bambey,0,,,,,,,,,,,1
2596074,Ndiouss Dièye,15.89167,-16.35556,Saint Louis,Saint Louis,0,,,,,,,,,,,1
13508553,Ndiouwar,14.34641,-16.43641,Fatick,Fatick,0,,,,,,,,,,,1
13504594,Ndiouye,14.97369,-16.8926,Thies,Tivaoune,0,,,,,,,,,,,1
13509312,Ndiowane,14.2137,-16.1859,Kaolack,Kaolack,0,,,,,,,,,,,1
2247678,Ndioyène,15.86,-15.6468,Louga,Louga,0,,,,,,,,,,,1
2247729,Ndioïli,13.86667,-15.56667,Kaffrine,Birkelane,0,,,,,,,,,,,1
13505572,Ndip Golo,14.97008,-16.17439,Louga,Kebemer,0,,,,,,,,,,,1
2247675,Ndirène,14.97524,-16.34453,Diourbel,Diourbel,0,,,,,,,,,,,5
2247676,Ndirène,14.34283,-15.85736,Kaolack,Guinguineo,0,,,,,,,,,,,5
2595953,Ndirène,14.7957,-17.11528,Thies,Thies,0,,,,,,,,,,,5
13504569,Ndirène,14.75009,-16.83942,Thies,Thies,0,,,,,,,,,,,5
13504744,Ndirène,14.81043,-16.64549,Diourbel,Bambey,0,,,,,,,,,,,5
2247674,Nditakh,14.63099,-17.16684,Dakar,Rufisque,0,,,,,,,,,,,1
2247673,Nditi,16.21993,-16.20356,Saint Louis,Dagana,0,,,,,,,,,,,1
2247672,Ndiyène,16.08583,-15.69583,Saint Louis,Dagana,0,,,,,,,,,,,1
2251256,Ndièk Pènthie,14.93899,-16.21124,Diourbel,Diourbel,0,,,,,,,,,,,1
2247794,Ndièlèye,16.13694,-16.23778,Saint Louis,Dagana,0,,,,,,,,,,,1
2247792,Ndièm Bakol,15.05,-16.38333,Thies,Tivaoune,0,,,,,,,,,,,1
2247786,Ndiène,15.33333,-16.23333,Louga,Kebemer,0,,,,,,,,,,,2
2247787,Ndiène,15.2031,-15.5515,Louga,Linguere,0,,,,,,,,,,,2
2247927,Ndiènghène Modi,13.7575,-16.15984,Kaolack,Nioro Du Rip,0,,,,,,,,,,,1
2247781,Ndièr,15.08333,-16.38333,Thies,Tivaoune,0,,,,,,,,,,,1
2247779,Ndièrè,15.5356,-15.9303,Louga,Louga,0,,,,,,,,,,,1
13505463,Ndièt,14.79931,-16.32074,Diourbel,Diourbel,0,,,,,,,,,,,1
2596077,Ndièye,15.83722,-16.33528,Louga,Louga,0,,,,,,,,,,,1
2247774,Ndièye Séfour,15.4482,-16.4235,Louga,Kebemer,0,,,,,,,,,,,1
13504752,Ndié Ngom,14.75303,-16.64598,Thies,Thies,0,,,,,,,Ngom,Sérèr,,,1
2247810,Ndiéba,12.84083,-16.02,Ziguinchor,Bignona,0,,,,,,,,,,,1
2247807,Ndiébène Gandiol,15.89147,-16.50235,Saint Louis,Saint Louis,0,,,,,,,,,,,1
2247806,Ndiébène Toubé,15.9818,-16.4376,Saint Louis,Saint Louis,0,,,,,,,,,,,1
2252982,Ndiébél,14.53118,-16.14159,Fatick,Gossas,0,,,,,,,,,,,1
2247804,Ndiédieng,13.95,-16.16667,Kaolack,Kaolack,0,,,,,,,,,,,3
2252581,Ndiédieng,13.94905,-16.15315,Kaolack,Kaolack,0,,,,,,,,,,,3
2252583,Ndiédieng,14.63535,-16.58878,Diourbel,Bambey,0,,,,,,,,,,,3
13509091,Ndiédieng Niambo,14.14984,-16.70608,Fatick,Fatick,0,,,,,,,,,,,1
13509092,Ndiédieng Sémou,14.17152,-16.70615,Fatick,Fatick,0,,,,,,,,,,,1
2247805,Ndiédène,15.88333,-16.48333,Saint Louis,Saint Louis,0,,,,,,,,,,,1
2247803,Ndiéfer,14.46194,-16.61458,Thies,Mbour,0,,,,,,,,,,,1
2252358,Ndiéfougne Pal,14.78165,-16.67074,Thies,Thies,0,,,,,,,,,,,1
13658338,Ndiéganène,13.66938,-16.30756,Fatick,Foundiougne,0,,,,,,,,,,,1
2247801,Ndiéguedj,15.06667,-16.75,Thies,Tivaoune,0,,,,,,,,,,,1
2247800,Ndiéguène,14.8484,-17.07841,Thies,Thies,0,,,,,,,,,,,1
13505464,Ndiégué,14.98158,-16.40386,Diourbel,Bambey,0,,,,,,,,,,,1
2252892,Ndiékhirat Digue,14.76791,-17.22657,Dakar,Rufisque,0,,,,,,,,,,,1
2595842,Ndiékhirat Ndlobène,14.78654,-17.2159,Dakar,Rufisque,0,,,,,,,,,,,1
2595849,Ndiékhirat Peul,14.76963,-17.20359,Dakar,Rufisque,0,,,,Peul (Fulani),Ndiékhirat,,,,,,1
2247967,Ndiékinane,15.5273,-16.167,Louga,Louga,0,,,,,,,,,,,1
2247795,Ndiélèm Farba,14.40738,-16.30657,Fatick,Fatick,0,,,,,,,,,,,1
2252858,Ndiélèm Soup,14.41997,-16.3219,Fatick,Fatick,0,,,,,,,,,,,1
2252799,Ndiémane,14.6441,-16.55412,Diourbel,Bambey,0,,,,,,,,,,,1
2247791,Ndiéme,13.91667,-15.45,Kaffrine,Kaffrine,0,,,,,,,,,,,1
2247790,Ndiémoutane,14.39127,-16.37351,Fatick,Fatick,0,,,,,,,,,,,1
13504727,Ndiénène,14.77644,-16.631,Thies,Thies,0,,,,,,,,,,,1
13504800,Ndiéné,14.9562,-16.50227,Diourbel,Bambey,0,,,,,,,,,,,1
2252556,Ndiéné Lagane,14.51237,-15.92349,Fatick,Gossas,0,,,,,,,,,,,1
2247776,Ndiéri,15.55,-16.3,Louga,Louga,0,,,,,,,,,,,3
2247777,Ndiéri,14.15,-15.53333,Kaffrine,Kaffrine,0,,,,,,,,,,,3
2252651,Ndiéri,14.81982,-16.71988,Thies,Thies,0,,,,,,,,,,,3
2254579,Ndiéri Mbengue,14.801,-16.74344,Thies,Thies,0,,,,,,,,,,,1
2247880,Ndiéré,14.95051,-16.75348,Thies,Tivaoune,0,,,,,,,,,,,1
2247775,Ndiévène,14.61667,-15.75,Fatick,Gossas,0,,,,,,,,,,,1
13506716,Ndiéyène Mbako,14.69625,-16.67851,Thies,Thies,0,,,,,,,,,,,1
2247834,Ndiéyène Tialaw,14.82935,-16.44061,Diourbel,Bambey,0,,,,,,,,,,,1
2247671,Ndjarno,15.41667,-15.3,Louga,Linguere,0,,,,,,,,,,,1
2595565,Ndjibokh,14.72044,-17.14436,Dakar,Rufisque,0,,,,,,,,,,,1
2252257,Ndjigane Sérèr,13.87914,-16.12137,Kaolack,Kaolack,0,,,,Sérèr,Ndjigane,,,,,,1
13505561,Ndjigueul Deux,14.90765,-16.24093,Diourbel,Diourbel,0,,,,,,2,,,,,1
2252537,Ndjigueul Un,14.91625,-16.2313,Diourbel,Diourbel,0,,,,,,1,,,,,1
2252252,Ndjigui,14.09151,-15.5612,Kaffrine,Kaffrine,0,,,,,,,,,,,1
2247766,Ndjikdakhine,14.59775,-16.64232,Thies,Mbour,0,,,,,,,,,,,1
2247670,Ndjiling,15.8,-16.48333,Louga,Louga,0,,,,,,,,,,,1
2247669,Ndjima,15.3067,-15.9773,Louga,Kebemer,0,,,,,,,,,,,1
13506964,Ndjis,14.61322,-16.33258,Diourbel,Diourbel,0,,,,,,,,,,,1
13505499,Ndjitiar,14.81045,-16.33409,Diourbel,Diourbel,0,,,,,,,,,,,1
13504621,Ndjité,14.99609,-16.76216,Thies,Tivaoune,0,,,,,,,,,,,2
13504669,Ndjité,14.91003,-16.65358,Diourbel,Bambey,0,,,,,,,,,,,2
2595434,Ndjiw,14.5569,-17.06661,Thies,Mbour,0,,,,,,,,,,,1
2247663,Ndodj,15.4633,-15.3511,Louga,Linguere,0,,,,,,,,,,,3
2247664,Ndodj,14.56007,-16.18886,Fatick,Fatick,0,,,,,,,,,,,3
2247665,Ndodj,14.18665,-15.43611,Kaffrine,Kaffrine,0,,,,,,,,,,,3
2247662,Ndof,14.25231,-16.58762,Fatick,Fatick,0,,,,,,,,,,,1
2247652,Ndofane,14.3895,-16.56918,Fatick,Fatick,0,,,,,,,,,,,7
2247653,Ndofane,14.35208,-16.30127,Fatick,Fatick,0,,,,,,,,,,,7
2247654,Ndofane,14.51354,-16.60781,Thies,Mbour,0,,,,,,,,,,,7
2247657,Ndofane,14.24792,-16.77914,Thies,Mbour,0,,,,,,,,,,,7
2247660,Ndofane,13.91667,-15.93333,Kaolack,Kaolack,12898,,,,,,,,,,,7
2247661,Ndofane,13.85809,-16.37811,Fatick,Foundiougne,0,,,,,,,,,,,7
13506961,Ndofane,14.53285,-16.42675,Fatick,Fatick,0,,,,,,,,,,,7
2247656,Ndofane Bikol,14.41988,-16.461,Fatick,Fatick,0,,,,,,,,,,,1
13507012,Ndofane Bouré,14.51521,-16.38469,Fatick,Fatick,0,,,,,,,,,,,1
2247655,Ndofane Dèm,14.4483,-16.30479,Fatick,Fatick,0,,,,,,,,,,,1
13509329,Ndofane Koli,14.21967,-16.12064,Kaolack,Guinguineo,0,,,,,,,,,,,1
2249368,Ndofane Latir,14.35167,-16.31539,Fatick,Fatick,0,,,,,,,,,,,1
13508522,Ndofane Mad,14.44529,-16.33848,Fatick,Fatick,0,,,,,,,,,,,1
2252189,Ndofane Masserigne,14.12536,-15.94108,Kaolack,Guinguineo,0,,,,,,,,,,,1
13514628,Ndofane Mourid,14.45833,-16.31741,Fatick,Fatick,0,,,,,,,,,,,1
2247659,Ndofane Ndari,14.05095,-16.26115,Fatick,Foundiougne,0,,,,,,,,,,,1
2247658,Ndofane Tanewar,14.22696,-16.09989,Kaolack,Guinguineo,0,,,,,,,,,,,1
2247649,Ndofongon,14.35,-16.63333,Fatick,Fatick,0,,,,,,,,,,,1
2247651,Ndofène,14.48397,-16.27256,Fatick,Fatick,0,,,,,,,,,,,1
2247648,Ndoga,13.75,-14.1,Tambacounda,Tambacounda,0,,,,,,,,,,,1
2252176,Ndoga Un,14.55037,-15.97651,Diourbel,Mbacke,0,,,,,,1,,,,,1
2247644,Ndogadou,15.3797,-15.4821,Louga,Linguere,0,,,,,,,,,,,2
2247647,Ndogadou,15.39105,-15.46444,Louga,Linguere,0,,,,,,,,,,,2
13505387,Ndogal Santhie,14.95299,-16.29921,Diourbel,Diourbel,0,,,,,,,,,,,1
2247646,Ndogka,14.53333,-16.06667,Fatick,Gossas,0,,,,,,,,,,,1
2247643,Ndogor,15.08333,-16.08333,Louga,Kebemer,0,,,,,,,,,,,1
2247642,Ndoguène,14.88333,-17.1,Thies,Thies,0,,,,,,,,,,,1
2252177,Ndok,14.78554,-15.8391,Diourbel,Mbacke,0,,,,,,,,,,,1
2252178,Ndok Diouma Lewrou,14.40796,-16.16774,Fatick,Gossas,0,,,,,,,,,,,1
2252170,Ndok Saré,14.43529,-16.14771,Fatick,Gossas,0,,,,,,,,,,,1
2253059,Ndoka,14.90456,-15.78741,Diourbel,Mbacke,0,,,,,,,,,,,1
13507265,Ndoka Wolof,14.55616,-16.00922,Diourbel,Mbacke,0,,,,Wolof,Ndoka,,,,,,1
2247628,Ndokh,14.55965,-16.50364,Fatick,Fatick,0,,,,,,,,,,,1
2247638,Ndolor,14.38333,-16.76667,Thies,Mbour,0,,,,,,,,,,,1
2247637,Ndom,15.05,-16.73333,Thies,Tivaoune,0,,,,,,,,,,,1
2252417,Ndomb,14.68534,-16.34237,Diourbel,Bambey,0,,,,,,,,,,,1
2247636,Ndombil,15.18333,-16.71667,Thies,Tivaoune,0,,,,,,,,,,,1
2247634,Ndombolokh,15.08333,-16.6,Thies,Tivaoune,0,,,,,,,,,,,1
2247633,Ndomor,15.0549,-16.8595,Thies,Tivaoune,0,,,,,,,,,,,1
2247635,Ndonbo,16.43472,-15.69917,Saint Louis,Dagana,0,,,,,,,,,,,1
2251530,Ndondiaye Peul,13.91068,-16.13462,Kaolack,Kaolack,0,,,,Peul (Fulani),Ndondiaye,,,,,,1
13658159,Ndondiaye Sérèr,13.91204,-16.15272,Kaolack,Kaolack,0,,,,Sérèr,Ndondiaye,,,,,,1
2247632,Ndondol,14.76667,-16.63333,Thies,Thies,0,,,,,,,,,,,3
2252158,Ndondol,14.64603,-16.58634,Diourbel,Bambey,0,,,,,,,,,,,3
13505385,Ndondol,14.79017,-16.49961,Diourbel,Bambey,0,,,,,,,,,,,3
2247631,Ndong,14.58333,-16.55,Thies,Mbour,0,,,,,,,,,,,2
2248454,Ndong,14.77459,-16.56368,Diourbel,Bambey,0,,,,,,,,,,,2
13505590,Ndongo,14.81948,-16.1358,Diourbel,Diourbel,0,,,,,,,,,,,1
13551556,Ndoni Peul,14.87274,-15.60564,Louga,Linguere,0,,,,Peul (Fulani),Ndoni,,,,,,1
2252150,Ndoni Saloum,14.86248,-15.63021,Diourbel,Mbacke,0,,,,,,,,,,,1
13551549,Ndoni Sérèr,14.88285,-15.5813,Louga,Linguere,0,,,,Sérèr,Ndoni,,,,,,1
2252151,Ndoni Wolof,14.88076,-15.61098,Louga,Linguere,0,,,,Wolof,Ndoni,,,,,,1
13505488,Ndop,14.95078,-16.42484,Diourbel,Bambey,0,,,,,,,,,,,1
2247630,Ndop Gadiaga,15.28333,-16.36667,Thies,Tivaoune,0,,,,,,,,,,,1
2247629,Ndorbos,16.5971,-14.33382,Saint Louis,Podor,0,,,,,,,,,,,1
2247627,Ndorna,13.16667,-15.03333,Kolda,Medina Yoroufoula,0,,,,,,,,,,,1
2247626,Ndorobé,15.4032,-15.0233,Louga,Linguere,0,,,,,,,,,,,1
2247624,Ndorong,14.54142,-16.79712,Thies,Mbour,0,,,,,,,,,,,2
13506960,Ndorong,14.68697,-16.27765,Diourbel,Diourbel,0,,,,,,,,,,,2
2247623,Ndorong Log,14.08118,-16.47451,Fatick,Foundiougne,0,,,,,,,,,,,1
13504743,Ndorong Malik,14.81975,-16.64208,Diourbel,Bambey,0,,,,,,,,,,,1
13672675,Ndorong Sérèr,13.99417,-16.34121,Fatick,Foundiougne,0,,,,Sérèr,Ndorong,,,,,,1
2247625,Ndorong Wolof,13.98453,-16.32981,Fatick,Foundiougne,0,,,,Wolof,Ndorong,,,,,,1
13507042,Ndos,14.72548,-16.42423,Diourbel,Bambey,0,,,,,,,,,,,1
13508533,Ndos Diaraf,14.45474,-16.3594,Fatick,Fatick,0,,,,,,,,,,,1
2247622,Ndos Mbadiok,14.46454,-16.36897,Fatick,Fatick,0,,,,,,,,,,,1
13507269,Ndothie,14.54344,-16.18534,Fatick,Fatick,0,,,,,,,,,,,1
13509335,Ndoubor,14.21385,-16.08324,Kaolack,Guinguineo,0,,,,,,,,,,,1
2247621,Ndouf,14.72948,-16.66852,Thies,Thies,0,,,,,,,,,,,2
13507461,Ndouf,14.43179,-16.53359,Fatick,Fatick,0,,,,,,,,,,,2
2247690,Ndoufène,15.046,-15.9837,Louga,Kebemer,0,,,,,,,,,,,1
2247617,Ndougossine,13.7,-14.33333,Tambacounda,Koumpentoum,0,,,,,,,,,,,1
13505430,Ndougoubène,14.92856,-16.33622,Diourbel,Diourbel,0,,,,,,,,,,,1
2247616,Ndougour,15.2,-16.48333,Thies,Tivaoune,0,,,,,,,,,,,1
2595619,Ndoukhoura Peul,14.68539,-17.16549,Dakar,Rufisque,0,,,,Peul (Fulani),Ndoukhoura,,,,,,1
2595620,Ndoukhoura Wolof,14.68113,-17.16726,Dakar,Rufisque,0,,,,Wolof,Ndoukhoura,,,,,,1
2247615,Ndoukoumane,14.87648,-16.69665,Thies,Thies,0,,,,,,,,,,,2
13505450,Ndoukoumane,14.98977,-16.30122,Diourbel,Diourbel,0,,,,,,,,,,,2
2247614,Ndoukoura,15.1,-16.66667,Thies,Tivaoune,0,,,,,,,,,,,2
2249191,Ndoukoura,14.76239,-16.14227,Diourbel,Diourbel,0,,,,,,,,,,,2
13506959,Ndoukouwane,14.69539,-16.30602,Diourbel,Bambey,0,,,,,,,,,,,1
2247613,Ndouli,15.266,-15.4556,Louga,Linguere,0,,,,,,,,,,,1
2247612,Ndoulo,14.73885,-16.11105,Diourbel,Diourbel,0,,,,,,,,,,,1
2247611,Ndoulo Malka,14.50362,-15.97833,Fatick,Gossas,0,,,,,,,,,,,1
2247610,Ndouloum,14.46667,-16.23333,Fatick,Fatick,0,,,,,,,,,,,1
2247608,Ndouloumadji Dembé,15.8103,-13.40609,Matam,Matam,0,,,,,,,,,,,1
2247609,Ndouloumadji Founébé,15.82034,-13.42471,Matam,Matam,0,,,,,,,,,,,1
13553458,Ndouma,14.6155,-15.74708,Fatick,Gossas,0,,,,,,,,,,,1
2247606,Ndoumbil,15.05,-16.48333,Thies,Tivaoune,0,,,,,,,,,,,1
2247605,Ndoumboudj,13.74389,-16.43092,Fatick,Foundiougne,0,,,,,,,,,,,1
2252117,Ndoumbé,14.74209,-16.22157,Diourbel,Diourbel,0,,,,,,,,,,,1
2247604,Ndoun,13.98333,-14.71667,Kaffrine,Koungheul,0,,,,,,,,,,,1
13508541,Ndoundokh,14.40912,-16.47049,Fatick,Fatick,0,,,,,,,,,,,1
13507300,Ndoundoye,14.64067,-16.10035,Diourbel,Diourbel,0,,,,,,,,,,,1
2247603,Ndoune,15.7,-16.43333,Louga,Louga,0,,,,,,,,,,,1
13506772,Ndoung,14.58935,-16.57926,Thies,Mbour,0,,,,,,,,,,,1
13504710,Ndoungane,14.84806,-16.54764,Diourbel,Bambey,0,,,,,,,,,,,1
2247599,Ndour Ndour,14.20388,-16.03775,Kaolack,Guinguineo,0,,,,,,,Ndour,Sérèr,,,2
2247600,Ndour Ndour,14.10934,-16.30281,Fatick,Foundiougne,0,,,,,,,Ndour,Sérèr,,,2
2247602,Ndourène,15.0854,-15.8809,Louga,Kebemer,0,,,,,,,,,,,5
2595578,Ndourène,14.69992,-17.12586,Thies,Thies,0,,,,,,,,,,,5
13504803,Ndourène,14.93248,-16.59255,Diourbel,Bambey,0,,,,,,,,,,,5
13552828,Ndourène,14.65457,-15.82496,Diourbel,Mbacke,0,,,,,,,,,,,5
13658050,Ndourène,13.83072,-16.31914,Fatick,Foundiougne,0,,,,,,,,,,,5
2247601,Ndourène Batal,15.08333,-16.53333,Thies,Tivaoune,0,,,,,,,,,,,1
2247598,Ndoussoua,13.61667,-14.4,Tambacounda,Koumpentoum,0,,,,,,,,,,,1
2247597,Ndoye,15.85722,-16.44,Saint Louis,Saint Louis,0,,,,,,,Ndoye,Wolof,,,1
2247595,Ndoye Dione,14.43333,-15.95,Fatick,Gossas,0,,,,,,,,,,,1
2596090,Ndoye Ouolof,15.86833,-16.43806,Saint Louis,Saint Louis,0,,,,Wolof,Ndoye,,,,,,1
2596091,Ndoye Peul,15.865,-16.45167,Saint Louis,Saint Louis,0,,,,Peul (Fulani),Ndoye,,,,,,1
2252086,Ndoyombout,14.50913,-16.58328,Thies,Mbour,0,,,,,,,,,,,1
2247592,Ndoyène,14.84835,-15.62805,Diourbel,Mbacke,0,,,,,,,,,,,4
2247594,Ndoyène,14.54684,-16.01907,Diourbel,Mbacke,0,,,,,,,,,,,4
13506487,Ndoyène,14.64345,-16.8478,Thies,Thies,0,,,,,,,,,,,4
13508995,Ndoyène,14.47331,-16.23367,Fatick,Fatick,0,,,,,,,,,,,4
2247591,Ndoyène Dakhar,15.2275,-16.0812,Louga,Kebemer,0,,,,,,,,,dakhar,tree,1
2595879,Ndoyène Deux,14.75611,-17.1303,Dakar,Rufisque,0,,,,,,2,,,,,1
2595224,Ndoyène Peul,14.78319,-17.13045,Dakar,Rufisque,0,,,,Peul (Fulani),Ndoyène,,,,,,1
2247593,Ndoyène Un,14.76696,-17.15037,Dakar,Rufisque,0,,,,,,1,,,,,1
2247641,Ndoïtsé,15.85,-16.06667,Louga,Louga,0,,,,,,,,,,,1
2247590,Ndramé,15.1786,-15.5586,Louga,Linguere,0,,,,,,,,,,,3
2248061,Ndramé,14.98462,-15.07605,Louga,Linguere,0,,,,,,,,,,,3
13554544,Ndramé,14.01846,-15.68889,Kaffrine,Birkelane,0,,,,,,,,,,,3
2247589,Ndramé Escale,13.79537,-16.16566,Kaolack,Nioro Du Rip,0,,,,,,,,,,,1
13658194,Ndramé Mapaté,13.9875,-16.24215,Fatick,Foundiougne,0,,,,,,,,,,,1
2252084,Ndramé Matar,13.83719,-16.25813,Fatick,Foundiougne,0,,,,,,,,,,,1
13658017,Ndramé Nguédiane,13.93338,-16.31365,Fatick,Foundiougne,0,,,,,,,,,,,1
2595798,Ndunkou,14.71696,-17.28217,Dakar,Rufisque,0,,,,,,,,,,,1
2247588,Ndurki,15.26667,-16.3,Thies,Tivaoune,0,,,,,,,,,,,1
2248086,Ndâme,15.8941,-15.9018,Louga,Louga,0,,,,,,,,,,,1
2248048,Ndèftili,15.6635,-14.2556,Saint Louis,Podor,0,,,,,,,,,,,1
2248046,Ndèk,14.76667,-15.63333,Diourbel,Mbacke,0,,,,,,,,,,,2
13506739,Ndèk,14.64069,-16.55912,Diourbel,Bambey,0,,,,,,,,,,,2
2247715,Ndèm,14.7982,-16.46857,Diourbel,Bambey,0,,,,,,,,,,,4
2248039,Ndèm,15.48333,-16.06667,Louga,Louga,0,,,,,,,,,,,4
2248040,Ndèm,15.06667,-16.23333,Thies,Tivaoune,0,,,,,,,,,,,4
13505551,Ndèm,14.79203,-16.18461,Diourbel,Diourbel,0,,,,,,,,,,,4
13505546,Ndèm Ndiaye,14.77896,-16.19827,Diourbel,Diourbel,0,,,,,,,Ndiaye,Wolof,,,1
2248049,Ndébou,12.5195,-12.4336,Kedougou,Kedougou,0,,,,,,,,,,,1
2248047,Ndéguène Fal,15.4,-16.38333,Louga,Kebemer,0,,,,,,,Fal,Wolof,,,1
2248044,Ndékou,15.0767,-16.6728,Thies,Tivaoune,0,,,,,,,,,,,1
2248045,Ndékène,15.03333,-16.45,Thies,Tivaoune,0,,,,,,,,,,,1
2248041,Ndéllère,15.26667,-16.05,Louga,Kebemer,0,,,,,,,,,,,1
2248038,Ndématou,15.5,-16.05,Louga,Louga,0,,,,,,,,,,,1
2247759,Ndémène,15.2235,-15.4995,Louga,Linguere,0,,,,,,,,,,,5
2248035,Ndémène,15.08333,-16.31667,Thies,Tivaoune,0,,,,,,,,,,,5
2248036,Ndémène,13.83333,-15.76667,Kaolack,Nioro Du Rip,0,,,,,,,,,,,5
2595904,Ndémène,14.82912,-17.05018,Thies,Tivaoune,0,,,,,,,,,,,5
13509059,Ndémène,14.47787,-16.21307,Fatick,Fatick,0,,,,,,,,,,,5
13658035,Ndémène Niombato,13.79563,-16.37655,Fatick,Foundiougne,0,,,,,,,,,,,1
2248037,Ndémébélègne,15.15,-16.13333,Louga,Kebemer,0,,,,,,,,,,,1
2248033,Ndénak,15.2599,-15.7083,Louga,Linguere,0,,,,,,,,,,,1
2247789,Ndéndoury,15.34685,-13.05109,Matam,Kanel,0,,,,,,,,,,,1
2595469,Ndéng,14.63741,-17.08849,Thies,Mbour,0,,,,,,,,,,,1
2595494,Ndénglé,14.67922,-17.12109,Thies,Mbour,0,,,,,,,,,,,2
2595596,Ndénglé,14.63088,-17.12993,Thies,Mbour,0,,,,,,,,,,,2
13504655,Ndérèp Deux,14.7503,-16.57683,Diourbel,Bambey,0,,,,,,2,,,,,1
2253014,Ndérèp Un,14.76039,-16.57806,Diourbel,Bambey,0,,,,,,1,,,,,1
2247580,Nelbi,15.28333,-13.98333,Matam,Ranerou,0,,,,,,,,,,,2
2247581,Nelbi,15.478,-15.5802,Louga,Linguere,0,,,,,,,,,,,2
2247553,Nesséona,14.53333,-15.65,Fatick,Gossas,0,,,,,,,,,,,1
2247552,Neteboulou,13.57883,-13.78527,Tambacounda,Tambacounda,0,,,,,,,,,,,1
2247549,Ngabitol,14.51667,-14.6,Tambacounda,Koumpentoum,0,,,,,,,,,,,1
2247547,Ngabou,14.79311,-12.67009,Matam,Kanel,0,,,,,,,,,,,3
2247548,Ngabou,14.77326,-15.97695,Diourbel,Mbacke,0,,,,,,,,,,,3
13505460,Ngabou,14.83621,-16.32436,Diourbel,Diourbel,0,,,,,,,,,,,3
2247544,Ngabou Mourid,14.76667,-15.96667,Diourbel,Mbacke,0,,,,,,,,,,,1
2595982,Ngad Ngourane,16.18472,-16.43472,Saint Louis,Dagana,0,,,,,,,,,,,1
2251773,Ngadada,14.41884,-15.92631,Fatick,Gossas,0,,,,,,,,,,,1
2247543,Ngadiaga,15.08333,-16.53333,Thies,Tivaoune,0,,,,,,,,,,,3
2251761,Ngadiaga,14.95692,-17.05005,Thies,Tivaoune,0,,,,,,,,,,,3
13505599,Ngadiaga,14.79059,-16.13354,Diourbel,Diourbel,0,,,,,,,,,,,3
2247542,Ngadialam,15.73333,-16.0,Louga,Louga,0,,,,,,,,,,,1
2247541,Ngadialam Sellé,15.7,-16.01667,Louga,Louga,0,,,,,,,,,,,1
13553611,Ngadialogne,14.51303,-15.09457,Kaffrine,Malem Hodar,0,,,,,,,,,,,1
2247540,Ngadidé,14.85,-16.23333,Diourbel,Diourbel,0,,,,,,,,,,,1
2247539,Ngadieu,15.73333,-16.11667,Louga,Louga,0,,,,,,,,,,,1
2247536,Ngadj Sar,15.8797,-16.2249,Louga,Louga,0,,,,,,,Sar,Wolof,,,1
13509318,Ngadé,14.14196,-16.11667,Kaolack,Kaolack,0,,,,,,,,,,,1
2247535,Ngakham I,15.137,-16.6854,Thies,Tivaoune,0,,,,,,1,,,,,1
2247501,Ngakham II,15.0539,-16.8026,Thies,Tivaoune,0,,,,,,2,,,,,1
13505443,Ngala,14.86183,-16.40995,Diourbel,Bambey,0,,,,,,,,,,,1
2251736,Ngalagne,14.52001,-16.26866,Fatick,Fatick,0,,,,,,,,,,,4
13507239,Ngalagne,14.71152,-16.2402,Diourbel,Diourbel,0,,,,,,,,,,,4
13509029,Ngalagne,14.2723,-16.10997,Kaolack,Guinguineo,0,,,,,,,,,,,4
13554413,Ngalagne,14.19194,-15.881,Kaolack,Guinguineo,0,,,,,,,,,,,4
2247534,Ngalagne Diaraf,14.52406,-16.39707,Fatick,Fatick,0,,,,,,,,,,,1
2247533,Ngalagne Kop,14.56596,-16.43373,Fatick,Fatick,0,,,,,,,,,,,1
2247526,Ngalap,14.75861,-17.26528,Dakar,Rufisque,0,,,,,,,,,,,1
2247529,Ngalel,16.0383,-16.43935,Saint Louis,Saint Louis,0,,,,,,,,,,,1
2247528,Ngalik,15.16667,-16.35,Thies,Tivaoune,0,,,,,,,,,,,1
13507040,Ngalo,14.63256,-16.44035,Diourbel,Bambey,0,,,,,,,,,,,1
2247527,Ngalop,15.16667,-16.33333,Thies,Tivaoune,0,,,,,,,,,,,1
2247524,Ngalou Sessène,14.03834,-16.7699,Fatick,Fatick,0,,,,,,,,,,,1
2247523,Ngam,14.13333,-15.55,Kaffrine,Kaffrine,0,,,,,,,,,,,2
2595468,Ngam,14.63478,-17.0911,Thies,Mbour,0,,,,,,,,,,,2
2247522,Ngambi,13.91667,-15.81667,Kaolack,Kaolack,0,,,,,,,,,,,1
2251698,Ngambou,14.18258,-15.80806,Kaffrine,Birkelane,0,,,,,,,,,,,1
2247521,Nganado Boguel,15.3439,-15.8696,Louga,Kebemer,0,,,,,,,,,,,1
2247520,Nganda,13.83333,-15.41667,Kaffrine,Kaffrine,14369,,,,,,,,,,,1
13504812,Ngandiol,14.82007,-16.56052,Diourbel,Bambey,0,,,,,,,,,,,1
2247517,Ngandiouf,15.2624,-16.4024,Thies,Tivaoune,0,,,,,,,,,,,1
2247518,Ngandèk,14.68127,-16.42908,Diourbel,Bambey,0,,,,,,,,,,,2
2247519,Ngandèk,15.01667,-16.55,Thies,Tivaoune,0,,,,,,,,,,,2
2251683,Ngane,14.21599,-16.20663,Kaolack,Kaolack,0,,,,,,,,,,,3
2595432,Ngane,14.5582,-17.06581,Thies,Mbour,0,,,,,,,,,,,3
13504657,Ngane,14.79726,-16.54748,Diourbel,Bambey,0,,,,,,,,,,,3
2247516,Ngane Alassane,14.18333,-16.08333,Kaolack,Kaolack,0,,,,,,,,,,,1
2247515,Ngane Fissél,14.5097,-16.43478,Fatick,Fatick,0,,,,,,,,,,,1
2247514,Ngane Saer,14.2,-16.05,Kaolack,Guinguineo,0,,,,,,,,,,,1
2247513,Ngangarlam,14.57275,-16.49239,Fatick,Fatick,0,,,,,,,,,,,1
2251680,Ngangouné,14.83897,-16.5971,Diourbel,Bambey,0,,,,,,,,,,,1
2247512,Ngankal,15.06667,-16.56667,Thies,Tivaoune,0,,,,,,,,,,,2
13505370,Ngankal,14.82869,-16.34743,Diourbel,Diourbel,0,,,,,,,,,,,2
2247511,Ngano,15.47274,-13.04717,Matam,Kanel,0,,,,,,,,,,,1
13509057,Nganèm,14.42985,-16.20342,Fatick,Gossas,0,,,,,,,,,,,1
2247510,Ngaou,15.215,-14.8023,Louga,Linguere,0,,,,,,,,,,,1
2246561,Ngap,14.2575,-16.1744,Kaolack,Kaolack,0,,,,,,,,,,,2
2247509,Ngap,15.33,-15.5158,Louga,Linguere,0,,,,,,,,,,,2
2247508,Ngapar,13.86667,-15.88333,Kaolack,Nioro Du Rip,0,,,,,,,,,,,1
2247507,Ngaparou,14.46419,-17.05619,Thies,Mbour,9525,,,,,,,,,,,3
2595707,Ngaparou,14.75677,-17.46868,Dakar,Dakar,0,,,,,,,,,,,3
2595884,Ngaparou,14.76042,-17.11534,Thies,Thies,0,,,,,,,,,,,3
2247456,Ngar,15.1711,-15.9222,Louga,Kebemer,0,,,,,,,,,,,2
2247506,Ngar,15.43333,-16.1,Louga,Louga,0,,,,,,,,,,,2
2247499,Ngar Amadou Yassine,14.25839,-15.87236,Kaolack,Guinguineo,0,,,,,,,,,,,1
13554057,Ngar Dia,14.26343,-15.88868,Kaolack,Guinguineo,0,,,,,,,Dia,Pulaar,,,1
2247500,Ngar Diagne,15.18333,-16.2,Louga,Kebemer,0,,,,,,,Diagne,Wolof,,,1
2247503,Ngaraf,15.56667,-16.36667,Louga,Kebemer,0,,,,,,,,,,,4
2247504,Ngaraf,15.45,-16.61667,Louga,Kebemer,0,,,,,,,,,,,4
2251340,Ngaraf,14.72821,-15.60193,Diourbel,Mbacke,0,,,,,,,,,,,4
13507240,Ngaraf,14.71174,-16.18786,Diourbel,Diourbel,0,,,,,,,,,,,4
2247505,Ngaraf Polék,14.74959,-16.53314,Diourbel,Bambey,0,,,,,,,,,,,1
2247502,Ngarafé,15.3623,-15.2911,Louga,Linguere,0,,,,,,,,,,,1
6645004,Ngarane,16.17583,-13.94002,Saint Louis,Podor,0,,,,,,,,,,,1
13508573,Ngardiam,14.49058,-16.4653,Fatick,Fatick,0,,,,,,,,,,,1
6917793,Ngari,12.6349,-12.2479,Kedougou,Kedougou,0,,,,,,,,,,,1
2247497,Ngari Ali,14.41089,-12.9064,Tambacounda,Goudiry,0,,,,,,,,,,,1
13509090,Ngarigne,14.21965,-16.67926,Fatick,Fatick,0,,,,,,,,,,,1
2595543,Ngaring,14.73138,-17.11185,Thies,Thies,0,,,,,,,,,,,1
2247496,Ngaring Bambara,14.47665,-17.03596,Thies,Mbour,0,,,,Bambara,Ngaring,,,,,,1
2595392,Ngaring Sérèr,14.48398,-17.03153,Thies,Mbour,0,,,,Sérèr,Ngaring,,,,,,1
13504646,Ngas,14.79692,-16.70814,Thies,Thies,0,,,,,,,,,,,1
13504758,Ngas Sérèr,14.80741,-16.7044,Thies,Thies,0,,,,Sérèr,Ngas,,,,,,1
13507000,Ngaskop,14.62009,-16.46075,Diourbel,Bambey,0,,,,,,,,,,,1
2247494,Ngassama,15.18333,-16.48333,Thies,Tivaoune,0,,,,,,,,,,,1
2247495,Ngassane,15.1779,-15.5609,Louga,Linguere,0,,,,,,,,,,,1
2247491,Ngassiak,14.53333,-16.55,Thies,Mbour,0,,,,,,,,,,,1
2247490,Ngassinirou,14.55,-15.91667,Diourbel,Mbacke,0,,,,,,,,,,,1
2247492,Ngassémane,15.1355,-15.5686,Louga,Linguere,0,,,,,,,,,,,1
2247489,Ngat,15.35,-16.63333,Louga,Kebemer,0,,,,,,,,,,,1
2247488,Ngat Peul,15.36667,-16.71667,Louga,Kebemer,0,,,,Peul (Fulani),Ngat,,,,,,1
2247537,Ngathie,14.4793,-16.63044,Thies,Mbour,0,,,,,,,,,,,2
2251614,Ngathie,14.38981,-16.00971,Fatick,Gossas,0,,,,,,,,,,,2
2254509,Ngathie Bofel,14.18358,-15.90686,Kaolack,Guinguineo,0,,,,,,,,,,,1
2251620,Ngathie Fal,14.74303,-16.40556,Diourbel,Bambey,0,,,,,,,Fal,Wolof,,,1
2247487,Ngathie Naoudé,14.13105,-15.88112,Kaolack,Guinguineo,0,,,,,,,,,,,1
2247538,Ngathie Narga,14.20984,-15.91365,Kaolack,Guinguineo,0,,,,,,,,,,,1
13554445,Ngathie Ndiassane,14.17358,-15.86212,Kaolack,Guinguineo,0,,,,,,,,,,,1
13507037,Ngathie Ngogom,14.74194,-16.38373,Diourbel,Bambey,0,,,,,,,,,,,1
2251613,Ngathie Peul,14.16947,-15.90055,Kaolack,Guinguineo,0,,,,Peul (Fulani),Ngathie,,,,,,1
2247485,Ngawal,13.23333,-13.81667,Kolda,Velingara,0,,,,,,,,,,,1
13505500,Ngawaw,14.86286,-16.2815,Diourbel,Diourbel,0,,,,,,,,,,,1
13505431,Ngawaye,14.82138,-16.4198,Diourbel,Bambey,0,,,,,,,,,,,1
2247484,Ngayaf,14.53333,-16.73333,Thies,Mbour,0,,,,,,,,,,,1
2247482,Ngaye,15.88333,-16.2,Louga,Louga,0,,,,,,,,,,,3
2247483,Ngaye,15.13333,-16.2,Louga,Kebemer,0,,,,,,,,,,,3
13551150,Ngaye,14.98595,-15.98519,Louga,Kebemer,0,,,,,,,,,,,3
2247481,Ngaye Diagne,15.08333,-16.83333,Thies,Tivaoune,0,,,,,,,Diagne,Wolof,,,1
2247479,Ngaye Diavar,15.4477,-16.3461,Louga,Kebemer,0,,,,,,,,,,,1
2247478,Ngaye Gaye,15.11667,-16.45,Thies,Tivaoune,0,,,,,,,Gaye,Wolof,,,1
2248123,Ngaye Guédé,14.92937,-15.8653,Diourbel,Mbacke,0,,,,,,,,,,,1
2247188,Ngaye Mame,14.71488,-15.6952,Diourbel,Mbacke,0,,,,,,,,,,,1
2247480,Ngaye Ndiaye,15.4033,-16.0265,Louga,Louga,0,,,,,,,Ndiaye,Wolof,,,1
2247461,Ngaye Ngaye,15.9473,-16.4468,Saint Louis,Saint Louis,0,,,,,,,,,,,6
2247462,Ngaye Ngaye,15.26667,-16.35,Thies,Tivaoune,0,,,,,,,,,,,6
2247463,Ngaye Ngaye,15.03333,-16.55,Thies,Tivaoune,0,,,,,,,,,,,6
2247464,Ngaye Ngaye,15.0121,-16.6833,Thies,Tivaoune,0,,,,,,,,,,,6
2247465,Ngaye Ngaye,14.94776,-16.71441,Thies,Tivaoune,0,,,,,,,,,,,6
13506470,Ngaye Ngaye,14.63363,-16.81279,Thies,Thies,0,,,,,,,,,,,6
2247460,Ngayokhèm,14.53488,-16.43491,Fatick,Fatick,0,,,,,,,,,,,2
13507007,Ngayokhèm,14.7048,-16.39009,Diourbel,Bambey,0,,,,,,,,,,,2
2247470,Ngayène,15.4324,-15.1484,Louga,Linguere,0,,,,,,,,,,,8
2247471,Ngayène,14.96667,-15.98333,Diourbel,Mbacke,0,,,,,,,,,,,8
2247472,Ngayène,14.80664,-17.13869,Dakar,Rufisque,0,,,,,,,,,,,8
2247474,Ngayène,14.72658,-16.1516,Diourbel,Diourbel,0,,,,,,,,,,,8
2247475,Ngayène,13.68333,-15.5,Kaolack,Nioro Du Rip,0,,,,,,,,,,,8
2247476,Ngayène,13.63333,-15.95,Kaolack,Nioro Du Rip,0,,,,,,,,,,,8
2251590,Ngayène,14.15183,-15.00855,Kaffrine,Koungheul,0,,,,,,,,,,,8
13504761,Ngayène,14.93563,-16.60869,Diourbel,Bambey,0,,,,,,,,,,,8
13658069,Ngayène Daour,13.88,-16.29904,Fatick,Foundiougne,0,,,,,,,,,,,1
13658031,Ngayène Gounda,13.76006,-16.3297,Fatick,Foundiougne,0,,,,,,,,,,,1
2247468,Ngayène Hamdalaye,14.11667,-14.5,Tambacounda,Koumpentoum,0,,,,,,,,,,,1
13658034,Ngayène Momat,13.98564,-16.28537,Fatick,Foundiougne,0,,,,,,,,,,,1
2247467,Ngayène Sar,15.86667,-16.08333,Louga,Louga,0,,,,,,,Sar,Wolof,,,1
2247466,Ngayéne Tiébo,13.72396,-16.33454,Fatick,Foundiougne,0,,,,,,,,,,,1
2247459,Ngazobil,14.20162,-16.86613,Thies,Mbour,0,,,,,,,,,,,1
13504806,Ngaïdeul,14.81496,-16.53919,Diourbel,Bambey,0,,,,,,,,,,,1
2596116,Ngaïna,15.91417,-16.40056,Saint Louis,Saint Louis,0,,,,,,,,,,,1
2596096,Ngaïna Lébou,15.94389,-16.475,Saint Louis,Saint Louis,0,,,,,,,,,,,1
2247376,Ngembé,15.1101,-16.3139,Thies,Tivaoune,0,,,,,,,,,,,1
2593138,Nghadior,13.95891,-16.59213,Fatick,Foundiougne,0,,,,,,,,,,,1
2253084,Nghadior Dayam,13.65035,-16.39974,Fatick,Foundiougne,0,,,,,,,,,,,1
2247289,Nghamaré,13.86725,-16.62763,Fatick,Foundiougne,0,,,,,,,,,,,1
2247455,Nghass,15.13333,-16.61667,Thies,Tivaoune,0,,,,,,,,,,,1
2248125,Nghaye,14.81923,-16.04683,Diourbel,Mbacke,0,,,,,,,,,,,3
13504760,Nghaye,14.75564,-16.68031,Thies,Thies,0,,,,,,,,,,,3
13505479,Nghaye,14.83014,-16.25716,Diourbel,Diourbel,0,,,,,,,,,,,3
2246554,Ngheul,14.76449,-16.31802,Diourbel,Diourbel,0,,,,,,,,,,,1
13617456,Ngiling Mbaw,15.79074,-16.53005,Louga,Louga,0,,,,,,,,,,,1
2247454,Ngnitigaye,15.0321,-15.9103,Louga,Kebemer,0,,,,,,,,,,,1
2247452,Ngobé,15.5903,-15.0555,Louga,Linguere,0,,,,,,,,,,,1
13504717,Ngodiane,14.75545,-16.67004,Thies,Thies,0,,,,,,,,,,,1
2251562,Ngodiba,14.0649,-15.50633,Kaffrine,Kaffrine,0,,,,,,,,,,,1
2247450,Ngodilèm,14.42186,-16.55114,Fatick,Fatick,0,,,,,,,,,,,1
2247451,Ngodilé,14.56667,-16.6,Thies,Mbour,0,,,,,,,,,,,1
2251558,Ngodiél,14.6616,-16.19875,Diourbel,Diourbel,0,,,,,,,,,,,1
13506984,Ngodjilèm,14.62739,-16.46214,Diourbel,Bambey,0,,,,,,,,,,,2
13507053,Ngodjilèm,14.6399,-16.2969,Diourbel,Diourbel,0,,,,,,,,,,,2
2247449,Ngodom,15.4219,-15.9826,Louga,Louga,0,,,,,,,,,,,1
13507283,Ngognik,14.60281,-16.20844,Diourbel,Diourbel,0,,,,,,,,,,,1
13504712,Ngogom,14.75022,-16.52492,Diourbel,Bambey,0,,,,,,,,,,,1
2247446,Ngohé,14.56667,-16.05,Diourbel,Diourbel,0,,,,,,,,,,,2
2247650,Ngohé,14.63406,-16.28336,Diourbel,Diourbel,0,,,,,,,,,,,2
2248724,Ngohé Mbadat,14.36257,-16.6145,Fatick,Fatick,0,,,,,,,,,,,1
2252940,Ngohé Ndofongor,14.35631,-16.63028,Fatick,Fatick,0,,,,,,,,,,,1
13507446,Ngohé Séko,14.37244,-16.61975,Fatick,Fatick,0,,,,,,,,,,,1
2247445,Ngokaré,14.18094,-16.03907,Kaolack,Guinguineo,0,,,,,,,,,,,1
2251551,Ngokaré Sow,14.80467,-16.45743,Diourbel,Bambey,0,,,,,,,Sow,Pulaar,,,1
13506723,Ngokhothie,14.73491,-16.60741,Thies,Thies,0,,,,,,,,,,,1
2247444,Ngoki,12.81667,-14.46667,Kolda,Kolda,0,,,,,,,,,,,1
2247443,Ngokine,14.98333,-16.48333,Diourbel,Bambey,0,,,,,,,,,,,1
2247442,Ngoko,14.68333,-16.23333,Diourbel,Diourbel,0,,,,,,,,,,,1
2247441,Ngol,15.3,-16.06667,Louga,Kebemer,0,,,,,,,,,,,1
2247440,Ngolar Sérèr,14.68045,-16.84022,Thies,Thies,0,,,,Sérèr,Ngolar,,,,,,1
13506498,Ngolar Toucouleur,14.68406,-16.82295,Thies,Thies,0,,,,Toucouleur (Haalpulaar),Ngolar,,,,,,1
2247439,Ngold,14.83333,-15.51667,Louga,Linguere,0,,,,,,,,,,,1
13507427,Ngoleye,14.46408,-16.58318,Fatick,Fatick,0,,,,,,,,,,,1
2251542,Ngolfagniél,14.63714,-16.96508,Thies,Thies,0,,,,,,,,,,,1
13507332,Ngolna,14.31598,-16.79788,Thies,Mbour,0,,,,,,,,,,,1
2247438,Ngolo,15.5249,-15.4778,Louga,Linguere,0,,,,,,,,,,,2
6917506,Ngolo,15.5088,-15.4759,Louga,Linguere,0,,,,,,,,,,,2
2247437,Ngolomone,14.61921,-16.16435,Diourbel,Diourbel,0,,,,,,,,,,,1
2247436,Ngolothie,14.20708,-16.15717,Kaolack,Kaolack,0,,,,,,,,,,,1
2247435,Ngoloum,14.21758,-15.88423,Kaolack,Guinguineo,0,,,,,,,,,,,1
2247434,Ngom,14.56667,-15.68333,Fatick,Gossas,0,,,,,,,Ngom,Sérèr,,,2
2251536,Ngom,15.2413,-15.4963,Louga,Linguere,0,,,,,,,Ngom,Sérèr,,,2
2247428,Ngom Latri,14.51667,-15.65,Fatick,Gossas,0,,,,,,,,,,,1
2595433,Ngombol,14.55145,-17.06229,Thies,Mbour,0,,,,,,,,,,,1
13506476,Ngombél,14.7105,-16.82664,Thies,Thies,0,,,,,,,,,,,1
2247429,Ngomène,15.81361,-16.32722,Louga,Louga,0,,,,,,,,,,,6
2247430,Ngomène,15.03333,-16.11667,Louga,Kebemer,0,,,,,,,,,,,6
2247431,Ngomène,14.82833,-17.03083,Thies,Tivaoune,0,,,,,,,,,,,6
2251534,Ngomène,14.80714,-16.77451,Thies,Thies,0,,,,,,,,,,,6
13506497,Ngomène,14.73012,-16.7956,Thies,Thies,0,,,,,,,,,,,6
13658711,Ngomène,13.68397,-16.06169,Kaolack,Nioro Du Rip,0,,,,,,,,,,,6
13504649,Ngomène Dakhar,14.89861,-16.63894,Diourbel,Bambey,0,,,,,,,,,dakhar,tree,1
2247432,Ngomène Louli,14.47311,-16.82875,Thies,Mbour,0,,,,,,,,,,,1
2247433,Ngonane,14.8521,-15.94389,Diourbel,Mbacke,0,,,,,,,,,,,1
2595577,Ngonda,14.70196,-17.12112,Thies,Thies,0,,,,,,,,,,,1
2251526,Ngongane,14.14909,-15.84465,Kaffrine,Birkelane,0,,,,,,,,,,,1
13505525,Ngongo,14.87143,-16.03107,Diourbel,Mbacke,0,,,,,,,,,,,1
2247427,Ngonine,14.57301,-16.51806,Fatick,Fatick,0,,,,,,,,,,,1
2248518,Ngonine Mbadane,14.5799,-16.52698,Thies,Mbour,0,,,,,,,,,,,1
2247426,Ngonor,14.68333,-14.51667,Matam,Ranerou,0,,,,,,,,,,,1
13509008,Ngonsy,14.25341,-16.16565,Kaolack,Kaolack,0,,,,,,,,,,,1
2247423,Ngop,15.15,-16.35,Thies,Tivaoune,0,,,,,,,,,,,1
2247424,Ngoppou,12.5986,-12.8318,Kedougou,Salemata,0,,,,,,,,,,,1
2247421,Ngor,14.74935,-17.51515,Dakar,Dakar,0,,,,,,,,,,,2
2595889,Ngor,14.76822,-17.08748,Thies,Thies,0,,,,,,,,,,,2
13508539,Ngoral,14.32106,-16.29615,Fatick,Fatick,0,,,,,,,,,,,1
2247419,Ngoré Yop,14.86667,-16.85,Thies,Tivaoune,0,,,,,,,,,,,1
13505527,Ngos,14.81586,-16.18726,Diourbel,Diourbel,0,,,,,,,,,,,1
2595472,Ngossèkh,14.61107,-17.07772,Thies,Mbour,0,,,,,,,,,,,1
13509074,Ngot,14.27858,-16.0613,Kaolack,Guinguineo,0,,,,,,,,,,,1
2247418,Ngothie,14.23591,-16.21174,Kaolack,Kaolack,0,,,,,,,,,,,1
13506710,Ngothie Deux,14.72667,-16.51335,Diourbel,Bambey,0,,,,,,2,,,,,1
13506744,Ngothie Un,14.73313,-16.51324,Diourbel,Bambey,0,,,,,,1,,,,,1
13554669,Ngotou Farba,14.04069,-15.49713,Kaffrine,Kaffrine,0,,,,,,,,,,,1
2251488,Ngotou Malik,14.01969,-15.47854,Kaffrine,Kaffrine,0,,,,,,,,,,,1
13506740,Ngoudiane Samèn,14.71331,-16.73834,Thies,Thies,0,,,,,,,,,,,1
2247417,Ngoudouro,13.41667,-14.85,Kolda,Medina Yoroufoula,0,,,,,,,,,,,1
13505504,Ngoudépié,14.99734,-16.03199,Louga,Kebemer,0,,,,,,,,,,,1
2247416,Ngoufat,15.73333,-16.41667,Louga,Louga,0,,,,,,,,,,,1
13504731,Ngougous,14.75335,-16.60309,Diourbel,Bambey,0,,,,,,,,,,,1
2247414,Ngoui,16.14195,-13.93442,Saint Louis,Podor,0,,,,,,,,,,,1
2247412,Ngouké Diama,13.8,-15.25,Kaffrine,Kaffrine,0,,,,,,,,,,,1
2247411,Ngouké Kouké,13.8,-15.26667,Kaffrine,Kaffrine,0,,,,,,,,,,,1
2247408,Ngouloul Peul,14.27319,-16.32196,Fatick,Fatick,0,,,,Peul (Fulani),Ngouloul,,,,,,1
13508520,Ngouloul Sérèr,14.27406,-16.33883,Fatick,Fatick,0,,,,Sérèr,Ngouloul,,,,,,1
2247407,Ngouloum,15.93333,-13.73333,Matam,Matam,0,,,,,,,,,,,1
2247405,Ngouloum Teugue,15.5033,-15.2637,Louga,Linguere,0,,,,,,,,,,,1
2247404,Ngouloum Thiarène,15.5082,-15.2673,Louga,Linguere,0,,,,,,,,,,,1
2247403,Ngoult,14.6,-16.21667,Diourbel,Diourbel,0,,,,,,,,,,,1
2247402,Ngoultoune,14.48333,-16.75,Thies,Mbour,0,,,,,,,,,,,1
2247409,Ngoulé,14.6,-16.16667,Diourbel,Diourbel,0,,,,,,,,,,,3
2247410,Ngoulé,13.66667,-16.05,Kaolack,Nioro Du Rip,0,,,,,,,,,,,3
13504751,Ngoulé,14.84177,-16.70961,Thies,Thies,0,,,,,,,,,,,3
13504661,Ngoumb,14.99468,-16.56338,Thies,Tivaoune,0,,,,,,,,,,,1
2247401,Ngoumba Nguéoul,15.4716,-16.3383,Louga,Kebemer,0,,,,,,,,,,,1
2247400,Ngoumbal,15.38333,-16.35,Louga,Kebemer,0,,,,,,,,,,,1
13504601,Ngoumsane,14.76678,-16.90269,Thies,Thies,0,,,,,,,,,,,1
2251477,Ngoundiane,14.72145,-16.73574,Thies,Thies,0,,,,,,,,,,,1
2244574,Ngoundiane Dior,14.71654,-16.7496,Thies,Thies,0,,,,,,,,,,,1
13506521,Ngoundiane Niakh,14.70008,-16.76098,Thies,Thies,0,,,,,,,,,,,1
13506512,Ngoundiane Tiangaye,14.71915,-16.75694,Thies,Thies,0,,,,,,,,,,,1
13507209,Ngoundiodj Deux,14.66979,-16.09062,Diourbel,Diourbel,0,,,,,,2,,,,,1
2251421,Ngoundiodj Un,14.6729,-16.07484,Diourbel,Diourbel,0,,,,,,1,,,,,1
13658079,Ngoungoul,13.82556,-16.30317,Fatick,Foundiougne,0,,,,,,,,,,,1
2247395,Ngour Soaré,14.58333,-15.8,Fatick,Gossas,0,,,,,,,,,,,1
2247398,Ngourane,15.4397,-16.2907,Louga,Kebemer,0,,,,,,,,,,,1
2247397,Ngouré,15.28333,-16.13333,Louga,Kebemer,0,,,,,,,,,,,1
13506980,Ngousé,14.70554,-16.42536,Diourbel,Bambey,0,,,,,,,,,,,1
13506715,Ngouthie,14.74158,-16.59906,Diourbel,Bambey,0,,,,,,,,,,,1
2247394,Ngouye,14.37061,-16.4442,Fatick,Fatick,0,,,,,,,,,,,2
13506988,Ngouye,14.71378,-16.33728,Diourbel,Bambey,0,,,,,,,,,,,2
2247393,Ngouye Bé,15.26667,-16.73333,Thies,Tivaoune,0,,,,,,,,,,,1
13507289,Ngouye Diabo,14.68865,-16.23076,Diourbel,Diourbel,0,,,,,,,,,,,1
2247392,Ngouye Diaraf,14.13333,-14.81667,Kaffrine,Koungheul,0,,,,,,,,,,,1
2247391,Ngouye Diéri,14.2,-14.9,Kaffrine,Koungheul,0,,,,,,,,,,,2
2251355,Ngouye Diéri,15.5546,-15.2609,Louga,Linguere,0,,,,,,,,,,,2
2247390,Ngouye Lamane,15.28333,-16.73333,Thies,Tivaoune,0,,,,,,,,,,,1
13658057,Ngouye Mari,13.84462,-16.35198,Fatick,Foundiougne,0,,,,,,,,,,,1
13506703,Ngouye Ngoye,14.62501,-16.59744,Diourbel,Bambey,0,,,,,,,,,,,1
2247389,Ngouye Ouadé,15.25,-16.71667,Thies,Tivaoune,0,,,,,,,,,,,1
2247388,Ngouye Siouarh,14.08333,-14.9,Kaffrine,Koungheul,0,,,,,,,,,,,1
13504723,Ngouye Tiandigué,14.81293,-16.59963,Diourbel,Bambey,0,,,,,,,,,,,1
2247415,Ngouye Tidiane,13.99516,-15.59728,Kaffrine,Birkelane,0,,,,,,,,,,,1
2247413,Ngouïssi,15.1542,-15.8336,Louga,Kebemer,0,,,,,,,,,,,1
2247386,Ngoye,14.64005,-16.43306,Diourbel,Bambey,0,,,,,,,,,,,1
13507432,Ngoyokop,14.35959,-16.71982,Thies,Mbour,0,,,,,,,,,,,1
13507450,Ngoyé Mbouguél,14.36269,-16.64294,Fatick,Fatick,0,,,,,,,,,,,1
2246651,Ngoyé Pofine,14.34369,-16.6319,Fatick,Fatick,0,,,,,,,,,,,1
2247385,Ngraf,15.5546,-15.3379,Louga,Linguere,0,,,,,,,,,,,1
2247377,Nguembé,15.4082,-15.9822,Louga,Louga,0,,,,,,,,,,,2
13504768,Nguembé,14.81734,-16.71606,Thies,Thies,0,,,,,,,,,,,2
2247373,Nguemmbé,15.38333,-16.18333,Louga,Kebemer,0,,,,,,,,,,,3
2247374,Nguemmbé,15.26667,-16.11667,Louga,Kebemer,0,,,,,,,,,,,3
2247375,Nguemmbé,15.25,-16.36667,Thies,Tivaoune,0,,,,,,,,,,,3
2247367,Nguent,16.10944,-16.21056,Saint Louis,Dagana,0,,,,,,,,,,,1
2247362,Nguer,15.21667,-16.55,Thies,Tivaoune,0,,,,,,,,,,,2
2247363,Nguer,15.03333,-16.66667,Thies,Tivaoune,0,,,,,,,,,,,2
13658215,Nguer Ali,13.81594,-16.05724,Kaolack,Nioro Du Rip,0,,,,,,,,,,,1
2247365,Nguer Babou,13.80037,-16.08203,Kaolack,Nioro Du Rip,0,,,,,,,,,,,1
2247364,Nguer Coumba Daya,14.13888,-15.80422,Kaffrine,Birkelane,0,,,,,,,,,,,1
2247342,Nguer Mandakh,13.91667,-15.25,Kaffrine,Kaffrine,0,,,,,,,,,,,1
2247358,Nguermalal,15.7341,-16.0087,Louga,Louga,0,,,,,,,,,,,1
2247357,Nguessé,15.2,-15.9936,Louga,Kebemer,0,,,,,,,,,,,1
2247355,Nguet,15.3433,-15.498,Louga,Linguere,0,,,,,,,,,,,1
13504611,Ngueumbé,14.84934,-16.81512,Thies,Thies,0,,,,,,,,,,,1
2595844,Ngueundouf,14.80607,-17.21356,Dakar,Rufisque,0,,,,,,,,,,,1
2247354,Ngueune Sar,15.7122,-16.2796,Louga,Louga,0,,,,,,,Sar,Wolof,,,1
2251273,Ngueut,14.93907,-16.34789,Diourbel,Diourbel,0,,,,,,,,,,,1
13505578,Ngueut Diagne,14.8965,-16.14067,Diourbel,Diourbel,0,,,,,,,Diagne,Wolof,,,1
13658195,Ngueyène Ndari,13.76032,-16.13041,Kaolack,Nioro Du Rip,0,,,,,,,,,,,1
2247344,Nguidiane,14.60113,-16.05332,Diourbel,Diourbel,0,,,,,,,,,,,1
13508577,Nguidine Peul,14.31989,-16.32452,Fatick,Fatick,0,,,,Peul (Fulani),Nguidine,,,,,,1
2251259,Nguidine Sérèr,14.33561,-16.3246,Fatick,Fatick,0,,,,Sérèr,Nguidine,,,,,,1
2596067,Nguidiolakh,15.96722,-16.37861,Saint Louis,Saint Louis,0,,,,,,,,,,,1
2247341,Nguidjlone,15.94052,-13.35138,Matam,Matam,10444,,,,,,,,,,,1
2251262,Nguidye,15.4127,-15.1474,Louga,Linguere,0,,,,,,,,,,,1
2247345,Nguidé Mbalo,13.1,-14.26667,Kolda,Velingara,0,,,,,,,,,,,1
2247339,Nguiguis,15.1535,-16.5581,Thies,Tivaoune,0,,,,,,,,,,,2
2247340,Nguiguis,14.85771,-15.94422,Diourbel,Mbacke,0,,,,,,,,,,,2
2251252,Nguiguélakh,15.93833,-16.37778,Saint Louis,Saint Louis,0,,,,,,,,,,,1
2247338,Nguik Fal,14.92967,-17.02132,Thies,Tivaoune,0,,,,,,,Fal,Wolof,,,1
2247337,Nguik Fall,15.8181,-16.1817,Louga,Louga,0,,,,,,,Fall,Wolof,,,1
13504782,Nguiliwène,14.98028,-16.50243,Diourbel,Bambey,0,,,,,,,,,,,1
2251245,Nguilo Peul,14.99402,-15.79417,Louga,Linguere,0,,,,Peul (Fulani),Nguilo,,,,,,1
2247336,Nguimbou,15.5,-16.26667,Louga,Louga,0,,,,,,,,,,,1
2247335,Nguimmbou,15.18333,-16.33333,Thies,Tivaoune,0,,,,,,,,,,,1
13658170,Nguindor,13.92975,-16.03727,Kaolack,Kaolack,0,,,,,,,,,,,1
2247333,Nguiniène,15.13333,-16.35,Thies,Tivaoune,0,,,,,,,,,,,1
2247331,Nguiobène,15.65,-16.16667,Louga,Louga,0,,,,,,,,,,,1
13507307,Nguithie,14.51981,-16.18649,Fatick,Fatick,0,,,,,,,,,,,1
13506787,Nguithie Tiandigué,14.73437,-16.53242,Diourbel,Bambey,0,,,,,,,,,,,1
2247330,Nguité,14.51667,-16.9,Thies,Mbour,0,,,,,,,,,,,1
13506763,Nguèdj,14.52494,-16.70351,Thies,Mbour,0,,,,,,,,,,,1
13507291,Nguèdj Mone,14.63054,-16.17581,Diourbel,Diourbel,0,,,,,,,,,,,1
13506722,Nguèmé Issa,14.68049,-16.64738,Thies,Thies,0,,,,,,,,,,,1
13506699,Nguèmé Yadiana,14.6898,-16.613,Thies,Thies,0,,,,,,,,,,,1
2247371,Nguène,15.56667,-16.33333,Louga,Louga,0,,,,,,,,,,,3
2247372,Nguène,15.48333,-16.08333,Louga,Louga,0,,,,,,,,,,,3
2595553,Nguène,14.7409,-17.13841,Dakar,Rufisque,0,,,,,,,,,,,3
2247368,Nguène Sèye,15.3587,-16.2283,Louga,Kebemer,0,,,,,,,,,,,1
2596012,Nguènt Nawar,16.16083,-16.27222,Saint Louis,Dagana,0,,,,,,,,,,,1
13508519,Nguès,14.38291,-16.39736,Fatick,Fatick,0,,,,,,,,,,,1
2247356,Nguèssine,14.27974,-16.58784,Fatick,Fatick,0,,,,,,,,,,,1
2247346,Nguèyène,15.6979,-15.9398,Louga,Louga,0,,,,,,,,,,,3
2247347,Nguèyène,15.58333,-16.31667,Louga,Louga,0,,,,,,,,,,,3
2247348,Nguèyène,15.4412,-15.9906,Louga,Louga,0,,,,,,,,,,,3
2247384,Nguébal,15.35,-16.58333,Louga,Kebemer,0,,,,,,,,,,,1
2247382,Nguébel,15.08333,-16.2,Thies,Tivaoune,0,,,,,,,,,,,1
2247383,Nguébé,14.73333,-15.68333,Diourbel,Mbacke,0,,,,,,,,,,,1
2251323,Nguédiane,14.44857,-16.71396,Thies,Mbour,0,,,,,,,,,,,1
2247343,Nguédj,14.00252,-15.22882,Kaffrine,Malem Hodar,0,,,,,,,,,,,1
2247381,Nguékhokh,14.51255,-17.00447,Thies,Mbour,47964,,,,,,,,,,,1
2247359,Nguékokh,14.05429,-16.3124,Fatick,Foundiougne,0,,,,,,,,,,,3
2247380,Nguékokh,14.2521,-16.06283,Kaolack,Guinguineo,0,,,,,,,,,,,3
2247458,Nguékokh,14.45957,-16.27239,Fatick,Fatick,0,,,,,,,,,,,3
2595396,Nguékokh Ouolof,14.50791,-17.00507,Thies,Mbour,0,,,,Wolof,Nguékokh,,,,,,1
2595397,Nguékokh Sérère,14.51892,-17.01011,Thies,Mbour,0,,,,Sérèr,Nguékokh,,,,,,1
2251316,Nguéloba,14.8584,-15.24071,Louga,Linguere,0,,,,,,,,,,,1
13554019,Nguélodé,14.41028,-15.83281,Fatick,Gossas,0,,,,,,,,,,,1
13507438,Nguélokh,14.46914,-16.53696,Fatick,Fatick,0,,,,,,,,,,,1
2247378,Nguélou,14.37345,-15.95434,Kaolack,Guinguineo,0,,,,,,,,,,,1
13554025,Nguélou Dissé,14.39362,-15.94143,Kaolack,Guinguineo,0,,,,,,,,,,,1
2251312,Nguélouar,15.0605,-15.2187,Louga,Linguere,0,,,,,,,,,,,1
13554443,Nguémé,14.21852,-15.99657,Kaolack,Guinguineo,0,,,,,,,,,,,1
2247369,Nguéniène,14.27323,-16.75134,Thies,Mbour,0,,,,,,,,,,,1
13507351,Nguéniène Peul,14.3019,-16.82252,Thies,Mbour,0,,,,Peul (Fulani),Nguéniène,,,,,,1
2247370,Nguénèna,15.375,-15.1204,Louga,Linguere,0,,,,,,,,,,,1
2247366,Nguéoul Louto,15.15,-16.55,Thies,Tivaoune,0,,,,,,,,,,,1
2247360,Nguéralo,15.15,-16.16667,Louga,Kebemer,0,,,,,,,,,,,1
2247212,Nguérane,14.68543,-16.05452,Diourbel,Mbacke,0,,,,,,,,,,,1
13507437,Nguérane Deux,14.48841,-16.56836,Thies,Mbour,0,,,,,,2,,,,,1
13507430,Nguérane Un,14.49447,-16.57141,Thies,Mbour,0,,,,,,1,,,,,1
2247353,Nguévik,13.9,-15.85,Kaolack,Nioro Du Rip,0,,,,,,,,,,,1
13504695,Nguéwar,14.98864,-16.73992,Thies,Tivaoune,0,,,,,,,,,,,2
13505455,Nguéwar,14.76113,-16.47007,Diourbel,Bambey,0,,,,,,,,,,,2
2247352,Nguéye Dili,15.6,-16.21667,Louga,Louga,0,,,,,,,,,,,1
2251270,Nguéye Nguéye,15.2767,-16.4507,Thies,Tivaoune,0,,,,,,,,,,,1
2247349,Nguéyène,15.4,-16.28333,Louga,Kebemer,0,,,,,,,,,,,5
2247350,Nguéyène,13.9,-14.56667,Tambacounda,Koumpentoum,0,,,,,,,,,,,5
2247351,Nguéyène,13.81667,-14.63333,Tambacounda,Koumpentoum,0,,,,,,,,,,,5
2247473,Nguéyène,14.76155,-16.08722,Diourbel,Mbacke,0,,,,,,,,,,,5
2251320,Nguéyène,13.60008,-15.99071,Kaolack,Nioro Du Rip,0,,,,,,,,,,,5
13658694,Nguéyène Djim,13.7269,-16.06676,Kaolack,Nioro Du Rip,0,,,,,,,,,,,1
13504756,Nguéyène Momar,14.9656,-16.71547,Thies,Tivaoune,0,,,,,,,,,,,1
2251578,Ngâba,14.18864,-15.29859,Kaffrine,Malem Hodar,0,,,,,,,,,,,1
2247457,Ngéoul,15.45,-16.3,Louga,Kebemer,0,,,,,,,,,,,1
13504676,Ngôgom,14.77489,-16.60786,Diourbel,Bambey,0,,,,,,,,,,,1
2247329,Nhar,14.48333,-13.53333,Matam,Kanel,0,,,,,,,,,,,1
2247328,Niabardo,14.26667,-14.7,Kaffrine,Koungheul,0,,,,,,,,,,,1
2248198,Niadioto,13.03263,-16.16084,Ziguinchor,Bignona,0,,,,,,,,,,,1
2247326,Niadiou,12.51667,-16.0,Ziguinchor,Ziguinchor,0,,,,,,,,,,,1
2247327,Niadième,12.84333,-15.86917,Sedhiou,Sedhiou,0,,,,,,,,,,,1
2595948,Niaf Nangou,14.9435,-17.11241,Thies,Thies,0,,,,,,,,,,,1
2247319,Niafarang,13.04442,-16.72942,Ziguinchor,Bignona,0,,,,,,,,,,,1
2247321,Niafor,12.51972,-15.64778,Sedhiou,Goudomp,0,,,,,,,,,,,1
2247320,Niafougne,13.25,-15.61667,Sedhiou,Bounkiling,0,,,,,,,,,,,1
2247322,Niaféna,12.46361,-16.14028,Ziguinchor,Ziguinchor,0,,,,,,,,,,,1
2247318,Niaga,14.81219,-17.25072,Dakar,Rufisque,0,,,,,,,,,,,1
2595835,Niaga Peul,14.82639,-17.24252,Dakar,Rufisque,0,,,,Peul (Fulani),Niaga,,,,,,1
2247317,Niagalankomé,12.41289,-11.98908,Kedougou,Kedougou,0,,,,,,,,,,,1
2247316,Niaganar,12.76639,-16.50417,Ziguinchor,Bignona,0,,,,,,,,,,,1
2247315,Niagane,15.23333,-16.38333,Thies,Tivaoune,0,,,,,,,,,,,1
2247314,Niagne,14.33333,-16.56667,Fatick,Fatick,0,,,,,,,,,,,1
2247313,Niagniène,13.78333,-15.93333,Kaolack,Nioro Du Rip,0,,,,,,,,,,,1
2247311,Niaguis,12.56917,-16.17361,Ziguinchor,Ziguinchor,0,,,,,,,,,,,1
2247310,Niahène,14.0254,-15.18721,Kaffrine,Malem Hodar,0,,,,,,,,,,,1
2247309,Niaka,15.29512,-14.90729,Louga,Linguere,0,,,,,,,,,,,1
2247308,Niakabana,13.38438,-11.67522,Kedougou,Saraya,0,,,,,,,,,,,1
2247306,Niakaré,12.73333,-14.13333,Kolda,Velingara,0,,,,,,,,,,,1
13504590,Niakha,14.91849,-16.79141,Thies,Tivaoune,0,,,,,,,,,,,1
13505586,Niakhal Libas,14.99135,-16.22752,Thies,Tivaoune,0,,,,,,,,,,,1
13505531,Niakhal Matar,14.9923,-16.24355,Thies,Tivaoune,0,,,,,,,,,,,1
13504734,Niakhap,14.7892,-16.51505,Diourbel,Bambey,0,,,,,,,,,,,1
2247304,Niakhar,14.4817,-16.39887,Fatick,Fatick,0,,,,,,,,,,,1
2247224,Niakhib,14.82317,-17.04414,Thies,Tivaoune,0,,,,,,,,,,,1
2595906,Niakhib Wolof,14.82514,-17.05089,Thies,Tivaoune,0,,,,Wolof,Niakhib,,,,,,1
2247303,Niakhène,15.0735,-16.3453,Thies,Tivaoune,0,,,,,,,,,,,1
2247302,Niakhène Darou,15.06667,-16.31667,Thies,Tivaoune,0,,,darou,,,,,,,,1
2247301,Niakhène Diama,15.06667,-16.33333,Thies,Tivaoune,0,,,,,,,,,,,1
2247300,Niakobédé,12.7,-14.08333,Kolda,Velingara,0,,,,,,,,,,,1
2247298,Niakoul Rab,14.78421,-17.27361,Dakar,Rufisque,41570,,,,,,,,,,,1
2247297,Niakounda,12.53333,-15.61667,Sedhiou,Goudomp,0,kounda,Mandinka,,,,,,,,,1
2247296,Niala Baoudé,14.31667,-13.73333,Tambacounda,Tambacounda,0,,,,,,,,,,,1
2247294,Nialokan,13.06667,-15.91667,Ziguinchor,Bignona,0,,,,,,,,,,,1
2247293,Nialon,12.365,-16.70833,Ziguinchor,Oussouye,0,,,,,,,,,,,1
2247291,Nialor,12.85,-16.2,Ziguinchor,Bignona,0,,,,,,,,,,,1
2247290,Nialoumbel Tiaské,15.03457,-14.76109,Matam,Ranerou,0,,,,,,,,,,,1
2247295,Nialé,13.07045,-16.17476,Ziguinchor,Bignona,0,,,,,,,,,,,1
13506779,Niama,14.70336,-16.68749,Thies,Thies,0,,,,,,,,,,,1
2247286,Niamaya,13.16394,-11.95187,Kedougou,Saraya,0,,,,,,,,,,,1
2247231,Niambouguel,14.46797,-15.98046,Fatick,Gossas,0,,,,,,,,,,,1
13509096,Niamdiarokh,14.1979,-16.44362,Fatick,Fatick,0,,,,,,,,,,,1
2247284,Niamina,15.4701,-15.4946,Louga,Linguere,0,,,,,,,,,,,2
2247285,Niamina,15.01667,-16.66667,Thies,Tivaoune,0,,,,,,,,,,,2
2247283,Niaming,13.31667,-14.75,Kolda,Medina Yoroufoula,0,,,,,,,,,,,1
2247282,Niamnioro,14.18406,-16.45237,Fatick,Fatick,0,,,,,,,,,,,1
2247281,Niamone,12.7425,-16.33444,Ziguinchor,Bignona,0,,,,,,,,,,,1
2247279,Nianakounda,13.66667,-13.65,Tambacounda,Tambacounda,0,kounda,Mandinka,,,,,,,,,1
2247277,Nianao,12.71667,-14.16667,Kolda,Velingara,0,,,,,,,,,,,1
2247276,Nianbalan,12.45278,-16.51778,Ziguinchor,Oussouye,0,,,,,,,,,,,1
2247274,Niandane,16.58887,-14.9953,Saint Louis,Podor,0,,,,,,,,,,,2
2247275,Niandane,12.66389,-16.14361,Ziguinchor,Bignona,0,,,,,,,,,,,2
2247273,Niandassara,12.88333,-12.01667,Kedougou,Saraya,0,,,,,,,,,,,1
2247272,Niandianki,12.96278,-15.64611,Sedhiou,Bounkiling,0,,,,,,,,,,,1
2247271,Niandiem,15.5018,-15.6607,Louga,Linguere,0,,,,,,,,,,,1
2247270,Niandinndia Dimbel,12.71667,-14.48333,Kolda,Kolda,0,,,,,,,,,,,1
2247269,Niandouba,12.9,-13.96667,Kolda,Velingara,0,,,,,,,,,,,1
2247140,Niandoul,15.3595,-15.5389,Louga,Linguere,0,,,,,,,,,,,2
2247268,Niandoul,15.7,-16.36667,Louga,Louga,0,,,,,,,,,,,2
2247266,Niang,16.51246,-14.91714,Saint Louis,Podor,0,,,,,,,Niang,Wolof,,,1
2247260,Niang Ouade,15.15,-16.78333,Thies,Tivaoune,0,,,,,,,,,,,1
2247258,Niang Tass,15.16667,-16.78333,Thies,Tivaoune,0,,,,,,,,,,,1
2247265,Nianga,12.70806,-15.2675,Sedhiou,Goudomp,0,,,,,,,,,,,1
2247264,Niangana Kolel,14.73809,-12.67829,Matam,Kanel,0,,,,,,,,,,,1
2247263,Niangana Tiédel,14.729,-12.68948,Matam,Kanel,0,,,,,,,,,,,1
2247261,Niangola,12.73333,-16.15,Ziguinchor,Bignona,0,,,,,,,,,,,1
2247259,Niangouré,12.68333,-14.11667,Kolda,Velingara,0,,,,,,,,,,,1
2247249,Nianguimoni,12.41667,-11.98333,Kedougou,Kedougou,0,,,,,,,,,,,1
13658748,Nianguit,13.00758,-16.30195,Ziguinchor,Bignona,0,,,,,,,,,,,1
2247253,Nianguène,15.4,-16.05,Louga,Louga,0,,,,,,,,,,,6
2247254,Nianguène,15.28333,-16.06667,Louga,Kebemer,0,,,,,,,,,,,6
2247255,Nianguène,14.06007,-15.64925,Kaffrine,Birkelane,0,,,,,,,,,,,6
2247312,Nianguène,14.79626,-15.77741,Diourbel,Mbacke,0,,,,,,,,,,,6
13507231,Nianguène,14.6891,-16.0646,Diourbel,Mbacke,0,,,,,,,,,,,6
13507261,Nianguène,14.74928,-16.18477,Diourbel,Diourbel,0,,,,,,,,,,,6
2247250,Nianguène Bambara,14.13216,-15.4555,Kaffrine,Kaffrine,0,,,,Bambara,Nianguène,,,,,,1
2247252,Nianguène Peul,15.825,-16.31722,Louga,Louga,0,,,,Peul (Fulani),Nianguène,,,,,,1
2247251,Nianguène Wolof,14.12299,-15.43238,Kaffrine,Kaffrine,0,,,,Wolof,Nianguène,,,,,,1
2247257,Niangué,14.42964,-16.0422,Fatick,Gossas,0,,,,,,,,,,,1
2247256,Niangué Dakhar,14.90521,-16.67192,Thies,Thies,0,,,,,,,,,dakhar,tree,1
2247278,Nianiane,14.42645,-16.42253,Fatick,Fatick,0,,,,,,,,,,,1
13504795,Nianiar,14.78915,-16.59731,Diourbel,Bambey,0,,,,,,,,,,,2
13507340,Nianiar,14.40387,-16.86063,Thies,Mbour,0,,,,,,,,,,,2
2247246,Nianing,14.34485,-16.92676,Thies,Mbour,0,,,,,,,,,,,1
2247244,Nianing Boro,14.33333,-16.91667,Thies,Mbour,0,,,,,,,,,,,1
2247243,Nianka,14.84165,-15.90719,Diourbel,Mbacke,0,,,,,,,,,,,1
2247242,Niankite,12.97194,-16.22694,Ziguinchor,Bignona,0,,,,,,,,,,,1
2247241,Nianta,13.82903,-16.04014,Kaolack,Nioro Du Rip,0,,,,,,,,,,,1
13658158,Nianène,13.89783,-16.21831,Fatick,Foundiougne,0,,,,,,,,,,,1
2247239,Niaoulé,16.66358,-14.99931,,,0,,,,,,,,,,,2
2247240,Niaoulé,13.48333,-13.65,Tambacounda,Tambacounda,0,,,,,,,,,,,2
2247236,Niaoulé Bayéko,13.63333,-13.53333,Tambacounda,Tambacounda,0,,,,,,,,,,,1
2247235,Niaoump,12.97694,-15.86472,Sedhiou,Bounkiling,0,,,,,,,,,,,1
2247234,Niapa Balla,13.86667,-15.98333,Kaolack,Nioro Du Rip,0,,,,,,,,,,,1
2247233,Niapa Ndiagne,13.88153,-16.00319,Kaolack,Nioro Du Rip,0,,,,,,,,,,,1
2247232,Niapa Santhie,13.89087,-16.01001,Kaolack,Kaolack,0,,,,,,,,,,,1
2247230,Niapo,12.85,-14.03333,Kolda,Velingara,0,,,,,,,,,,,1
2247229,Niarabourou,12.88333,-12.45,Kedougou,Kedougou,0,,,,,,,,,,,1
13551565,Niaraniou,14.99702,-15.7219,Louga,Linguere,0,,,,,,,,,,,1
2247228,Niaret,15.91667,-16.35,Saint Louis,Saint Louis,0,,,,,,,,,,,1
13554094,Niarguél,14.42217,-15.27793,Kaffrine,Malem Hodar,0,,,,,,,,,,,1
2247225,Niarhène,14.81667,-16.06667,Diourbel,Mbacke,0,,,,,,,,,,,1
2595731,Niari Tali,14.71139,-17.45306,Dakar,Dakar,0,,,,,,,,,,,1
2247221,Niassanté,16.16444,-15.55639,Saint Louis,Dagana,0,,,,,,,,,,,1
2247220,Niassarang,12.89306,-16.25861,Ziguinchor,Bignona,0,,,,,,,,,,,1
2247216,Niassène,13.95188,-16.23135,Fatick,Foundiougne,0,,,,,,,,,,,4
2247217,Niassène,16.00833,-16.16417,Saint Louis,Saint Louis,0,,,,,,,,,,,4
2247218,Niassène,15.26667,-16.06667,Louga,Kebemer,0,,,,,,,,,,,4
2247219,Niassène,12.74778,-15.895,Sedhiou,Sedhiou,0,,,,,,,,,,,4
2247214,Niaye,14.86667,-15.68333,Diourbel,Mbacke,0,,,,,,,,,,,1
2247305,Niaye Khaye,14.64485,-17.14072,Dakar,Rufisque,0,,,,,,,,,,,1
2595223,Niaye Ndiorane,14.78553,-17.31285,Dakar,Pikine,0,,,,,,,,,,,1
2595755,Niaye Tioker,14.6725,-17.44361,Dakar,Dakar,0,,,,,,,,,,,1
2247213,Niayène,13.6,-15.95,Kaolack,Nioro Du Rip,0,,,,,,,,,,,1
2247323,Niaéré,13.13312,-16.29446,Ziguinchor,Bignona,0,,,,,,,,,,,1
2247209,Nibane,14.96102,-15.65702,Louga,Linguere,0,,,,,,,,,,,1
2247208,Nibré Ba,14.95,-15.78333,Diourbel,Mbacke,0,,,,,,,Ba,Pulaar,,,1
13658696,Nidji,13.67262,-16.14637,Kaolack,Nioro Du Rip,0,,,,,,,,,,,1
2247205,Niedine,12.73333,-13.01667,Kedougou,Salemata,0,,,,,,,,,,,1
2247202,Nieng,15.18333,-16.4,Thies,Tivaoune,0,,,,,,,,,,,1
13658197,Nienghène Ibra,13.8128,-16.12187,Kaolack,Nioro Du Rip,0,,,,,,,,,,,1
2247194,Niet,14.75,-16.63333,Thies,Thies,0,,,,,,,,,,,1
2247189,Nimzat,15.261,-15.9818,Louga,Kebemer,0,,,,,,,,,,,3
2595799,Nimzat,14.72291,-17.27918,Dakar,Rufisque,0,,,,,,,,,,,3
2595823,Nimzat,14.776,-17.36934,Dakar,Pikine,0,,,,,,,,,,,3
11002868,Ninefecha,12.53872,-12.3106,Kedougou,Kedougou,0,,,,,,,,,,,1
2247185,Ninnkidi,13.0,-14.23333,Kolda,Kolda,0,,,,,,,,,,,1
2247184,Niobel,14.8,-16.25,Diourbel,Diourbel,0,,,,,,,,,,,1
2247183,Niodior,13.85827,-16.72332,Fatick,Foundiougne,0,,,,,,,,,,,1
13645312,Niokhop,14.89756,-17.14195,Thies,Thies,0,,,,,,,,,,,1
2247299,Niokhoul,15.297,-16.528,Louga,Kebemer,0,,,,,,,,,,,1
2247181,Niokolo-Koba,13.07712,-12.72712,Tambacounda,Tambacounda,0,,,,,,,,,,,1
2247176,Niokoul Ndiaba,15.3,-16.55,Louga,Kebemer,0,,,,,,,,,,,1
13507038,Niokèt,14.71635,-16.44732,Diourbel,Bambey,0,,,,,,,,,,,1
2247170,Niom Dadè,15.3891,-15.9366,Louga,Louga,0,,,,,,,,,,,1
2247173,Niomar,14.46797,-16.72165,Thies,Mbour,0,,,,,,,,,,,2
2247174,Niomar,14.43333,-16.7,Thies,Mbour,0,,,,,,,,,,,2
2247171,Niombré,15.1173,-15.9085,Louga,Kebemer,0,,,,,,,,,,,1
2247169,Niomoune,12.63944,-16.65667,Ziguinchor,Bignona,0,,,,,,,,,,,1
2247172,Niomré,14.45478,-16.00242,Fatick,Gossas,0,,,,,,,,,,,1
2247168,Niomré Lo,15.6732,-16.1175,Louga,Louga,0,,,,,,,Lo,Wolof,,,1
2247167,Nionaga,12.41604,-11.71868,Kedougou,Saraya,0,,,,,,,,,,,1
2247165,Nionbré,14.4,-15.98333,Fatick,Gossas,0,,,,,,,,,,,1
13508586,Niondoun,14.42828,-16.43605,Fatick,Fatick,0,,,,,,,,,,,1
2247164,Niorki,12.91778,-15.97972,Sedhiou,Bounkiling,0,,,,,,,,,,,1
2247161,Nioro,13.5,-15.05,Kolda,Medina Yoroufoula,0,,,,,,,,,,,3
2247162,Nioro,13.28333,-14.11667,,,0,,,,,,,,,,,3
2247163,Nioro,12.64389,-15.3825,Sedhiou,Goudomp,0,,,,,,,,,,,3
2247159,Nioro Alassane Tal,13.77687,-16.33693,Fatick,Foundiougne,0,,,,,,,,,,,1
2247157,Nioro du Rip,13.75,-15.8,Kaolack,Nioro Du Rip,20784,,,,,,,,,,,1
2247147,Niou Nayerou,14.61667,-14.86667,Kaffrine,Koungheul,0,,,,,,,,,,,1
2247144,Niou Sogui,15.41667,-16.65,Louga,Kebemer,0,,,,,,,,,,,1
2247153,Nioufaye,13.26667,-13.2,Tambacounda,Tambacounda,0,,,,,,,,,,,1
2247152,Nioufène,15.31667,-16.16667,Louga,Kebemer,0,,,,,,,,,,,1
2247150,Niouki,15.11667,-16.43333,Thies,Tivaoune,0,,,,,,,,,,,2
2247151,Niouki,15.0119,-15.5834,Louga,Linguere,0,,,,,,,,,,,2
2247149,Nioukou,15.477,-15.1345,Louga,Linguere,0,,,,,,,,,,,1
2247146,Niounhani,13.16667,-13.2,Tambacounda,Tambacounda,0,,,,,,,,,,,1
13552819,Nis,14.54128,-15.82584,Fatick,Gossas,0,,,,,,,,,,,1
2247143,Nissi,12.66167,-16.74528,Ziguinchor,Bignona,0,,,,,,,,,,,1
2247204,Nièm,15.61667,-16.26667,Louga,Louga,0,,,,,,,,,,,1
2247195,Nièr Ouolof,15.35,-16.16667,Louga,Kebemer,0,,,,Wolof,Nièr,,,,,,1
2247206,Niédiné,12.7,-13.03333,Kedougou,Salemata,0,,,,,,,,,,,1
2247207,Niédébel,14.53219,-12.28274,Tambacounda,Bakel,0,,,,,,,,,,,1
2247203,Niéméniké,13.00923,-12.54989,Kedougou,Kedougou,0,,,,,,,,,,,1
2247201,Niéniéné,12.75,-14.51667,Kolda,Kolda,0,,,,,,,,,,,1
2247200,Niénoko,13.54733,-11.98019,Tambacounda,Bakel,0,,,,,,,,,,,1
2247199,Niépi Samba,13.48333,-15.13333,Kolda,Medina Yoroufoula,0,,,,,,,,,,,1
2247198,Niéri,15.1464,-15.0823,Louga,Linguere,0,,,,,,,,,,,1
2247197,Niéri Diofé,14.78333,-15.7,Diourbel,Mbacke,0,,,,,,,,,,,1
2247193,Niéti-Yone,16.34028,-15.86972,Saint Louis,Dagana,0,,,,,,,,,,,1
7576098,Njagabaar,16.35229,-16.27681,Saint Louis,Dagana,0,,,,,,,,,,,1
2247139,Noamlo,15.4,-16.38333,Louga,Kebemer,0,,,,,,,,,,,1
2247137,Nobandane,14.31862,-16.69715,Fatick,Fatick,0,,,,,,,,,,,1
2247135,Nobi,15.7873,-15.6387,Louga,Louga,0,,,,,,,,,,,1
2247134,Noflaye,14.75,-17.2,Dakar,Rufisque,0,,,,,,,,,,,2
2595843,Noflaye,14.78609,-17.20923,Dakar,Rufisque,0,,,,,,,,,,,2
2247132,Nolk Diabé,15.9696,-15.2899,Louga,Linguere,0,,,,,,,,,,,1
2247131,Nopi Birama,15.36665,-15.58772,Louga,Linguere,0,,,,,,,,,,,1
2596000,Nord,16.03542,-16.50435,Saint Louis,Saint Louis,0,,,,,,,,,,,1
2247128,Noto,14.69799,-16.87874,Thies,Thies,0,,,,,,,,,,,1
2247127,Noto Gouye Diama,14.99224,-17.00837,Thies,Tivaoune,0,,,,,,,,,gouye,tree,1
2247126,Noualko,15.9991,-15.0037,Louga,Linguere,0,,,,,,,,,,,1
2248151,Noubou,12.4801,-12.8147,,,0,,,,,,,,,,,1
2247124,Nougouwel,14.58358,-15.96196,Diourbel,Mbacke,0,,,,,,,,,,,1
2247123,Noumoufoukha,12.47131,-11.48237,Kedougou,Saraya,600,,,,,,,,,,,1
2247122,Noumouyél,13.7,-13.36667,Tambacounda,Goudiry,0,,,,,,,,,,,1
2595505,Noung Ndout,14.68116,-17.09866,Thies,Mbour,0,,,,,,,,,,,1
2247120,Ntiagar,16.4825,-15.85889,Saint Louis,Dagana,0,,,,,,,,,,,1
2247991,Ntiago,16.39333,-15.72639,Saint Louis,Dagana,0,,,,,,,,,,,1
2247116,Nyassia,12.47056,-16.38278,Ziguinchor,Ziguinchor,0,,,,,,,,,,,1
2247115,Nyikine,12.53444,-16.75444,Ziguinchor,Oussouye,0,,,,,,,,,,,1
2247584,Nèguè,15.7,-15.5798,Louga,Linguere,0,,,,,,,,,,,1
2247586,Nébodji,14.92927,-15.73944,Louga,Linguere,0,,,,,,,,,,,1
13514618,Nébé Sérèr,14.61252,-16.1934,Diourbel,Diourbel,0,,,,Sérèr,Nébé,,,,,,1
2247587,Nébé Teug,14.6096,-16.19071,Diourbel,Diourbel,0,,,,,,,,,,,1
13554547,Néf,14.16671,-15.73414,Kaffrine,Birkelane,0,,,,,,,,,,,1
2247585,Négodié,12.48333,-12.58333,Kedougou,Salemata,0,,,,,,,,,,,1
6917743,Néguébakho,12.824,-12.4398,Kedougou,Kedougou,0,,,,,,,,,,,1
2247583,Nékhé,15.05,-16.43333,Thies,Tivaoune,0,,,,,,,,,,,1
2247582,Nékoum,15.2157,-14.7192,Louga,Linguere,0,,,,,,,,,,,1
2247573,Néma,13.86667,-15.61667,Kaffrine,Birkelane,0,,,,,,,,,,,4
2247575,Néma,13.46667,-13.68333,Tambacounda,Tambacounda,0,,,,,,,,,,,4
2247577,Néma,12.89417,-15.52861,Sedhiou,Sedhiou,0,,,,,,,,,,,4
2247578,Néma,12.66667,-12.05,Kedougou,Kedougou,0,,,,,,,,,,,4
2247574,Néma Bâ,13.73811,-16.47853,Fatick,Foundiougne,0,,,,,,,Bâ,Pulaar,,,1
2247571,Néma Diassor,13.01667,-15.58333,Sedhiou,Bounkiling,0,,,,,,,,,,,1
2247570,Néma Dimbel,12.73333,-14.33333,Kolda,Kolda,0,,,,,,,,,,,1
2247576,Néma Djinaré,13.08352,-16.29527,Ziguinchor,Bignona,0,,,,,,,,,,,1
2247569,Néma Nding,13.7136,-16.42642,Fatick,Foundiougne,0,,,,,,,,,,,1
2247564,Némataba,13.58333,-13.91667,Tambacounda,Tambacounda,0,,,,,,,,,,,4
2247565,Némataba,13.56667,-13.88333,Tambacounda,Tambacounda,0,,,,,,,,,,,4
2247566,Némataba,13.21667,-14.08333,Kolda,Velingara,0,,,,,,,,,,,4
2247567,Némataba,12.76667,-15.01667,Kolda,Kolda,0,,,,,,,,,,,4
2247563,Némataba Mandingue,12.78111,-15.01889,Kolda,Kolda,0,,,,Mandingue,Némataba,,,,,,1
2247562,Némourato,12.88083,-15.00667,Kolda,Kolda,0,,,,,,,,,,,1
2247561,Nénèt,16.43563,-14.80434,Saint Louis,Podor,0,,,,,,,,,,,1
13509063,Néné,14.27268,-16.22009,Kaolack,Kaolack,0,,,,,,,,,,,1
2247560,Néouatar,15.18333,-16.43333,Thies,Tivaoune,0,,,,,,,,,,,1
2247558,Népen Diakha,12.3948,-12.5567,Kedougou,Salemata,0,,,,,,,,,,,1
2247557,Népen Peul,12.3869,-12.5472,Kedougou,Salemata,0,,,,Peul (Fulani),Népen,,,,,,1
2247556,Nérane,14.3154,-16.4444,Fatick,Fatick,0,,,,,,,,,,,2
13508568,Nérane,14.42667,-16.48884,Fatick,Fatick,0,,,,,,,,,,,2
2247554,Néssennguèye,15.31667,-16.3,Louga,Kebemer,0,,,,,,,,,,,1
2247551,Néti Daga Peul,14.12685,-15.6259,Kaffrine,Birkelane,0,,,,Peul (Fulani),Néti Daga,,,,,,1
2247550,Néto,13.1,-14.2,Kolda,Velingara,0,,,,,,,,,,,1
13504665,Néwrane,14.79281,-16.63971,Thies,Thies,0,,,,,,,,,,,1
2247141,N’Jalal,13.61667,-14.46667,Tambacounda,Koumpentoum,0,,,,,,,,,,,1
11101616,N’diareme limamoulaye,14.78148,-17.3841,Dakar,Guediawaye,35171,,,,,,,,,,,1
2247111,Odioldou,15.31667,-13.86667,Matam,Ranerou,0,,,,,,,,,,,1
2247110,Odiolé,15.01507,-14.97021,Louga,Linguere,0,,,,,,,,,,,1
2247108,Odobéré,15.56142,-13.09862,Matam,Kanel,6029,,,,,,,,,,,1
2247105,Ogo,15.55163,-13.29683,Matam,Matam,0,,,,,,,,,,,2
2247106,Ogo,14.58333,-15.83333,Diourbel,Mbacke,0,,,,,,,,,,,2
2247096,Olol,16.32384,-14.19572,Saint Louis,Podor,0,,,,,,,,,,,1
2247095,Ololdou,14.83198,-12.52344,Tambacounda,Bakel,0,,,,,,,,,,,1
2247093,Omoul Kouré,12.80083,-15.06722,Kolda,Kolda,0,,,,,,,,,khoure,water,1
13507347,Oncad,14.42034,-16.94564,Thies,Mbour,0,,,,,,,,,,,1
2247092,Ontorbé,15.70275,-13.41997,Matam,Matam,0,,,,,,,,,,,1
2247085,Orkadiéré,15.28211,-12.96114,Matam,Kanel,0,,,,,,,,,,,1
2247084,Orndoldé,15.48333,-13.1,Matam,Kanel,0,,,,,,,,,,,1
6611633,Ornoldé,15.48587,-12.96966,Matam,Kanel,0,,,,,,,,,,,1
2247090,Oré,14.26667,-14.88333,Kaffrine,Koungheul,0,,,,,,,,,,,1
2247087,Orétiendi,12.95,-14.01667,Kolda,Velingara,0,,,,,,,,,,,1
2247046,Oua Oua,16.60923,-14.5028,Saint Louis,Podor,0,,,,,,,,,,,1
2247083,Ouada,14.6616,-16.03842,Diourbel,Mbacke,0,,,,,,,,,,,1
2247081,Ouadane,15.78333,-16.16667,Louga,Louga,0,,,,,,,,,,,2
2247082,Ouadane,15.3,-16.23333,Louga,Kebemer,0,,,,,,,,,,,2
2247078,Ouadia,14.98333,-16.3,Diourbel,Diourbel,0,,,,,,,,,,,1
2247076,Ouadiour,14.43625,-16.0543,Fatick,Gossas,0,,,,,,,,,,,1
2247075,Ouadjourou,14.81667,-15.71667,Diourbel,Mbacke,0,,,,,,,,,,,1
2247073,Ouafé Engo,15.0194,-15.8659,Louga,Kebemer,0,,,,,,,,,,,1
2247071,Ouagbache,14.51667,-16.46667,Fatick,Fatick,0,,,,,,,,,,,1
2595730,Ouagou Niaye,14.70917,-17.44917,Dakar,Dakar,0,,,,,,,,,,,1
8133376,Ouakam,14.72389,-17.48917,Dakar,Dakar,0,,,,,,,,,,,1
2247067,Ouakha Lèye,15.6,-16.46667,Louga,Kebemer,0,,,,,,,,,,,1
2247068,Ouakhal,15.73333,-16.36667,Louga,Louga,0,,,,,,,,,,,1
2247066,Ouaki,15.51667,-16.06667,Louga,Louga,0,,,,,,,,,,,1
2247062,Oualaldé,16.50625,-14.20368,Saint Louis,Podor,3224,,,,,,,,,,,1
2247057,Ouali-Diala,16.59737,-14.94237,Saint Louis,Podor,0,,,,,,,,,,,1
2247059,Oualia,13.53333,-14.38333,Tambacounda,Tambacounda,0,,,,,,,,,,,1
2247065,Ouallah,16.2178,-13.97329,Saint Louis,Podor,0,,,,,,,,,,,1
2247051,Ouandé,16.37409,-14.20189,Saint Louis,Podor,0,,,,,,,,,,,1
2247045,Ouaoulou Sal,15.51667,-16.35,Louga,Kebemer,0,,,,,,,,,,,1
2247043,Ouapa,15.0123,-14.3975,Matam,Ranerou,0,,,,,,,,,,,1
2247040,Ouarak,15.51173,-16.05817,Louga,Louga,0,,,,,,,,,,,3
2247041,Ouarak,15.46667,-16.18333,Louga,Louga,0,,,,,,,,,,,3
2247042,Ouarak,15.31667,-16.15,Louga,Kebemer,0,,,,,,,,,,,3
2247037,Ouarga,15.4,-16.33333,Louga,Kebemer,0,,,,,,,,,,,1
2247035,Ouarkhokh,15.3812,-15.2352,Louga,Linguere,0,,,,,,,,,,,1
2247034,Ouarti,14.71667,-15.96667,Diourbel,Mbacke,0,,,,,,,,,,,1
2247038,Ouarène,15.8,-16.1,Louga,Louga,0,,,,,,,,,,,1
2247031,Ouassa-Ouassa,13.65336,-12.04179,Tambacounda,Bakel,0,,,,,,,,,,,1
2247033,Ouassadou,13.23333,-13.81667,Kolda,Velingara,0,,,,,,,,,,,1
2247029,Ouassoul,16.48111,-16.0175,Saint Louis,Dagana,0,,,,,,,,,,,1
2247028,Ouassoumassal,15.68333,-16.58333,,,0,,,,,,,,,,,1
2247027,Ouatef,15.25,-16.56667,Louga,Kebemer,0,,,,,,,,,,,1
2247025,Oubadji,12.66667,-13.06667,Kedougou,Salemata,0,,,,,,,,,,,1
2247022,Oubol,14.48574,-12.30133,Tambacounda,Bakel,0,,,,,,,,,,,1
2247023,Oubème,12.84917,-16.1925,Ziguinchor,Bignona,0,,,,,,,,,,,1
2593151,Oudiéring,13.67384,-16.56543,Fatick,Foundiougne,0,,,,,,,,,,,1
2247016,Oudoukar,12.875,-15.33028,Sedhiou,Sedhiou,0,,,,,,,,,,,1
2247015,Oudourou,15.84237,-13.30479,Matam,Matam,0,,,,,,,,,,,1
2247013,Ouer Kerra,14.4,-14.86667,Kaffrine,Koungheul,0,,,,,,,,,,,1
2247011,Ougonor,13.02268,-16.13758,Ziguinchor,Bignona,0,,,,,,,,,,,1
2247010,Ouinndiou,12.66667,-13.1,Kedougou,Salemata,0,,,,,,,,,,,1
2247009,Oukout,12.47694,-16.55806,Ziguinchor,Oussouye,0,,,,,,,,,,,1
2247006,Oulampane,12.95611,-15.99278,Ziguinchor,Bignona,0,,,,,,,,,,,1
2247005,Ouldé,15.22209,-12.89843,Matam,Kanel,0,,,,,,,,,,,1
2247002,Ouli Boye,15.681,-15.174,Louga,Linguere,0,,,,,,,,,,,1
2247000,Oulogoré,12.98333,-11.88333,Kedougou,Saraya,0,,,,,,,,,,,1
2246997,Ouloum,12.57194,-16.73861,Ziguinchor,Bignona,0,,,,,,,,,,,1
2246996,Ouloum Baba,15.00214,-12.62002,Tambacounda,Bakel,0,,,,,,,,,,,1
13658778,Ouloumba,13.14811,-16.06292,Ziguinchor,Bignona,0,,,,,,,,,,,1
2247004,Oulélo,12.93333,-16.46667,Ziguinchor,Bignona,0,,,,,,,,,,,1
2246995,Ouman,12.75,-13.83333,Kolda,Velingara,0,,,,,,,,,,,1
2246994,Oumana,13.13333,-15.51667,Sedhiou,Bounkiling,0,,,,,,,,,,,1
2246993,Oumbaré,13.71946,-12.41026,Tambacounda,Goudiry,0,,,,,,,,,,,1
2246992,Oumpountou,12.53333,-16.25,Ziguinchor,Ziguinchor,0,,,,,,,,,,,1
2246990,Oundiou,12.55667,-15.89306,Sedhiou,Goudomp,0,,,,,,,,,,,1
2246988,Oundou Baba,14.96537,-12.61181,Tambacounda,Bakel,0,,,,,,,,,,,1
2246985,Oundou Doupoul,15.1927,-15.3076,Louga,Linguere,0,,,,,,,,,,,1
2246987,Oundoudou,13.7,-13.51667,Tambacounda,Tambacounda,0,,,,,,,,,,,1
2246986,Oundoudou Niakandiata,13.68333,-13.53333,Tambacounda,Tambacounda,0,,,,,,,,,,,1
2246984,Oundouféré,12.71667,-13.05,Kedougou,Salemata,0,,,,,,,,,,,1
2246982,Oundoumané,12.88333,-14.56667,Kolda,Kolda,0,,,,,,,,,,,1
2246981,Oundoundou Amadou Baba,13.66667,-13.55,Tambacounda,Tambacounda,0,,,,,,,,,,,1
2246980,Oundoundou Amirou,13.65,-13.55,Tambacounda,Tambacounda,0,,,,,,,,,,,1
2246978,Ouniok,12.98139,-16.15556,Ziguinchor,Bignona,0,,,,,,,,,,,1
2246976,Ouok Ouok,14.08333,-13.86667,Tambacounda,Tambacounda,0,,,,,,,,,,,1
2246974,Ouonk,12.71,-16.05556,Ziguinchor,Bignona,0,,,,,,,,,,,1
2571786,Oupeut,13.16034,-16.25778,Ziguinchor,Bignona,0,,,,,,,,,,,1
2246971,Oupouèle,12.98944,-16.38444,Ziguinchor,Bignona,0,,,,,,,,,,,1
2246911,Oura Soulé,14.49879,-12.39185,Tambacounda,Bakel,0,,,,,,,,,,,1
2246968,Ouri Moudiri,14.2,-13.76667,Tambacounda,Tambacounda,0,,,,,,,,,,,1
2246964,Ouro Aldiouma,15.53311,-13.39199,Matam,Matam,0,ouro,Pulaar,,,,,,,,,1
2246963,Ouro Alfa,14.28333,-13.76667,Tambacounda,Tambacounda,0,ouro,Pulaar,,,,,,,,,1
2246960,Ouro Ali,14.46667,-13.63333,Matam,Ranerou,0,ouro,Pulaar,,,,,,,,,2
2246961,Ouro Ali,14.08333,-13.85,Tambacounda,Tambacounda,0,ouro,Pulaar,,,,,,,,,2
2246959,Ouro Amat,14.85,-13.03333,Matam,Kanel,0,ouro,Pulaar,,,,,,,,,2
6647961,Ouro Amat,14.84442,-12.97325,Matam,Kanel,0,ouro,Pulaar,,,,,,,,,2
2246955,Ouro Baïdi,14.31667,-16.31667,Fatick,Fatick,0,ouro,Pulaar,,,,,,,,,2
2254417,Ouro Baïdi,16.49552,-14.93763,Saint Louis,Podor,0,ouro,Pulaar,,,,,,,,,2
2246957,Ouro Baïdi Diénaba,14.14359,-12.73436,Tambacounda,Goudiry,0,ouro,Pulaar,,,,,,,,,1
2246954,Ouro Birom,16.15912,-14.1843,Saint Louis,Podor,0,ouro,Pulaar,,,,,,,,,1
2246953,Ouro Boubou,16.58737,-14.78463,Saint Louis,Podor,0,ouro,Pulaar,,,,,,,,,1
6644064,Ouro Boyba Diallo,15.07666,-13.29818,Matam,Kanel,0,ouro,Pulaar,,,,,Diallo,Pulaar,,,1
2246952,Ouro Dabal,14.9,-15.75,Diourbel,Mbacke,0,ouro,Pulaar,,,,,,,,,1
2253313,Ouro Dambal,15.78939,-13.49295,Matam,Matam,0,ouro,Pulaar,,,,,,,,,1
2246951,Ouro Daouda,14.16941,-12.62513,Tambacounda,Goudiry,0,ouro,Pulaar,,,,,,,,,1
2246950,Ouro Demba Binnta,14.01667,-13.7,Tambacounda,Tambacounda,0,ouro,Pulaar,,,,,,,,,1
2246949,Ouro Demba Niama,14.25,-13.75,Tambacounda,Tambacounda,0,ouro,Pulaar,,,,,,,,,1
2246947,Ouro Dialoubé,14.18333,-13.8,Tambacounda,Tambacounda,0,ouro,Pulaar,,,,,,,,,1
6645331,Ouro Diawdi,16.00799,-13.38059,Matam,Matam,0,ouro,Pulaar,,,,,,,,,1
2247086,Ouro Diofo,14.82738,-15.72585,Diourbel,Mbacke,0,ouro,Pulaar,,,,,,,,,1
2246945,Ouro Idi,14.15762,-12.61846,Tambacounda,Goudiry,0,ouro,Pulaar,,,,,,,,,1
2246944,Ouro Kaba,14.29998,-12.82327,Tambacounda,Goudiry,0,ouro,Pulaar,,,,,,,,,1
2246942,Ouro Madiou,16.60011,-14.90423,Saint Louis,Podor,0,ouro,Pulaar,,,,,,,,,1
6644070,Ouro Mamadou,15.2392,-13.39058,Matam,Kanel,0,ouro,Pulaar,,,,,,,,,1
2246940,Ouro Mamadou Dinba,14.09216,-12.63302,Tambacounda,Goudiry,0,ouro,Pulaar,,,,,,,,,1
2246939,Ouro Mamoud,14.63333,-13.83333,Matam,Ranerou,0,ouro,Pulaar,,,,,,,,,1
2246935,Ouro Molo,14.15,-13.8,Tambacounda,Tambacounda,0,ouro,Pulaar,,,,,,,,,1
2246937,Ouro Médoul,14.88333,-15.73333,Diourbel,Mbacke,0,ouro,Pulaar,,,,,,,,,1
2246936,Ouro Môlo,16.00638,-13.70311,Matam,Matam,0,ouro,Pulaar,,,,,,,,,1
2246926,Ouro Sidi,15.42522,-13.17524,Matam,Kanel,0,ouro,Pulaar,,,,,,,,,1
2246925,Ouro Sily,13.97403,-12.64789,Tambacounda,Goudiry,0,ouro,Pulaar,,,,,,,,,1
2246924,Ouro Singa,14.38075,-12.98701,Tambacounda,Goudiry,0,ouro,Pulaar,,,,,,,,,1
2246923,Ouro Siré,14.4,-13.05,Tambacounda,Goudiry,0,ouro,Pulaar,,,,,,,,,1
2246922,Ouro Sogui,15.60588,-13.3223,Matam,Matam,27222,ouro,Pulaar,,,,,,,,,1
2246920,Ouro Sori,14.43333,-15.71667,Kaolack,Guinguineo,0,ouro,Pulaar,,,,,,,,,1
2246919,Ouro Sori Dala,14.2,-13.8,Tambacounda,Tambacounda,0,ouro,Pulaar,,,,,,,,,1
2246921,Ouro Soré,16.0,-13.66667,Matam,Matam,0,ouro,Pulaar,,,,,,,,,1
2246929,Ouro Séano,14.26667,-13.75,Tambacounda,Tambacounda,0,ouro,Pulaar,,,,,,,,,1
2246967,Ouro Sébo,15.27452,-13.43505,Matam,Kanel,0,ouro,Pulaar,,,,,,,,,1
2246928,Ouro Sékouro,14.15,-13.81667,Tambacounda,Tambacounda,0,ouro,Pulaar,,,,,,,,,1
2246927,Ouro Séno,15.4422,-14.9943,Louga,Linguere,0,ouro,Pulaar,,,,,,,,,1
2246918,Ouro Tiédel,14.33333,-13.83333,Tambacounda,Tambacounda,0,ouro,Pulaar,,,,,,,,,1
2246913,Ouro Vèndou,15.3204,-15.012,Louga,Linguere,0,ouro,Pulaar,,,,,,,wendou,water,1
2246912,Ouro Wali,14.25,-13.68333,Tambacounda,Tambacounda,0,ouro,Pulaar,,,,,,,,,1
2246934,Ourong,12.46278,-16.66944,Ziguinchor,Oussouye,0,,,,,,,,,,,1
2246916,Ourou Mboulel,15.00264,-12.67154,Matam,Kanel,0,,,,,,,,,,,1
2246915,Ourour,14.32674,-16.03187,Kaolack,Guinguineo,0,,,,,,,,,,,1
2246910,Ousmane,12.85,-14.66667,Kolda,Kolda,0,,,,,,,,,,,1
2246909,Ousmane Abdoulaye,12.88333,-14.95,Kolda,Kolda,0,,,,,,,,,,,1
2246908,Ousmane Koumba,13.7,-15.98333,Kaolack,Nioro Du Rip,0,,,,,,,,,,,1
2246907,Oussak,12.84861,-16.17361,Ziguinchor,Bignona,0,,,,,,,,,,,1
2246905,Oussinguène,12.62111,-16.69917,Ziguinchor,Bignona,0,,,,,,,,,,,1
2246903,Oussounkala,12.7038,-12.4639,Kedougou,Kedougou,0,,,,,,,,,,,1
2246901,Oussouye,12.485,-16.54694,Ziguinchor,Oussouye,4828,,,,,,,,,,,1
2246899,Outioumbél,12.4355,-12.617,Kedougou,Salemata,0,,,,,,,,,,,1
2251807,Ouyal Sandé Peul,14.3142,-16.33651,Fatick,Fatick,0,,,,Peul (Fulani),Ouyal Sandé,,,,,,1
13508570,Ouyal Sandé Wolof,14.31359,-16.32644,Fatick,Fatick,0,,,,Wolof,Ouyal Sandé,,,,,,1
6645007,Ouâssétâké,16.186,-13.89911,Saint Louis,Podor,0,,,,,,,,,,,1
2246897,Pabel,15.3587,-15.7379,Louga,Linguere,0,,,,,,,,,,,1
13504738,Pabène,14.76234,-16.62068,Thies,Thies,0,,,,,,,,,,,1
2246896,Pada,13.81667,-13.85,Tambacounda,Tambacounda,0,,,,,,,,,,,1
2246895,Padaf,13.8,-15.58333,Kaolack,Nioro Du Rip,0,,,,,,,,,,,1
2246894,Padalal,15.34446,-12.93689,Matam,Kanel,0,,,,,,,,,,,1
2246891,Padiara,13.91667,-13.48333,Tambacounda,Goudiry,0,,,,,,,,,,,1
2246893,Padé,15.8242,-13.48677,Matam,Matam,0,,,,,,,,,,,2
13507288,Padé,14.73014,-16.01349,Diourbel,Mbacke,0,,,,,,,,,,,2
2246892,Padélo,15.0651,-15.9456,Louga,Kebemer,0,,,,,,,,,,,1
13507015,Pagui,14.6522,-16.34519,Diourbel,Bambey,0,,,,,,,,,,,1
2246879,Pakala,13.86667,-15.91667,Kaolack,Nioro Du Rip,0,,,,,,,,,,,4
2246880,Pakala,13.83333,-14.93333,Kaffrine,Koungheul,0,,,,,,,,,,,4
2246881,Pakala,13.74651,-16.35927,Fatick,Foundiougne,0,,,,,,,,,,,4
2246882,Pakala,13.61667,-15.51667,Kaolack,Nioro Du Rip,0,,,,,,,,,,,4
2246877,Pakali,13.61667,-13.63333,Tambacounda,Tambacounda,0,,,,,,,,,,,1
2246876,Pakane,13.7,-15.65,Kaolack,Nioro Du Rip,0,,,,,,,,,,,1
2246875,Pakao,12.79444,-16.38944,Ziguinchor,Bignona,0,,,,,,,,,,,1
2246873,Pakatiar Ndavène,13.93333,-15.81667,Kaolack,Kaolack,0,,,,,,,,,,,1
2246870,Pakha,13.76667,-15.71667,Kaolack,Nioro Du Rip,0,,,,,,,,,,,1
13504610,Pakhamkouye Deux,14.92862,-16.99789,Thies,Tivaoune,0,,,,,,2,,,,,1
13504575,Pakhamkouye Un,14.92978,-16.98462,Thies,Tivaoune,0,,,,,,1,,,,,1
2246869,Pakhaso,15.7,-16.11667,Louga,Louga,0,,,,,,,,,,,1
2246867,Pakinia,13.01667,-13.86667,Kolda,Velingara,0,,,,,,,,,,,1
2246866,Pakinia Yerba,13.0,-13.88333,Kolda,Velingara,0,,,,,,,,,,,1
2246865,Pakirane,13.9,-14.13333,Tambacounda,Tambacounda,0,,,,,,,,,,,1
2246864,Pakour,12.75,-13.96667,Kolda,Velingara,0,,,,,,,,,,,1
2246863,Pakri Kébé,15.46667,-16.31667,Louga,Kebemer,0,,,,,,,,,,,1
2246872,Pakéba,13.55,-14.36667,Tambacounda,Tambacounda,0,,,,,,,,,,,1
2246871,Pakéba Maka Sissé,13.55,-14.3,Tambacounda,Tambacounda,0,,,maka,,,,,,,,1
2246861,Pal,15.9139,-16.2599,Saint Louis,Saint Louis,8133,,,,,,,,,,,2
2246862,Pal,15.03333,-16.73333,Thies,Tivaoune,0,,,,,,,,,,,2
2246840,Pal Mbaouar,15.5507,-16.4376,Louga,Kebemer,0,,,,,,,,,,,1
2246835,Pal Sek,14.77658,-16.17568,Diourbel,Diourbel,0,,,,,,,,,,,1
2595542,Palabine,14.73068,-17.11499,Thies,Thies,0,,,,,,,,,,,1
2246860,Palado,14.1329,-15.99978,Kaolack,Guinguineo,0,,,,,,,,,,,1
2246859,Palagué,14.2,-14.38333,Tambacounda,Koumpentoum,0,,,,,,,,,,,1
2246857,Palal,15.2122,-15.4941,Louga,Linguere,0,,,,,,,,,,,2
2246858,Palal,14.75592,-17.04019,Thies,Thies,0,,,,,,,,,,,2
2595526,Palal Bayouf,14.7484,-17.04221,Thies,Thies,0,,,,,,,,,,,1
2595524,Palal Pouye,14.74662,-17.04034,Thies,Thies,0,,,,,,,,,,,1
2246645,Palam Rôk,14.6414,-16.91203,Thies,Thies,0,,,,,,,,,,,1
13506454,Palam Tioyane,14.64795,-16.92531,Thies,Thies,0,,,,,,,,,,,1
2246856,Palatou,15.55,-16.45,Louga,Kebemer,0,,,,,,,,,,,1
2246844,Paliarigouye,15.83333,-16.26667,Louga,Louga,0,,,,,,,,,,,1
2252900,Palmarin Diakhanor,13.97799,-16.7625,Fatick,Fatick,0,,,,,,,,,,,1
2246842,Palmarin Facao,14.01272,-16.76552,Fatick,Fatick,0,,,,,,,,,,,1
2247525,Palmarin Ngalou,14.04728,-16.77145,Fatick,Fatick,0,,,,,,,,,,,1
2246841,Palmarin Nguèthie,14.01955,-16.76103,Fatick,Fatick,0,,,,,,,,,,,1
2246839,Palméo,15.2674,-16.546,Louga,Kebemer,0,,,,,,,,,,,1
2246837,Palo Dial,14.92762,-16.94484,Thies,Tivaoune,0,,,,,,,,,,,1
13514609,Palo Yougo,14.91983,-16.94779,Thies,Tivaoune,0,,,,,,,,,,,1
2246855,Palèle,14.71667,-16.41667,Diourbel,Bambey,0,,,,,,,,,,,1
2246848,Palène,15.7136,-15.9487,Louga,Louga,0,,,,,,,,,,,7
2246849,Palène,15.16667,-16.65,Thies,Tivaoune,0,,,,,,,,,,,7
2246850,Palène,15.1109,-15.8533,Louga,Kebemer,0,,,,,,,,,,,7
2246851,Palène,15.06667,-16.36667,Thies,Tivaoune,0,,,,,,,,,,,7
2246852,Palène,14.99854,-15.83822,Louga,Kebemer,0,,,,,,,,,,,7
2246853,Palène,14.85034,-16.26329,Diourbel,Diourbel,0,,,,,,,,,,,7
2246854,Palène,14.73333,-16.35,Diourbel,Bambey,0,,,,,,,,,,,7
2246847,Palène Ded,15.2222,-16.6312,Louga,Kebemer,0,,,,,,,,,,,1
2246846,Palène Fal,15.7,-16.23333,Louga,Louga,0,,,,,,,Fal,Wolof,,,1
2246845,Palène Sélédiane,15.53333,-16.33333,Louga,Kebemer,0,,,,,,,,,,,1
13505400,Palènesar,14.76307,-16.43603,Diourbel,Bambey,0,,,,,,,,,,,1
2246833,Pam,15.26667,-16.61667,Louga,Kebemer,0,,,,,,,,,,,2
2246834,Pam,15.2,-16.4,Thies,Tivaoune,0,,,,,,,,,,,2
2246831,Pambi,15.71518,-13.40778,Matam,Matam,0,,,,,,,,,,,1
2246832,Pampal,14.97068,-16.90214,Thies,Tivaoune,0,,,,,,,,,,,1
2246829,Pampi,15.3174,-15.5177,Louga,Linguere,0,,,,,,,,,,,1
13506514,Pamèn Deux,14.60779,-16.82838,Thies,Thies,0,,,,,,2,,,,,1
2246830,Pamèn Un,14.60826,-16.81358,Thies,Thies,0,,,,,,1,,,,,1
2246828,Panal,14.31667,-14.43333,Tambacounda,Koumpentoum,0,,,,,,,,,,,1
2246825,Panal Mbayar,14.45239,-15.67972,Kaffrine,Kaffrine,0,,,,,,,,,,,1
2246827,Panal Wolof,14.44379,-15.7096,Kaolack,Guinguineo,0,,,,Wolof,Panal,,,,,,1
2246824,Panangar,12.7,-13.96667,Kolda,Velingara,0,,,,,,,,,,,1
2246822,Panda Yayaké,16.035,-15.61333,Saint Louis,Dagana,0,,,,,,,,,,,1
2246818,Panetiang Français,13.8,-15.16667,Kaffrine,Kaffrine,0,,,,,,,,,,,1
2246817,Panetiang Séring Si,13.8,-15.15,Kaffrine,Kaffrine,0,,,,,,,,,,,1
2246816,Paniat,14.01667,-14.18333,Tambacounda,Koumpentoum,0,,,,,,,,,,,1
2246815,Paniat Bouré,13.96667,-14.06667,Tambacounda,Tambacounda,0,,,,,,,,,,,1
2246814,Paniat Diaobé,13.96667,-14.06667,Tambacounda,Tambacounda,0,,,,,,,,,,,1
2246812,Pankèt Sar,15.85139,-16.40417,Saint Louis,Saint Louis,0,,,,,,,Sar,Wolof,,,1
2246811,Pantiagniédié,14.51667,-13.35,Tambacounda,Goudiry,0,,,,,,,,,,,1
2246810,Pantodosse Diola,12.57083,-15.8775,Sedhiou,Goudomp,0,,,,Diola (Jola),Pantodosse,,,,,,1
2246809,Panui,14.48333,-15.75,Fatick,Gossas,0,,,,,,,,,,,1
2246821,Pané,13.66667,-15.95,Kaolack,Nioro Du Rip,0,,,,,,,,,,,1
2246820,Pané Mat,13.75245,-16.01439,Kaolack,Nioro Du Rip,0,,,,,,,,,,,1
2246807,Paoskoto,13.78333,-15.81667,Kaolack,Nioro Du Rip,0,,,,,,,,,,,1
2246805,Paou Paou,14.2,-16.05,Kaolack,Guinguineo,0,,,,,,,,,,,1
2246806,Paoumka,12.73333,-13.75,Kolda,Velingara,0,,,,,,,,,,,1
2246804,Papamane,14.25,-16.73333,Fatick,Fatick,0,,,,,,,,,,,1
2246803,Papao,12.68972,-16.37889,Ziguinchor,Bignona,0,,,,,,,,,,,1
2246802,Par,15.51667,-16.25,Louga,Louga,0,,,,,,,,,,,1
2246799,Paraouol,14.36667,-13.81667,Tambacounda,Koumpentoum,0,,,,,,,,,,,1
13506758,Parar,14.70952,-16.63009,Thies,Thies,0,,,,,,,,,,,2
13508516,Parar,14.37951,-16.49211,Fatick,Fatick,0,,,,,,,,,,,2
2246797,Parassèl,14.13224,-15.97255,Kaolack,Guinguineo,0,,,,,,,,,,,1
2246794,Parawol,14.84337,-12.91549,Matam,Kanel,0,,,,,,,,,,,1
13504772,Parba,14.79237,-16.65525,Thies,Thies,0,,,,,,,,,,,3
13504786,Parba,14.80252,-16.55292,Diourbel,Bambey,0,,,,,,,,,,,3
13505476,Parba,14.94706,-16.429,Diourbel,Bambey,0,,,,,,,,,,,3
2246791,Parba Dieng,15.496,-16.471,Louga,Kebemer,0,,,,,,,Dieng,Wolof,,,1
8521732,Parcelles Assainies,14.757,-17.435,Dakar,Dakar,0,,,,,,,,,,,1
2246790,Parempémpé,13.86667,-14.48333,Tambacounda,Koumpentoum,0,,,,,,,,,,,1
13504678,Parguine,14.82197,-16.59513,Diourbel,Bambey,0,,,,,,,,,,,1
2246789,Parguine Wolof,14.39765,-16.14399,Fatick,Fatick,0,,,,Wolof,Parguine,,,,,,1
2246787,Pari,15.16667,-16.3,Thies,Tivaoune,0,,,,,,,,,,,2
13506707,Pari,14.62091,-16.53955,Diourbel,Bambey,0,,,,,,,,,,,2
2246786,Pari Demba Dombel,12.78333,-13.86667,Kolda,Velingara,0,,,,,,,,,,,1
2246788,Pari Dièye,14.58164,-16.89072,Thies,Thies,0,,,,,,,,,,,1
13508542,Paring,14.43401,-16.4308,Fatick,Fatick,0,,,,,,,,,,,1
2246785,Paroumba,12.8,-13.83333,Kolda,Velingara,0,,,,,,,,,,,1
2246784,Paroumba Mandé,12.78333,-13.83333,Kolda,Velingara,0,,,,,,,,,,,1
13504739,Pas Fal,14.98275,-16.53467,Diourbel,Bambey,0,,,,,,,Fal,Wolof,,,1
2246782,Pass,15.53333,-16.11667,Louga,Louga,0,,,,,,,,,,,1
2246783,Pass Bakane,15.375,-15.4736,Louga,Linguere,0,,,,,,,,,,,1
2246775,Pass Ndongo,13.71667,-14.11667,Tambacounda,Tambacounda,0,,,,,,,,,,,1
2246781,Passa,13.06667,-14.05,Kolda,Velingara,0,,,,,,,,,,,1
13658023,Passi Ali Dié,13.90415,-16.2938,Fatick,Foundiougne,0,,,,,,,,,,,1
13658717,Passi Babou,13.74364,-16.10548,Kaolack,Nioro Du Rip,0,,,,,,,,,,,1
13658082,Passi Diémoul,13.8741,-16.29438,Fatick,Foundiougne,0,,,,,,,,,,,1
13554680,Passi Mbelbouk,14.08616,-15.42009,Kaffrine,Kaffrine,0,,,,,,,,,,,1
13658005,Passi Mbitéyène,13.94463,-16.29465,Fatick,Foundiougne,0,,,,,,,,,,,1
2246779,Passi Ndialla,13.85,-15.48333,Kaffrine,Kaffrine,0,,,,,,,,,,,1
2246778,Passi Ndénderling,13.69811,-16.39512,Fatick,Foundiougne,0,,,,,,,,,,,1
2246777,Passi Ngayène,13.7,-15.46667,Kaolack,Nioro Du Rip,0,,,,,,,,,,,1
2246776,Passi Rip,13.6,-15.63333,Kaolack,Nioro Du Rip,0,,,,,,,,,,,1
2246211,Passi Santhie,14.00152,-16.26637,Fatick,Foundiougne,0,,,,,,,,,,,1
2246773,Passoune,14.51667,-16.86667,Thies,Mbour,0,,,,,,,,,,,1
2246780,Passy,13.98587,-16.26179,Fatick,Foundiougne,12571,,,,,,,,,,,1
2246772,Pata,13.43333,-14.95,Kolda,Medina Yoroufoula,3118,,,,,,,,,,,1
2246765,Patakour,14.71667,-14.86667,Louga,Linguere,0,,,,,,,,,,,1
2246763,Patar,14.70739,-16.15701,Diourbel,Diourbel,0,,,,,,,,,,,2
2246764,Patar,14.56482,-16.38152,Fatick,Fatick,0,,,,,,,,,,,2
13507267,Patar Fissél,14.50282,-16.16424,Fatick,Gossas,0,,,,,,,,,,,1
2246761,Patar Lia,14.49043,-16.15698,Fatick,Gossas,0,,,,,,,,,,,1
2246762,Patar Mar,15.3977,-15.9595,Louga,Louga,0,,,,,,,,,,,1
13507249,Patar Soumbél,14.51108,-16.14171,Fatick,Gossas,0,,,,,,,,,,,1
2245137,Patar Walo,14.5143,-16.16375,Fatick,Gossas,0,,,,,,,,,,,1
2246760,Patassi,12.5301,-12.3626,Kedougou,Kedougou,0,,,,,,,,,,,1
2246755,Patelane,14.1,-14.21667,Tambacounda,Koumpentoum,0,,,,,,,,,,,1
2246751,Patiab,13.73333,-14.11667,Tambacounda,Tambacounda,0,,,,,,,,,,,1
2246746,Patim Kouta,12.75,-13.76667,Kolda,Velingara,0,,,,,,,,,,,1
2246749,Patièm,14.53333,-15.88333,Fatick,Gossas,0,,,,,,,,,,,1
2246747,Patièm Deux,14.56226,-15.91237,Diourbel,Mbacke,0,,,,,,2,,,,,1
2246748,Patièm Peul,14.54416,-15.89115,Diourbel,Mbacke,0,,,,Peul (Fulani),Patièm,,,,,,1
13552837,Patièm Sérèr,14.54857,-15.86918,Diourbel,Mbacke,0,,,,Sérèr,Patièm,,,,,,1
13504745,Pato,14.84403,-16.53982,Diourbel,Bambey,0,,,,,,,,,,,1
2246744,Patouki,14.69689,-12.82773,Matam,Kanel,0,,,,,,,,,,,1
2246742,Patoulane Ouolof,13.85,-14.23333,Tambacounda,Koumpentoum,0,,,,Wolof,Patoulane,,,,,,1
2246741,Patoulane Peul,13.86667,-14.23333,Tambacounda,Koumpentoum,0,,,,Peul (Fulani),Patoulane,,,,,,1
2595714,Patte d’Oie,14.74363,-17.43347,Dakar,Dakar,0,,,,,,,,,,,1
2246739,Pattouki,15.36667,-13.65,Matam,Ranerou,0,,,,,,,,,,,1
2246757,Paté Galo,16.61854,-14.4545,Saint Louis,Podor,0,,,,,,,,,,,1
2246754,Paté Sek,14.85,-16.4,Diourbel,Bambey,0,,,,,,,,,,,1
2246753,Paté Tiangaye,13.88333,-15.15,Kaffrine,Kaffrine,0,,,,,,,,,,,1
2246756,Patékounda,12.7625,-15.27,Sedhiou,Goudomp,0,kounda,Mandinka,,,,,,,,,1
2246738,Payama,13.68333,-15.58333,Kaolack,Nioro Du Rip,0,,,,,,,,,,,1
2246737,Payar,14.45,-14.5,Tambacounda,Koumpentoum,0,,,,,,,,,,,1
2254573,Paydom,14.65061,-16.70141,Thies,Mbour,0,,,,,,,,,,,1
2248205,Paye,15.92139,-16.30278,Saint Louis,Saint Louis,0,,,,,,,,,,,1
2253938,Paye Bari Diamm,14.99041,-16.43708,Diourbel,Bambey,0,,,,,,,,,,,1
2246884,Paye Paye,14.8027,-16.22906,Diourbel,Diourbel,0,,,,,,,,,,,2
13505354,Paye Paye,14.7637,-16.36734,Diourbel,Bambey,0,,,,,,,,,,,2
2246735,Paymar Wolof,13.86422,-16.14203,Kaolack,Kaolack,0,,,,Wolof,Paymar,,,,,,1
2246731,Payoungou,12.71667,-14.06667,Kolda,Velingara,0,,,,,,,,,,,1
2246733,Payène,15.06667,-16.6,Thies,Tivaoune,0,,,,,,,,,,,3
2246734,Payène,14.9,-15.81667,Diourbel,Mbacke,0,,,,,,,,,,,3
13507208,Payène,14.74752,-16.23484,Diourbel,Diourbel,0,,,,,,,,,,,3
2246886,Païdé,15.35,-16.21667,Louga,Kebemer,0,,,,,,,,,,,1
2246885,Païlar,14.53499,-15.07768,Kaffrine,Malem Hodar,0,,,,,,,,,,,1
2246727,Pekh Tal,15.46667,-16.4,Louga,Kebemer,0,,,,,,,,,,,1
2246725,Pelour I,15.84667,-16.44056,Saint Louis,Saint Louis,0,,,,,,1,,,,,1
2596084,Pelour II,15.83806,-16.44972,Louga,Louga,0,,,,,,2,,,,,1
2246724,Pendakaré,13.7,-13.75,Tambacounda,Tambacounda,0,,,,,,,,,,,1
2246723,Pendao,16.61667,-15.08333,Saint Louis,Podor,0,,,,,,,,,,,1
6645015,Perlèle,16.06591,-13.98492,Saint Louis,Podor,0,,,,,,,,,,,1
2246685,Pet Ouolof,15.1443,-15.8426,Louga,Kebemer,0,,,,Wolof,Pet,,,,,,1
2246708,Petel Bodi,13.65,-14.51667,Tambacounda,Koumpentoum,0,,,,,,,,,,,1
2246694,Petikan,12.52639,-16.28806,Ziguinchor,Ziguinchor,0,,,,,,,,,,,1
2246693,Petion,15.51667,-16.68333,Louga,Kebemer,0,,,,,,,,,,,1
2246692,Petit Balandine,13.09745,-16.27223,Ziguinchor,Bignona,0,,,,,,,,,,,1
2246690,Petit Koulaye,12.85,-16.16667,Ziguinchor,Bignona,0,,,,,,,,,,,1
2246684,Petpal,14.6,-16.63333,Thies,Mbour,0,,,,,,,,,,,1
2246710,Petél,14.46667,-14.71667,Kaffrine,Koungheul,0,,,,,,,,,,,1
13507004,Peul Lamassas,14.72037,-16.30673,Diourbel,Bambey,0,,,,,,,,,,,1
13505421,Peul Ndiaye,14.85433,-16.45794,Diourbel,Bambey,0,,,,,,,Ndiaye,Wolof,,,1
13509328,Peul Ndiouga,14.20137,-16.06804,Kaolack,Guinguineo,0,,,,,,,,,,,1
2245901,Peul Ngadiari,14.20082,-16.08642,Kaolack,Guinguineo,0,,,,,,,,,,,1
2246683,Peuldognon,13.88333,-15.13333,Kaffrine,Kaffrine,0,,,,,,,,,,,1
13658222,Peulga,13.78628,-16.16837,Kaolack,Nioro Du Rip,0,,,,,,,,,,,1
2246682,Peunène,15.13333,-16.83333,Thies,Tivaoune,0,,,,,,,,,,,1
2246679,Pidiro,12.83333,-14.31667,Kolda,Kolda,0,,,,,,,,,,,1
2246678,Pikine,14.76457,-17.39071,Dakar,Pikine,1170791,,,,,,,,,,,3
2595992,Pikine,16.00833,-16.49778,Saint Louis,Saint Louis,0,,,,,,,,,,,3
13507253,Pikine,14.67758,-16.24487,Diourbel,Diourbel,0,,,,,,,,,,,3
11101620,Pikine Est,14.75791,-17.38715,Dakar,Pikine,0,,,,,,,,,,,1
11101621,Pikine Ouest,14.75227,-17.40496,Dakar,Pikine,0,,,,,,,,,,,1
11101622,Pikine Sud,14.74866,-17.39779,Dakar,Pikine,0,,,,,,,,,,,1
2246677,Pikini-Bougou,14.76222,-17.37694,Dakar,Pikine,0,,,,,,,,,,,1
2246676,Pindite,12.98056,-16.10111,Ziguinchor,Bignona,0,,,,,,,,,,,1
13509106,Pinlaw,14.24661,-16.3282,Kaolack,Kaolack,0,,,,,,,,,,,1
2246673,Pinpal,15.1953,-15.9415,Louga,Kebemer,0,,,,,,,,,,,1
13508558,Pintok,14.25338,-16.29541,Kaolack,Kaolack,0,,,,,,,,,,,1
2246672,Piouti,15.38333,-16.01667,Louga,Kebemer,0,,,,,,,,,,,1
2246670,Pir,14.05,-14.15,Tambacounda,Koumpentoum,0,,,,,,,,,,,2
2246671,Pir,14.01667,-14.15,Tambacounda,Koumpentoum,0,,,,,,,,,,,2
2246664,Pir Gourèye,15.0046,-16.722,Thies,Tivaoune,0,,,,,,,,,,,1
2246662,Pir Nango,14.08333,-14.65,Kaffrine,Koungheul,0,,,,,,,,,,,1
2246661,Pir Ndavène,14.1,-14.61667,Kaffrine,Koungheul,0,,,,,,,,,,,1
2246669,Pira,12.78333,-14.25,Kolda,Velingara,0,,,,,,,,,,,1
2246667,Piran,12.85,-16.23333,Ziguinchor,Bignona,0,,,,,,,,,,,1
2246665,Pirgi,12.43333,-15.73333,Sedhiou,Goudomp,0,,,,,,,,,,,1
2246663,Pirine Maoundé,12.68333,-14.2,Kolda,Velingara,0,,,,,,,,,,,1
2246660,Pirom,13.91667,-14.73333,Kaffrine,Koungheul,0,,,,,,,,,,,1
2246659,Pirou Ndari,14.8689,-16.68438,Thies,Thies,0,,,,,,,,,,,1
2246657,Pitiana,13.03333,-14.21667,Kolda,Velingara,0,,,,,,,,,,,1
13507302,Pobé,14.61719,-16.08877,Diourbel,Diourbel,0,,,,,,,,,,,1
13507439,Podom,14.41333,-16.61523,Fatick,Fatick,0,,,,,,,,,,,2
13508581,Podom,14.49648,-16.33676,Fatick,Fatick,0,,,,,,,,,,,2
13507455,Podom Tiamène,14.4111,-16.62761,Fatick,Fatick,0,,,,,,,,,,,1
6650652,Podor,16.64892,-14.96073,Saint Louis,Podor,11608,,,,,,,,,,,1
2246652,Pofdi,14.78134,-15.80889,Diourbel,Mbacke,0,,,,,,,,,,,1
2246653,Pofdi I,14.8,-15.8,Diourbel,Mbacke,0,,,,,,1,,,,,1
13504617,Pognène Peul,14.82937,-16.91016,Thies,Thies,0,,,,Peul (Fulani),Pognène,,,,,,1
13504584,Pognène Sérèr,14.82386,-16.91289,Thies,Thies,0,,,,Sérèr,Pognène,,,,,,1
2246650,Point E,14.70064,-17.46244,Dakar,Dakar,0,,,,,,,,,,,1
13507323,Pointe Peul,14.28784,-16.88996,Thies,Mbour,0,,,,Peul (Fulani),Pointe,,,,,,1
2246648,Pointe Sarène,14.28817,-16.91863,Thies,Mbour,0,,,,,,,,,,,1
2246649,Pointe-Saint-Georges,12.62833,-16.55861,Ziguinchor,Oussouye,0,,,,,,,,,,,1
2246643,Polel,15.26742,-13.00299,Matam,Kanel,0,,,,,,,,,,,1
2246641,Polel Diaoubé,15.26667,-13.0,Matam,Kanel,3000,,,,,,,,,,,1
2246640,Polongne,15.0561,-15.6548,Louga,Linguere,0,,,,,,,,,,,1
2246646,Polé,14.94591,-15.83383,Diourbel,Mbacke,0,,,,,,,,,,,1
2246644,Polék,14.44411,-16.42206,Fatick,Fatick,0,,,,,,,,,,,1
2246642,Polél Aouloubé,15.2744,-13.03101,Matam,Kanel,0,,,,,,,,,,,1
13507436,Pombane,14.35746,-16.66335,Fatick,Fatick,0,,,,,,,,,,,1
2246639,Pompone,13.9,-15.91667,Kaolack,Kaolack,0,,,,,,,,,,,1
2246638,Ponto,14.28333,-16.91667,,,0,,,,,,,,,,,1
2246637,Poponguine,14.55735,-17.11396,Thies,Mbour,8651,,,,,,,,,,,1
2595443,Poponguine Sérèr,14.5672,-17.09985,Thies,Mbour,0,,,,Sérèr,Poponguine,,,,,,1
2246634,Por Dramé,14.04513,-15.11153,Kaffrine,Koungheul,0,,,,,,,Dramé,Mandinka,,,1
2246633,Por Tialène,14.02298,-15.12601,Kaffrine,Koungheul,0,,,,,,,,,,,1
2246635,Poram,15.5717,-14.8027,Louga,Linguere,0,,,,,,,,,,,1
2246801,Poram Sérèr,14.52735,-16.01149,Fatick,Gossas,0,,,,Sérèr,Poram,,,,,,1
2246632,Potio,15.5618,-15.9349,Louga,Louga,0,,,,,,,,,,,1
2246631,Potio Peul,15.579,-15.9175,Louga,Louga,0,,,,Peul (Fulani),Potio,,,,,,1
2246630,Potou,15.71667,-16.5,Louga,Louga,0,,,,,,,,,,,2
2595630,Potou,14.71065,-17.15181,Dakar,Rufisque,0,,,,,,,,,,,2
2246629,Poua Diamo,16.23472,-15.02333,Saint Louis,Podor,0,,,,,,,,,,,1
2246628,Poubar,14.3,-14.63333,Tambacounda,Koumpentoum,0,,,,,,,,,,,1
2246627,Poubasse,12.47,-16.10694,Ziguinchor,Ziguinchor,0,,,,,,,,,,,1
2246626,Pouboul,12.51528,-16.13833,Ziguinchor,Ziguinchor,0,,,,,,,,,,,1
2246625,Pouboul Kanpanhe,12.51667,-16.15,Ziguinchor,Ziguinchor,0,,,,,,,,,,,1
2246623,Poudaye,14.81667,-16.61667,Diourbel,Bambey,0,,,,,,,,,,,2
2246624,Poudaye,14.54798,-16.46665,Fatick,Fatick,0,,,,,,,,,,,2
13506709,Poufoun,14.7479,-16.63645,Thies,Thies,0,,,,,,,,,,,1
2246611,Pougnar,14.83136,-16.54881,Diourbel,Bambey,0,,,,,,,,,,,1
2246622,Pouil Soump,15.16667,-16.25,Thies,Tivaoune,0,,,,,,,,,soump,tree,1
13509047,Poukham,14.3167,-16.15352,Kaolack,Kaolack,0,,,,,,,,,,,1
13508532,Poukham Deux,14.36699,-16.38419,Fatick,Fatick,0,,,,,,2,,,,,1
2246607,Poukham Tok,14.34966,-16.35212,Fatick,Fatick,0,,,,,,,,,,,1
2246608,Poukham Un,14.35751,-16.41235,Fatick,Fatick,24146,,,,,,1,,,,,1
2246621,Poukène,13.10064,-16.48669,Ziguinchor,Bignona,0,,,,,,,,,,,1
2246620,Poula Pissan,13.1,-14.16667,Kolda,Velingara,0,,,,,,,,,,,1
2246617,Poulmak,14.33303,-16.00764,Kaolack,Guinguineo,0,,,,,,,,,,,1
2246615,Poultok,14.41869,-16.69037,Thies,Mbour,0,,,,,,,,,,,1
2246614,Poultok Diohine,14.52642,-16.48521,Fatick,Fatick,0,,,,,,,,,,,1
2246618,Poulèm,15.56302,-13.42477,Matam,Matam,0,,,,,,,,,,,2
2246619,Poulèm,14.76667,-15.51667,Diourbel,Mbacke,0,,,,,,,,,,,2
2246613,Poundioum,15.93611,-16.40194,Saint Louis,Saint Louis,0,,,,,,,,,,,1
2246610,Pourdi,15.3045,-15.3106,Louga,Linguere,0,,,,,,,,,,,1
6645317,Pourèle,16.10549,-13.88767,Saint Louis,Podor,0,,,,,,,,,,,1
6644089,Pouré,15.42485,-13.02115,Matam,Kanel,0,,,,,,,,,,,1
2246609,Pouréga,12.93333,-13.93333,Kolda,Velingara,0,,,,,,,,,,,1
2246606,Pout,14.77099,-17.06107,Thies,Thies,23728,,,,,,,,,,,1
2246602,Pout Diak,14.66609,-16.85623,Thies,Thies,0,,,,,,,,,,,1
13506473,Pout Ndof,14.63989,-16.87318,Thies,Thies,0,,,,,,,,,,,1
2246601,Poutou,14.7,-17.43333,Dakar,Dakar,0,,,,,,,,,,,1
2246603,Pouté,15.6507,-14.2279,Saint Louis,Podor,0,,,,,,,,,,,1
2246732,Poyoma,13.86054,-16.26006,Fatick,Foundiougne,0,,,,,,,,,,,1
2246596,Prokhane,13.7,-15.83333,Kaolack,Nioro Du Rip,0,,,,,,,,,,,1
2246890,Pâfa,14.23977,-15.08514,Kaffrine,Malem Hodar,0,,,,,,,,,,,1
2246887,Pâfa Deux,14.20928,-15.98296,Kaolack,Guinguineo,0,,,,,,2,,,,,1
2246888,Pâfa Un,14.20757,-15.99164,Kaolack,Guinguineo,0,,,,,,1,,,,,1
2246868,Pâki,14.68588,-17.10478,Thies,Mbour,0,,,,,,,,,,,1
13508580,Pèdjiré,14.45617,-16.4685,Fatick,Fatick,0,,,,,,,,,,,1
13505367,Pèw Fal,14.92631,-16.29579,Diourbel,Diourbel,0,,,,,,,Fal,Wolof,,,1
2253530,Pèye Bounkhoye,14.78322,-16.39637,Diourbel,Bambey,0,,,,,,,,,,,1
2246681,Pèykouk,14.77342,-16.88635,Thies,Thies,0,,,,,,,,,,,1
2246730,Pégné,13.08838,-16.32225,Ziguinchor,Bignona,0,,,,,,,,,,,1
2246728,Pékès,15.1074,-16.4161,Thies,Tivaoune,0,,,,,,,,,,,1
13506507,Pélèw,14.67731,-16.92288,Thies,Thies,0,,,,,,,,,,,1
6917801,Pélél Kindéssa,12.3758,-12.3742,Kedougou,Kedougou,0,,,,,,,,,,,1
2246722,Pénédji,15.75,-16.08333,Louga,Louga,0,,,,,,,,,,,1
2246711,Pétel,14.45,-14.63333,Tambacounda,Koumpentoum,0,,,,,,,,,,,1
2246720,Péthie,14.06241,-16.36349,Fatick,Foundiougne,0,,,,,,,,,,,1
2246695,Pétiadji,15.7094,-15.9396,Louga,Louga,0,,,,,,,,,,,1
13508978,Pétiaka,14.38558,-16.22843,Fatick,Fatick,0,,,,,,,,,,,1
2246688,Pétogne,15.1,-16.06667,Louga,Kebemer,0,,,,,,,,,,,1
2246714,Pétègne,14.32769,-15.80851,Kaolack,Guinguineo,0,,,,,,,,,,,1
2246713,Pétègne Kahone,14.31667,-15.8,Kaolack,Guinguineo,0,,,,,,,,,,,1
2246717,Pété,16.10798,-13.94973,Saint Louis,Podor,4211,,,,,,,,,,,3
2246718,Pété,15.4982,-14.4202,Saint Louis,Podor,0,,,,,,,,,,,3
2246719,Pété,14.09316,-15.44427,Kaffrine,Kaffrine,0,,,,,,,,,,,3
2246700,Pété Nianguène,15.6173,-15.9874,Louga,Louga,0,,,,,,,,,,,1
2246698,Pété Ouarak,15.6458,-15.9912,Louga,Louga,0,,,,,,,,,,,1
2246697,Pété Peul,15.6372,-15.9664,Louga,Louga,0,,,,Peul (Fulani),Pété,,,,,,1
13658791,Quanté,13.07664,-16.15453,Ziguinchor,Bignona,0,,,,,,,,,,,1
11237887,Quarter Angel Mouss,14.77887,-17.37093,Dakar,Guediawaye,0,,,,,,,,,,,1
2595718,Quartier Usine,14.70986,-17.44813,Dakar,Dakar,0,,,,,,,,,,,1
2246592,Rabou Nafé,14.98333,-15.76667,Louga,Linguere,0,,,,,,,,,,,1
2246589,Rahel Torodé,14.0,-13.06667,Tambacounda,Goudiry,0,,,,,,,,,,,1
2596081,Rakhmane,15.84417,-16.39222,Saint Louis,Saint Louis,0,,,,,,,,,,,1
2596082,Rakhmane Sal,15.84389,-16.40639,Saint Louis,Saint Louis,0,,,,,,,,,,,1
2246587,Ramnane,14.96667,-15.93333,Diourbel,Mbacke,0,,,,,,,,,,,1
2246588,Raméda,15.0938,-15.9826,Louga,Kebemer,0,,,,,,,,,,,1
13551963,Ranch de Doli,14.75421,-15.14488,Louga,Linguere,0,,,,,,,,,,,1
2246586,Randone,12.74028,-16.29806,Ziguinchor,Bignona,0,,,,,,,,,,,1
2246583,Ranoua,15.91359,-13.47362,Matam,Matam,0,,,,,,,,,,,1
2246585,Ranérou,15.3,-13.96667,Matam,Ranerou,3027,,,,,,,,,,,1
2246584,Ranéwi,14.48222,-15.74179,Fatick,Gossas,0,,,,,,,,,,,1
2246582,Rao,15.9096,-16.3954,Saint Louis,Saint Louis,0,,,,,,,,,,,1
2596115,Rao Peul,15.91333,-16.41306,Saint Louis,Saint Louis,0,,,,Peul (Fulani),Rao,,,,,,1
2246580,Raouna Djidéré,13.03333,-15.01667,Kolda,Kolda,0,,,,,,,,,,,1
2246533,Rassa,14.69009,-15.84001,Diourbel,Mbacke,0,,,,,,,,,,,1
2246579,Rat Peul,15.38333,-16.13333,Louga,Kebemer,0,,,,Peul (Fulani),Rat,,,,,,1
2246578,Rayane Mourit,14.46667,-16.05,Fatick,Gossas,0,,,,,,,,,,,1
2246577,Rayèt,15.68333,-16.46667,Louga,Louga,0,,,,,,,,,,,1
2595753,Rebeus,14.67583,-17.44611,Dakar,Dakar,0,,,,,,,,,,,1
2246574,Rehahi,14.41667,-14.4,Tambacounda,Koumpentoum,0,,,,,,,,,,,1
2246565,Rhabalou,14.46667,-16.6,Thies,Mbour,0,,,,,,,,,,,1
2246560,Rhari,14.73333,-17.11667,Thies,Thies,0,,,,,,,,,,,1
2246557,Rhazabé,14.55,-17.06667,Thies,Mbour,0,,,,,,,,,,,1
2246551,Rhor,16.49667,-15.91889,Saint Louis,Dagana,0,,,,,,,,,,,1
2246550,Rhouma,16.46222,-15.68194,Saint Louis,Dagana,0,,,,,,,,,,,1
2246548,Ribo Escale,14.36667,-14.68333,Kaffrine,Koungheul,0,,,,,,,,,,,1
2246547,Ribo Kodiolé,14.41667,-14.75,Kaffrine,Koungheul,0,,,,,,,,,,,1
2246546,Ribo Moussa,14.38333,-14.71667,Kaffrine,Koungheul,0,,,,,,,,,,,1
2246544,Richard-Toll,16.4625,-15.70083,Saint Louis,Dagana,73147,,,,,,,,,,,1
2596085,Rikot,15.84639,-16.46611,Saint Louis,Saint Louis,0,,,,,,,,,,,1
2246536,Rimbakh,14.6612,-16.45302,Diourbel,Bambey,0,,,,,,,,,,,3
2246537,Rimbakh,15.9384,-16.1253,Louga,Louga,0,,,,,,,,,,,3
13505517,Rimbakh,14.84921,-16.2308,Diourbel,Diourbel,0,,,,,,,,,,,3
2246535,Ringaye,15.96667,-16.01667,Louga,Louga,0,,,,,,,,,,,1
6647983,Rinkori,14.47336,-12.83673,Tambacounda,Goudiry,0,,,,,,,,,,,1
13505396,Rintabé,14.83665,-16.3753,Diourbel,Bambey,0,,,,,,,,,,,1
13505384,Rip,14.94249,-16.43691,Diourbel,Bambey,0,,,,,,,,,,,1
2246534,Risso,15.08333,-16.63333,Thies,Tivaoune,0,,,,,,,,,,,1
2246531,Rodiel,14.65,-16.2,Diourbel,Diourbel,0,,,,,,,,,,,1
2246529,Rof,14.4,-16.71667,Thies,Mbour,0,,,,,,,,,,,2
2246530,Rof,14.29698,-16.87005,Thies,Mbour,0,,,,,,,,,,,2
2246532,Roh,14.191,-16.62705,Fatick,Fatick,0,,,,,,,,,,,1
2246527,Rolore,13.98333,-13.41667,Tambacounda,Goudiry,0,,,,,,,,,,,1
2246526,Romane,15.25,-16.61667,Louga,Kebemer,0,,,,,,,,,,,1
2246525,Rong,16.48778,-15.98806,Saint Louis,Dagana,0,,,,,,,,,,,1
2246524,Rorane,13.91667,-15.51667,Kaffrine,Birkelane,0,,,,,,,,,,,1
2246523,Ross-Bétio,16.27333,-16.13778,Saint Louis,Dagana,11588,,,,,,,,,,,1
2246522,Rosso,16.42028,-15.79834,Saint Louis,Dagana,9923,,,,,,,,,,,1
2246521,Rote Eri,15.4709,-15.4151,Louga,Linguere,0,,,,,,,,,,,1
2246520,Roto,15.4639,-15.377,Louga,Linguere,0,,,,,,,,,,,1
2246516,Roumdé Boyénadji,15.653,-13.34484,Matam,Matam,0,,,,,,,,,,,1
2246517,Roundé,16.20204,-14.04171,Saint Louis,Podor,0,,,,,,,,,,,1
2246513,Roye Dièye,15.7736,-16.1487,Louga,Louga,0,,,,,,,,,,,1
2246512,Rufisque,14.71542,-17.27334,Dakar,Rufisque,295459,,,,,,,,,,,1
11101625,Rufisque est,14.7162,-17.27283,Dakar,Rufisque,221066,,,,,,,,,,,1
11101624,Rufisque nord,14.73836,-17.25652,Dakar,Rufisque,0,,,,,,,,,,,1
11101626,Rufisque ouest,14.7167,-17.2869,Dakar,Rufisque,0,,,,,,,,,,,1
2246590,Râfo,14.5961,-17.09325,Thies,Mbour,0,,,,,,,,,,,1
2246571,Rènda,15.8359,-15.1963,Louga,Linguere,0,,,,,,,,,,,1
2246572,Rèndo,15.9173,-14.5229,Saint Louis,Podor,0,,,,,,,,,,,1
2246575,Réfane,14.78909,-16.61422,Diourbel,Bambey,0,,,,,,,,,,,1
2246568,Révane,15.6181,-14.3968,Saint Louis,Podor,0,,,,,,,,,,,1
2246567,Révouane,14.93333,-14.56667,Matam,Ranerou,0,,,,,,,,,,,1
13504674,Réw Mawa,14.81459,-16.6192,Diourbel,Bambey,0,,,,,,,,,,,1
2595749,S.I.C.A.P. Amitié Deux,14.70191,-17.45818,Dakar,Dakar,0,,,,,,2,,,,,1
2595746,S.I.C.A.P. Amitié Un,14.70611,-17.46167,Dakar,Dakar,0,,,,,,1,,,,,1
2595742,S.I.C.A.P. Baobabs,14.70783,-17.46335,Dakar,Dakar,0,,,,,,,,,,,1
2595734,S.I.C.A.P. Dieupeul,14.71962,-17.4536,Dakar,Dakar,0,,,,,,,,,,,1
2595743,S.I.C.A.P. Karak,14.70536,-17.46746,Dakar,Dakar,0,,,,,,,,,,,1
2595737,S.I.C.A.P. Liberté Deux,14.71528,-17.45889,Dakar,Dakar,0,,,,,,2,,,,,1
2595739,S.I.C.A.P. Liberté Quatre,14.72083,-17.45972,Dakar,Dakar,0,,,,,,4,,,,,1
2595748,S.I.C.A.P. Liberté Six,14.72833,-17.46194,Dakar,Dakar,0,,,,,,,,,,,1
2595733,S.I.C.A.P. Liberté Trois,14.71806,-17.455,Dakar,Dakar,0,,,,,,3,,,,,1
2595738,S.I.C.A.P. Liberté Un,14.71167,-17.46111,Dakar,Dakar,0,,,,,,1,,,,,1
2595740,S.I.C.A.P. Liberté Çinq,14.72361,-17.46139,Dakar,Dakar,0,,,,,,,,,,,1
2595744,S.I.C.A.P. Mermoz,14.70564,-17.47369,Dakar,Dakar,0,,,,,,,,,,,1
2595735,S.I.C.A.P. Route des PUITS,14.70917,-17.45972,Dakar,Dakar,0,,,,,,,,,,,1
2595747,S.I.C.A.P. Rue Dix,14.70528,-17.45944,Dakar,Dakar,0,,,,,,,,,,,1
2595741,S.I.C.A.P. Sacré-Cœur,14.71833,-17.46278,Dakar,Dakar,0,,,,,,,,,,,1
2246251,Sa Niébé,15.1,-16.11667,Louga,Kebemer,0,,,,,,,,,,,1
2246492,Sab Sabré,14.48333,-14.98333,Kaffrine,Koungheul,0,,,,,,,,,,,1
13508513,Saba,14.48187,-16.3223,Fatick,Fatick,0,,,,,,,,,,,1
2246506,Sabaké,13.81667,-13.96667,Tambacounda,Tambacounda,0,,,,,,,,,,,1
2246504,Sabali Kounda,12.71667,-14.01667,Kolda,Velingara,0,kounda,Mandinka,,,,,,,,,1
2246503,Sabalor,13.66667,-13.36667,Tambacounda,Goudiry,0,,,,,,,,,,,1
2246502,Sabar Deux,14.37948,-16.13073,Fatick,Fatick,0,,,,,,2,,,,,1
13508981,Sabar Un,14.36626,-16.13265,Kaolack,Kaolack,0,,,,,,1,,,,,1
2246500,Sabikassé,13.76667,-13.21667,Tambacounda,Goudiry,0,,,,,,,,,,,1
2246499,Sabka,15.25,-16.61667,Louga,Kebemer,0,,,,,,,,,,,1
2246498,Sabodala,13.16119,-12.11268,Kedougou,Saraya,0,,,,,,,,,,,1
6658926,Saboussiré,12.75748,-11.9225,Kedougou,Saraya,0,,,,,,,,,,,1
2246496,Saboussiré Foulbé,14.92349,-12.59876,Matam,Kanel,0,,,,,,,,,,,1
6647995,Saboussiré Gatiari,14.33265,-12.10927,Tambacounda,Bakel,0,,,,,,,,,,,1
2246494,Saboya,13.61911,-16.083,Kaolack,Nioro Du Rip,0,,,,,,,,,,,2
13658310,Saboya,13.73128,-16.42247,Fatick,Foundiougne,0,,,,,,,,,,,2
2246482,Sad Kovo,15.63333,-16.5,Louga,Kebemer,0,,,,,,,,,,,1
2250059,Sadarou Fam,14.72424,-16.88842,Thies,Thies,0,,,,,,,,,,,1
2246487,Sadi Ara,15.3218,-15.8312,Louga,Kebemer,0,,,,,,,,,,,1
2246489,Sadiala Aba,12.85417,-15.10306,Kolda,Kolda,0,,,,,,,,,,,1
2246488,Sadialé,16.19861,-15.99694,Saint Louis,Dagana,0,,,,,,,,,,,1
2246485,Sadio,14.79853,-15.54572,Diourbel,Mbacke,0,,,,,,,,,,,1
13658064,Sadio Kounda,13.84258,-16.40974,Fatick,Foundiougne,0,kounda,Mandinka,,,,,,,,,1
13658036,Sadio Sala,13.80976,-16.3896,Fatick,Foundiougne,0,,,,,,,,,,,1
2246484,Sadioga,14.04593,-16.38409,Fatick,Foundiougne,0,,,,,,,,,,,1
2246483,Sadiou Boulou,13.8,-13.95,Tambacounda,Tambacounda,0,,,,,,,,,,,1
2246481,Sadok,15.6708,-14.6064,Matam,Ranerou,0,,,,,,,,,,,1
13504763,Sadou Fal,14.93859,-16.59938,Diourbel,Bambey,0,,,,,,,Fal,Wolof,,,1
13504775,Sadou Tidiane,14.94561,-16.59626,Diourbel,Bambey,0,,,,,,,,,,,1
2246490,Sadél,15.9,-13.33333,Matam,Matam,0,,,,,,,,,,,1
2246477,Safalou,13.46667,-13.08333,Tambacounda,Goudiry,0,,,,,,,,,,,1
2246476,Safalou I,13.5,-13.63333,Tambacounda,Tambacounda,0,,,,,,1,,,,,1
2246475,Safalou II,13.5,-13.58333,Tambacounda,Tambacounda,0,,,,,,2,,,,,1
2246474,Safane,12.49778,-15.72056,Sedhiou,Goudomp,0,,,,,,,,,,,1
2246473,Sag,15.6876,-16.57,Louga,Louga,0,,,,,,,,,,,1
2246472,Sagalèm,14.69298,-16.48713,Diourbel,Bambey,0,,,,,,,,,,,2
13506773,Sagalèm,14.72431,-16.61608,Thies,Thies,0,,,,,,,,,,,2
2246471,Sagaridji,12.3611,-12.285,Kedougou,Kedougou,0,,,,,,,,,,,1
2246469,Sagata,15.2758,-16.1739,Louga,Kebemer,0,,,,,,,,,,,2
2246470,Sagata,15.2194,-15.5568,Louga,Linguere,0,,,,,,,,,,,2
2595892,Sagnafil,14.76706,-17.07563,Thies,Thies,0,,,,,,,,,,,1
2246252,Sagnanèm,14.02855,-16.07419,Kaolack,Kaolack,0,,,,,,,,,,,1
13509002,Sagnar,14.27109,-16.10016,Kaolack,Guinguineo,0,,,,,,,,,,,1
2246468,Sagne,14.40899,-16.40829,Fatick,Fatick,0,,,,,,,,,,,1
2246467,Sagne Bambara,14.20256,-16.19138,Kaolack,Kaolack,0,,,,Bambara,Sagne,,,,,,1
2245696,Sagne Folo,14.49129,-16.37241,Fatick,Fatick,0,,,,,,,,,,,1
2246460,Sahadatou,14.78908,-15.5936,Diourbel,Mbacke,0,,,,,,,,,,,2
6611632,Sahadatou,15.19028,-12.87083,Matam,Kanel,0,,,,,,,,,,,2
2246458,Saham Diébel,13.91667,-14.8,Kaffrine,Koungheul,0,,,,,,,,,,,1
2246452,Saint-Louis,16.01793,-16.48962,Saint Louis,Saint Louis,254171,,,,,,,,,,,1
2246449,Sak,15.08333,-16.6,Thies,Tivaoune,0,,,,,,,,,,,1
2246445,Sakal,15.8219,-16.2155,Louga,Louga,0,,,,,,,,,,,2
2246446,Sakal,15.6,-16.06667,Louga,Louga,0,,,,,,,,,,,2
2246443,Sakalé,15.4366,-15.9722,Louga,Louga,0,,,,,,,,,,,1
2246441,Sakar,12.84139,-15.44083,Sedhiou,Sedhiou,0,,,,,,,,,,,1
13554016,Sakhagne Deux,14.29078,-15.88982,Kaolack,Guinguineo,0,,,,,,2,,,,,1
2246447,Sakhagne Un,14.2959,-15.89549,Kaolack,Guinguineo,0,,,,,,1,,,,,1
2246442,Sakhaw,14.3046,-16.31855,Fatick,Fatick,0,,,,,,,,,,,1
2245752,Sakhmak,14.44924,-16.1909,Fatick,Gossas,0,,,,,,,,,,,1
6657637,Sakhodofi,12.95265,-11.93277,Kedougou,Saraya,0,,,,,,,,,,,1
6657638,Sakhofara,12.88191,-11.90108,Kedougou,Saraya,0,,,,,,,,,,,1
2245751,Sakhor Tokane,14.23175,-16.51971,Fatick,Fatick,0,,,,,,,,,,,1
2246435,Sakhouya,12.50704,-11.59709,Kedougou,Saraya,0,,,,,,,,,,,2
2246440,Sakhouya,12.47801,-11.88334,Kedougou,Kedougou,0,,,,,,,,,,,2
2595470,Sakirak,14.6459,-17.0821,Thies,Mbour,0,,,,,,,,,,,1
2246437,Sako,14.36667,-14.61667,Tambacounda,Koumpentoum,0,,,,,,,,,,,3
2246438,Sako,12.80472,-15.19306,Sedhiou,Goudomp,0,,,,,,,,,,,3
6648004,Sako,14.33846,-12.3745,Tambacounda,Bakel,0,,,,,,,,,,,3
2246434,Salao,14.88333,-16.15,Diourbel,Diourbel,0,,,,,,,,,,,1
2246433,Salaya,12.4648,-12.4812,Kedougou,Salemata,0,,,,,,,,,,,1
2246432,Saldé,16.16217,-13.88537,Saint Louis,Podor,0,,,,,,,,,,,1
2246430,Salemboulou,13.78333,-13.53333,Tambacounda,Tambacounda,0,,,,,,,,,,,1
2246428,Salguer,15.0818,-15.2324,Louga,Linguere,0,,,,,,,,,,,1
2246427,Sali,13.86667,-14.91667,Kaffrine,Koungheul,0,,,,,,,,,,,2
2595222,Sali,14.44111,-17.01944,Thies,Mbour,41811,,,,,,,,,,,2
13507315,Sali Douté,14.42559,-16.93177,Thies,Mbour,0,,,,,,,,,,,1
2595385,Sali Joseph,14.45701,-17.00857,Thies,Mbour,0,,,,,,,,,,,1
2246421,Sali Niakhniakhal,14.43498,-17.00063,Thies,Mbour,0,,,,,,,,,,,1
2246419,Sali Portudal,14.44444,-17.01679,Thies,Mbour,0,,,,,,,,,,,1
2246417,Sali Tapé,14.45403,-17.00168,Thies,Mbour,0,,,,,,,,,,,1
2246426,Salikégné,13.25,-15.78333,Sedhiou,Bounkiling,0,,,,,,,,,,,1
2246424,Salikénié,12.85194,-15.55667,Sedhiou,Sedhiou,0,,,,,,,,,,,2
2246425,Salikénié,12.66667,-14.75,,,0,,,,,,,,,,,2
2246423,Salim,15.61667,-16.35,Louga,Louga,0,,,,,,,,,,,1
2246422,Salindiaye,12.69278,-16.76639,Ziguinchor,Bignona,0,,,,,,,,,,,1
2246420,Saliote,12.50083,-15.82222,Sedhiou,Goudomp,0,,,,,,,,,,,1
2246415,Salndou,15.71644,-13.3448,Matam,Matam,0,,,,,,,,,,,1
2595549,Salndéwas,14.74011,-17.12653,Thies,Thies,0,,,,,,,,,,,1
2246414,Salo,13.02913,-16.23827,Ziguinchor,Bignona,0,,,,,,,,,,,1
2246410,Salou Ndiagne,14.55,-15.63333,Fatick,Gossas,0,,,,,,,,,,,1
2246413,Saloulou,12.76139,-16.76278,Ziguinchor,Bignona,0,,,,,,,,,,,1
2246431,Salémata,12.6285,-12.8166,Kedougou,Salemata,4752,,,,,,,,,,,1
2246429,Salénia,14.21667,-15.9,Kaolack,Guinguineo,0,,,,,,,,,,,1
2246401,Sam,15.8,-16.03333,Louga,Louga,0,,,,,,,,,,,8
2246402,Sam,15.71667,-16.48333,Louga,Louga,0,,,,,,,,,,,8
2246404,Sam,14.81667,-15.51667,Diourbel,Mbacke,0,,,,,,,,,,,8
2246405,Sam,14.78333,-15.9,Diourbel,Mbacke,0,,,,,,,,,,,8
2246406,Sam,14.71667,-16.05,Diourbel,Mbacke,0,,,,,,,,,,,8
2246407,Sam,13.9,-15.21667,Kaffrine,Kaffrine,0,,,,,,,,,,,8
2246408,Sam,13.7,-15.83333,Kaolack,Nioro Du Rip,0,,,,,,,,,,,8
2253127,Sam,14.26979,-16.07483,Kaolack,Guinguineo,0,,,,,,,,,,,8
2246343,Sam Boudou,15.9028,-15.4129,Louga,Linguere,0,,,,,,,,,,,1
13505459,Sam Dieng,14.93066,-16.31678,Diourbel,Diourbel,0,,,,,,,Dieng,Wolof,,,1
13551551,Sam Fal,14.90328,-15.57208,Louga,Linguere,0,,,,,,,Fal,Wolof,,,1
13504651,Sam Golbi,14.93846,-16.56482,Diourbel,Bambey,0,,,,,,,,,,,1
2246326,Sam Gueye,15.45,-16.58333,Louga,Kebemer,0,,,,,,,Gueye,Wolof,,,2
2246327,Sam Gueye,15.35,-16.6,Louga,Kebemer,0,,,,,,,Gueye,Wolof,,,2
2246325,Sam Guéyène,13.33333,-14.75,Kolda,Medina Yoroufoula,0,,,,,,,,,,,1
13507242,Sam Kontor,14.73156,-16.06772,Diourbel,Mbacke,0,,,,,,,,,,,1
2246403,Sam Lâ,14.86558,-15.92458,Diourbel,Mbacke,0,,,,,,,,,,,1
2245597,Sam Moussa,14.14991,-16.10798,Kaolack,Kaolack,0,,,,,,,,,,,1
13504581,Sam Ndiaye,14.85184,-16.86804,Thies,Thies,0,,,,,,,Ndiaye,Wolof,,,1
2246318,Sam Ngom,15.28333,-16.6,Louga,Kebemer,0,,,,,,,Ngom,Sérèr,,,1
2246317,Sam Niang,14.11667,-14.63333,Kaffrine,Koungheul,0,,,,,,,Niang,Wolof,,,1
2246311,Sam Sek,15.58333,-16.33333,Louga,Louga,0,,,,,,,,,,,1
2246310,Sam Sissé,13.3,-14.68333,Kolda,Medina Yoroufoula,0,,,,,,,,,,,1
11101615,Sam notaire,14.77534,-17.38887,Dakar,Guediawaye,0,,,,,,,,,,,1
2246312,Sam-Sam,16.30417,-15.66889,Saint Louis,Dagana,0,,,,,,,,,,,1
2246398,Sama Ndiayène,13.99366,-16.09285,Kaolack,Kaolack,0,,,,,,,,,,,1
2246400,Sama Toucouleur,14.00699,-16.07342,Kaolack,Kaolack,0,,,,Toucouleur (Haalpulaar),Sama,,,,,,1
2246399,Samadala,13.60206,-12.07796,Tambacounda,Bakel,0,,,,,,,,,,,1
13658139,Samako,13.78206,-16.10497,Kaolack,Nioro Du Rip,0,,,,,,,,,,,1
2246394,Samakou Dara,14.1998,-12.12308,Tambacounda,Bakel,0,,,,,,,,,,,1
2246393,Samakoung,12.75167,-15.81583,Sedhiou,Sedhiou,0,,,,,,,,,,,1
13507334,Samane,14.41906,-16.83873,Thies,Mbour,0,,,,,,,,,,,1
2246391,Samatit,12.53472,-16.64,Ziguinchor,Oussouye,0,,,,,,,,,,,1
2246388,Samaye,12.79289,-13.61815,Kolda,Velingara,0,,,,,,,,,,,1
2246397,Samayél,14.96996,-16.72619,Thies,Tivaoune,0,,,,,,,,,,,1
2246387,Samba,14.4,-15.76667,Kaolack,Guinguineo,0,,,,,,,,,,,1
2246386,Samba Adiouma,15.4411,-15.8389,Louga,Louga,0,,,,,,,,,,,1
2246385,Samba Bilè,15.5559,-15.7338,Louga,Louga,0,,,,,,,,,,,1
2246384,Samba Dia,14.13083,-16.72782,Fatick,Fatick,0,,,,,,,Dia,Pulaar,,,1
2246382,Samba Diagne,14.43333,-15.9,Fatick,Gossas,0,,,,,,,Diagne,Wolof,,,1
7118124,Samba Diallo,14.13938,-16.696,Fatick,Fatick,500,,,,,,,Diallo,Pulaar,,,1
2246380,Samba Diari,13.91667,-14.28333,Tambacounda,Koumpentoum,0,,,,,,,,,,,1
2246379,Samba Dieye,15.6827,-15.6297,Louga,Louga,0,,,,,,,,,,,1
2246377,Samba Diop,14.53333,-15.9,Fatick,Gossas,0,,,,,,,Diop,Wolof,,,1
2246376,Samba Doguel,15.2686,-14.0537,Matam,Ranerou,0,,,,,,,,,,,1
2246374,Samba Gasso,14.55707,-15.93427,Diourbel,Mbacke,0,,,,,,,,,,,1
2246373,Samba Gourma,15.3972,-15.1671,Louga,Linguere,0,,,,,,,,,,,1
2246371,Samba Kolo,14.01667,-13.56667,Tambacounda,Goudiry,0,,,,,,,,,,,1
2246303,Samba Kontaye,14.67293,-12.44491,Tambacounda,Bakel,0,,,,,,,,,,,1
6648015,Samba Niamé,14.76739,-12.44167,Tambacounda,Bakel,0,,,,,,,,,,,1
2246361,Samba Sadio,15.6,-16.03333,Louga,Louga,0,,,,,,,,,,,1
2246357,Samba Siré,13.8,-15.66667,Kaolack,Nioro Du Rip,0,,,,,,,,,,,1
2246358,Samba Sérèr,14.05,-13.55,Tambacounda,Goudiry,0,,,,Sérèr,Samba,,,,,,1
13505414,Samba Tal,14.89036,-16.43743,Diourbel,Bambey,0,,,,,,,,,,,1
13506978,Samba Toud,14.59157,-16.38344,Fatick,Fatick,0,,,,,,,,,,,1
2246353,Samba Yabé,14.25,-13.9,Tambacounda,Tambacounda,0,,,,,,,,,,,1
2246359,Samba-Sembé,15.8493,-15.501,Louga,Linguere,0,,,,,,,,,,,1
2246381,Sambadian,13.81667,-13.63333,Tambacounda,Tambacounda,0,,,,,,,,,,,1
2246301,Sambagal,12.3888,-12.153,Kedougou,Kedougou,0,,,,,,,,,,,1
2246370,Sambakolo,14.2228,-12.3811,Tambacounda,Bakel,0,,,,,,,,,,,1
2246369,Sambakounda,13.25,-14.05,Kolda,Velingara,0,kounda,Mandinka,,,,,,,,,1
13554017,Samban Peul,14.34222,-15.93501,Kaolack,Guinguineo,0,,,,Peul (Fulani),Samban,,,,,,1
13658209,Sambandé,13.98017,-16.04479,Kaolack,Kaolack,0,,,,,,,,,,,1
13509033,Sambane,14.3803,-16.1462,Fatick,Fatick,0,,,,,,,,,,,1
2246368,Sambangaye,13.58333,-14.33333,Tambacounda,Tambacounda,0,,,,,,,,,,,1
2246366,Sambar,15.73333,-16.06667,Louga,Louga,0,,,,,,,,,,,1
2246365,Sambaraboubou,13.11667,-11.85,Kedougou,Saraya,0,,,,,,,,,,,1
2246364,Sambardé,13.2,-14.38333,Kolda,Medina Yoroufoula,0,,,,,,,,,,,1
2246354,Sambaya,12.81667,-13.61667,Kolda,Velingara,0,,,,,,,,,,,1
2246295,Sambayayé,14.00481,-12.19506,Tambacounda,Bakel,0,,,,,,,,,,,1
2246352,Sambaye Karang,14.93518,-16.97729,Thies,Tivaoune,0,,,,,,,,,,,1
2246346,Sambobo,14.9,-15.7,Louga,Linguere,0,,,,,,,,,,,1
2246345,Samboko,13.41294,-12.05968,Tambacounda,Bakel,0,,,,,,,,,,,1
2246344,Sambokounda,12.63972,-15.49861,Sedhiou,Goudomp,0,kounda,Mandinka,,,,,,,,,1
2246342,Sambouladian,13.07418,-16.4887,Ziguinchor,Bignona,0,,,,,,,,,,,1
2246341,Sambouloum,13.06667,-14.76667,Kolda,Medina Yoroufoula,0,,,,,,,,,,,1
2246340,Samboumba,13.63128,-16.04264,Kaolack,Nioro Du Rip,0,,,,,,,,,,,1
6645315,Sambowté,16.11593,-13.85953,Saint Louis,Podor,0,,,,,,,,,,,1
2246348,Sambène,14.73333,-16.31667,Diourbel,Bambey,0,,,,,,,,,,,2
2252435,Sambène,14.71963,-16.27633,Diourbel,Diourbel,0,,,,,,,,,,,2
2246350,Sambé Guént,14.70184,-16.18684,Diourbel,Diourbel,0,,,,,,,,,,,1
2246351,Sambé Peul,14.69715,-16.15021,Diourbel,Diourbel,0,,,,Peul (Fulani),Sambé,,,,,,1
2244356,Sambé Tokossone,14.69211,-16.1759,Diourbel,Diourbel,0,,,,,,,,,,,1
2246347,Sambéri,13.73333,-13.98333,Tambacounda,Tambacounda,0,,,,,,,,,,,1
2246328,Same Ndiaye,15.68333,-16.38333,Louga,Louga,0,,,,,,,Ndiaye,Wolof,,,1
2246324,Samik Diola,12.49861,-16.04417,Ziguinchor,Ziguinchor,0,,,,Diola (Jola),Samik,,,,,,1
2246323,Samik Mandjak,12.48417,-16.04444,Ziguinchor,Ziguinchor,0,,,,,,,,,,,1
2246322,Samine Escale,12.49417,-15.63139,Sedhiou,Goudomp,4848,,,,,,,,,,,1
2245665,Samkhèthie,14.6156,-17.08399,Thies,Mbour,0,,,,,,,,,,,1
2246319,Sammali,15.4887,-15.6582,Louga,Linguere,0,,,,,,,,,,,1
6917780,Samou,12.6391,-12.8305,Kedougou,Salemata,0,,,,,,,,,,,1
2246316,Samouna,12.81694,-16.42944,Ziguinchor,Bignona,0,,,,,,,,,,,1
2246313,Samsam,14.95282,-16.47931,Diourbel,Bambey,0,,,,,,,,,,,2
2246314,Samsam,14.88742,-16.06931,Diourbel,Mbacke,0,,,,,,,,,,,2
2246309,Samtoulou,12.86972,-15.18611,Sedhiou,Sedhiou,0,,,,,,,,,,,1
2246336,Samé,13.66812,-12.47052,Tambacounda,Goudiry,0,,,,,,,,,,,4
2246337,Samé,13.62924,-16.42907,Fatick,Foundiougne,0,,,,,,,,,,,4
2246338,Samé,13.56958,-12.82975,Tambacounda,Goudiry,0,,,,,,,,,,,4
2246339,Samé,13.31121,-11.59429,Kedougou,Saraya,0,,,,,,,,,,,4
2246334,Samé Foulayel,12.90944,-15.24861,Sedhiou,Sedhiou,0,,,,,,,,,,,1
2246330,Samé Kouta,12.89639,-15.23611,Sedhiou,Sedhiou,0,,,,,,,,,,,1
2246333,Samékhoto,12.63911,-11.70712,Kedougou,Saraya,0,,,,,,,,,,,1
2246329,Samékouta,13.75,-13.78333,Tambacounda,Tambacounda,0,,,,,,,,,,,3
2246331,Samékouta,12.6085,-12.1279,Kedougou,Kedougou,0,,,,,,,,,,,3
2246332,Samékouta,12.5926,-11.66156,Kedougou,Saraya,0,,,,,,,,,,,3
13507327,San,14.49801,-16.75412,Thies,Mbour,0,,,,,,,,,,,1
2246308,Sanar,16.06639,-16.42694,Saint Louis,Saint Louis,0,,,,,,,,,,,1
2246299,Sanbangaye,13.56667,-14.33333,Tambacounda,Tambacounda,0,,,,,,,,,,,1
2246297,Sanbanoura,14.14608,-12.21676,Tambacounda,Bakel,0,,,,,,,,,,,1
2246296,Sanbaranbougou,13.10535,-11.85368,Kedougou,Saraya,0,,,,,,,,,,,1
2246294,Sanboulatounboun,12.7,-11.86667,Kedougou,Kedougou,0,,,,,,,,,,,1
2246293,Sanboum,12.78278,-15.39056,Sedhiou,Goudomp,0,,,,,,,,,,,1
2246290,Sandiara,15.4105,-15.8565,Louga,Louga,0,,,,,,,,,,,3
2246291,Sandiara,14.7,-16.43333,Diourbel,Bambey,0,,,,,,,,,,,3
2246292,Sandiara,14.43574,-16.79114,Thies,Mbour,0,,,,,,,,,,,3
2246288,Sandiko Téman,12.93333,-13.78333,Kolda,Velingara,0,,,,,,,,,,,1
13658081,Sandikoli,13.82551,-16.40844,Fatick,Foundiougne,0,,,,,,,,,,,1
2246287,Sandikouba,13.55937,-12.09547,Tambacounda,Bakel,0,,,,,,,,,,,1
2246289,Sandikéring,13.55,-14.13333,Tambacounda,Tambacounda,0,,,,,,,,,,,1
2246286,Sandinièr,12.73167,-15.52972,Sedhiou,Goudomp,0,,,,,,,,,,,1
2595886,Sandok,14.76156,-17.10702,Thies,Thies,0,,,,,,,,,,,2
13508518,Sandok,14.45196,-16.28218,Fatick,Fatick,0,,,,,,,,,,,2
2246284,Sandoumana,13.61667,-14.3,Tambacounda,Tambacounda,0,,,,,,,,,,,1
2246280,Sangabari,13.58333,-14.18333,Tambacounda,Tambacounda,0,,,,,,,,,,,1
2246279,Sangage,14.41667,-16.35,Fatick,Fatick,0,,,,,,,,,,,1
2246278,Sangako,13.81443,-16.45282,Fatick,Foundiougne,0,,,,,,,,,,,1
13506737,Sangal,14.69597,-16.6089,Thies,Thies,0,,,,,,,,,,,1
2246274,Sangalkam,14.78023,-17.22761,Dakar,Rufisque,11915,,,,,,,,,,,1
2246272,Sangane Bambara,14.7,-16.8,Thies,Thies,0,,,,Bambara,Sangane,,,,,,1
2246270,Sangap,13.63333,-15.53333,Kaolack,Nioro Du Rip,0,,,,,,,,,,,1
2246306,Sangari Bèye,14.62954,-15.73747,Fatick,Gossas,0,,,,,,,,,,,1
2246268,Sangari Samba,14.64342,-15.73816,Fatick,Gossas,0,,,,,,,,,,,1
2246269,Sangaré,14.38755,-16.46506,Fatick,Fatick,0,,,,,,,,,,,1
2246267,Sangati,12.46833,-15.70583,Sedhiou,Goudomp,0,,,,,,,,,,,1
2246265,Sangaye,14.43495,-16.37054,Fatick,Fatick,0,,,,,,,,,,,2
2246266,Sangaye,14.72407,-16.60779,Thies,Thies,0,,,,,,,,,,,2
13509061,Sangaye Bélé,14.28352,-16.10464,Kaolack,Guinguineo,0,,,,,,,,,,,1
13506469,Sanghane Sérèr,14.71132,-16.77559,Thies,Thies,0,,,,Sérèr,Sanghane,,,,,,1
2246271,Sanghane Wolof,14.71119,-16.78637,Thies,Thies,0,,,,Wolof,Sanghane,,,,,,1
2246259,Sanghé,14.69254,-16.94301,Thies,Thies,0,,,,,,,,,,,1
13509072,Sango,14.48734,-16.18303,Fatick,Gossas,0,,,,,,,,,,,1
13554568,Sangol Peul,14.15795,-15.5156,Kaffrine,Kaffrine,0,,,,Peul (Fulani),Sangol,,,,,,1
2246263,Sangol Wolof,14.15247,-15.50396,Kaffrine,Kaffrine,0,,,,Wolof,Sangol,,,,,,1
2246262,Sangola,12.66667,-12.45,Kedougou,Kedougou,0,,,,,,,,,,,1
2246260,Sangomé,16.38105,-14.94583,Saint Louis,Podor,0,,,,,,,,,,,1
2246256,Sanguil Sérèr,14.03857,-16.03651,Kaolack,Kaolack,0,,,,Sérèr,Sanguil,,,,,,1
2246258,Sangué,15.0933,-15.3845,Louga,Linguere,0,,,,,,,,,,,2
2595440,Sangué,14.56543,-17.05994,Thies,Mbour,0,,,,,,,,,,,2
2246255,Saniakor,14.85,-16.4,Diourbel,Bambey,0,,,,,,,,,,,1
2246250,Sanifil,12.65694,-15.50333,Sedhiou,Goudomp,0,,,,,,,,,,,1
2246249,Sanigourou,12.41667,-12.48333,Kedougou,Salemata,0,,,,,,,,,,,1
2246247,Saninte,16.23556,-15.80472,Saint Louis,Dagana,0,,,,,,,,,,,2
2246248,Saninte,16.2025,-15.70417,Saint Louis,Dagana,0,,,,,,,,,,,2
2246246,Sanka,12.68333,-14.93333,Kolda,Kolda,0,,,,,,,,,,,1
2246245,Sankadji,12.63333,-15.76667,Sedhiou,Sedhiou,0,,,,,,,,,,,1
2246244,Sankandi,13.2,-15.78333,Sedhiou,Bounkiling,0,,,,,,,,,,,1
2246243,Sankandi Faraba,13.2,-15.78333,Sedhiou,Bounkiling,0,,,,,,,,,,,1
13506502,Sankhaye,14.56269,-16.75694,Thies,Mbour,0,,,,,,,,,,,1
2246241,Sankouya,12.89028,-15.54806,Sedhiou,Sedhiou,0,,,,,,,,,,,1
2246237,Sanniaré,13.08333,-14.03333,Kolda,Velingara,0,,,,,,,,,,,1
2246234,Sanossi,15.36667,-16.25,Louga,Kebemer,0,,,,,,,,,,,1
2246233,Sanou,12.43333,-15.65,,,0,,,,,,,,,,,1
6647998,Sanoukholé,14.39765,-12.20021,Tambacounda,Bakel,0,,,,,,,,,,,1
2246231,Sansakoro,12.9,-13.8,Kolda,Velingara,0,,,,,,,,,,,1
2246230,Sansakoto,13.68333,-14.28333,Tambacounda,Tambacounda,0,,,,,,,,,,,1
2246227,Sansamba,12.80056,-15.79972,Sedhiou,Sedhiou,0,,,,,,,,,,,1
2246228,Sansamko,15.3188,-15.081,Louga,Linguere,0,,,,,,,,,,,1
2246226,Sansanbale Kanwali,12.75,-14.93333,Kolda,Kolda,0,,,,,,,,,,,1
2246225,Sansandé,13.92818,-12.21484,Tambacounda,Bakel,0,,,,,,,,,,,1
2246223,Sansankoto,13.06667,-15.88333,Sedhiou,Bounkiling,0,,,,,,,,,,,2
2246224,Sansankoto,12.8,-14.53333,Kolda,Kolda,0,,,,,,,,,,,2
2246222,Sansanto,12.9,-11.73333,Kedougou,Saraya,0,,,,,,,,,,,1
6659071,Sanséla,12.70559,-11.43843,Kedougou,Saraya,0,,,,,,,,,,,1
11237886,Sant Yalla Djiddah Thiaroye Kao,14.76534,-17.38041,Dakar,Pikine,0,,,,,,,,,,,1
2246221,Santadian,12.6675,-15.36444,Sedhiou,Goudomp,0,,,,,,,,,,,1
2246220,Santak,12.76778,-16.04389,Ziguinchor,Bignona,0,,,,,,,,,,,1
13658326,Santamba,13.73954,-16.42633,Fatick,Foundiougne,0,,,,,,,,,,,1
2246219,Santandian,12.79333,-15.17083,Sedhiou,Goudomp,0,,,,,,,,,,,1
2246218,Santankoye,12.96667,-14.86667,Kolda,Medina Yoroufoula,0,,,,,,,,,,,1
2246214,Santhiaba Manjacque,12.37306,-16.55861,Ziguinchor,Oussouye,0,,,,,,,,,,,1
13554103,Santhie Abas,14.31254,-15.13109,Kaffrine,Malem Hodar,0,,,,,,,,,,,1
13554431,Santhie Aliou Mbaye,14.0562,-15.98134,Kaolack,Kaolack,0,,,,,,,Mbaye,Wolof,,,1
2245441,Santhie Alé Ndaw,14.06216,-15.3407,Kaffrine,Malem Hodar,0,,,,,,,,,,,1
13658176,Santhie Bandoulou,13.99326,-16.20655,Kaolack,Kaolack,0,,,,,,,,,,,1
13554562,Santhie Cheikh Séye,14.18078,-15.61066,Kaffrine,Kaffrine,0,,,cheikh,,,,,,,,1
13658690,Santhie Diankou Bodian,13.71426,-16.19202,Fatick,Foundiougne,0,,,,,,,Bodian,Diola,,,1
13658313,Santhie El Hadji,13.70234,-16.43009,Fatick,Foundiougne,0,,,,,,,,,,,1
2246210,Santhie Galangone,14.01396,-15.51791,Kaffrine,Kaffrine,0,,,,,,,,,,,1
13509323,Santhie Kongoli,14.17818,-16.00334,Kaolack,Guinguineo,0,,,,,,,,,,,1
13658722,Santhie Makha,13.67226,-16.02436,Kaolack,Nioro Du Rip,0,,,,,,,,,,,1
2595225,Santhie Mam Gor,14.87621,-17.10211,Thies,Thies,0,,,,,,,,,,,1
13658014,Santhie Mbaye Si,13.80535,-16.37131,Fatick,Foundiougne,0,,,,,,,,,,,1
2245440,Santhie Mbelbouk,14.05901,-15.37024,Kaffrine,Malem Hodar,0,,,,,,,,,,,1
13658340,Santhie Momat Dramé,13.67324,-16.29873,Fatick,Foundiougne,0,,,,,,,Dramé,Mandinka,,,1
13554694,Santhie Mor Ndaw,14.18299,-15.192,Kaffrine,Malem Hodar,0,,,,,,,,,,,1
13658154,Santhie Ndiayène,13.87267,-16.19123,Kaolack,Kaolack,0,,,,,,,,,,,1
13658688,Santhie Ram,13.62977,-16.24676,Fatick,Foundiougne,0,,,,,,,,,,,1
2571739,Santhie Sadi Guèye,13.5958,-16.42133,Fatick,Foundiougne,0,,,,,,,Guèye,Wolof,,,1
2595890,Santhie Sérèr,14.76254,-17.07868,Thies,Thies,0,,,,Sérèr,Santhie,,,,,,1
13658721,Santhie Touré,13.65321,-16.06819,Kaolack,Nioro Du Rip,0,,,,,,,Touré,Mandinka,,,1
2595768,Santia,14.71924,-17.49473,Dakar,Dakar,0,,,,,,,,,,,1
2595633,Santia Fal,14.7166,-17.15141,Dakar,Rufisque,0,,,,,,,Fal,Wolof,,,1
2595627,Santia Mas,14.70555,-17.1612,Dakar,Rufisque,0,,,,,,,,,,,1
2246215,Santiaba,12.55583,-16.53528,Ziguinchor,Oussouye,0,,,,,,,,,,,7
2246216,Santiaba,12.53333,-16.18333,Ziguinchor,Ziguinchor,0,,,,,,,,,,,7
2246217,Santiaba,12.46667,-16.16667,Ziguinchor,Ziguinchor,0,,,,,,,,,,,7
2595420,Santiaba,14.52846,-17.09307,Thies,Mbour,0,,,,,,,,,,,7
2595427,Santiaba,14.56639,-17.12279,Thies,Mbour,0,,,,,,,,,,,7
2595802,Santiaba,14.72282,-17.26451,Dakar,Rufisque,0,,,,,,,,,,,7
13658736,Santiaba,13.04607,-16.62522,Ziguinchor,Bignona,0,,,,,,,,,,,7
2246212,Santiaba Ouolof,12.51917,-16.64028,Ziguinchor,Oussouye,0,,,,Wolof,Santiaba,,,,,,1
2595533,Santiabia,14.74377,-17.06704,Thies,Thies,0,,,,,,,,,,,1
2253278,Santiou Dara,14.81402,-17.12562,Thies,Thies,0,sinthiou,Pulaar,,,,,,,,,1
2246209,Santiou Diadia,14.13333,-14.5,Tambacounda,Koumpentoum,0,sinthiou,Pulaar,,,,,,,,,1
2245388,Santiou Georges,13.84975,-15.99419,Kaolack,Nioro Du Rip,0,sinthiou,Pulaar,,,,,,,,,1
13507326,Santiou Keïta,14.34424,-16.91061,Thies,Mbour,0,sinthiou,Pulaar,,,,,Keïta,Mandinka,,,1
13658698,Santiou Mamour Saniane,13.63457,-16.14367,Fatick,Foundiougne,0,sinthiou,Pulaar,,,,,,,,,1
13658203,Santiou Marone,13.86286,-16.00922,Kaolack,Nioro Du Rip,0,sinthiou,Pulaar,,,,,,,,,1
2246208,Santiou Mérina,15.82361,-16.28694,Louga,Louga,0,sinthiou,Pulaar,,,,,,,,,1
13658715,Santiou Omar Diagne,13.59911,-16.02012,Kaolack,Nioro Du Rip,0,sinthiou,Pulaar,,,,,Diagne,Wolof,,,1
2245319,Santiou Pir,14.93439,-16.791,Thies,Tivaoune,0,sinthiou,Pulaar,,,,,,,,,1
2246207,Santiou Saléou Gaye,14.13333,-14.5,Tambacounda,Koumpentoum,0,sinthiou,Pulaar,,,,,Gaye,Wolof,,,1
13658191,Santiou Sambou,13.89444,-16.15204,Kaolack,Kaolack,0,sinthiou,Pulaar,,,,,,,,,1
2245439,Santiou Sine,14.98461,-16.58912,Thies,Tivaoune,0,sinthiou,Pulaar,,,,,,,,,1
13658685,Santiou Tourka,13.66592,-16.2164,Fatick,Foundiougne,0,sinthiou,Pulaar,,,,,,,,,1
13553598,Santye Abât,14.65024,-15.35744,Kaffrine,Malem Hodar,0,,,,,,,,,,,1
2246282,Sanéla,12.74893,-11.7379,Kedougou,Saraya,0,,,,,,,,,,,1
2246203,Sao,15.0129,-16.9856,Thies,Tivaoune,0,,,,,,,,,,,2
2246206,Sao,13.58333,-14.36667,Tambacounda,Tambacounda,0,,,,,,,,,,,2
2246204,Saot,14.93333,-15.51667,Louga,Linguere,0,,,,,,,,,,,1
2246202,Sap,14.10982,-16.45462,Fatick,Foundiougne,0,,,,,,,,,,,1
2246201,Sapi,13.13333,-13.98333,Kolda,Velingara,0,,,,,,,,,,,1
2246200,Sar,14.779,-16.426,Diourbel,Bambey,0,,,,,,,Sar,Wolof,,,1
2245746,Sar Maoundé,15.98333,-13.91667,Saint Louis,Podor,0,,,,,,,,,,,1
2246199,Sara Amadi Demba,14.26667,-13.75,Tambacounda,Tambacounda,0,,,,,,,,,,,1
2246196,Sara Dadi,13.7,-14.2,Tambacounda,Tambacounda,0,,,,,,,,,,,1
2246195,Sara Dari,13.01667,-14.25,Kolda,Kolda,0,,,,,,,,,,,1
2246191,Sara Koli,13.75,-14.01667,Tambacounda,Tambacounda,0,,,,,,,,,,,1
2246190,Sara Moudé,13.66667,-14.2,Tambacounda,Tambacounda,0,,,,,,,,,,,1
2246198,Sarabakounda,13.58333,-14.2,Tambacounda,Tambacounda,0,kounda,Mandinka,,,,,,,,,1
2246197,Saraboudé,13.56667,-13.61667,Tambacounda,Tambacounda,0,,,,,,,,,,,1
2246194,Saradiémi,13.85,-13.28333,Tambacounda,Goudiry,0,,,,,,,,,,,1
2246193,Saradou,13.33333,-14.58333,Kolda,Medina Yoroufoula,0,,,,,,,,,,,1
2246192,Sarakolé,13.5,-14.28333,Tambacounda,Tambacounda,0,,,,Sarakolé (Soninke),,,,,,,1
2593149,Saral,13.72508,-16.57557,Fatick,Foundiougne,0,,,,,,,,,,,1
2246189,Sarangaba,13.66667,-14.2,Tambacounda,Tambacounda,0,,,,,,,,,,,1
2246188,Saraya,12.83167,-11.75381,Kedougou,Saraya,2726,,,,,,,,,,,1
2245970,Sare Koutawél,12.91667,-14.86667,Kolda,Medina Yoroufoula,0,sare,Pulaar,,,,,,,,,1
2245748,Sari Boki Ivé,16.21817,-14.06025,Saint Louis,Podor,0,,,,,,,,,,,1
2245747,Sarinièr,12.5325,-16.55,Ziguinchor,Oussouye,0,,,,,,,,,,,1
2245743,Saroudia,13.5,-13.55,Tambacounda,Tambacounda,0,,,,,,,,,,,4
2245744,Saroudia,13.48079,-12.91286,Tambacounda,Goudiry,0,,,,,,,,,,,4
2245745,Saroudia,12.52413,-11.57806,Kedougou,Saraya,0,,,,,,,,,,,4
13658333,Saroudia,13.65288,-16.42834,Fatick,Foundiougne,0,,,,,,,,,,,4
2245742,Sarré,14.67216,-12.37562,Tambacounda,Bakel,0,sare,Pulaar,,,,,Sarré,Sérèr,,,1
13507343,Sarène,14.37586,-16.90206,Thies,Mbour,0,,,,,,,,,,,1
13506989,Sarène Sérèr,14.69842,-16.25327,Diourbel,Diourbel,0,,,,Sérèr,Sarène,,,,,,1
13507296,Sarène Wolof,14.71808,-16.24882,Diourbel,Diourbel,0,,,,Wolof,Sarène,,,,,,1
2246186,Saré,14.12035,-12.73302,Tambacounda,Goudiry,0,sare,Pulaar,,,,,,,,,1
2246185,Saré Aba,12.93333,-15.25,Sedhiou,Sedhiou,0,sare,Pulaar,,,,,,,,,1
2246184,Saré Abdoulaye,12.78333,-14.48333,Kolda,Kolda,0,sare,Pulaar,,,,,,,,,1
2246182,Saré Alal,12.77944,-15.14417,Sedhiou,Goudomp,0,sare,Pulaar,,,,,,,,,1
2246181,Saré Aldina,12.88333,-14.13333,Kolda,Velingara,0,sare,Pulaar,,,,,,,,,1
2246180,Saré Alfa,12.78333,-14.86667,Kolda,Kolda,0,sare,Pulaar,,,,,,,,,1
2246178,Saré Ali,13.96667,-15.93333,Kaolack,Kaolack,0,sare,Pulaar,,,,,,,,,2
2246179,Saré Ali,13.71667,-14.21667,Tambacounda,Tambacounda,0,sare,Pulaar,,,,,,,,,2
13658132,Saré Ali Diallo,13.85802,-16.07901,Kaolack,Nioro Du Rip,0,sare,Pulaar,,,,,Diallo,Pulaar,,,1
2246169,Saré Ama Samba,13.26667,-15.36667,Sedhiou,Bounkiling,0,sare,Pulaar,,,,,,,,,1
2246172,Saré Amadi,13.13333,-14.18333,Kolda,Velingara,0,sare,Pulaar,,,,,,,,,4
2246173,Saré Amadi,12.86667,-14.31667,Kolda,Kolda,0,sare,Pulaar,,,,,,,,,4
2246174,Saré Amadi,12.83333,-14.96667,Kolda,Kolda,0,sare,Pulaar,,,,,,,,,4
2246175,Saré Amadi,12.76667,-15.08333,Kolda,Kolda,0,sare,Pulaar,,,,,,,,,4
2246171,Saré Amadou,13.03333,-15.06667,Kolda,Kolda,0,sare,Pulaar,,,,,,,,,1
2246170,Saré Amadou Sano,13.06667,-14.86667,Kolda,Medina Yoroufoula,0,sare,Pulaar,,,,,,,,,1
2246167,Saré Amirou,12.95,-14.85,Kolda,Medina Yoroufoula,0,sare,Pulaar,,,,,,,,,1
2246166,Saré Ansou,12.96667,-14.45,Kolda,Kolda,0,sare,Pulaar,,,,,,,,,1
2246165,Saré Ansoumane,13.21667,-13.48333,Tambacounda,Tambacounda,0,sare,Pulaar,,,,,,,,,1
2246164,Saré Arfan,12.93333,-14.36667,Kolda,Kolda,0,sare,Pulaar,,,,,,,,,1
2246163,Saré Assète,13.33333,-14.78333,Kolda,Medina Yoroufoula,0,sare,Pulaar,,,,,,,,,1
2246183,Saré Aédara,12.88333,-14.11667,Kolda,Velingara,0,sare,Pulaar,,,,,,,,,1
2246162,Saré Baba Vélïa,13.26667,-14.06667,Kolda,Velingara,0,sare,Pulaar,,,,,,,,,1
2246161,Saré Babou,13.2,-15.65,Sedhiou,Bounkiling,0,sare,Pulaar,,,,,,,,,1
2246159,Saré Badio,13.11667,-14.01667,Kolda,Velingara,0,sare,Pulaar,,,,,,,,,2
2246160,Saré Badio,12.73333,-14.25,Kolda,Velingara,0,sare,Pulaar,,,,,,,,,2
2246158,Saré Bafé,12.88333,-14.23333,Kolda,Kolda,0,sare,Pulaar,,,,,,,,,1
2246154,Saré Bakari,13.28333,-15.68333,Sedhiou,Bounkiling,0,sare,Pulaar,,,,,,,,,3
2246155,Saré Bakari,12.93333,-14.06667,Kolda,Velingara,0,sare,Pulaar,,,,,,,,,3
2246156,Saré Bakari,12.8325,-15.05944,Kolda,Kolda,0,sare,Pulaar,,,,,,,,,3
2246153,Saré Bakoré,13.3,-13.9,Kolda,Velingara,0,sare,Pulaar,,,,,,,,,1
2246152,Saré Bakou,12.75889,-15.08889,Kolda,Kolda,0,sare,Pulaar,,,,,,,,,1
2246151,Saré Bala,12.8,-14.85,Kolda,Kolda,0,sare,Pulaar,,,,,,,,,1
2246150,Saré Bala Tabadian,13.13333,-15.26667,Sedhiou,Bounkiling,0,sare,Pulaar,,,,,,,,,1
2246149,Saré Bambé,12.71667,-14.73333,Kolda,Kolda,0,sare,Pulaar,,,,,,,,,1
2246148,Saré Bamoul,13.76667,-13.95,Tambacounda,Tambacounda,0,sare,Pulaar,,,,,,,,,1
2246147,Saré Bandi,12.86667,-15.0,Kolda,Kolda,0,sare,Pulaar,,,,,,,,,1
2246146,Saré Bankouléma,13.3,-13.88333,Kolda,Velingara,0,sare,Pulaar,,,,,,,,,1
2246145,Saré Bantanto Dikori,13.13333,-14.21667,Kolda,Velingara,0,sare,Pulaar,,,,,,,bantan,tree,1
2246144,Saré Baradji,13.16667,-15.3,Sedhiou,Bounkiling,0,sare,Pulaar,,,,,,,,,1
2246142,Saré Barka,13.91667,-13.61667,Tambacounda,Goudiry,0,sare,Pulaar,,,,,,,,,2
2246143,Saré Barka,13.28333,-13.88333,Kolda,Velingara,0,sare,Pulaar,,,,,,,,,2
2246140,Saré Bassi,13.15,-14.06667,Kolda,Velingara,0,sare,Pulaar,,,,,,,,,2
2246141,Saré Bassi,12.88333,-14.08333,Kolda,Velingara,0,sare,Pulaar,,,,,,,,,2
2246139,Saré Baya,12.81667,-14.95,Kolda,Kolda,0,sare,Pulaar,,,,,,,,,1
2246138,Saré Baye Diari,12.83333,-14.28333,Kolda,Kolda,0,sare,Pulaar,,,,,,,,,1
2246157,Saré Baïli,13.15,-15.45,Sedhiou,Bounkiling,0,sare,Pulaar,,,,,,,,,1
2246134,Saré Birane,13.26667,-15.78333,Sedhiou,Bounkiling,0,sare,Pulaar,,,,,,,,,2
2246135,Saré Birane,13.16667,-15.41667,Sedhiou,Bounkiling,0,sare,Pulaar,,,,,,,,,2
2246133,Saré Birou,13.2,-14.08333,Kolda,Velingara,0,sare,Pulaar,,,,,,,,,1
2246131,Saré Bodio,13.06667,-14.76667,Kolda,Medina Yoroufoula,0,sare,Pulaar,,,,,,,,,1
2246127,Saré Bokari,13.26667,-15.43333,Sedhiou,Bounkiling,0,sare,Pulaar,,,,,,,,,1
2246125,Saré Boki,13.41667,-13.78333,Kolda,Velingara,0,sare,Pulaar,,,,,,,,,1
2246124,Saré Bondié,13.61667,-13.86667,Tambacounda,Tambacounda,0,sare,Pulaar,,,,,,,,,1
2246123,Saré Bori,12.69389,-15.16111,Sedhiou,Goudomp,0,sare,Pulaar,,,,,,,,,1
2246121,Saré Boti Ngalo,12.91667,-15.01667,Kolda,Kolda,0,sare,Pulaar,,,,,,,,,1
2246120,Saré Boto,12.96667,-14.18333,Kolda,Kolda,0,sare,Pulaar,,,,,,,,,1
2246119,Saré Boubou,12.71861,-15.185,Sedhiou,Goudomp,0,sare,Pulaar,,,,,,,,,1
2246118,Saré Bouka,13.08333,-14.06667,Kolda,Velingara,0,sare,Pulaar,,,,,,,,,1
2246117,Saré Bouna,12.95,-14.08333,Kolda,Velingara,0,sare,Pulaar,,,,,,,,,1
2246116,Saré Bouné,13.56667,-13.86667,Tambacounda,Tambacounda,0,sare,Pulaar,,,,,,,,,1
2246115,Saré Bouran,12.68333,-14.06667,Kolda,Velingara,0,sare,Pulaar,,,,,,,,,1
2246114,Saré Bouré,13.05,-14.5,Kolda,Medina Yoroufoula,0,sare,Pulaar,,,,,,,,,1
2246130,Saré Boédo,14.41667,-14.58333,Tambacounda,Koumpentoum,0,sare,Pulaar,,,,,,,,,1
2246129,Saré Boïdo Mali,13.15,-14.33333,Kolda,Medina Yoroufoula,0,sare,Pulaar,,,,,,,,,1
2246128,Saré Boïdo Pitiamé,13.03333,-14.4,Kolda,Medina Yoroufoula,0,sare,Pulaar,,,,,,,,,1
2246113,Saré Brahima Diamanka,12.76667,-14.03333,Kolda,Velingara,0,sare,Pulaar,,,,,,,,,1
2246137,Saré Bébou,12.95,-14.93333,Kolda,Medina Yoroufoula,0,sare,Pulaar,,,,,,,,,1
2246136,Saré Béla,12.86667,-14.1,Kolda,Velingara,0,sare,Pulaar,,,,,,,,,1
2246112,Saré Daba Forea,12.96667,-14.48333,Kolda,Kolda,0,sare,Pulaar,,,,,,,,,1
2246111,Saré Damou,13.13333,-15.45,Sedhiou,Bounkiling,0,sare,Pulaar,,,,,,,,,1
2246109,Saré Dansa,12.83472,-15.18083,Sedhiou,Sedhiou,0,sare,Pulaar,,,,,,,,,2
2246110,Saré Dansa,12.76667,-13.76667,Kolda,Velingara,0,sare,Pulaar,,,,,,,,,2
2246108,Saré Dayefa,13.23333,-13.7,Kolda,Velingara,0,sare,Pulaar,,,,,,,,,1
2246106,Saré Dello,13.4,-14.88333,Kolda,Medina Yoroufoula,0,sare,Pulaar,,,,,,,,,1
2246104,Saré Demba,13.88333,-14.1,Tambacounda,Tambacounda,0,sare,Pulaar,,,,,,,,,1
2246103,Saré Demba Kolé,12.8,-14.78333,Kolda,Kolda,0,sare,Pulaar,,,,,,,,,1
2246102,Saré Demba Koumba,13.11667,-14.38333,Kolda,Medina Yoroufoula,0,sare,Pulaar,,,,,,,,,1
2246101,Saré Demba Mali,13.1,-14.23333,Kolda,Velingara,0,sare,Pulaar,,,,,,,,,1
2246100,Saré Demba So,13.16667,-14.36667,Kolda,Medina Yoroufoula,0,sare,Pulaar,,,,,,,,,1
2246099,Saré Demba Sy,12.9,-15.01667,Kolda,Kolda,0,sare,Pulaar,,,,,Sy,Pulaar,,,1
2246097,Saré Dembélè,13.03333,-14.28333,Kolda,Kolda,0,sare,Pulaar,,,,,,,,,1
2246096,Saré Diabé,13.01667,-14.0,Kolda,Velingara,0,sare,Pulaar,,,,,,,,,1
2246092,Saré Diallo,12.71667,-15.06667,Kolda,Kolda,0,sare,Pulaar,,,,,Diallo,Pulaar,,,1
2246091,Saré Diam,12.68333,-14.53333,Kolda,Kolda,0,sare,Pulaar,,,,,,,,,1
2246090,Saré Diamé,13.51667,-14.31667,Tambacounda,Tambacounda,0,sare,Pulaar,,,,,,,,,1
2246088,Saré Diaméré,13.68333,-13.75,Tambacounda,Tambacounda,0,sare,Pulaar,,,,,,,,,2
2246089,Saré Diaméré,13.63333,-13.8,Tambacounda,Tambacounda,0,sare,Pulaar,,,,,,,,,2
2246087,Saré Dianfou,12.91667,-14.93333,Kolda,Kolda,0,sare,Pulaar,,,,,,,,,1
2246084,Saré Dianko,13.23333,-14.43333,Kolda,Medina Yoroufoula,0,sare,Pulaar,,,,,,,,,2
2246085,Saré Dianko,12.93333,-15.01667,Kolda,Kolda,0,sare,Pulaar,,,,,,,,,2
2246083,Saré Diankounda,13.15,-14.2,Kolda,Velingara,0,sare,Pulaar,,,,,,,,,1
2246086,Saré Dianké,13.2,-15.31667,Kolda,Medina Yoroufoula,0,sare,Pulaar,,,,,,,,,1
2246081,Saré Diao,12.68333,-15.15,,,0,sare,Pulaar,,,,,,,,,2
2246082,Saré Diao,12.67722,-15.30444,Sedhiou,Goudomp,0,sare,Pulaar,,,,,,,,,2
2246080,Saré Diaobé,12.7,-14.4,Kolda,Kolda,0,sare,Pulaar,,,,,,,,,1
2246077,Saré Diaoubé,13.18333,-13.95,Kolda,Velingara,0,sare,Pulaar,,,,,,,,,3
2246078,Saré Diaoubé,13.15,-15.05,Kolda,Medina Yoroufoula,0,sare,Pulaar,,,,,,,,,3
2246079,Saré Diaoubé,12.91667,-13.95,Kolda,Velingara,0,sare,Pulaar,,,,,,,,,3
2246076,Saré Diaouli,13.93333,-13.85,Tambacounda,Tambacounda,0,sare,Pulaar,,,,,,,,,1
2246075,Saré Diata,13.03333,-14.23333,Kolda,Kolda,0,sare,Pulaar,,,,,,,,,1
2246094,Saré Diaèl,12.91667,-13.93333,Kolda,Velingara,0,sare,Pulaar,,,,,,,,,1
2246095,Saré Diaé,12.7,-15.25,Sedhiou,Goudomp,0,sare,Pulaar,,,,,,,,,1
2246093,Saré Diaïla,12.81667,-14.36667,Kolda,Kolda,0,sare,Pulaar,,,,,,,,,1
2246074,Saré Digori Katoumé,13.25,-14.68333,Kolda,Medina Yoroufoula,0,sare,Pulaar,,,,,,,,,1
2246073,Saré Dikel,13.03333,-14.65,Kolda,Medina Yoroufoula,0,sare,Pulaar,,,,,,,,,1
2246072,Saré Dikori,12.75806,-15.14889,Sedhiou,Goudomp,0,sare,Pulaar,,,,,,,,,1
2246071,Saré Dikori Nenndo,13.11667,-14.23333,Kolda,Velingara,0,sare,Pulaar,,,,,,,,,1
2246070,Saré Dimba,13.21667,-15.35,Sedhiou,Bounkiling,0,sare,Pulaar,,,,,,,,,1
2246069,Saré Dimba Banéba,13.11667,-15.56667,Sedhiou,Bounkiling,0,sare,Pulaar,,,,,,,,,1
2246067,Saré Dimba Kouba,13.21667,-15.55,Sedhiou,Bounkiling,0,sare,Pulaar,,,,,,,,,1
2246066,Saré Dimba Koumba,13.06667,-13.73333,Kolda,Velingara,0,sare,Pulaar,,,,,,,,,1
2246064,Saré Dimba Sounkarou,12.71667,-15.03333,Kolda,Kolda,0,sare,Pulaar,,,,,,,,,1
2246068,Saré Dimbado,12.80028,-15.10028,Kolda,Kolda,0,sare,Pulaar,,,,,,,,,1
2246065,Saré Dimbaldé,12.98167,-15.13333,Kolda,Kolda,0,sare,Pulaar,,,,,,,,,1
2246063,Saré Dimbayel,12.8,-14.35,Kolda,Kolda,0,sare,Pulaar,,,,,,,,,1
2246061,Saré Dimbotiê,12.83083,-15.04444,Kolda,Kolda,0,sare,Pulaar,,,,,,,,,1
2246060,Saré Dinbadié,12.7,-15.18333,Sedhiou,Goudomp,0,sare,Pulaar,,,,,,,,,1
2246059,Saré Diniabou,12.8,-14.86667,Kolda,Kolda,0,sare,Pulaar,,,,,,,,,1
2246058,Saré Diobo,12.78333,-14.35,Kolda,Kolda,0,sare,Pulaar,,,,,,,,,1
2246057,Saré Dioubel,12.95,-14.93333,Kolda,Medina Yoroufoula,0,sare,Pulaar,,,,,,,,,1
13554564,Saré Diougary,14.15002,-15.66755,Kaffrine,Birkelane,0,sare,Pulaar,,,,,,,,,1
2246056,Saré Dioulaye,12.71667,-14.18333,Kolda,Velingara,0,sare,Pulaar,,,,,,,,,1
2246055,Saré Diouldé,14.11667,-13.81667,Tambacounda,Tambacounda,0,sare,Pulaar,,,,,,,,,1
2246054,Saré Dioura Sintiân,12.74889,-15.14472,Kolda,Kolda,0,sare,Pulaar,,,,,,,,,1
2246053,Saré Djigui,12.96667,-14.06667,Kolda,Velingara,0,sare,Pulaar,,,,,,,,,1
2246052,Saré Djimbi,12.86778,-15.19889,Sedhiou,Sedhiou,0,sare,Pulaar,,,,,,,,,1
2246051,Saré Djimini,13.11667,-14.1,Kolda,Velingara,0,sare,Pulaar,,,,,,,,,1
2246050,Saré Dobo,13.55,-14.41667,Tambacounda,Tambacounda,0,sare,Pulaar,,,,,,,,,1
2246049,Saré Doga,13.06667,-15.25,Sedhiou,Bounkiling,0,sare,Pulaar,,,,,,,,,1
2246048,Saré Doma,12.83333,-14.96667,Kolda,Kolda,0,sare,Pulaar,,,,,,,,,1
2246046,Saré Doulo,12.96722,-15.16972,Sedhiou,Sedhiou,0,sare,Pulaar,,,,,,,,,2
2246047,Saré Doulo,12.95,-14.4,Kolda,Kolda,0,sare,Pulaar,,,,,,,,,2
2246107,Saré Dédi,13.7,-13.98333,Tambacounda,Tambacounda,0,sare,Pulaar,,,,,,,,,1
2246105,Saré Démabo,12.7,-14.85,Kolda,Kolda,0,sare,Pulaar,,,,,,,,,1
2246045,Saré Eli,13.53333,-14.16667,,,0,sare,Pulaar,,,,,,,,,1
2246044,Saré Eli Sandi,13.61667,-14.11667,Tambacounda,Tambacounda,0,sare,Pulaar,,,,,,,,,1
2246043,Saré Fadi,12.86806,-15.0475,Kolda,Kolda,0,sare,Pulaar,,,,,,,,,1
2246042,Saré Fara,12.75,-14.78333,Kolda,Kolda,0,sare,Pulaar,,,,,,,,,1
2246040,Saré Farim,12.93444,-15.21389,Sedhiou,Sedhiou,0,sare,Pulaar,,,,,,,,,1
2246041,Saré Faré,13.86667,-13.86667,Tambacounda,Tambacounda,0,sare,Pulaar,,,,,,,,,1
2246038,Saré Fili,13.1,-14.23333,Kolda,Velingara,0,sare,Pulaar,,,,,,,,,2
2246039,Saré Fili,13.01667,-15.13333,Kolda,Kolda,0,sare,Pulaar,,,,,,,,,2
2246037,Saré Fodé,13.18333,-14.33333,Kolda,Medina Yoroufoula,0,sare,Pulaar,,,,,,,,,1
2246035,Saré Foulandi Dowel,13.0,-14.93333,Kolda,Medina Yoroufoula,0,sare,Pulaar,,,,,,,,,1
2246034,Saré Foulandi Maoundé,13.01667,-14.95,Kolda,Kolda,0,sare,Pulaar,,,,,,,,,1
2246033,Saré Founto,13.0,-14.25,Kolda,Kolda,0,sare,Pulaar,,,,,,,,,1
2246032,Saré Fouta,12.98333,-13.75,Kolda,Velingara,0,sare,Pulaar,,,,,,,,,1
2246031,Saré Gaba,12.9,-14.13333,Kolda,Velingara,0,sare,Pulaar,,,,,,,,,1
2246030,Saré Gania,12.76667,-14.75,Kolda,Kolda,0,sare,Pulaar,,,,,,,,,1
2246029,Saré Gardi,12.76667,-14.91667,Kolda,Kolda,0,sare,Pulaar,,,,,,,,,1
2246028,Saré Gati,13.98958,-15.95744,Kaolack,Kaolack,0,sare,Pulaar,,,,,,,,,1
2246027,Saré Gaye,13.96667,-13.98333,Tambacounda,Tambacounda,0,sare,Pulaar,,,,,Gaye,Wolof,,,1
2246026,Saré Goli,12.70528,-15.13778,Kolda,Kolda,0,sare,Pulaar,,,,,,,,,1
2246025,Saré Goubou,13.88333,-14.05,Tambacounda,Tambacounda,0,sare,Pulaar,,,,,,,,,1
2246023,Saré Goundo,12.96667,-14.93333,Kolda,Kolda,0,sare,Pulaar,,,,,,,,,1
2246022,Saré Gourdo,12.8,-14.36667,Kolda,Kolda,0,sare,Pulaar,,,,,,,,,1
2246018,Saré Guido,12.76667,-14.66667,Kolda,Kolda,0,sare,Pulaar,,,,,,,,,1
2246017,Saré Guiro,12.71667,-14.68333,Kolda,Kolda,0,sare,Pulaar,,,,,,,,,1
2246016,Saré Guiroba,13.06667,-14.23333,Kolda,Velingara,0,sare,Pulaar,,,,,,,,,1
2246020,Saré Guéda,13.93333,-14.08333,Tambacounda,Tambacounda,0,sare,Pulaar,,,,,,,,,2
2246021,Saré Guéda,13.73333,-13.78333,Tambacounda,Tambacounda,0,sare,Pulaar,,,,,,,,,2
2246019,Saré Guéladio,12.96667,-14.93333,Kolda,Kolda,0,sare,Pulaar,,,,,,,,,1
2246015,Saré Hamet,13.2,-15.51667,Sedhiou,Bounkiling,0,sare,Pulaar,,,,,,,,,1
2246013,Saré Ifra,13.86667,-13.73333,Tambacounda,Tambacounda,0,sare,Pulaar,,,,,,,,,1
2246012,Saré Ioba,12.98333,-14.83333,Kolda,Medina Yoroufoula,0,sare,Pulaar,,,,,,,,,1
2246011,Saré Ira,13.26667,-14.08333,Kolda,Velingara,0,sare,Pulaar,,,,,,,,,1
2246010,Saré Irasset,12.85,-14.08333,Kolda,Velingara,0,sare,Pulaar,,,,,,,,,1
2246009,Saré Iro,12.68333,-14.9,Kolda,Kolda,0,sare,Pulaar,,,,,,,,,1
2246008,Saré Iro Sabaly,12.76667,-14.93333,Kolda,Kolda,0,sare,Pulaar,,,,,,,,,1
2246007,Saré Iroukoumoto,12.75,-15.15,Sedhiou,Goudomp,0,sare,Pulaar,,,,,,,,,1
2246006,Saré Iroumaoundé,12.88333,-14.16667,Kolda,Velingara,0,sare,Pulaar,,,,,,,,,1
2246014,Saré Iérikoye,13.1,-14.9,Kolda,Medina Yoroufoula,0,sare,Pulaar,,,,,,,,,1
2246005,Saré Kaba,13.2,-14.06667,Kolda,Velingara,0,sare,Pulaar,,,,,,,,,1
2246003,Saré Kali,13.7,-13.6,Tambacounda,Tambacounda,0,sare,Pulaar,,,,,,,,,2
2246004,Saré Kali,13.61667,-13.86667,Tambacounda,Tambacounda,0,sare,Pulaar,,,,,,,,,2
2246002,Saré Kandé,13.03333,-14.78333,Kolda,Medina Yoroufoula,0,sare,Pulaar,,,,,,,,,1
2245999,Saré Kanta,13.05,-15.05,Kolda,Kolda,0,sare,Pulaar,,,,,,,,,3
2246000,Saré Kanta,12.78333,-14.33333,Kolda,Kolda,0,sare,Pulaar,,,,,,,,,3
2246001,Saré Kanta,12.71667,-14.28333,Kolda,Velingara,0,sare,Pulaar,,,,,,,,,3
2245997,Saré Karfa,12.76667,-14.48333,Kolda,Kolda,0,sare,Pulaar,,,,,,,,,1
2245998,Saré Karéa,12.75,-13.9,Kolda,Velingara,0,sare,Pulaar,,,,,,,,,1
2245991,Saré Kendo,12.91667,-13.95,Kolda,Velingara,0,sare,Pulaar,,,,,,,,,1
2245990,Saré Kerno Kémadi,12.71667,-14.71667,Kolda,Kolda,0,sare,Pulaar,,,,,,,,,1
2245987,Saré Kidi,13.7,-14.06667,Tambacounda,Tambacounda,0,sare,Pulaar,,,,,,,,,1
2245985,Saré Kilika,13.55,-14.2,Tambacounda,Tambacounda,0,sare,Pulaar,,,,,,,,,1
2245986,Saré Kiédian,12.68333,-14.86667,Kolda,Kolda,0,sare,Pulaar,,,,,,,,,1
2245984,Saré Koba,13.03333,-15.06667,Kolda,Kolda,0,sare,Pulaar,,,,,,,,,1
2245983,Saré Koki,13.25,-14.46667,Kolda,Medina Yoroufoula,0,sare,Pulaar,,,,,,,,,1
2245982,Saré Kokolé Diarga,13.03333,-14.81667,Kolda,Medina Yoroufoula,0,sare,Pulaar,,,,,,,,,1
2245980,Saré Koli,13.21667,-13.98333,Kolda,Velingara,0,sare,Pulaar,,,,,,,,,2
2245981,Saré Koli,12.91667,-14.18333,Kolda,Kolda,0,sare,Pulaar,,,,,,,,,2
2245979,Saré Koli Kassa,13.53333,-14.26667,Tambacounda,Tambacounda,0,sare,Pulaar,,,,,,,,,1
2245978,Saré Kolinnka,13.55,-14.1,,,0,sare,Pulaar,,,,,,,,,1
2245977,Saré Kolissalé,13.06667,-14.06667,Kolda,Velingara,0,sare,Pulaar,,,,,,,,,1
2245976,Saré Kolobri,12.97917,-15.17361,Sedhiou,Sedhiou,0,sare,Pulaar,,,,,,,,,1
2245975,Saré Kontaye,12.7,-14.68333,Kolda,Kolda,0,sare,Pulaar,,,,,,,,,1
2245974,Saré Koubé,12.68333,-14.86667,Kolda,Kolda,0,sare,Pulaar,,,,,,,,,1
2245973,Saré Kounda,12.86667,-14.56667,Kolda,Kolda,0,sare,Pulaar,,,,,,,,,1
2245971,Saré Kourtidiané,12.93333,-14.4,Kolda,Kolda,0,sare,Pulaar,,,,,,,,,1
2245969,Saré Koutawel,12.96667,-14.81667,Kolda,Medina Yoroufoula,0,sare,Pulaar,,,,,,,,,1
2245996,Saré Kéda,12.75,-14.78333,Kolda,Kolda,0,sare,Pulaar,,,,,,,,,1
2245995,Saré Kédian,13.03333,-14.95,Kolda,Kolda,0,sare,Pulaar,,,,,,,,,1
2245992,Saré Kémadi,12.76667,-14.48333,Kolda,Kolda,0,sare,Pulaar,,,,,,,,,1
2245989,Saré Kéta Mbalo,13.08333,-14.88333,Kolda,Medina Yoroufoula,0,sare,Pulaar,,,,,,,,,1
2245988,Saré Kéval,12.7825,-15.17917,Sedhiou,Goudomp,0,sare,Pulaar,,,,,,,,,1
2245993,Saré Kéïta,13.51667,-15.06667,Kolda,Medina Yoroufoula,0,sare,Pulaar,,,,,Kéïta,Mandinka,,,2
2245994,Saré Kéïta,12.83333,-14.91667,Kolda,Kolda,0,sare,Pulaar,,,,,Kéïta,Mandinka,,,2
2245968,Saré Lagni,14.4,-14.35,Tambacounda,Koumpentoum,0,sare,Pulaar,,,,,,,,,1
2245964,Saré Lali,12.94139,-15.04806,Kolda,Kolda,0,sare,Pulaar,,,,,,,,,3
2245965,Saré Lali,12.93333,-14.01667,Kolda,Velingara,0,sare,Pulaar,,,,,,,,,3
2245966,Saré Lali,12.71667,-14.33333,Kolda,Kolda,0,sare,Pulaar,,,,,,,,,3
2245967,Saré Lalé,13.1,-14.21667,Kolda,Velingara,0,sare,Pulaar,,,,,,,,,1
2245963,Saré Lamine Fal,13.08333,-15.36667,Sedhiou,Bounkiling,0,sare,Pulaar,,,,,Fal,Wolof,,,1
2245962,Saré Lamini,12.96667,-14.93333,Kolda,Kolda,0,sare,Pulaar,,,,,,,,,1
2245960,Saré Landia,12.82333,-15.18556,Sedhiou,Sedhiou,0,sare,Pulaar,,,,,,,,,1
2245958,Saré Liou,15.76667,-13.66667,Matam,Matam,0,sare,Pulaar,,,,,,,,,1
2245959,Saré Léyène,13.71667,-15.73333,Kaolack,Nioro Du Rip,0,sare,Pulaar,,,,,,,,,1
2245956,Saré Madi,13.7,-13.63333,Tambacounda,Tambacounda,0,sare,Pulaar,,,,,,,,,2
2245957,Saré Madi,13.03333,-15.23333,Sedhiou,Sedhiou,0,sare,Pulaar,,,,,,,,,2
2245955,Saré Madia,13.01667,-15.23333,Sedhiou,Sedhiou,0,sare,Pulaar,,,,,,,,,1
2245954,Saré Madla,12.98333,-13.96667,Kolda,Velingara,0,sare,Pulaar,,,,,,,,,1
2245953,Saré Magnon,12.98333,-15.16667,Sedhiou,Sedhiou,0,sare,Pulaar,,,,,,,,,1
2245951,Saré Mala,13.53333,-14.21667,Tambacounda,Tambacounda,0,sare,Pulaar,,,,,,,,,1
2245950,Saré Malal,13.68333,-13.73333,Tambacounda,Tambacounda,0,sare,Pulaar,,,,,,,,,1
2245949,Saré Malayana,12.75,-14.16667,Kolda,Velingara,0,sare,Pulaar,,,,,,,,,1
2245946,Saré Mali,13.11667,-14.23333,Kolda,Velingara,0,sare,Pulaar,,,,,,,,,2
2245947,Saré Mali,13.11667,-14.08333,Kolda,Velingara,0,sare,Pulaar,,,,,,,,,2
2245945,Saré Malikandé,12.70861,-15.25333,Sedhiou,Goudomp,0,sare,Pulaar,,,,,,,,,1
2245948,Saré Malé,12.78333,-14.7,Kolda,Kolda,0,sare,Pulaar,,,,,,,,,1
2245942,Saré Mama Koli,12.91222,-15.01861,Kolda,Kolda,0,sare,Pulaar,,,,,,,,,1
2245944,Saré Mamadou,12.99611,-15.16417,Sedhiou,Sedhiou,0,sare,Pulaar,,,,,,,,,1
2245943,Saré Mamadou Si,13.35,-14.8,Kolda,Medina Yoroufoula,0,sare,Pulaar,,,,,,,,,1
2245941,Saré Mandi,12.88944,-15.32056,Sedhiou,Sedhiou,0,sare,Pulaar,,,,,,,,,1
2245940,Saré Manfinn,13.68333,-13.66667,Tambacounda,Tambacounda,0,sare,Pulaar,,,,,,,,,1
2245939,Saré Mankankounda,13.2,-14.05,Kolda,Velingara,0,sare,Pulaar,,,,,,,,,1
2245938,Saré Mankoto,13.05,-14.16667,Kolda,Velingara,0,sare,Pulaar,,,,,,,,,1
2245937,Saré Mansa,13.43333,-14.93333,Kolda,Medina Yoroufoula,0,sare,Pulaar,,,,,,,,,1
2245936,Saré Manson,12.69222,-15.00917,Kolda,Kolda,0,sare,Pulaar,,,,,,,,,1
2245935,Saré Manssali,12.71667,-14.43333,Kolda,Kolda,0,sare,Pulaar,,,,,,,,,1
2245934,Saré Maoudé,12.91667,-15.25,Sedhiou,Sedhiou,0,sare,Pulaar,,,,,,,,,1
2245933,Saré Maounda Niéma,13.3,-14.55,Kolda,Medina Yoroufoula,0,sare,Pulaar,,,,,,,,,1
2245932,Saré Maoundé,13.26667,-14.7,Kolda,Medina Yoroufoula,0,sare,Pulaar,,,,,,,,,1
2245931,Saré Maoundé Koumbaèl,12.93333,-14.03333,Kolda,Velingara,0,sare,Pulaar,,,,,,,,,1
2245930,Saré Maoundé Yafa,13.26667,-14.71667,Kolda,Medina Yoroufoula,0,sare,Pulaar,,,,,,,,,1
2245952,Saré Maïdou Mbalo,13.0,-14.08333,Kolda,Velingara,0,sare,Pulaar,,,,,,,,,1
2245929,Saré Mbalté,13.96667,-14.08333,Tambacounda,Tambacounda,0,sare,Pulaar,,,,,,,,,1
2245928,Saré Mbassou,14.41667,-14.31667,Tambacounda,Koumpentoum,0,sare,Pulaar,,,,,,,,,1
2245927,Saré Mboïdo Malli,13.13333,-14.33333,Kolda,Medina Yoroufoula,0,sare,Pulaar,,,,,,,,,1
2245926,Saré Mboïdo Maroum,13.11667,-14.36667,Kolda,Medina Yoroufoula,0,sare,Pulaar,,,,,,,,,1
2245925,Saré Mfali,13.71667,-14.45,Tambacounda,Koumpentoum,0,sare,Pulaar,,,,,,,,,1
2245924,Saré Mina,12.8,-14.98333,Kolda,Kolda,0,sare,Pulaar,,,,,,,,,1
2245923,Saré Modi,13.88333,-13.7,Tambacounda,Tambacounda,0,sare,Pulaar,,,,,,,,,1
2245922,Saré Mola,13.68333,-14.05,Tambacounda,Tambacounda,0,sare,Pulaar,,,,,,,,,1
2245921,Saré Moodié,13.65,-14.71667,Tambacounda,Koumpentoum,0,sare,Pulaar,,,,,,,,,1
2245920,Saré Mori,13.15,-15.18333,Kolda,Medina Yoroufoula,0,sare,Pulaar,,,,,,,,,1
2245919,Saré Mori Youri,13.45,-15.13333,Kolda,Medina Yoroufoula,0,sare,Pulaar,,,,,,,,,1
2245917,Saré Moudou,13.7,-13.61667,Tambacounda,Tambacounda,0,sare,Pulaar,,,,,,,,,2
2245918,Saré Moudou,13.18333,-14.96667,Kolda,Medina Yoroufoula,0,sare,Pulaar,,,,,,,,,2
2245916,Saré Moundourou,13.05,-14.86667,Kolda,Medina Yoroufoula,0,sare,Pulaar,,,,,,,,,1
2245915,Saré Mounia,13.06667,-14.25,Kolda,Velingara,0,sare,Pulaar,,,,,,,,,1
2245914,Saré Moussa,13.85,-13.75,Tambacounda,Tambacounda,0,sare,Pulaar,,,,,,,,,1
2245912,Saré Moussa So,13.03333,-14.95,Kolda,Kolda,0,sare,Pulaar,,,,,,,,,1
2245911,Saré Moustafa,13.01667,-14.86667,Kolda,Medina Yoroufoula,0,sare,Pulaar,,,,,,,,,1
2245909,Saré Ndiaba Djidé,12.83333,-14.48333,Kolda,Kolda,0,sare,Pulaar,,,,,,,,,1
2245908,Saré Ndiaga,13.28333,-15.58333,Sedhiou,Bounkiling,0,sare,Pulaar,,,,,,,,,1
2245907,Saré Ndiaye,12.68333,-14.95,Kolda,Kolda,0,sare,Pulaar,,,,,Ndiaye,Wolof,,,1
13551961,Saré Ndioba,14.96615,-15.04172,Louga,Linguere,0,sare,Pulaar,,,,,,,,,1
2245905,Saré Ndiobo,13.26667,-14.45,Kolda,Medina Yoroufoula,0,sare,Pulaar,,,,,,,,,2
2245906,Saré Ndiobo,13.06667,-14.35,Kolda,Medina Yoroufoula,0,sare,Pulaar,,,,,,,,,2
2245904,Saré Ndiobo Mamakounda,13.05,-14.35,Kolda,Medina Yoroufoula,0,sare,Pulaar,,,,,,,,,1
2245903,Saré Ndoumbe,13.21667,-14.4,Kolda,Medina Yoroufoula,0,sare,Pulaar,,,,,,,,,1
2245910,Saré Ndéri,13.51667,-15.03333,Kolda,Medina Yoroufoula,0,sare,Pulaar,,,,,,,,,1
2245900,Saré Ngaye,13.93333,-14.03333,Tambacounda,Tambacounda,0,sare,Pulaar,,,,,,,,,1
2245899,Saré Ngueye,13.88333,-13.65,Tambacounda,Tambacounda,0,sare,Pulaar,,,,,,,,,1
2245898,Saré Niako Ganon,12.95,-14.21667,Kolda,Kolda,0,sare,Pulaar,,,,,,,,,1
2245897,Saré Niama,13.93333,-14.83333,Kaffrine,Koungheul,0,sare,Pulaar,,,,,,,,,1
2245895,Saré Niana,13.9,-13.63333,Tambacounda,Goudiry,0,sare,Pulaar,,,,,,,,,2
2245896,Saré Niana,13.73333,-13.73333,Tambacounda,Tambacounda,0,sare,Pulaar,,,,,,,,,2
2245894,Saré Niani,13.1,-14.13333,Kolda,Velingara,0,sare,Pulaar,,,,,,,,,1
2245893,Saré Nianto,12.9,-14.06667,Kolda,Velingara,0,sare,Pulaar,,,,,,,,,1
2245892,Saré Niara,13.61667,-13.85,Tambacounda,Tambacounda,0,sare,Pulaar,,,,,,,,,1
2245891,Saré Noumodi,12.98333,-13.75,Kolda,Velingara,0,sare,Pulaar,,,,,,,,,1
2245888,Saré Ogo,13.0,-14.05,Kolda,Velingara,0,sare,Pulaar,,,,,,,,,3
2245889,Saré Ogo,12.93333,-14.23333,Kolda,Kolda,0,sare,Pulaar,,,,,,,,,3
2245890,Saré Ogo,12.86667,-14.53333,Kolda,Kolda,0,sare,Pulaar,,,,,,,,,3
2245887,Saré Okéré,13.7,-14.21667,Tambacounda,Tambacounda,0,sare,Pulaar,,,,,,,,,1
2245886,Saré Olomkounda,12.76694,-15.13639,Kolda,Kolda,0,sare,Pulaar,,,,,,,,,1
2245885,Saré Omar,12.78333,-14.85,Kolda,Kolda,0,sare,Pulaar,,,,,,,,,1
2245884,Saré Omar Boudous,13.03333,-14.86667,Kolda,Medina Yoroufoula,0,sare,Pulaar,,,,,,,,,1
2245883,Saré Ouali,13.66667,-14.61667,Tambacounda,Koumpentoum,0,sare,Pulaar,,,,,,,,,1
2245882,Saré Ouinor,13.06667,-14.13333,Kolda,Velingara,0,sare,Pulaar,,,,,,,,,1
2245880,Saré Oumar,13.18333,-14.25,Kolda,Velingara,0,sare,Pulaar,,,,,,,,,2
2245881,Saré Oumar,12.7,-15.08333,Kolda,Kolda,0,sare,Pulaar,,,,,,,,,2
2245879,Saré Oura,12.9,-13.75,Kolda,Velingara,0,sare,Pulaar,,,,,,,,,1
2245878,Saré Ouri,13.85,-13.86667,Tambacounda,Tambacounda,0,sare,Pulaar,,,,,,,,,1
2245877,Saré Ouro,13.58333,-13.96667,Tambacounda,Tambacounda,0,sare,Pulaar,,,,,,,,,1
2245876,Saré Ousmane,13.9,-14.11667,Tambacounda,Tambacounda,0,sare,Pulaar,,,,,,,,,1
2245870,Saré Paté,13.53333,-15.1,Kolda,Medina Yoroufoula,0,sare,Pulaar,,,,,,,,,6
2245871,Saré Paté,13.01667,-14.63333,Kolda,Medina Yoroufoula,0,sare,Pulaar,,,,,,,,,6
2245872,Saré Paté,12.93333,-13.78333,Kolda,Velingara,0,sare,Pulaar,,,,,,,,,6
2245873,Saré Paté,12.85,-14.48333,Kolda,Kolda,0,sare,Pulaar,,,,,,,,,6
2245874,Saré Paté,12.78333,-14.93333,Kolda,Kolda,0,sare,Pulaar,,,,,,,,,6
2245875,Saré Paté,12.76667,-14.76667,Kolda,Kolda,0,sare,Pulaar,,,,,,,,,6
2245869,Saré Paté Bayélo,13.13333,-15.4,Sedhiou,Bounkiling,0,sare,Pulaar,,,,,,,,,1
2245868,Saré Paté Bouya,12.95,-14.36667,Kolda,Kolda,0,sare,Pulaar,,,,,,,,,1
2245866,Saré Paté Dialo,13.21667,-15.55,Sedhiou,Bounkiling,0,sare,Pulaar,,,,,,,,,2
2245867,Saré Paté Dialo,13.1,-15.36667,Sedhiou,Bounkiling,0,sare,Pulaar,,,,,,,,,2
2245865,Saré Pendia,12.92333,-15.30139,Sedhiou,Sedhiou,0,sare,Pulaar,,,,,,,,,1
2245864,Saré Sada,13.03333,-14.96667,Kolda,Kolda,0,sare,Pulaar,,,,,,,,,1
2245863,Saré Sadian,13.35,-15.4,Sedhiou,Bounkiling,0,sare,Pulaar,,,,,,,,,1
2245860,Saré Sadio,14.0,-14.6,Kaffrine,Koungheul,0,sare,Pulaar,,,,,,,,,3
2245861,Saré Sadio,12.88333,-14.25,Kolda,Kolda,0,sare,Pulaar,,,,,,,,,3
2245862,Saré Sadio,12.8,-13.81667,Kolda,Velingara,0,sare,Pulaar,,,,,,,,,3
2245859,Saré Sadiom,12.85,-14.61667,Kolda,Kolda,0,sare,Pulaar,,,,,,,,,1
2245858,Saré Sadiou,12.76667,-15.15,Sedhiou,Goudomp,0,sare,Pulaar,,,,,,,,,1
2245856,Saré Saloum,13.66667,-13.66667,Tambacounda,Tambacounda,0,sare,Pulaar,,,,,,,,,1
2245855,Saré Sama,13.28333,-15.3,Kolda,Medina Yoroufoula,0,sare,Pulaar,,,,,,,,,1
2245854,Saré Samaoudé,12.75,-14.0,Kolda,Velingara,0,sare,Pulaar,,,,,,,,,1
2245853,Saré Samba Adama,13.3,-15.28333,Kolda,Medina Yoroufoula,0,sare,Pulaar,,,,,,,,,1
2245852,Saré Samba Asset,12.88333,-14.03333,Kolda,Velingara,0,sare,Pulaar,,,,,,,,,1
2245851,Saré Samba Cissé,13.33333,-15.28333,Kolda,Medina Yoroufoula,0,sare,Pulaar,,,,,Cissé,Mandinka,,,1
2245850,Saré Samba Dabo,13.05,-15.21667,Kolda,Medina Yoroufoula,0,sare,Pulaar,,,,,,,,,1
2245848,Saré Samba Diaba,12.93472,-15.03139,Kolda,Kolda,0,sare,Pulaar,,,,,,,,,1
2245847,Saré Samba Diaboukoye,12.98333,-14.91667,Kolda,Medina Yoroufoula,0,sare,Pulaar,,,,,,,,,1
2245846,Saré Samba Diamaka,12.70361,-15.05694,Kolda,Kolda,0,sare,Pulaar,,,,,,,,,1
2245845,Saré Samba Dibel,12.75,-14.71667,Kolda,Kolda,0,sare,Pulaar,,,,,,,,,1
2245844,Saré Samba Dioka,12.93333,-14.21667,Kolda,Kolda,0,sare,Pulaar,,,,,,,,,1
2245842,Saré Samba Iopé,12.81667,-14.58333,Kolda,Kolda,0,sare,Pulaar,,,,,,,,,1
2245841,Saré Samba Kandé,12.71722,-15.15333,Sedhiou,Goudomp,0,sare,Pulaar,,,,,,,,,1
2245840,Saré Samba Kayogo,12.95,-14.86667,Kolda,Medina Yoroufoula,0,sare,Pulaar,,,,,,,,,1
2245839,Saré Samba Kountéré,13.28333,-15.46667,Sedhiou,Bounkiling,0,sare,Pulaar,,,,,,,,,1
2245838,Saré Samba Koutoumba,12.96667,-14.93333,Kolda,Kolda,0,sare,Pulaar,,,,,,,,,1
2245836,Saré Samba Sabali,12.98333,-15.15,Kolda,Kolda,0,sare,Pulaar,,,,,,,,,1
2245843,Saré Sambadiouka,13.71667,-14.06667,Tambacounda,Tambacounda,0,sare,Pulaar,,,,,,,,,1
2245849,Saré Sambadété,12.95,-14.55,Kolda,Kolda,0,sare,Pulaar,,,,,,,,,1
2245837,Saré Sambana,13.05,-14.38333,Kolda,Medina Yoroufoula,0,sare,Pulaar,,,,,,,,,1
2245835,Saré Sambatako,12.75,-15.1,Kolda,Kolda,0,sare,Pulaar,,,,,,,,,1
2245833,Saré Sambel,13.53333,-15.06667,Kolda,Medina Yoroufoula,0,sare,Pulaar,,,,,,,,,1
2245832,Saré Samboudian,12.8,-14.93333,Kolda,Kolda,0,sare,Pulaar,,,,,,,,,1
2245830,Saré Sambourou,13.91667,-14.05,Tambacounda,Tambacounda,0,sare,Pulaar,,,,,,,,,2
2245831,Saré Sambourou,13.2,-15.3,Kolda,Medina Yoroufoula,0,sare,Pulaar,,,,,,,,,2
2245834,Saré Sambé,12.81667,-14.76667,Kolda,Kolda,0,sare,Pulaar,,,,,,,,,1
2245828,Saré Samita,13.48333,-15.01667,Kolda,Medina Yoroufoula,0,sare,Pulaar,,,,,,,,,1
2245829,Saré Samédou Bati,13.11667,-14.05,Kolda,Velingara,0,sare,Pulaar,,,,,,,,,1
2245827,Saré Sana,12.93694,-15.30417,Sedhiou,Sedhiou,0,sare,Pulaar,,,,,,,,,1
2245825,Saré Sanba Niaro,13.13333,-14.23333,Kolda,Velingara,0,sare,Pulaar,,,,,,,,,1
2245826,Saré Sanbanété,13.1,-14.15,Kolda,Velingara,0,sare,Pulaar,,,,,,,,,1
2245824,Saré Sanbou,13.13333,-14.01667,Kolda,Velingara,0,sare,Pulaar,,,,,,,,,1
2245823,Saré Sanbtala,13.13333,-14.08333,Kolda,Velingara,0,sare,Pulaar,,,,,,,,,1
2245822,Saré Sandi,12.73333,-14.8,Kolda,Kolda,0,sare,Pulaar,,,,,,,,,1
2245821,Saré Sandié,12.7,-14.71667,Kolda,Kolda,0,sare,Pulaar,,,,,,,,,1
2245820,Saré Sapenda,13.73333,-14.01667,Tambacounda,Tambacounda,0,sare,Pulaar,,,,,,,,,1
2245817,Saré Sara,12.92611,-15.01444,Kolda,Kolda,0,sare,Pulaar,,,,,,,,,3
2245818,Saré Sara,12.83333,-14.75,Kolda,Kolda,0,sare,Pulaar,,,,,,,,,3
2245819,Saré Sara,12.73417,-15.09972,Kolda,Kolda,0,sare,Pulaar,,,,,,,,,3
2245815,Saré Sara Niama,12.68333,-14.76667,Kolda,Kolda,0,sare,Pulaar,,,,,,,,,1
2245816,Saré Saradou,13.6,-14.18333,Tambacounda,Tambacounda,0,sare,Pulaar,,,,,,,,,1
2245857,Saré Saédou,13.66667,-14.4,Tambacounda,Koumpentoum,0,sare,Pulaar,,,,,,,,,1
2245813,Saré Sekou,12.93333,-14.16667,Kolda,Velingara,0,sare,Pulaar,,,,,,,,,1
2245811,Saré Sembel,12.68333,-14.5,Kolda,Kolda,0,sare,Pulaar,,,,,,,,,1
2245810,Saré Seni,12.68333,-15.08333,,,0,sare,Pulaar,,,,,,,,,1
2245814,Saré Seïdi Sal,13.35,-15.38333,Sedhiou,Bounkiling,0,sare,Pulaar,,,,,,,,,1
2245806,Saré Sidi,13.56667,-14.03333,Tambacounda,Tambacounda,0,sare,Pulaar,,,,,,,,,1
2245804,Saré Sikouna,14.2,-14.11667,Tambacounda,Koumpentoum,0,sare,Pulaar,,,,,,,,,1
2245803,Saré Simali,13.05,-15.06667,Kolda,Kolda,0,sare,Pulaar,,,,,,,,,1
2245802,Saré Sirilo,12.91667,-14.9,Kolda,Medina Yoroufoula,0,sare,Pulaar,,,,,,,,,1
2245801,Saré Sitafa,12.7,-15.73333,Sedhiou,Sedhiou,0,sare,Pulaar,,,,,,,,,1
2245800,Saré Sorba,12.93333,-14.93333,Kolda,Medina Yoroufoula,0,sare,Pulaar,,,,,,,,,1
2245797,Saré Sori,12.96667,-14.93333,Kolda,Kolda,0,sare,Pulaar,,,,,,,,,3
2245798,Saré Sori,12.7,-14.23333,Kolda,Velingara,0,sare,Pulaar,,,,,,,,,3
2245799,Saré Sori,12.68333,-14.83333,Kolda,Kolda,0,sare,Pulaar,,,,,,,,,3
2245796,Saré Sossé,14.18333,-14.15,Tambacounda,Koumpentoum,0,sare,Pulaar,,,,,,,,,1
2245795,Saré Souban,12.7,-15.08333,Kolda,Kolda,0,sare,Pulaar,,,,,,,,,1
2245794,Saré Souka,13.66667,-13.76667,Tambacounda,Tambacounda,0,sare,Pulaar,,,,,,,,,1
2245792,Saré Souna,12.91694,-15.22611,Sedhiou,Sedhiou,0,sare,Pulaar,,,,,,,,,2
2245793,Saré Souna,12.73333,-14.7,Kolda,Kolda,0,sare,Pulaar,,,,,,,,,2
2245791,Saré Sounkarou,12.89583,-15.005,Kolda,Kolda,0,sare,Pulaar,,,,,,,,,1
2245812,Saré Sékou,13.08333,-14.06667,Kolda,Velingara,0,sare,Pulaar,,,,,,,,,1
2245809,Saré Séni,13.05,-15.16667,Kolda,Medina Yoroufoula,0,sare,Pulaar,,,,,,,,,1
2245808,Saré Séni Dialo,13.23333,-15.68333,Sedhiou,Bounkiling,0,sare,Pulaar,,,,,,,,,1
2245807,Saré Séri,13.71667,-14.75,Tambacounda,Koumpentoum,0,sare,Pulaar,,,,,,,,,1
2245790,Saré Také,15.2763,-14.0756,Matam,Ranerou,0,sare,Pulaar,,,,,,,,,1
2245789,Saré Talata,12.88333,-14.16667,Kolda,Velingara,0,sare,Pulaar,,,,,,,,,1
2245788,Saré Talel,12.72778,-15.14444,Kolda,Kolda,0,sare,Pulaar,,,,,,,,,1
2245787,Saré Tamou,14.05,-13.88333,Tambacounda,Tambacounda,0,sare,Pulaar,,,,,,,,,1
2245786,Saré Tening,12.72778,-15.19111,Sedhiou,Goudomp,0,sare,Pulaar,,,,,,,,,1
2245784,Saré Tianfara,12.91667,-14.05,Kolda,Velingara,0,sare,Pulaar,,,,,,,,,1
2245782,Saré Tierno,13.91667,-13.6,Tambacounda,Goudiry,0,sare,Pulaar,,,,,,,,,2
2245783,Saré Tierno,13.05,-14.23333,Kolda,Velingara,0,sare,Pulaar,,,,,,,,,2
2245781,Saré Tiernon,13.8,-14.66667,Tambacounda,Koumpentoum,0,sare,Pulaar,,,,,,,,,1
2245780,Saré Tileul,13.75,-14.03333,Tambacounda,Tambacounda,0,sare,Pulaar,,,,,,,,,1
2245779,Saré Togo,12.98333,-14.83333,Kolda,Medina Yoroufoula,0,sare,Pulaar,,,,,,,,,1
2245778,Saré Toumané,12.88111,-15.24639,Sedhiou,Sedhiou,0,sare,Pulaar,,,,,,,,,1
2245776,Saré Tounkoye,13.03333,-14.98333,Kolda,Kolda,0,sare,Pulaar,,,,,,,,,1
2245777,Saré Tounké,13.6,-13.73333,Tambacounda,Tambacounda,0,sare,Pulaar,,,,,,,,,1
2245785,Saré Téning Mbalo,13.13333,-14.35,Kolda,Medina Yoroufoula,0,sare,Pulaar,,,,,,,,,1
2245774,Saré Wali,13.58333,-13.96667,Tambacounda,Tambacounda,0,sare,Pulaar,,,,,,,,,1
2245773,Saré Yaya,12.93278,-15.25111,Sedhiou,Sedhiou,0,sare,Pulaar,,,,,,,,,1
2245772,Saré Yerba,12.8,-14.03333,Kolda,Velingara,0,sare,Pulaar,,,,,,,,,1
2245771,Saré Yerbel,12.78333,-14.33333,Kolda,Kolda,0,sare,Pulaar,,,,,,,,,1
2245763,Saré Yoba,12.93333,-14.13333,Kolda,Velingara,0,sare,Pulaar,,,,,,,,,1
2245762,Saré Yoba Diéga,12.76583,-15.1075,Kolda,Kolda,3551,sare,Pulaar,,,,,,,,,1
2245761,Saré Yoba Mbalo,13.01667,-14.48333,Kolda,Kolda,0,sare,Pulaar,,,,,,,,,1
2245760,Saré Yoba Soukouta,12.96667,-14.41667,Kolda,Kolda,0,sare,Pulaar,,,,,,,,,1
2245758,Saré Yoro,13.41667,-15.05,Kolda,Medina Yoroufoula,0,sare,Pulaar,,,,,,,,,2
2245759,Saré Yoro,13.03333,-15.11667,Kolda,Kolda,0,sare,Pulaar,,,,,,,,,2
2245757,Saré Yoro Baldé,12.74083,-15.07583,Kolda,Kolda,0,sare,Pulaar,,,,,,,,,1
2245754,Saré Yoro Diao,12.91667,-15.21667,Sedhiou,Sedhiou,0,sare,Pulaar,,,,,,,,,2
2245755,Saré Yoro Diao,12.69611,-15.13389,Kolda,Kolda,0,sare,Pulaar,,,,,,,,,2
2245756,Saré Yorobouya,13.53333,-15.08333,Kolda,Medina Yoroufoula,0,sare,Pulaar,,,,,,,,,1
2245753,Saré Youssouf,12.68333,-14.95,Kolda,Kolda,0,sare,Pulaar,,,,,,,,,1
2245770,Saré Yéro,13.05,-13.81667,Kolda,Velingara,0,sare,Pulaar,,,,,,,,,1
2245769,Saré Yéro Bambi,13.06667,-14.4,Kolda,Medina Yoroufoula,0,sare,Pulaar,,,,,,,,,1
2245768,Saré Yéro Dialo,13.23333,-14.43333,Kolda,Medina Yoroufoula,0,sare,Pulaar,,,,,,,,,1
2245767,Saré Yéro Maran,13.25,-14.68333,Kolda,Medina Yoroufoula,0,sare,Pulaar,,,,,,,,,1
2245766,Saré Yéromori,13.93333,-14.01667,Tambacounda,Tambacounda,0,sare,Pulaar,,,,,,,,,1
2245765,Saré Yérossodi,12.98333,-14.08333,Kolda,Velingara,0,sare,Pulaar,,,,,,,,,1
2245764,Saré Yérowel,13.1,-14.08333,Kolda,Velingara,0,sare,Pulaar,,,,,,,,,1
2245961,Saré-Lamou,16.07222,-15.60083,Saint Louis,Dagana,0,sare,Pulaar,,,,,,,,,1
2245972,Sarékoura,15.85692,-13.49367,Matam,Matam,0,,,,,,,,,,,1
13509056,Sas Linguère,14.43544,-16.23496,Fatick,Fatick,0,,,,,,,,,,,1
2245736,Sas Mak,14.49881,-16.42926,Fatick,Fatick,0,,,,,,,,,,,1
2245734,Sas Ndiafadji,14.51562,-16.4186,Fatick,Fatick,0,,,,,,,,,,,1
13507212,Sass,14.63828,-16.13024,Diourbel,Diourbel,0,,,,,,,,,,,1
2245741,Sassakh,14.55003,-16.63724,Thies,Mbour,0,,,,,,,,,,,1
2245740,Sassal,14.6232,-16.65482,Thies,Mbour,0,,,,,,,,,,,1
13506782,Sassal Peul,14.6385,-16.66801,Thies,Mbour,0,,,,Peul (Fulani),Sassal,,,,,,1
2245738,Sassar,14.65,-16.5,Diourbel,Bambey,0,,,,,,,,,,,1
2245737,Sassara,14.20076,-16.2754,Kaolack,Kaolack,0,,,,,,,,,,,1
2245735,Sassel Talbé,16.54233,-14.34989,Saint Louis,Podor,0,,,,,,,,,,,1
2245732,Sassita,13.35,-15.41667,Sedhiou,Bounkiling,0,,,,,,,,,,,1
2245733,Sassène,14.68333,-16.91667,Thies,Thies,0,,,,,,,,,,,2
13508566,Sassène,14.35366,-16.4954,Fatick,Fatick,0,,,,,,,,,,,2
2245731,Satadougou Bafé,12.64341,-11.41856,Kedougou,Saraya,0,,,,,,,,,,,1
2245728,Satioum,12.47972,-15.64722,Sedhiou,Goudomp,0,,,,,,,,,,,1
2245727,Satong Ania,12.71667,-12.4,Kedougou,Kedougou,0,,,,,,,,,,,1
2245726,Satté,15.21667,-16.53333,Thies,Tivaoune,0,,,,,,,,,,,1
2245730,Saté,14.7809,-15.96621,Diourbel,Mbacke,0,,,,,,,,,,,2
13504776,Saté,14.9002,-16.52478,Diourbel,Bambey,0,,,,,,,,,,,2
2245729,Saté Wali,14.21687,-16.10036,Kaolack,Guinguineo,0,,,,,,,,,,,1
2245725,Sava Gandé,16.22264,-14.03438,Saint Louis,Podor,0,,,,,,,,,,,1
2245723,Savoigne,16.19972,-16.27861,Saint Louis,Dagana,0,,,,,,,,,,,1
2596014,Savoigne-Pionnier,16.17167,-16.31028,Saint Louis,Dagana,0,,,,,,,,,,,1
2246205,Saw,14.48405,-16.66609,Thies,Mbour,0,,,,,,,,,,,1
13507472,Sawkom Deux,14.45458,-16.68073,Thies,Mbour,0,,,,,,2,,,,,1
2246436,Sawkom Un,14.46155,-16.68317,Thies,Mbour,0,,,,,,1,,,,,1
13554448,Sawéla Keur Réname,14.19804,-15.97273,Kaolack,Guinguineo,0,,,,,,,,,,,1
2245724,Sawéla Keur Wourwa,14.19148,-15.96502,Kaolack,Guinguineo,0,,,,,,,,,,,1
13554423,Sawéla Modou Bara,14.18688,-15.95265,Kaolack,Guinguineo,0,,,,,,,,,,,1
2246457,Sayansoutou,13.39143,-11.64424,Kedougou,Saraya,0,,,,,,,,,,,1
2245720,Sayet Ndiaye,14.28333,-15.98333,Kaolack,Guinguineo,0,,,,,,,Ndiaye,Wolof,,,1
2245718,Sayindi Daouda,13.26667,-15.28333,Kolda,Medina Yoroufoula,0,,,,,,,,,,,1
2245717,Sayindi Maoundé,13.26667,-15.28333,Kolda,Medina Yoroufoula,0,,,,,,,,,,,1
2246444,Sekhlé Amat,14.00694,-16.13141,Kaolack,Kaolack,0,,,,,,,,,,,1
2245686,Sekélé Samane,14.0,-16.16667,Kaolack,Kaolack,0,,,,,,,,,,,1
2245676,Selguir,16.05611,-16.30417,Saint Louis,Dagana,0,,,,,,,,,,,1
2245671,Selko,14.98839,-16.81588,Thies,Tivaoune,0,,,,,,,,,,,1
13505429,Sembèm,14.97723,-16.41403,Diourbel,Bambey,0,,,,,,,,,,,1
2596072,Semel,15.93028,-16.34778,Saint Louis,Saint Louis,0,,,,,,,,,,,1
6941951,Senegambia,13.80608,-15.29297,Kaffrine,Kaffrine,0,,,,,,,,,,,1
2245657,Senghor,14.40211,-16.50833,Fatick,Fatick,0,,,,,,,,,,,2
2246264,Senghor,13.82242,-16.37075,Fatick,Foundiougne,0,,,,,,,,,,,2
2245625,Ser,15.66667,-16.45,Louga,Louga,0,,,,,,,,,,,1
2245622,Serigne Abo,14.68333,-15.96667,Diourbel,Mbacke,0,,,serigne,,,,,,,,1
2245621,Serigne Aogamou,14.9,-15.75,Diourbel,Mbacke,0,,,serigne,,,,,,,,1
2245618,Serpoli,16.61305,-14.56415,Saint Louis,Podor,0,,,,,,,,,,,1
13506743,Sessou,14.71074,-16.60104,Diourbel,Bambey,0,,,,,,,,,,,1
2245613,Sessoum,14.93333,-14.63333,Matam,Ranerou,0,,,,,,,,,,,1
13506478,Sessène,14.69384,-16.90489,Thies,Thies,0,,,,,,,,,,,1
2245659,Seun Sérèr,14.79507,-17.05089,Thies,Thies,0,,,,Sérèr,Seun,,,,,,1
2245658,Seun Wolof,14.80095,-17.05396,Thies,Thies,0,,,,Wolof,Seun,,,,,,1
2595943,Seydou Dia,14.96098,-17.04443,Thies,Tivaoune,0,,,,,,,Dia,Pulaar,,,1
13553617,Sianda Ndioum,14.50329,-15.19902,Kaffrine,Malem Hodar,0,,,,,,,,,,,1
13553629,Sianda Touba Ndioum,14.53178,-15.17321,Kaffrine,Malem Hodar,0,,,touba,,,,,,,,1
2245610,Sibana,12.49778,-15.68361,Sedhiou,Goudomp,0,,,,,,,,,,,1
2245609,Sibanga,12.98333,-16.25,Ziguinchor,Bignona,0,,,,,,,,,,,1
2245608,Sibassor,14.18645,-16.15947,Kaolack,Kaolack,8141,,,,,,,,,,,1
2245600,Sibi Nokho,14.06667,-14.71667,Kaffrine,Koungheul,0,,,,,,,,,,,1
2245606,Sibidianto,12.69972,-15.29528,Sedhiou,Goudomp,0,,,,,,,,,,,1
2245605,Sibikaranto,12.71194,-15.06861,Kolda,Kolda,0,,,,,,,,,,,1
2245604,Sibikiling,12.9737,-12.4858,Kedougou,Kedougou,0,,,,,,,,,,,1
2245603,Sibikouroto,12.67139,-15.94,Sedhiou,Sedhiou,0,,,,,,,,,,,1
2245601,Sibink,12.6,-16.03333,Ziguinchor,Ziguinchor,0,,,,,,,,,,,1
13658810,Sibogola,13.03091,-16.19189,Ziguinchor,Bignona,0,,,,,,,,,,,1
2245599,Sibokoto,13.17359,-11.55507,Kedougou,Saraya,0,,,,,,,,,,,1
13551958,Siboli,14.84826,-15.16139,Louga,Linguere,0,,,,,,,,,,,1
13551962,Siboli Touré,14.87724,-15.16591,Louga,Linguere,0,,,,,,,Touré,Mandinka,,,1
2245607,Sibéré,12.91667,-14.91667,Kolda,Kolda,0,,,,,,,,,,,1
2245596,Sidak,14.61667,-14.88333,Kaffrine,Koungheul,0,,,,,,,,,,,1
2245595,Sidate,15.744,-15.8913,Louga,Louga,0,,,,,,,,,,,1
2245594,Sidi Bougou,14.37743,-16.92091,Thies,Mbour,0,,,,,,,,,,,1
2245593,Sidi Nagué,14.93333,-15.78333,Diourbel,Mbacke,0,,,,,,,,,,,1
13504689,Sidiane Un,14.82421,-16.66476,Thies,Thies,0,,,,,,1,,,,,1
2245592,Sidiounfour,12.58639,-16.73583,Ziguinchor,Bignona,0,,,,,,,,,,,1
2245589,Sientankine,12.7,-15.2,Sedhiou,Goudomp,0,,,,,,,,,,,1
2245585,Sifassou,12.51667,-15.88333,Sedhiou,Goudomp,0,,,,,,,,,,,1
2245584,Sifoka,12.49222,-16.68528,Ziguinchor,Oussouye,0,,,,,,,,,,,1
2245582,Siganar,12.45028,-16.52889,Ziguinchor,Oussouye,0,,,,,,,,,,,1
13505436,Siguidiadji,14.79617,-16.2591,Diourbel,Diourbel,0,,,,,,,,,,,1
2245688,Siguilaye,13.0355,-16.08825,Ziguinchor,Bignona,0,,,,,,,,,,,1
13507023,Sikane,14.68919,-16.36771,Diourbel,Bambey,0,,,,,,,,,,,1
2245581,Sikatoroum,13.98333,-15.98333,Kaolack,Kaolack,0,,,,,,,,,,,1
2245284,Sikhane,14.22748,-16.19322,Kaolack,Kaolack,0,,,,,,,,,,,1
2245580,Sikilo,12.9,-14.95,Kolda,Kolda,0,,,,,,,,,,,2
2249884,Sikilo,14.10326,-15.49031,Kaffrine,Kaffrine,0,,,,,,,,,,,2
13506455,Sikitia,14.70538,-16.94086,Thies,Thies,0,,,,,,,,,,,1
2245579,Sikmat,14.76667,-15.53333,Diourbel,Mbacke,0,,,,,,,,,,,1
2245578,Sikoum,12.47611,-15.88694,Sedhiou,Goudomp,0,,,,,,,,,,,1
2245577,Sikounda,13.13333,-13.86667,Kolda,Velingara,0,kounda,Mandinka,,,,,,,,,1
2245576,Sil,14.2,-14.55,Tambacounda,Koumpentoum,0,,,,,,,,,,,1
2245574,Sila Kounda,12.43333,-12.56667,Kedougou,Salemata,0,kounda,Mandinka,,,,,,,,,1
2245575,Silabé,13.83333,-13.41667,Tambacounda,Tambacounda,0,,,,,,,,,,,1
2245569,Silamé,13.65,-14.46667,Tambacounda,Koumpentoum,0,,,,,,,,,,,1
2245568,Silane Mbaylar,14.73017,-16.47077,Diourbel,Bambey,0,,,,,,,,,,,1
13514616,Silane Ndiaw,14.73861,-16.46457,Diourbel,Bambey,0,,,,,,,,,,,1
2245567,Silat,14.96667,-14.96667,Louga,Linguere,0,,,,,,,,,,,1
2245564,Silif,14.29385,-16.54779,Fatick,Fatick,0,,,,,,,,,,,1
2245562,Silik,12.96306,-16.11861,Ziguinchor,Bignona,0,,,,,,,,,,,1
2245561,Silinkine,12.95583,-16.01139,Ziguinchor,Bignona,0,,,,,,,,,,,1
2245560,Silla,16.08704,-13.51412,Matam,Matam,0,,,,,,,,,,,1
2376656,Silla Ouorgo,16.12258,-13.59198,Matam,Matam,0,,,,,,,,,,,1
2245573,Sillakounda,12.5988,-12.3835,Kedougou,Kedougou,0,kounda,Mandinka,,,,,,,,,1
2245571,Sillakounda Diakha,12.6441,-12.1235,Kedougou,Kedougou,0,,,,,,,,,,,1
2245558,Silmane,14.76667,-16.91667,Thies,Thies,0,,,,,,,,,,,1
2245557,Silorou,14.60077,-12.83215,Matam,Kanel,0,,,,,,,,,,,1
2245555,Simakounda,12.58417,-15.50028,Sedhiou,Goudomp,0,kounda,Mandinka,,,,,,,,,1
2245554,Simal,14.14958,-16.63577,Fatick,Fatick,0,,,,,,,,,,,1
2245552,Simbandi Balant,12.55417,-15.78139,Sedhiou,Goudomp,0,,,,,,,,,,,1
2245551,Simbandi Brassou,12.62333,-15.51889,Sedhiou,Goudomp,0,,,,,,,,,,,1
2245550,Simbani,13.56667,-13.35,Tambacounda,Goudiry,0,,,,,,,,,,,1
2245549,Simbar,13.31667,-14.76667,Kolda,Medina Yoroufoula,0,,,,,,,,,,,1
2245548,Simbara,13.96667,-15.63333,Kaffrine,Birkelane,0,,,,,,,,,,,1
2245547,Simbi,13.16667,-14.3,Kolda,Velingara,0,,,,,,,,,,,1
2245546,Simenti,13.03333,-13.3,Tambacounda,Tambacounda,0,,,,,,,,,,,1
13658018,Simong Bambara,13.82336,-16.29259,Fatick,Foundiougne,0,,,,Bambara,Simong,,,,,,1
2245542,Simong Diène,13.75994,-16.39012,Fatick,Foundiougne,0,,,,,,,,,,,1
2245541,Simong Hamdallaye,13.65068,-16.38098,Fatick,Foundiougne,0,,,,,,,,,,,1
2245540,Sina,12.53778,-15.60333,Sedhiou,Goudomp,0,,,,,,,,,,,1
2245539,Sinalla,13.95,-15.71667,Kaffrine,Birkelane,0,,,,,,,,,,,1
13658752,Sindamak,13.01222,-16.29802,Ziguinchor,Bignona,0,,,,,,,,,,,1
2245537,Sindia,14.58294,-17.0347,Thies,Mbour,0,,,,,,,,,,,1
2595405,Sindia Kafngoun,14.56559,-17.03113,Thies,Mbour,0,,,,,,,,,,,1
2595404,Sindia Lorom,14.57426,-17.02993,Thies,Mbour,0,,,,,,,,,,,1
2245536,Sindialong,12.82917,-16.02194,Ziguinchor,Bignona,0,,,,,,,,,,,1
2245535,Sindian,12.96306,-16.18194,Ziguinchor,Bignona,0,,,,,,,,,,,1
13507010,Sindiane,14.68819,-16.49601,Diourbel,Bambey,0,,,,,,,,,,,2
13507268,Sindiane,14.54859,-16.1925,Fatick,Fatick,0,,,,,,,,,,,2
2245534,Sindina,12.61667,-15.83333,Sedhiou,Sedhiou,0,,,,,,,,,,,1
13508987,Sindiègne Sérèr,14.29816,-16.01469,Kaolack,Guinguineo,0,,,,Sérèr,Sindiègne,,,,,,1
13509026,Sindiègne Walo,14.29107,-16.01708,Kaolack,Guinguineo,0,,,,,,,,,,,1
2245533,Sindou,14.74842,-12.84533,Matam,Kanel,0,,,,,,,,,,,1
2245527,Sine,15.25,-16.0,Louga,Kebemer,0,,,,,,,,,,,4
2245528,Sine,14.66667,-16.81667,Thies,Thies,0,,,,,,,,,,,4
2245529,Sine,13.86667,-15.63333,Kaffrine,Birkelane,0,,,,,,,,,,,4
2245530,Sine,13.68333,-15.53333,Kaolack,Nioro Du Rip,0,,,,,,,,,,,4
2245524,Sine Altéré,15.45,-16.48333,Louga,Kebemer,0,,,,,,,,,,,1
2595932,Sine Bakar Diop,14.93669,-17.05182,Thies,Tivaoune,0,,,,,,,Diop,Wolof,,,1
2245522,Sine Bilali,12.85361,-15.00972,Kolda,Kolda,0,,,,,,,,,,,1
2245519,Sine Gueye,15.46667,-16.56667,Louga,Kebemer,0,,,,,,,Gueye,Wolof,,,1
2245517,Sine Kane,15.177,-16.7424,Thies,Tivaoune,0,,,,,,,Kane,Pulaar,,,1
2245516,Sine Lèye Kane,15.0087,-16.5202,Thies,Tivaoune,0,,,,,,,Kane,Pulaar,,,1
2245515,Sine Makoumba,15.0057,-16.4883,Diourbel,Bambey,0,,,,,,,,,,,1
2245513,Sine Moktar,13.85,-14.98333,Kaffrine,Koungheul,0,,,,,,,,,,,1
2245512,Sine Ouad,15.7,-16.31667,Louga,Louga,0,,,,,,,,,,,1
2245523,Sinebakeur,14.93333,-17.03333,Thies,Tivaoune,0,,,,,,,,,,,1
2245520,Sinedone,12.60222,-16.07722,Ziguinchor,Ziguinchor,0,,,,,,,,,,,1
2245583,Sing,14.26797,-16.5846,Fatick,Fatick,0,,,,,,,,,,,1
2245497,Sing Boyar,14.27648,-16.65367,Fatick,Fatick,0,,,,,,,,,,,1
2245508,Sing Sing,14.16533,-16.12272,Kaolack,Kaolack,0,,,,,,,,,,,1
2245510,Singalène,12.49833,-16.53806,Ziguinchor,Oussouye,0,,,,,,,,,,,1
2245509,Singop Tilidji,12.46389,-15.73389,Sedhiou,Goudomp,0,,,,,,,,,,,1
2245507,Singuèr,12.67139,-15.91,Sedhiou,Sedhiou,0,,,,,,,,,,,1
2245505,Singuère,12.53639,-15.94556,Sedhiou,Goudomp,0,,,,,,,,,,,2
2245506,Singuère,12.5225,-15.92361,Sedhiou,Goudomp,0,,,,,,,,,,,2
2245504,Sinndabou,12.7,-14.93333,Kolda,Kolda,0,,,,,,,,,,,1
2245503,Sinndiane,13.96667,-15.91667,Kaolack,Kaolack,0,,,,,,,,,,,1
2245502,Sinndiane Kibik,14.48333,-16.85,Thies,Mbour,0,,,,,,,,,,,1
2245500,Sinne,15.2,-16.36667,Thies,Tivaoune,0,,,,,,,,,,,1
2245499,Sinngoumbo Sal,14.78333,-15.86667,Diourbel,Mbacke,0,,,,,,,,,,,1
2245496,Sinnki Sambadao,13.71667,-14.21667,Tambacounda,Tambacounda,0,,,,,,,,,,,1
2245495,Sinnki Souméta,13.6,-14.46667,Tambacounda,Koumpentoum,0,,,,,,,,,,,1
2245492,Sinnsan Sambakourou,13.36667,-13.6,Tambacounda,Tambacounda,0,,,,,,,,,,,1
2245491,Sinntia Demba,12.75,-13.85,Kolda,Velingara,0,,,,,,,,,,,1
2245490,Sinntia Diaye,12.88333,-13.96667,Kolda,Velingara,0,,,,,,,,,,,1
2245489,Sinntial Maboubé,14.23333,-13.35,Tambacounda,Goudiry,0,,,,,,,,,,,1
2245429,Sinntiou Bakari,13.98047,-12.82296,Tambacounda,Goudiry,0,sinthiou,Pulaar,,,,,,,,,1
2245424,Sinntiou Bankou,13.4634,-12.8345,Tambacounda,Tambacounda,0,sinthiou,Pulaar,,,,,,,,,1
2245391,Sinntiou Diohé,14.12205,-12.44691,Tambacounda,Goudiry,0,sinthiou,Pulaar,,,,,,,,,1
2245382,Sinntiou Faoura,13.33836,-12.92977,Tambacounda,Tambacounda,0,sinthiou,Pulaar,,,,,,,,,1
2245377,Sinntiou Foulbé,13.98356,-12.74256,Tambacounda,Goudiry,0,sinthiou,Pulaar,,,,,,,,,1
2245375,Sinntiou Galo,13.39645,-12.45101,Tambacounda,Goudiry,0,sinthiou,Pulaar,,,,,,,,,1
2245372,Sinntiou Gaya,13.9105,-12.86464,Tambacounda,Goudiry,0,sinthiou,Pulaar,,,,,,,,,1
2245365,Sinntiou Hara,13.96626,-12.81568,Tambacounda,Goudiry,0,sinthiou,Pulaar,,,,,,,,,1
2245364,Sinntiou Hiérikounda Kinndéméri,13.47122,-12.52945,Tambacounda,Goudiry,0,sinthiou,Pulaar,,,,,,,,,1
2245354,Sinntiou Kotié,13.40419,-12.86592,Tambacounda,Tambacounda,0,sinthiou,Pulaar,,,,,,,,,1
2245352,Sinntiou Maka,13.55155,-12.28426,Tambacounda,Bakel,0,sinthiou,Pulaar,maka,,,,,,,,1
2245488,Sinntiou Nguérane,14.1,-14.93333,Kaffrine,Koungheul,0,sinthiou,Pulaar,,,,,,,,,1
2245325,Sinntiou Omar Lilé,14.20545,-12.77358,Tambacounda,Goudiry,0,sinthiou,Pulaar,,,,,,,,,1
2245315,Sinntiou Saga,13.62852,-12.82666,Tambacounda,Goudiry,0,sinthiou,Pulaar,,,,,,,,,1
2245313,Sinntiou Salo,13.40332,-12.49736,Tambacounda,Goudiry,0,sinthiou,Pulaar,,,,,,,,,1
2245298,Sinntiou Toura,13.98677,-12.809,Tambacounda,Goudiry,0,sinthiou,Pulaar,,,,,,,,,1
2245296,Sinntiou Vélinngara,13.55454,-12.12151,Tambacounda,Bakel,0,sinthiou,Pulaar,,,,,,,,,1
2245397,Sinntiou-Dianké-Makam,13.42845,-12.86546,Tambacounda,Tambacounda,0,sinthiou,Pulaar,,,,,,,,,1
2245347,Sinntiou-Mamadou,13.51166,-12.53393,Tambacounda,Goudiry,0,sinthiou,Pulaar,,,,,,,,,1
13504555,Sinou Khali,14.95743,-16.78453,Thies,Tivaoune,0,,,,,,,,,,,1
2245485,Sinou Madiaga,15.18333,-16.63333,Thies,Tivaoune,0,,,,,,,,,,,1
2245484,Sinou Pek,15.43333,-16.36667,Louga,Kebemer,0,,,,,,,,,,,1
2245483,Sinou Yoro,15.16667,-16.46667,Thies,Tivaoune,0,,,,,,,,,,,1
2245486,Sinoubar,15.76667,-16.11667,Louga,Louga,0,,,,,,,,,,,1
13554678,Sinthie Mor Aminta,14.13702,-15.07627,Kaffrine,Koungheul,0,,,,,,,,,,,1
2245482,Sinthié Faraba,14.23333,-15.06667,Kaffrine,Malem Hodar,0,,,,,,,,,,,1
6611634,Sintian Dioudé,15.40111,-12.93583,,,0,sinthiou,Pulaar,,,,,,,,,1
2245481,Sintiane,14.4795,-17.02089,Thies,Mbour,0,sinthiou,Pulaar,,,,,,,,,1
2595390,Sintiane Sérère,14.47817,-17.01567,Thies,Mbour,0,sinthiou,Pulaar,,Sérèr,Sintiane,,,,,,1
2245437,Sintiou Adar,14.05,-15.05,Kaffrine,Koungheul,0,sinthiou,Pulaar,,,,,,,,,1
2245436,Sintiou Alassané,14.14901,-12.64832,Tambacounda,Goudiry,0,sinthiou,Pulaar,,,,,,,,,1
2245435,Sintiou Amadou Mariama,16.14582,-13.72659,Saint Louis,Podor,0,sinthiou,Pulaar,,,,,,,,,1
2245434,Sintiou Amal Ali,14.13333,-13.63333,Tambacounda,Goudiry,0,sinthiou,Pulaar,,,,,,,,,1
2245433,Sintiou Amat Modi,14.38333,-13.03333,Tambacounda,Goudiry,0,sinthiou,Pulaar,,,,,,,,,1
2245432,Sintiou Baba,13.93333,-14.55,Tambacounda,Koumpentoum,0,sinthiou,Pulaar,,,,,,,,,2
6647990,Sintiou Baba,14.24702,-12.79143,Tambacounda,Goudiry,0,sinthiou,Pulaar,,,,,,,,,2
6647945,Sintiou Bacary,14.00755,-12.95472,Tambacounda,Goudiry,0,sinthiou,Pulaar,,,,,,,,,1
2245418,Sintiou Bakar Ali,14.07327,-12.92671,Tambacounda,Goudiry,0,sinthiou,Pulaar,,,,,,,,,1
2245427,Sintiou Bamambé,15.36736,-13.13471,Matam,Kanel,13823,sinthiou,Pulaar,,,,,,,,,1
2245425,Sintiou Bamba,13.81667,-15.25,Kaffrine,Kaffrine,0,sinthiou,Pulaar,,,,,,,,,2
2245426,Sintiou Bamba,13.11667,-15.15,Kolda,Medina Yoroufoula,0,sinthiou,Pulaar,,,,,,,,,2
2245423,Sintiou Bara,15.70621,-13.38074,Matam,Matam,0,sinthiou,Pulaar,,,,,,,,,1
2245422,Sintiou Barinabé,14.18333,-13.6,Tambacounda,Tambacounda,0,sinthiou,Pulaar,,,,,,,,,1
2245421,Sintiou Bay Ladji,14.14851,-12.73436,Tambacounda,Goudiry,0,sinthiou,Pulaar,,,,,,,,,1
2245430,Sintiou Baïti,15.7,-16.35,Louga,Louga,0,sinthiou,Pulaar,,,,,,,,,1
2245420,Sintiou Bilali,14.3,-13.51667,Tambacounda,Tambacounda,0,sinthiou,Pulaar,,,,,,,,,1
6647948,Sintiou Bocar Samb,14.04905,-12.94073,Tambacounda,Goudiry,0,sinthiou,Pulaar,,,,,Samb,Wolof,,,1
6647991,Sintiou Bodel,14.22802,-12.77655,Tambacounda,Goudiry,0,sinthiou,Pulaar,,,,,,,,,1
2245419,Sintiou Bogguel,16.0199,-13.84135,Saint Louis,Podor,0,sinthiou,Pulaar,,,,,,,,,1
2245416,Sintiou Bokar Ali,14.23333,-13.56667,Tambacounda,Goudiry,0,sinthiou,Pulaar,,,,,,,,,1
2245414,Sintiou Bokar Kobor,14.08333,-13.18333,Tambacounda,Goudiry,0,sinthiou,Pulaar,,,,,,,,,1
2245413,Sintiou Boto,12.95,-14.18333,Kolda,Kolda,0,sinthiou,Pulaar,,,,,,,,,1
2245411,Sintiou Boubou,14.15351,-12.65512,Tambacounda,Goudiry,0,sinthiou,Pulaar,,,,,,,,,1
2245412,Sintiou Bouma,15.18333,-16.61667,Thies,Tivaoune,0,sinthiou,Pulaar,,,,,,,,,1
2376651,Sintiou Boummaka,16.11231,-13.61194,Matam,Matam,0,sinthiou,Pulaar,,,,,,,,,1
2245410,Sintiou Boyénadji,15.64714,-13.34305,Matam,Matam,0,sinthiou,Pulaar,,,,,,,,,1
2245409,Sintiou Damba,13.91667,-13.9,Tambacounda,Tambacounda,0,sinthiou,Pulaar,,,,,,,,,1
2245408,Sintiou Dangdé,16.57215,-14.34206,Saint Louis,Podor,0,sinthiou,Pulaar,,,,,,,,,1
2245392,Sintiou Demba,14.20286,-12.76392,Tambacounda,Goudiry,0,sinthiou,Pulaar,,,,,,,,,3
2245393,Sintiou Demba,14.15652,-12.75199,Tambacounda,Goudiry,0,sinthiou,Pulaar,,,,,,,,,3
2245406,Sintiou Demba,14.4,-13.05,Tambacounda,Goudiry,0,sinthiou,Pulaar,,,,,,,,,3
2245405,Sintiou Demba Saïdou,14.03333,-13.4,Tambacounda,Goudiry,0,sinthiou,Pulaar,,,,,,,,,1
2245404,Sintiou Dembaya,13.68333,-14.51667,Tambacounda,Koumpentoum,0,sinthiou,Pulaar,,,,,,,,,1
2245403,Sintiou Dené Ndao,14.1,-14.21667,Tambacounda,Koumpentoum,0,sinthiou,Pulaar,,,,,,,,,1
2252836,Sintiou Dialiguel,14.56047,-12.20303,Tambacounda,Bakel,0,sinthiou,Pulaar,,,,,,,,,1
2245401,Sintiou Dialo,13.75,-13.78333,Tambacounda,Tambacounda,0,sinthiou,Pulaar,,,,,,,,,1
2245402,Sintiou Dialégué,13.85,-13.86667,Tambacounda,Tambacounda,0,sinthiou,Pulaar,,,,,,,,,1
2245400,Sintiou Diamal,13.81667,-15.66667,Kaffrine,Birkelane,0,sinthiou,Pulaar,,,,,,,,,1
2245399,Sintiou Diamdioro,16.08086,-13.50762,Matam,Matam,0,sinthiou,Pulaar,,,,,,,,,1
2245398,Sintiou Diamé,13.51667,-14.26667,Tambacounda,Tambacounda,0,sinthiou,Pulaar,,,,,,,,,1
2245396,Sintiou Diara,13.9,-13.48333,Tambacounda,Goudiry,0,sinthiou,Pulaar,,,,,,,,,1
2245394,Sintiou Dimbé,13.83333,-15.41667,Kaffrine,Kaffrine,0,sinthiou,Pulaar,,,,,,,,,1
2245390,Sintiou Diokou,15.55,-16.4,Louga,Kebemer,0,sinthiou,Pulaar,,,,,,,,,1
2245389,Sintiou Diolo,13.85,-14.11667,Tambacounda,Tambacounda,0,sinthiou,Pulaar,,,,,,,,,1
2245438,Sintiou Diongui,16.16883,-13.99128,Saint Louis,Podor,0,sinthiou,Pulaar,,,,,,,,,1
2245387,Sintiou Dioye,14.4688,-12.24296,Tambacounda,Bakel,0,sinthiou,Pulaar,,,,,,,,,1
2245395,Sintiou Diéli,14.41667,-13.16667,Tambacounda,Goudiry,0,sinthiou,Pulaar,,,,,,,,,1
2245385,Sintiou Doubel,14.31667,-13.41667,Tambacounda,Goudiry,0,sinthiou,Pulaar,,,,,,,,,1
2245386,Sintiou Doubé,14.18203,-12.76232,Tambacounda,Goudiry,0,sinthiou,Pulaar,,,,,,,,,1
2245384,Sintiou Dourinabé,14.26667,-13.53333,Tambacounda,Tambacounda,0,sinthiou,Pulaar,,,,,,,,,1
2245407,Sintiou Déboukoulé,14.63497,-12.15084,Tambacounda,Bakel,0,sinthiou,Pulaar,,,,,,,,,1
2245383,Sintiou Eré Siré,14.10427,-12.64591,Tambacounda,Goudiry,0,sinthiou,Pulaar,,,,,,,,,1
2245381,Sintiou Faragbé,16.03282,-14.01262,Saint Louis,Podor,0,sinthiou,Pulaar,,,,,,,,,1
2245380,Sintiou Fas,14.06667,-14.51667,Tambacounda,Koumpentoum,0,sinthiou,Pulaar,,,,,,,,,1
2245379,Sintiou Fass,13.9,-14.16667,Tambacounda,Tambacounda,0,sinthiou,Pulaar,,,,,,,,,1
2245378,Sintiou Fissa,14.38823,-12.37104,Tambacounda,Bakel,0,sinthiou,Pulaar,,,,,,,,,1
2245376,Sintiou Gadéri,13.63333,-13.06667,Tambacounda,Goudiry,0,sinthiou,Pulaar,,,,,,,,,1
2245374,Sintiou Ganiado,14.21667,-13.73333,Tambacounda,Tambacounda,0,sinthiou,Pulaar,,,,,,,,,1
6644103,Sintiou Garba,15.51116,-13.26542,Matam,Matam,0,sinthiou,Pulaar,,,,,,,,,1
2245371,Sintiou Gnani,15.55,-16.51667,Louga,Kebemer,0,sinthiou,Pulaar,,,,,,,,,1
2245368,Sintiou Godaguèn,14.45915,-16.79215,Thies,Mbour,0,sinthiou,Pulaar,,,,,,,,,1
2245370,Sintiou Godiouol,13.9,-13.51667,Tambacounda,Goudiry,0,sinthiou,Pulaar,,,,,,,,,1
2245369,Sintiou Godor Sow,14.1,-14.2,Tambacounda,Koumpentoum,0,sinthiou,Pulaar,,,,,Sow,Pulaar,,,1
2245367,Sintiou Gourou,13.83333,-13.56667,Tambacounda,Tambacounda,0,sinthiou,Pulaar,,,,,,,,,1
2245366,Sintiou Guèye,15.31667,-16.6,Louga,Kebemer,0,sinthiou,Pulaar,,,,,Guèye,Wolof,,,1
2245363,Sintiou Idi,14.25489,-12.80553,Tambacounda,Goudiry,0,sinthiou,Pulaar,,,,,,,,,1
2245362,Sintiou Kafate,14.11667,-14.9,Kaffrine,Koungheul,0,sinthiou,Pulaar,,,,,,,,,1
2245361,Sintiou Kagnoubé,13.16667,-13.08333,Tambacounda,Tambacounda,0,sinthiou,Pulaar,,,,,,,,,1
2245360,Sintiou Kanène,15.36667,-16.16667,Louga,Kebemer,0,sinthiou,Pulaar,,,,,,,,,1
2245359,Sintiou Kilimane,13.81667,-15.4,Kaffrine,Kaffrine,0,sinthiou,Pulaar,,,,,,,,,1
2245357,Sintiou Kolinka,13.65,-13.91667,Tambacounda,Tambacounda,0,sinthiou,Pulaar,,,,,,,,,1
2245356,Sintiou Kolonto,13.78333,-14.71667,Tambacounda,Koumpentoum,0,sinthiou,Pulaar,,,,,,,,,1
2245355,Sintiou Kotiari,13.7,-13.55,Tambacounda,Tambacounda,0,sinthiou,Pulaar,,,,,,,,,1
2245358,Sintiou Koèl,13.73333,-15.63333,Kaolack,Nioro Du Rip,0,sinthiou,Pulaar,,,,,,,,,1
13554113,Sintiou Kéba,14.35225,-15.1322,Kaffrine,Malem Hodar,0,sinthiou,Pulaar,,,,,,,,,1
2245353,Sintiou Lotoké,15.46667,-13.28333,Matam,Matam,0,sinthiou,Pulaar,,,,,,,,,1
2245349,Sintiou Maka,14.17774,-12.61112,Tambacounda,Goudiry,0,sinthiou,Pulaar,maka,,,,,,,,3
2245350,Sintiou Maka,14.13325,-12.71096,Tambacounda,Goudiry,0,sinthiou,Pulaar,maka,,,,,,,,3
2245351,Sintiou Maka,13.83333,-13.13333,Tambacounda,Goudiry,0,sinthiou,Pulaar,maka,,,,,,,,3
2245348,Sintiou Malèm,13.81667,-13.91667,Tambacounda,Tambacounda,0,sinthiou,Pulaar,,,,,,,,,1
2245346,Sintiou Mamadou Boubou,14.27744,-12.80942,Tambacounda,Goudiry,0,sinthiou,Pulaar,,,,,,,,,1
2245345,Sintiou Mamadou Siré,14.01194,-12.78996,Tambacounda,Goudiry,0,sinthiou,Pulaar,,,,,,,,,1
2245344,Sintiou Mamar Mbaye,13.7,-15.81667,Kaolack,Nioro Du Rip,0,sinthiou,Pulaar,,,,,Mbaye,Wolof,,,1
2245343,Sintiou Mamout,13.85,-15.98333,Kaolack,Nioro Du Rip,0,sinthiou,Pulaar,,,,,,,,,1
2245342,Sintiou Mandar,13.9,-15.48333,Kaffrine,Kaffrine,0,sinthiou,Pulaar,,,,,,,,,1
2245341,Sintiou Maniki,13.51667,-14.21667,Tambacounda,Tambacounda,0,sinthiou,Pulaar,,,,,,,,,1
2245340,Sintiou Marsé,15.45953,-13.27151,Matam,Matam,0,sinthiou,Pulaar,,,,,,,,,1
2245337,Sintiou Mbadane,14.4021,-16.91164,Thies,Mbour,0,sinthiou,Pulaar,,,,,,,,,1
13507329,Sintiou Mbadane Peul,14.41187,-16.93246,Thies,Mbour,0,sinthiou,Pulaar,,Peul (Fulani),Sintiou Mbadane,,,,,,1
2245335,Sintiou Meïssa,15.5942,-16.4497,Louga,Kebemer,0,sinthiou,Pulaar,,,,,,,,,1
2245333,Sintiou Missira,13.75,-15.96667,Kaolack,Nioro Du Rip,0,sinthiou,Pulaar,missira,,,,,,,,1
2245332,Sintiou Modi,13.61667,-13.75,Tambacounda,Tambacounda,0,sinthiou,Pulaar,,,,,,,,,1
2245331,Sintiou Mogo,15.68609,-13.3742,Matam,Matam,0,sinthiou,Pulaar,,,,,,,,,1
13554699,Sintiou Mor Sokhna,14.00023,-15.36021,Kaffrine,Kaffrine,0,sinthiou,Pulaar,,,,,,,,,1
2245329,Sintiou Mour,15.31667,-16.48333,Thies,Tivaoune,0,sinthiou,Pulaar,,,,,,,,,2
2245330,Sintiou Mour,13.93333,-15.96667,Kaolack,Kaolack,0,sinthiou,Pulaar,,,,,,,,,2
2245339,Sintiou Mâyél,13.88333,-13.86667,Tambacounda,Tambacounda,0,sinthiou,Pulaar,,,,,,,,,1
2245336,Sintiou Médina,13.48333,-14.3,Tambacounda,Tambacounda,0,sinthiou,Pulaar,madina,,,,,,,,1
2245334,Sintiou Mérina,15.63333,-16.43333,Louga,Kebemer,0,sinthiou,Pulaar,,,,,,,,,1
2245328,Sintiou Naba,13.75,-13.61667,Tambacounda,Tambacounda,0,sinthiou,Pulaar,,,,,,,,,1
2245327,Sintiou Ndiobène,15.73333,-16.36667,Louga,Louga,0,sinthiou,Pulaar,,,,,,,,,1
2245326,Sintiou Ndiol,15.58333,-16.48333,Louga,Kebemer,0,sinthiou,Pulaar,,,,,,,,,1
2245324,Sintiou Ouakha,15.1,-16.86667,Thies,Tivaoune,0,sinthiou,Pulaar,,,,,,,,,1
2245323,Sintiou Oumar Diara,13.98333,-13.58333,Tambacounda,Goudiry,0,sinthiou,Pulaar,,,,,,,,,1
2245322,Sintiou Oumarou,13.71667,-13.6,Tambacounda,Tambacounda,0,sinthiou,Pulaar,,,,,,,,,1
2245321,Sintiou Paté,13.85,-15.13333,Kaffrine,Kaffrine,0,sinthiou,Pulaar,,,,,,,,,1
2245320,Sintiou Pénaga,16.43393,-14.38685,Saint Louis,Podor,0,sinthiou,Pulaar,,,,,,,,,1
2245316,Sintiou Sadiali,13.81667,-14.08333,Tambacounda,Tambacounda,0,sinthiou,Pulaar,,,,,,,,,1
2245314,Sintiou Sali,13.88333,-14.9,Kaffrine,Koungheul,0,sinthiou,Pulaar,,,,,,,,,1
2245312,Sintiou Samba Diallo,13.53333,-14.35,Tambacounda,Tambacounda,0,sinthiou,Pulaar,,,,,Diallo,Pulaar,,,1
2245307,Sintiou Samba Ndiardé,14.34573,-12.3576,Tambacounda,Bakel,0,sinthiou,Pulaar,,,,,,,,,1
2245311,Sintiou Samba Toulou,14.1,-13.83333,Tambacounda,Tambacounda,0,sinthiou,Pulaar,,,,,,,,,1
2245310,Sintiou Sanbassira,13.51667,-14.2,Tambacounda,Tambacounda,0,sinthiou,Pulaar,,,,,,,,,1
2245309,Sintiou Sapane,14.16667,-14.41667,Tambacounda,Koumpentoum,0,sinthiou,Pulaar,,,,,,,,,1
6648006,Sintiou Seydou Ndoula,14.30444,-12.45631,Tambacounda,Bakel,0,sinthiou,Pulaar,,,,,,,,,1
2245308,Sintiou Sileye,14.76054,-12.9933,Matam,Kanel,0,sinthiou,Pulaar,,,,,,,,,1
2245306,Sintiou Soufa,13.66667,-13.96667,Tambacounda,Tambacounda,0,sinthiou,Pulaar,,,,,,,,,1
2245305,Sintiou Tapsirou,14.3767,-12.82594,Tambacounda,Goudiry,0,sinthiou,Pulaar,,,,,,,,,1
2596064,Sintiou Thirmoye,15.98361,-16.31556,Saint Louis,Saint Louis,0,sinthiou,Pulaar,,,,,,,,,1
2245304,Sintiou Tiako,13.95,-15.7,Kaffrine,Birkelane,0,sinthiou,Pulaar,,,,,,,,,1
2245303,Sintiou Tiambala,15.11667,-16.3,Thies,Tivaoune,0,sinthiou,Pulaar,,,,,,,,,1
2245302,Sintiou Tiamène,13.8,-15.93333,Kaolack,Nioro Du Rip,0,sinthiou,Pulaar,,,,,,,,,1
2245301,Sintiou Tiapato,13.9,-13.68333,Tambacounda,Tambacounda,0,sinthiou,Pulaar,,,,,,,,,1
2245300,Sintiou Tiarigne,15.58333,-16.41667,Louga,Kebemer,0,sinthiou,Pulaar,,,,,,,,,1
2245299,Sintiou Tierno,13.6,-13.45,Tambacounda,Goudiry,0,sinthiou,Pulaar,,,,,,,,,1
2245297,Sintiou Vanar,13.88333,-15.63333,Kaffrine,Birkelane,0,sinthiou,Pulaar,,,,,,,,,1
2245295,Sintiou Yalabé,14.33333,-13.71667,Tambacounda,Tambacounda,0,sinthiou,Pulaar,,,,,,,,,1
2245293,Sintiou Yoro Mbaye,14.19573,-12.34482,Tambacounda,Bakel,0,sinthiou,Pulaar,,,,,Mbaye,Wolof,,,1
2245294,Sintiou Yérédé,13.7,-13.43333,Tambacounda,Tambacounda,0,sinthiou,Pulaar,,,,,,,,,1
2245317,Sintiouroudissi,12.46667,-12.46667,Kedougou,Kedougou,0,,,,,,,,,,,1
2245480,Sintiân,15.49724,-13.21206,Matam,Kanel,0,sinthiou,Pulaar,,,,,,,,,2
8463944,Sintiân,15.82159,-13.46213,Matam,Matam,0,sinthiou,Pulaar,,,,,,,,,2
2245479,Sintiân Abdoulaye,12.8,-14.73333,Kolda,Kolda,0,sinthiou,Pulaar,,,,,,,,,1
2245478,Sintiân Abib,12.86667,-14.21667,Kolda,Kolda,0,sinthiou,Pulaar,,,,,,,,,1
2245477,Sintiân Alanzo,13.13333,-13.98333,Kolda,Velingara,0,sinthiou,Pulaar,,,,,,,,,1
2245476,Sintiân Daouadi,14.2,-13.93333,Tambacounda,Tambacounda,0,sinthiou,Pulaar,,,,,,,,,1
2245475,Sintiân Diaè,13.03333,-14.45,Kolda,Kolda,0,sinthiou,Pulaar,,,,,,,,,1
2245474,Sintiân Diobo,12.8,-14.33333,Kolda,Kolda,0,sinthiou,Pulaar,,,,,,,,,1
2245472,Sintiân Douldé,13.31667,-13.85,Kolda,Velingara,0,sinthiou,Pulaar,,,,,,,,,1
2245473,Sintiân Doué,12.75,-13.28333,Tambacounda,Tambacounda,0,sinthiou,Pulaar,,,,,,,,,1
2245471,Sintiân Fodé,13.21667,-13.86667,Kolda,Velingara,0,sinthiou,Pulaar,,,,,,,,,1
2245470,Sintiân Gana Boiro,12.75,-14.7,Kolda,Kolda,0,sinthiou,Pulaar,,,,,,,,,1
2245469,Sintiân Goundo,13.05,-14.53333,Kolda,Medina Yoroufoula,0,sinthiou,Pulaar,,,,,,,,,1
2245468,Sintiân Irodi,12.71667,-13.76667,Kolda,Velingara,0,sinthiou,Pulaar,,,,,,,,,1
2245465,Sintiân Koba,12.95,-14.23333,Kolda,Kolda,0,sinthiou,Pulaar,,,,,,,,,1
2245464,Sintiân Koli,12.78333,-14.25,Kolda,Velingara,0,sinthiou,Pulaar,,,,,,,,,1
2245462,Sintiân Koumba Diouma,13.15,-13.95,Kolda,Velingara,0,sinthiou,Pulaar,,,,,,,,,1
2245467,Sintiân Kéléfa,12.81667,-14.25,Kolda,Kolda,0,sinthiou,Pulaar,,,,,,,,,1
2245466,Sintiân Kénadi,12.91667,-13.8,Kolda,Velingara,0,sinthiou,Pulaar,,,,,,,,,1
2245461,Sintiân Labé,13.15,-13.48333,Tambacounda,Tambacounda,0,sinthiou,Pulaar,,,,,,,,,1
6644085,Sintiân Lambé,15.49743,-13.2694,Matam,Matam,0,sinthiou,Pulaar,,,,,,,,,1
2245460,Sintiân Lountan,12.98333,-14.28333,Kolda,Kolda,0,sinthiou,Pulaar,,,,,,,,,1
2245459,Sintiân Madou,12.75,-13.75,Kolda,Velingara,0,sinthiou,Pulaar,,,,,,,,,1
2245458,Sintiân Mandi,12.85,-14.21667,Kolda,Kolda,0,sinthiou,Pulaar,,,,,,,,,1
2245457,Sintiân Maoundé,12.85,-14.13333,Kolda,Velingara,0,sinthiou,Pulaar,,,,,,,,,1
2245455,Sintiân Nafa,12.78333,-13.83333,Kolda,Velingara,0,sinthiou,Pulaar,,,,,,,,,1
2245454,Sintiân Paté,13.0,-13.91667,Kolda,Velingara,0,sinthiou,Pulaar,,,,,,,,,1
2245453,Sintiân Samba,12.73333,-13.88333,Kolda,Velingara,0,sinthiou,Pulaar,,,,,,,,,1
2245452,Sintiân Samba Foula,13.23333,-13.81667,Kolda,Velingara,0,sinthiou,Pulaar,,,,,,,,,1
2245451,Sintiân Sambaoulé,12.8,-14.03333,Kolda,Velingara,0,sinthiou,Pulaar,,,,,,,,,1
2245450,Sintiân Sana,12.7,-13.88333,Kolda,Velingara,0,sinthiou,Pulaar,,,,,,,,,1
2245449,Sintiân Sara,12.81667,-14.76667,Kolda,Kolda,0,sinthiou,Pulaar,,,,,,,,,1
2245448,Sintiân Sili,12.95,-13.35,Tambacounda,Tambacounda,0,sinthiou,Pulaar,,,,,,,,,1
2245447,Sintiân Sora,13.23333,-13.86667,Kolda,Velingara,0,sinthiou,Pulaar,,,,,,,,,1
2245446,Sintiân Sori,12.88333,-13.68333,Kolda,Velingara,0,sinthiou,Pulaar,,,,,,,,,1
2245445,Sintiân Tamalel,13.1,-13.96667,Kolda,Velingara,0,sinthiou,Pulaar,,,,,,,,,1
2245444,Sintiân Tamba,13.36667,-14.86667,Kolda,Medina Yoroufoula,0,sinthiou,Pulaar,,,,,,,,,1
2245443,Sintiân Woumbé,12.93333,-14.93333,Kolda,Medina Yoroufoula,0,sinthiou,Pulaar,,,,,,,,,1
2245442,Sintiân Yéro,13.11667,-13.93333,Kolda,Velingara,0,sinthiou,Pulaar,,,,,,,,,1
6917792,Sintye Roudji,12.5411,-12.2179,Kedougou,Kedougou,0,,,,,,,,,,,1
2245531,Siné,13.58333,-13.91667,Tambacounda,Tambacounda,0,,,,,,,,,,,1
13504780,Siné Cissé,14.75639,-16.73414,Thies,Thies,0,,,,,,,Cissé,Mandinka,,,1
2245518,Siné Kane,15.11667,-16.66667,Thies,Tivaoune,0,,,,,,,Kane,Pulaar,,,1
2245514,Siné Mbarik,15.13333,-16.63333,Thies,Tivaoune,0,,,,,,,,,,,1
2571790,Sioual,13.16402,-16.16004,Ziguinchor,Bignona,0,,,,,,,,,,,1
2245291,Siouel,15.98333,-13.65,Matam,Matam,0,,,,,,,,,,,1
2245289,Siouré,16.45136,-14.14336,Saint Louis,Podor,0,,,,,,,,,,,1
2245287,Sipane,14.621,-16.93705,Thies,Thies,0,,,,,,,,,,,2
2245288,Sipane,14.61667,-15.93333,Diourbel,Mbacke,0,,,,,,,,,,,2
13508556,Sipder,14.32934,-16.30332,Fatick,Fatick,0,,,,,,,,,,,1
2245286,Sipo,13.75118,-16.50962,Fatick,Foundiougne,0,,,,,,,,,,,1
2245285,Sira,14.73177,-12.51831,Tambacounda,Bakel,0,,,,,,,,,,,1
6647977,Sira Doundou Barka,14.70997,-12.53316,Tambacounda,Bakel,0,,,,,,,,,,,1
13658760,Sirantore,13.14784,-16.07877,Ziguinchor,Bignona,0,,,,,,,,,,,1
2245281,Sirman Diala,13.85,-13.91667,Tambacounda,Tambacounda,0,,,,,,,,,,,1
2245282,Sirmang,13.62229,-16.40101,Fatick,Foundiougne,0,,,,,,,,,,,1
2245283,Sirou Ouro,15.69849,-13.39815,Matam,Matam,0,,,,,,,,,,,1
2245280,Sisal,12.85,-14.93333,Kolda,Kolda,0,,,,,,,,,,,1
2245279,Sissao,13.68333,-14.03333,Tambacounda,Tambacounda,0,,,,,,,,,,,1
13506753,Sissis,14.537,-16.59854,Thies,Mbour,0,,,,,,,,,,,1
2245278,Sissékounda,13.56667,-14.43333,Tambacounda,Koumpentoum,0,kounda,Mandinka,,,,,,,,,1
2245277,Sita,13.08333,-15.9,Ziguinchor,Bignona,0,,,,,,,,,,,2
13658787,Sita,13.06828,-16.22468,Ziguinchor,Bignona,0,,,,,,,,,,,2
2245276,Sitaba,12.83278,-15.52194,Sedhiou,Sedhiou,0,,,,,,,,,,,1
2245275,Sitabanta,14.10818,-12.20461,Tambacounda,Bakel,0,,,,,,,,,,,1
2245273,Sitadian,13.85,-13.86667,Tambacounda,Tambacounda,0,,,,,,,,,,,1
2245272,Sitakourou,13.63333,-14.33333,Tambacounda,Tambacounda,0,,,,,,,,,,,1
2245270,Sitaoulé,13.4,-13.48333,Tambacounda,Tambacounda,0,,,,,,,,,,,1
2245269,Sitaoulé Bouré Kamara,13.63333,-13.71667,Tambacounda,Tambacounda,0,,,,,,,,,,,1
2245268,Sitaoulé Yéradiala,13.65,-13.7,Tambacounda,Tambacounda,0,,,,,,,,,,,1
2245265,Sitikène,13.03474,-16.20596,Ziguinchor,Bignona,0,,,,,,,,,,,1
2245267,Sitokoto,13.76667,-13.73333,Tambacounda,Tambacounda,0,,,,,,,,,,,1
13505375,Sitor,14.89332,-16.4688,Diourbel,Bambey,0,,,,,,,,,,,1
2245266,Sitouama,13.36667,-13.0,Tambacounda,Tambacounda,0,,,,,,,,,,,1
2245263,Sival,15.48333,-16.36667,Louga,Kebemer,0,,,,,,,,,,,2
2245264,Sival,14.92854,-15.51289,Louga,Linguere,0,,,,,,,,,,,2
2245261,Sivi Abé,14.71667,-13.7,Matam,Ranerou,0,,,,,,,,,,,1
2245260,Siviabé,15.26667,-13.9,Matam,Ranerou,0,,,,,,,,,,,1
2245259,Sivol,15.2225,-15.5397,Louga,Linguere,0,,,,,,,,,,,1
2245292,Siwal,14.1611,-15.30606,Kaffrine,Malem Hodar,0,,,,,,,,,,,1
2245258,Siwiabé,14.44059,-12.79341,Tambacounda,Goudiry,0,,,,,,,,,,,1
2593139,Siwo,13.90778,-16.65358,Fatick,Foundiougne,0,,,,,,,,,,,1
2245257,Siwol,13.6,-15.66667,Kaolack,Nioro Du Rip,0,,,,,,,,,,,1
2245587,Sièr,16.06778,-15.89833,Louga,Louga,0,,,,,,,,,,,2
2245588,Sièr,16.06917,-15.68611,Saint Louis,Dagana,0,,,,,,,,,,,2
2245590,Siéno,15.18333,-16.35,Thies,Tivaoune,0,,,,,,,,,,,1
2245586,Siét Aoua,13.98333,-15.75,Kaffrine,Birkelane,0,,,,,,,,,,,1
2245211,Sob,14.48876,-16.44156,Fatick,Fatick,0,,,,,,,,,,,3
13509010,Sob,14.39978,-16.21662,Fatick,Fatick,0,,,,,,,,,,,3
13509332,Sob,14.1206,-16.22453,Kaolack,Kaolack,0,,,,,,,,,,,3
13509006,Sob Yédim,14.29298,-16.16077,Kaolack,Kaolack,0,,,,,,,,,,,1
2245254,Sobel,14.25,-14.63333,Kaffrine,Koungheul,0,,,,,,,,,,,1
2245251,Sobo,12.66667,-12.31667,Kedougou,Kedougou,0,,,,,,,,,,,1
2245250,Sobouldé,13.16667,-15.1,Kolda,Medina Yoroufoula,0,,,,,,,,,,,1
2245253,Sobèm,14.40144,-16.45658,Fatick,Fatick,0,,,,,,,,,,,1
2245252,Sobène,14.65,-16.35,Diourbel,Bambey,0,,,,,,,,,,,1
2245248,Sodiankounda,13.11667,-15.93333,Sedhiou,Bounkiling,0,kounda,Mandinka,,,,,,,,,1
6586390,Sodjoré,12.42147,-11.97866,Kedougou,Kedougou,0,,,,,,,,,,,1
6647984,Sohol,14.46356,-12.78424,Tambacounda,Goudiry,0,,,,,,,,,,,1
2245244,Sokano,14.77471,-16.36809,Diourbel,Bambey,0,,,,,,,,,,,1
2245242,Sokodou,12.56667,-12.75,Kedougou,Salemata,0,,,,,,,,,,,1
2245241,Sokone,13.87821,-16.3682,Fatick,Foundiougne,14745,,,,,,,,,,,1
2245238,Sokori,15.4244,-15.943,Louga,Louga,0,,,,,,,,,,,1
2245236,Solbok,14.8,-15.86667,Diourbel,Mbacke,0,,,,,,,,,,,1
2245235,Solibané,13.26667,-13.88333,Kolda,Velingara,0,,,,,,,,,,,1
2245234,Soliko,12.65417,-15.35611,Sedhiou,Goudomp,0,,,,,,,,,,,1
2245233,Solmèo,15.3456,-15.5884,Louga,Linguere,0,,,,,,,,,,,1
2245232,Solobène,13.13149,-16.02725,Ziguinchor,Bignona,0,,,,,,,,,,,1
2245228,Som,15.344,-15.4625,Louga,Linguere,0,,,,,,,,,,,4
2245229,Som,15.341,-15.3383,Louga,Linguere,0,,,,,,,,,,,4
2245230,Som,15.3581,-15.3313,Louga,Linguere,0,,,,,,,,,,,4
2245231,Som,13.9,-15.83333,Kaolack,Nioro Du Rip,0,,,,,,,,,,,4
2245227,Soma,12.76667,-13.9,Kolda,Velingara,0,,,,,,,,,,,1
2245225,Soma Mandé,12.76667,-13.88333,Kolda,Velingara,0,,,,,,,,,,,1
2245224,Somb,14.4242,-16.21293,Fatick,Gossas,0,,,,,,,,,,,1
13554015,Somb Diaké,14.28464,-15.75608,Kaffrine,Birkelane,0,,,,,,,,,,,1
13509000,Somb Nomade,14.41744,-16.22708,Fatick,Fatick,0,,,,,,,,,,,1
2245223,Sombadé,15.4568,-15.1339,Louga,Linguere,0,,,,,,,,,,,1
13509075,Sombokhé,14.41654,-16.07219,Fatick,Gossas,0,,,,,,,,,,,1
13505538,Sombéldou,14.99877,-16.15343,Louga,Kebemer,0,,,,,,,,,,,1
2245222,Somone,14.48649,-17.07524,Thies,Mbour,5448,,,,,,,,,,,1
2245220,Somono,15.92958,-13.33512,Matam,Matam,0,,,,,,,,,,,1
2245219,Sonako,12.46417,-15.74944,Sedhiou,Goudomp,0,,,,,,,,,,,1
2245217,Sonfara,13.65328,-12.18207,Tambacounda,Bakel,0,,,,,,,,,,,1
2245216,Songane,15.1,-16.1,Louga,Kebemer,0,,,,,,,,,,,1
13508528,Songorma,14.43706,-16.45868,Fatick,Fatick,0,,,,,,,,,,,1
13645344,Sonkheya,12.46818,-11.4661,Kedougou,Saraya,0,,,,,,,,,,,1
2245214,Sonkokounda,12.91667,-16.4,Ziguinchor,Bignona,0,kounda,Mandinka,,,,,,,,,1
2245213,Sonkoron,13.78333,-15.55,Kaolack,Nioro Du Rip,0,,,,,,,,,,,1
2245212,Sonkounkou,13.38499,-11.89314,Tambacounda,Bakel,0,,,,,,,,,,,1
2245210,Sop,14.57457,-16.60676,Thies,Mbour,0,,,,,,,,,,,1
13645388,Sopade,14.76548,-15.83976,Diourbel,Mbacke,0,,,,,,,,,,,1
2245209,Sor,16.02944,-16.47167,Saint Louis,Saint Louis,0,,,,,,,,,,,2
9781179,Sor,16.02894,-16.50483,Saint Louis,Saint Louis,0,,,,,,,,,,,2
2596109,Sor-Marméal,16.02889,-16.48917,Saint Louis,Saint Louis,0,,,,,,,,,,,1
2596111,Sor-Nord,16.03668,-16.50413,Saint Louis,Saint Louis,0,,,,,,,,,,,1
2596110,Sor-Ouest Diowling,16.02722,-16.49306,Saint Louis,Saint Louis,0,,,,,,,,,,,1
2245207,Sorange,12.65806,-15.65361,Sedhiou,Sedhiou,0,,,,,,,,,,,1
2245204,Soringo,15.24111,-14.513,Matam,Ranerou,0,,,,,,,,,,,1
2245203,Soringo Poular,15.44471,-13.12919,Matam,Kanel,0,,,,,,,,,,,1
2245202,Soringo Sébé,15.44298,-13.13494,Matam,Kanel,0,,,,,,,,,,,1
2245201,Sorinngo Toucouleur,15.43333,-13.11667,Matam,Kanel,0,,,,Toucouleur (Haalpulaar),Sorinngo,,,,,,1
2245194,Sorobougou,14.21033,-16.70122,Fatick,Fatick,0,,,,,,,,,,,1
2245200,Sorok,14.6,-16.8,Thies,Thies,0,,,,,,,,,,,1
2245195,Sorokh,14.47759,-16.34277,Fatick,Fatick,0,,,,,,,,,,,3
2595409,Sorokh,14.54488,-17.05761,Thies,Mbour,0,,,,,,,,,,,3
2595551,Sorokh,14.74906,-17.1268,Thies,Thies,0,,,,,,,,,,,3
2595410,Sorokh Khassab,14.53817,-17.06093,Thies,Mbour,0,,,,,,,,,,,1
2245199,Sorokogne,14.17402,-15.49833,Kaffrine,Kaffrine,0,,,,,,,,,,,1
2245197,Sorom,13.96827,-16.31631,Fatick,Foundiougne,0,,,,,,,,,,,1
13504722,Sorékh,14.88734,-16.61114,Diourbel,Bambey,0,,,,,,,,,,,1
2245206,Soréto Saboussiré,13.4904,-11.90881,Tambacounda,Bakel,0,,,,,,,,,,,1
2245193,Sossobé,15.00595,-13.47622,Matam,Kanel,0,,,,,,,,,,,1
13504647,Sotiane,14.78551,-16.69681,Thies,Thies,0,,,,,,,,,,,1
13554560,Soto,14.08768,-15.55486,Kaffrine,Kaffrine,0,,,,,,,,,,,1
2245192,Sotokoto Boulou,13.65,-13.73333,Tambacounda,Tambacounda,0,,,,,,,,,,,1
2245190,Sotokoye,13.75,-15.61667,Kaolack,Nioro Du Rip,0,,,,,,,,,,,2
2245191,Sotokoye,13.65,-15.76667,Kaolack,Nioro Du Rip,0,,,,,,,,,,,2
2245189,Souaki,12.93778,-15.75056,Sedhiou,Bounkiling,0,,,,,,,,,,,1
2245188,Souaré Kounda,13.68333,-13.98333,Tambacounda,Tambacounda,0,kounda,Mandinka,,,,,,,,,1
2245187,Soubakounda,13.58333,-14.08333,Tambacounda,Tambacounda,0,kounda,Mandinka,,,,,,,,,1
2245186,Soubalo Mbouba,16.20055,-14.01081,Saint Louis,Podor,4896,,,,,,,,,,,1
2245185,Soubanik,12.65,-12.86667,Kedougou,Salemata,0,,,,,,,,,,,1
2245184,Souboute,12.49333,-15.69861,Sedhiou,Goudomp,0,,,,,,,,,,,1
2245183,Souda,12.78778,-16.02528,Ziguinchor,Bignona,0,,,,,,,,,,,1
2245181,Soudiane Bala,14.21968,-16.72034,Fatick,Fatick,0,,,,,,,,,,,1
2245180,Soudiane Bambara,14.21667,-16.71667,Fatick,Fatick,0,,,,Bambara,Soudiane,,,,,,1
13509089,Soudiane Dimelé,14.24487,-16.71128,Fatick,Fatick,0,,,,,,,,,,,1
2245179,Soudiane Loul,14.2355,-16.70124,Fatick,Fatick,0,,,,,,,,,,,1
11497853,Soudiane Loule,14.2336,-16.68698,Fatick,Fatick,0,,,,,,,,,,,1
13507319,Soudiane Ngangou,14.35695,-16.8059,Thies,Mbour,0,,,,,,,,,,,1
13507453,Soudiane Sangâye,14.25316,-16.72002,Fatick,Fatick,0,,,,,,,,,,,1
13509080,Soudiane Tiélèm,14.23099,-16.75054,Thies,Mbour,0,,,,,,,,,,,1
2245178,Soudji,14.45,-14.3,Tambacounda,Koumpentoum,0,,,,,,,,,,,1
2245113,Soudouta,13.80025,-12.71629,Tambacounda,Goudiry,0,,,,,,,,,,,1
2245174,Soudoutrou Aliguidibi,15.9481,-14.6279,Saint Louis,Podor,0,,,,,,,,,,,1
2245173,Souduéli,13.43333,-14.95,Kolda,Medina Yoroufoula,0,,,,,,,,,,,1
2245171,Souga,13.1,-15.85,Sedhiou,Bounkiling,0,,,,,,,,,,,1
2245170,Souima,16.66,-14.96571,Saint Louis,Podor,0,,,,,,,,,,,1
13508571,Soukhoup,14.28657,-16.26864,Kaolack,Kaolack,0,,,,,,,,,,,1
2245169,Soukhèm,14.45231,-16.79867,Thies,Mbour,0,,,,,,,,,,,1
2245168,Soukoto,12.99083,-15.13694,Kolda,Kolda,0,,,,,,,,,,,1
2245164,Soukoundou,15.7,-16.46667,Louga,Louga,0,,,,,,,,,,,1
2245158,Soukouta,13.79369,-16.47598,Fatick,Foundiougne,0,,,,,,,,,,,5
2245159,Soukouta,12.91167,-15.93306,Sedhiou,Bounkiling,0,,,,,,,,,,,5
2245160,Soukouta,12.7486,-12.4647,Kedougou,Kedougou,0,,,,,,,,,,,5
2245161,Soukouta,12.52389,-16.19722,Ziguinchor,Ziguinchor,0,,,,,,,,,,,5
2250115,Soukouta,13.72617,-16.08505,Kaolack,Nioro Du Rip,0,,,,,,,,,,,5
2245157,Soukouto,13.26667,-13.03333,Tambacounda,Tambacounda,0,,,,,,,,,,,1
2245154,Soukoutoto,13.16667,-15.8,Sedhiou,Bounkiling,0,,,,,,,,,,,3
2245155,Soukoutoto,12.82361,-15.59222,Sedhiou,Sedhiou,0,,,,,,,,,,,3
2245156,Soukoutoto,12.7,-15.88333,Sedhiou,Sedhiou,0,,,,,,,,,,,3
2245153,Soulabali,13.21667,-14.98333,Kolda,Medina Yoroufoula,0,,,,,,,,,,,1
2595882,Soulouf,14.75633,-17.12149,Thies,Thies,0,,,,,,,,,,,1
2245151,Soum,14.08179,-16.48127,Fatick,Foundiougne,5044,,,,,,,,,,,1
13507048,Soum Nane,14.50968,-16.26105,Fatick,Fatick,0,,,,,,,,,,,1
2245149,Soumaniko,13.04301,-12.52265,Kedougou,Kedougou,0,,,,,,,,,,,1
2245145,Soumboundou,12.95,-15.78333,Sedhiou,Bounkiling,0,,,,,,,,,,,2
2245146,Soumboundou,12.82222,-15.38944,Sedhiou,Sedhiou,0,,,,,,,,,,,2
6648036,Soumbourou Daka,14.26112,-12.33809,Tambacounda,Bakel,0,,,,,,,,,,,1
2245147,Soumbél,14.17382,-16.6941,Fatick,Fatick,0,,,,,,,,,,,3
13507260,Soumbél,14.51454,-16.15579,Fatick,Gossas,0,,,,,,,,,,,3
13509028,Soumbél,14.30695,-16.06211,Kaolack,Guinguineo,0,,,,,,,,,,,3
2245144,Soumoukounda,12.45139,-15.83056,Sedhiou,Goudomp,0,kounda,Mandinka,,,,,,,,,1
2245142,Soumtokolo,13.34524,-12.10582,Kedougou,Saraya,0,,,,,,,,,,,1
8430876,Soun,14.70844,-17.06182,Thies,Thies,0,,,,,,,,,,,2
13505486,Soun,14.91863,-16.30984,Diourbel,Diourbel,0,,,,,,,,,,,2
2595512,Soun Mbadat,14.68946,-17.06836,Thies,Thies,0,,,,,,,,,,,1
2245139,Soun Sérèr,14.70973,-17.06767,Thies,Thies,0,,,,Sérèr,Soun,,,,,,1
2245138,Soun Wolof,14.70447,-17.04851,Thies,Thies,0,,,,Wolof,Soun,,,,,,1
2245141,Soundoutourou,13.25552,-12.06863,Kedougou,Saraya,0,,,,,,,,,,,1
2595436,Soung,14.55457,-17.06215,Thies,Mbour,0,,,,,,,,,,,1
6644999,Sounnatou,16.20729,-13.95929,Saint Louis,Podor,0,,,,,,,,,,,1
13507313,Soupa Keur Alarba,14.54434,-16.17419,Fatick,Fatick,0,,,,,,,,,,,1
13514619,Soupa Sérèr,14.52874,-16.18807,Fatick,Fatick,0,,,,Sérèr,Soupa,,,,,,1
2245196,Sourang,14.91436,-15.77154,Diourbel,Mbacke,0,,,,,,,,,,,2
13552831,Sourang,14.50555,-15.78335,Fatick,Gossas,0,,,,,,,,,,,2
2245135,Souraye,16.26532,-13.9594,Saint Louis,Podor,0,,,,,,,,,,,1
2245134,Sourel Moulaye,13.06667,-14.26667,Kolda,Velingara,0,,,,,,,,,,,1
2245133,Souriel Ndiobo,13.05,-13.76667,Kolda,Velingara,0,,,,,,,,,,,1
2245132,Souriél Salif,13.6,-13.86667,Tambacounda,Tambacounda,0,,,,,,,,,,,1
2245129,Sourou,13.84403,-16.52949,Fatick,Foundiougne,0,,,,,,,,,,,2
2245130,Sourou,13.75572,-16.47702,Fatick,Foundiougne,0,,,,,,,,,,,2
2245128,Souroukoto,13.2574,-11.53614,Kedougou,Saraya,0,,,,,,,,,,,1
2245126,Souroundou,13.45288,-11.98601,Tambacounda,Bakel,0,,,,,,,,,,,1
2245125,Sous,14.69248,-16.26231,Diourbel,Diourbel,0,,,,,,,,,,,1
2245122,Soussane,14.38922,-16.81959,Thies,Mbour,0,,,,,,,,,,,1
13507019,Sousseup,14.65962,-16.35492,Diourbel,Bambey,0,,,,,,,,,,,1
2245121,Soussoum,14.58219,-16.77403,Thies,Mbour,0,,,,,,,,,,,2
13506757,Soussoum,14.59376,-16.60782,Thies,Mbour,0,,,,,,,,,,,2
2245120,Soussoutou,13.0,-14.93333,Kolda,Medina Yoroufoula,0,,,,,,,,,,,1
2245119,Soutou,12.87472,-16.26361,Ziguinchor,Bignona,0,,,,,,,,,,,1
2245118,Soutouba,13.6,-13.93333,Tambacounda,Tambacounda,0,,,,,,,,,,,1
2245116,Soutouba Dimaba,13.6,-13.91667,Tambacounda,Tambacounda,0,,,,,,,,,,,1
2245115,Soutoukoundi,13.68333,-14.08333,Tambacounda,Tambacounda,0,,,,,,,,,,,1
2245114,Soutouré,12.95,-14.13333,Kolda,Kolda,0,,,,,,,,,,,1
13505584,Sow Kari,14.7829,-16.10445,Diourbel,Diourbel,0,,,,,,,,,,,1
13508551,Sowane,14.33355,-16.4739,Fatick,Fatick,0,,,,,,,,,,,1
2245111,Subikouroto,12.7025,-15.81917,Sedhiou,Sedhiou,0,,,,,,,,,,,1
2596001,Sud,16.02107,-16.5055,Saint Louis,Saint Louis,0,,,,,,,,,,,1
2245105,Suma Kunda Bakary,13.28333,-14.5,Kolda,Medina Yoroufoula,0,,,,,,,,,,,1
2245104,Suzana,13.07349,-16.4427,Ziguinchor,Bignona,0,,,,,,,,,,,1
2245107,Suèl,12.94917,-16.28389,Ziguinchor,Bignona,0,,,,,,,,,,,1
2245559,Syllacounda,13.06667,-15.3,Sedhiou,Bounkiling,500,,,,,,,,,,,4
2245566,Syllacounda,13.06667,-15.31667,Sedhiou,Bounkiling,0,,,,,,,,,,,4
2245570,Syllacounda,13.08333,-15.28333,Sedhiou,Bounkiling,0,,,,,,,,,,,4
13308244,Syllacounda,13.0671,-15.30108,Sedhiou,Bounkiling,500,,,,,,,,,,,4
2246254,Sâgna,14.09296,-15.38568,Kaffrine,Malem Hodar,0,,,,,,,Sâgna,Diola,,,1
13553463,Sâloye,14.57352,-15.6135,Fatick,Gossas,0,,,,,,,,,,,1
2246509,Sâmouka,12.4471,-12.5691,Kedougou,Salemata,0,,,,,,,,,,,1
2245710,Sèbère,15.5118,-15.6597,Louga,Linguere,0,,,,,,,,,,,1
2595415,Sègueul,14.53079,-17.05855,Thies,Mbour,0,,,,,,,,,,,1
2245691,Sèguèko,12.9941,-12.5288,Kedougou,Kedougou,0,,,,,,,,,,,1
2245685,Sèkétarè,15.63333,-16.55,Louga,Kebemer,0,,,,,,,,,,,1
2245664,Sène,14.41667,-15.78333,Kaolack,Guinguineo,0,,,,,,,Sène,Sérèr,,,1
2245660,Sène Madembaleye,15.4,-16.56667,Louga,Kebemer,0,,,,,,,,,,,1
13506751,Sèw Gat,14.71441,-16.5246,Diourbel,Bambey,0,,,,,,,,,,,1
2245630,Sèw Khaye,14.76591,-16.73149,Thies,Thies,0,,,,,,,,,,,1
13505372,Sèw Lef,14.75252,-16.40163,Diourbel,Bambey,0,,,,,,,,,,,1
13506734,Sèw Ngaraf,14.71102,-16.5212,Diourbel,Bambey,0,,,,,,,,,,,1
2245713,Séal,15.25,-16.65,Louga,Kebemer,0,,,,,,,,,,,1
2595558,Sébi Fas,14.73774,-17.14762,Dakar,Rufisque,0,,,,,,,,,,,1
2595559,Sébi-Gare,14.74194,-17.15333,Dakar,Rufisque,0,,,,,,,,,,,1
2245709,Sébikhotane,14.74521,-17.13783,Dakar,Rufisque,42839,,,,,,,,,,,1
2595554,Sébitangor,14.736,-17.14309,Dakar,Rufisque,0,,,,,,,,,,,1
2595556,Sébitiokho,14.73369,-17.14589,Dakar,Rufisque,0,,,,,,,,,,,1
2245707,Sébou,14.68393,-12.17601,Tambacounda,Bakel,0,,,,,,,,,,,1
2245704,Sédhiou,12.70806,-15.55694,Sedhiou,Sedhiou,31511,,,,,,,,,,,1
2245703,Sédioudi,12.52556,-15.72306,Sedhiou,Goudomp,0,,,,,,,,,,,1
2245702,Sédo Abas,15.77401,-13.46523,Matam,Matam,0,,,,,,,,,,,1
2245701,Sédo Sébé,15.77002,-13.45858,Matam,Matam,0,,,,,,,,,,,1
2245700,Séfa,12.78278,-15.54611,Sedhiou,Sedhiou,0,,,,,,,,,,,1
2245699,Ségafoula,12.56778,-15.55917,Sedhiou,Goudomp,0,,,,,,,,,,,1
2245698,Ségal,15.16667,-16.81667,Thies,Tivaoune,0,,,,,,,,,,,1
2245697,Ségala Koubokoto,13.00686,-11.84513,Kedougou,Saraya,0,,,,,,,,,,,1
2245695,Ségoto,13.30683,-11.79856,Kedougou,Saraya,0,,,,,,,,,,,1
2245694,Ségou,12.4092,-12.2832,Kedougou,Kedougou,0,,,,,,,,,,,1
2245693,Ségoukoura,13.78333,-13.48333,Tambacounda,Tambacounda,0,,,,,,,,,,,1
2250566,Ségré Gatta,14.00068,-15.7339,Kaffrine,Birkelane,0,,,,,,,,,,,1
2245692,Ségré Sékko,14.03903,-15.74686,Kaffrine,Birkelane,0,,,,,,,,,,,1
2245689,Ségueule,14.97608,-17.00134,Thies,Tivaoune,0,,,,,,,,,,,1
2245687,Sékhla Diarga,13.99759,-16.12592,Kaolack,Kaolack,0,,,,,,,,,,,1
2245683,Sékhoto,12.44292,-11.77716,Kedougou,Saraya,0,,,,,,,,,,,2
6658542,Sékhoto,12.85654,-11.72162,Kedougou,Saraya,0,,,,,,,,,,,2
2245684,Sékondji,14.01456,-12.18268,Tambacounda,Bakel,0,,,,,,,,,,,1
2245682,Sékounaya,12.55,-15.45,Sedhiou,Goudomp,0,,,,,,,,,,,1
2245681,Sékréta,12.42296,-11.95658,Kedougou,Kedougou,0,,,,,,,,,,,1
2245675,Séli,14.33451,-15.22007,Kaffrine,Malem Hodar,0,,,,,,,,,,,1
2245674,Sélik,13.96667,-15.91667,Kaolack,Kaolack,0,,,,,,,,,,,1
2245673,Sélikénié,12.7,-14.73333,Kolda,Kolda,3677,,,,,,,,,,,1
2245672,Séling,14.49524,-12.22534,Tambacounda,Bakel,0,,,,,,,,,,,1
2245680,Sélé,14.43333,-15.7,Kaolack,Guinguineo,0,,,,,,,,,,,1
2245679,Sélé Diagne,15.8145,-15.9039,Louga,Louga,0,,,,,,,Diagne,Wolof,,,1
2245678,Séléki,12.52694,-16.46556,Ziguinchor,Ziguinchor,0,,,,,,,,,,,1
2245677,Séléti,13.14639,-16.5771,Ziguinchor,Bignona,0,,,,,,,,,,,1
13554066,Séma,14.37667,-15.54929,Kaffrine,Kaffrine,0,,,,,,,,,,,1
2245666,Sémé,15.19422,-12.94482,Matam,Kanel,6891,,,,,,,,,,,1
2245591,Séndou,14.67193,-17.2048,Dakar,Rufisque,3125,,,,,,,,,,,1
2245653,Séno Andalé,14.45504,-12.4475,Tambacounda,Bakel,0,,,,,,,,,,,1
2245649,Séno Boboré,13.36667,-15.45,Sedhiou,Bounkiling,0,,,,,,,,,,,1
2245648,Séno Bondé,14.18076,-12.78453,Tambacounda,Goudiry,0,,,,,,,,,,,1
2245646,Séno Diaral,14.19342,-12.45552,Tambacounda,Bakel,0,,,,,,,,,,,1
2245645,Séno Dimba Sali,14.75877,-12.66621,Matam,Kanel,0,,,,,,,,,,,1
2245644,Séno Gouro,14.6098,-12.45687,Tambacounda,Bakel,0,,,,,,,,,,,1
2245643,Séno Issaga,14.43885,-12.45725,Tambacounda,Bakel,0,,,,,,,,,,,1
2245641,Séno Malik Ali,14.60774,-12.45664,Tambacounda,Bakel,0,,,,,,,,,,,1
2245640,Séno Mamadou Pinda,14.90593,-12.64513,Matam,Kanel,0,,,,,,,,,,,1
2245639,Séno Ndao,16.04194,-15.68361,Saint Louis,Dagana,0,,,,,,,,,,,1
2245638,Séno Palél,15.38669,-13.15555,Matam,Kanel,0,,,,,,,,,,,1
2245637,Séno Samayabé,14.36667,-13.18333,Tambacounda,Goudiry,0,,,,,,,,,,,1
2245636,Séno Tekwayé,14.10843,-12.45057,Tambacounda,Goudiry,0,,,,,,,,,,,1
2245633,Séno Youpé,14.36378,-12.45679,Tambacounda,Bakel,0,,,,,,,,,,,1
2245651,Sénoba,13.36667,-15.51667,Sedhiou,Bounkiling,0,,,,,,,,,,,1
2245635,Sénoudébou,14.35817,-12.24816,Tambacounda,Bakel,0,,,,,,,,,,,1
2245634,Sénoye,14.7645,-12.67544,Matam,Kanel,0,,,,,,,,,,,1
6647974,Sénye,14.79003,-12.5654,Tambacounda,Bakel,0,,,,,,,,,,,1
2245631,Séo Keur Amadou,14.57312,-15.86464,Diourbel,Mbacke,0,,,,,,,,,,,1
2245628,Séo Touré,14.595,-15.87678,Diourbel,Mbacke,0,,,,,,,Touré,Mandinka,,,1
2245629,Séoro,13.63333,-13.9,Tambacounda,Tambacounda,0,,,,,,,,,,,1
2245627,Séou,15.31667,-16.45,Thies,Tivaoune,0,,,,,,,,,,,1
2245626,Séoudji,14.31805,-12.43708,Tambacounda,Bakel,0,,,,,,,,,,,1
2245623,Sérifkounda,12.61611,-15.91,Sedhiou,Sedhiou,0,kounda,Mandinka,,,,,,,,,1
2245620,Sérit,12.51583,-15.59361,Sedhiou,Goudomp,0,,,,,,,,,,,1
2245619,Sérouka,15.08126,-12.6839,Matam,Kanel,0,,,,,,,,,,,1
2595411,Séré,14.53817,-17.06468,Thies,Mbour,0,,,,,,,,,,,1
2245614,Séssène,14.65,-16.28333,Diourbel,Diourbel,0,,,,,,,,,,,4
2245615,Séssène,14.63085,-16.48442,Diourbel,Bambey,0,,,,,,,,,,,4
2245616,Séssène,14.42843,-16.75054,Thies,Mbour,0,,,,,,,,,,,4
13506700,Séssène,14.64951,-16.74682,Thies,Thies,0,,,,,,,,,,,4
13506721,Séssène Diak,14.66583,-16.74282,Thies,Thies,0,,,,,,,,,,,1
2245612,Séyane Mbankouma,14.00422,-15.15106,Kaffrine,Malem Hodar,0,,,,,,,,,,,1
2245218,Sône,12.55833,-16.18333,Ziguinchor,Ziguinchor,0,,,,,,,,,,,1
2245102,Taba,14.28333,-14.98333,Kaffrine,Koungheul,0,,,,,,,,,,,2
2245103,Taba,14.01667,-14.73333,Kaffrine,Koungheul,0,,,,,,,,,,,2
2595984,Taba Ahmétou,16.13611,-16.41361,Saint Louis,Dagana,0,,,,,,,,,,,1
2595983,Taba Darou Salam I,16.15556,-16.41167,Saint Louis,Dagana,0,,,darou,,,1,,,,,1
2245088,Taba Nding,13.75554,-16.42794,Fatick,Foundiougne,0,,,,,,,,,,,1
2595985,Taba Tache,16.12028,-16.41611,Saint Louis,Dagana,0,,,,,,,,,,,1
2595986,Taba Treich,16.15861,-16.3825,Saint Louis,Dagana,0,,,,,,,,,,,1
11101806,Tabacouta,13.78007,-16.46439,Fatick,Foundiougne,0,,,,,,,,,,,1
2245101,Tabadialène,13.8,-15.13333,,,0,,,,,,,,,,,1
2245098,Tabadian,13.63333,-14.26667,Tambacounda,Tambacounda,0,,,,,,,,,,,3
2245099,Tabadian,13.2,-13.45,Tambacounda,Tambacounda,0,,,,,,,,,,,3
2245100,Tabadian,12.66972,-15.44083,Sedhiou,Goudomp,0,,,,,,,,,,,3
2245097,Tabadinnto,12.7,-14.06667,Kolda,Velingara,0,,,,,,,,,,,1
13554096,Tabakali,14.36708,-15.24285,Kaffrine,Malem Hodar,0,,,,,,,,,,,1
13509049,Tabakali Sérèr,14.3697,-16.06087,Fatick,Gossas,0,,,,Sérèr,Tabakali,,,,,,1
2245096,Tabakali Wolof,14.36515,-16.08216,Kaolack,Guinguineo,0,,,,Wolof,Tabakali,,,,,,1
2245095,Tabakoto,13.28333,-13.06667,Tambacounda,Tambacounda,0,,,,,,,,,,,1
2245094,Tabali,12.88556,-15.90472,Sedhiou,Sedhiou,0,,,,,,,,,,,1
2245092,Tabana,12.75611,-15.77333,Sedhiou,Sedhiou,0,,,,,,,,,,,1
2245089,Tabandi,13.91667,-13.4,Tambacounda,Goudiry,0,,,,,,,,,,,3
2245090,Tabandi,13.65,-14.18333,Tambacounda,Tambacounda,0,,,,,,,,,,,3
2245091,Tabandi,13.18333,-13.45,Tambacounda,Tambacounda,0,,,,,,,,,,,3
2245087,Tabanding Ouolof,13.5,-14.4,Tambacounda,Tambacounda,0,,,,Wolof,Tabanding,,,,,,1
2245086,Tabandinnto,12.81667,-14.73333,Kolda,Kolda,0,,,,,,,,,,,1
2245085,Tabani,13.3,-14.8,Kolda,Medina Yoroufoula,0,,,,,,,,,,,1
2245084,Tabassèye,12.8,-15.03333,Kolda,Kolda,0,,,,,,,,,,,1
2245083,Tabassèye Mandingue,12.9,-14.46667,Kolda,Kolda,0,,,,Mandingue,Tabassèye,,,,,,1
2245082,Tabayel,13.03333,-15.66667,Sedhiou,Bounkiling,0,,,,,,,,,,,1
2245081,Tabayel Bouraïma,13.25,-14.48333,Kolda,Medina Yoroufoula,0,,,,,,,,,,,1
2245080,Tabayel Diaouré,13.61667,-14.48333,Tambacounda,Koumpentoum,0,,,,,,,,,,,1
2245079,Tabayel Sanba,12.86667,-15.05,Kolda,Kolda,0,,,,,,,,,,,1
2245077,Tabi,15.0662,-16.52,Thies,Tivaoune,0,,,,,,,,,,,2
2245078,Tabi,12.72694,-16.23361,Ziguinchor,Bignona,0,,,,,,,,,,,2
2245076,Taboto,13.41667,-13.01667,Tambacounda,Goudiry,0,,,,,,,,,,,1
13508535,Tabé,14.28981,-16.32691,Fatick,Fatick,0,,,,,,,,,,,1
2244532,Tag Diamm,14.37541,-16.29633,Fatick,Fatick,0,,,,,,,,,,,1
2245073,Tag Guèye,14.26682,-14.9974,Kaffrine,Koungheul,0,,,,,,,Guèye,Wolof,,,1
2245075,Taga,13.86667,-15.3,Kaffrine,Kaffrine,0,,,,,,,,,,,1
2245074,Taga Kati,13.9,-14.93333,Kaffrine,Koungheul,0,,,,,,,,,,,1
2595891,Tago,14.75973,-17.07319,Thies,Thies,0,,,,,,,,,,,1
13554095,Tagoum,14.3863,-15.47854,Kaffrine,Kaffrine,0,,,,,,,,,,,1
2595692,Takh,14.73286,-17.25304,Dakar,Rufisque,0,,,,,,,,,,,1
2245029,Takhbeut,15.98333,-16.16667,Saint Louis,Saint Louis,0,,,,,,,,,,,1
2245028,Takhembeut,16.02056,-16.26222,Saint Louis,Saint Louis,0,,,,,,,,,,,1
2596026,Takhmbeut Peul,16.03,-16.27806,Saint Louis,Dagana,0,,,,Peul (Fulani),Takhmbeut,,,,,,1
13507336,Takhoum Ngogom,14.47688,-16.9076,Thies,Mbour,0,,,,,,,,,,,1
13507345,Takhoum Sérèr,14.48476,-16.92075,Thies,Mbour,0,,,,Sérèr,Takhoum,,,,,,1
2244919,Takhoum Wolof,14.49569,-16.90594,Thies,Mbour,0,,,,Wolof,Takhoum,,,,,,1
2595766,Taklou,14.72494,-17.48991,Dakar,Dakar,0,,,,,,,,,,,1
2245026,Tako,15.63333,-16.11667,Louga,Louga,0,,,,,,,,,,,2
2245027,Tako,14.0,-14.7,Kaffrine,Koungheul,0,,,,,,,,,,,2
2245025,Takon,13.25,-15.53333,Sedhiou,Bounkiling,0,,,,,,,,,,,1
2245023,Takoutala,14.15404,-12.24023,Tambacounda,Bakel,0,,,,,,,,,,,1
6647994,Takoutala II,14.28283,-12.03167,Tambacounda,Bakel,0,,,,,,2,,,,,1
2245021,Takoyel,16.27074,-14.08437,Saint Louis,Podor,0,,,,,,,,,,,1
2245030,Takème,12.81667,-16.2,Ziguinchor,Bignona,0,,,,,,,,,,,1
13505413,Tal Bakhlé,14.99957,-16.25913,Thies,Tivaoune,0,,,,,,,,,,,1
2245020,Tal Baklé,15.98333,-16.2,Saint Louis,Saint Louis,0,,,,,,,,,,,1
2245019,Tal Diop,15.95,-16.21667,Saint Louis,Saint Louis,0,,,,,,,Diop,Wolof,,,1
13505514,Talakh,14.90196,-16.1807,Diourbel,Diourbel,0,,,,,,,,,,,1
2595936,Talane,14.98817,-17.01148,Thies,Tivaoune,0,,,,,,,,,,,1
2245014,Tali,15.3752,-15.2604,Louga,Linguere,0,,,,,,,,,,,1
2245013,Talibadji,13.97243,-12.62271,Tambacounda,Goudiry,0,,,,,,,,,,,2
6647949,Talibadji,14.07182,-13.00138,Tambacounda,Goudiry,0,,,,,,,,,,,2
2245011,Taliboulou,13.48333,-13.66667,Tambacounda,Tambacounda,0,,,,,,,,,,,1
2245009,Taliel,12.98333,-14.86667,Kolda,Medina Yoroufoula,0,,,,,,,,,,,1
2245008,Taliko-Foulbé,13.91211,-12.89794,Tambacounda,Goudiry,0,,,,,,,,,,,1
2245007,Talikourto,12.65,-15.38333,Sedhiou,Goudomp,0,,,,,,,,,,,1
2245006,Talimango,13.82306,-12.98975,Tambacounda,Goudiry,0,,,,,,,,,,,1
2245005,Talinkoulou,12.73278,-15.17861,Sedhiou,Goudomp,0,,,,,,,,,,,1
2245003,Talito,12.87167,-15.75472,Sedhiou,Sedhiou,0,,,,,,,,,,,1
13553441,Tallène,14.64763,-15.73838,Fatick,Gossas,0,,,,,,,,,,,1
2245002,Talta,12.73333,-15.06667,Kolda,Kolda,0,,,,,,,,,,,1
2245000,Taltal,14.98707,-15.95403,Louga,Kebemer,0,,,,,,,,,,,2
2245001,Taltal,14.81011,-15.51785,Diourbel,Mbacke,0,,,,,,,,,,,2
2244999,Taltal Pouté,14.84538,-15.49955,Louga,Linguere,0,,,,,,,,,,,1
2245018,Talègne,14.68408,-16.57401,Diourbel,Bambey,0,,,,,,,,,,,1
2245016,Talène,14.98333,-16.71667,Thies,Tivaoune,0,,,,,,,,,,,2
2245017,Talène,13.92589,-16.37084,Fatick,Foundiougne,0,,,,,,,,,,,2
2245015,Talène Gaye,15.3167,-16.5609,Louga,Kebemer,0,,,,,,,Gaye,Wolof,,,1
13658152,Talène Guédé,13.7846,-16.20868,Kaolack,Nioro Du Rip,0,,,,,,,,,,,1
2244998,Tamach,16.11194,-16.36889,Saint Louis,Dagana,0,,,,,,,,,,,1
13505505,Tamaké,14.91376,-16.14398,Diourbel,Diourbel,0,,,,,,,,,,,1
2244997,Tamani,12.48944,-16.6575,Ziguinchor,Oussouye,0,,,,,,,,,,,1
2244996,Tamassanka,12.91667,-14.93333,Kolda,Kolda,0,,,,,,,,,,,1
2244995,Tamassanssan,12.73333,-14.18333,Kolda,Velingara,0,,,,,,,,,,,1
2244994,Tamba,13.88333,-15.26667,Kaffrine,Kaffrine,0,,,,,,,,,,,1
2244987,Tamba I,13.73333,-13.66667,Tambacounda,Tambacounda,0,,,,,,1,,,,,1
2244986,Tamba II,13.71667,-13.68333,Tambacounda,Tambacounda,0,,,,,,2,,,,,1
2244985,Tamba Kounda,12.88333,-13.68333,Kolda,Velingara,0,kounda,Mandinka,,,,,,,,,1
2244984,Tambacounda,13.14256,-16.52897,Ziguinchor,Bignona,0,,,,,,,,,,,2
2244991,Tambacounda,13.77073,-13.66734,Tambacounda,Tambacounda,149071,,,,,,,,,,,2
2244983,Tambakounda,13.2,-15.8,Sedhiou,Bounkiling,0,kounda,Mandinka,,,,,,,,,1
2244982,Tambala,13.72287,-12.84377,Tambacounda,Goudiry,0,,,,,,,,,,,1
2244972,Tambanoumouya,12.825,-12.4266,Kedougou,Kedougou,0,,,,,,,,,,,1
2244970,Tambouye,13.12112,-16.39513,Ziguinchor,Bignona,0,,,,,,,,,,,1
2244980,Tamindala,13.33333,-13.8,Kolda,Velingara,0,,,,,,,,,,,1
2244981,Tamé,14.2992,-12.08197,Tambacounda,Bakel,0,,,,,,,,,,,1
6586392,Taméguidia,12.46919,-11.59912,Kedougou,Saraya,0,,,,,,,,,,,1
2244979,Tanaf,12.64972,-15.42611,Sedhiou,Goudomp,4831,,,,,,,,,,,1
2244977,Tanbakoumba,12.48333,-16.2,Ziguinchor,Ziguinchor,0,,,,,,,,,,,1
2244976,Tanbakounda,12.61667,-15.98333,Ziguinchor,Ziguinchor,0,kounda,Mandinka,,,,,,,,,1
2244975,Tanbanaba,12.66667,-15.55,Sedhiou,Sedhiou,0,,,,,,,,,,,1
2244974,Tanbananding,12.48333,-15.55,,,0,,,,,,,,,,,2
2593126,Tanbananding,12.64667,-15.55528,Sedhiou,Sedhiou,0,,,,,,,,,,,2
2244973,Tanbanding,13.5,-14.4,Tambacounda,Tambacounda,0,,,,,,,,,,,1
2244971,Tanbokolé,12.43333,-11.85,Kedougou,Saraya,0,,,,,,,,,,,1
2244969,Tanda,13.91595,-15.97275,Kaolack,Kaolack,0,,,,,,,,,,,1
2244968,Tanda Mbar,13.9,-15.96667,Kaolack,Kaolack,0,,,,,,,,,,,1
2244967,Tandine,12.93833,-16.40417,Ziguinchor,Bignona,0,,,,,,,,,,,1
2244964,Tane,14.72793,-15.63911,Diourbel,Mbacke,0,,,,,,,,,,,1
2595631,Tangor,14.70844,-17.15366,Dakar,Rufisque,0,,,,,,,,,,,1
2244961,Tangori,12.79444,-16.21083,Ziguinchor,Bignona,0,,,,,,,,,,,1
2244960,Tangout,12.79278,-16.17611,Ziguinchor,Bignona,0,,,,,,,,,,,1
2244959,Tanguis,14.53333,-16.93333,Thies,Mbour,0,,,,,,,,,,,2
2595592,Tanguis,14.64076,-17.13081,Thies,Mbour,0,,,,,,,,,,,2
2244958,Tanim,15.609,-16.1222,Louga,Louga,0,,,,,,,,,,,1
2244956,Tankanto,12.8225,-15.03778,Kolda,Kolda,0,,,,,,,,,,,2
2244957,Tankanto,12.56194,-15.43667,Sedhiou,Goudomp,0,,,,,,,,,,,2
8450474,Tankanto Escale,12.818,-15.034,Kolda,Kolda,0,,,,,,,,,,,1
2244955,Tankanton Peul,12.80722,-15.02833,Kolda,Kolda,0,,,,Peul (Fulani),Tankanton,,,,,,1
2244954,Tankon,13.25,-15.5,Sedhiou,Bounkiling,0,,,,,,,,,,,1
2244953,Tankoron,12.95,-16.11667,Ziguinchor,Bignona,0,,,,,,,,,,,1
2595454,Tankoye,14.5954,-17.09365,Thies,Mbour,0,,,,,,,,,,,2
2595582,Tankoye,14.69821,-17.11363,Thies,Thies,0,,,,,,,,,,,2
2244951,Tanp,12.5,-16.15,Ziguinchor,Ziguinchor,0,,,,,,,,,,,1
2244950,Tanpidara,15.7265,-14.1439,Saint Louis,Podor,0,,,,,,,,,,,1
2244948,Tantâdji,16.08223,-13.86951,Saint Louis,Podor,0,,,,,,,,,,,1
2244962,Tanèm,14.13333,-14.88333,Kaffrine,Koungheul,0,,,,,,,,,,,2
2244963,Tanèm,13.66667,-14.78333,Tambacounda,Koumpentoum,0,,,,,,,,,,,2
2244947,Tao,12.83333,-16.18333,Ziguinchor,Bignona,0,,,,,,,,,,,1
2244945,Taofir,14.81667,-15.9,Diourbel,Mbacke,0,,,,,,,,,,,1
2244933,Taoua,15.63333,-16.2,Louga,Louga,0,,,,,,,,,,,8
2244934,Taoua,15.31667,-16.73333,Louga,Kebemer,0,,,,,,,,,,,8
2244935,Taoua,15.0,-16.71667,Thies,Tivaoune,0,,,,,,,,,,,8
2244937,Taoua,14.73333,-16.45,Diourbel,Bambey,0,,,,,,,,,,,8
2244941,Taoua,13.95,-15.08333,Kaffrine,Koungheul,0,,,,,,,,,,,8
2244942,Taoua,13.9,-15.41667,Kaffrine,Kaffrine,0,,,,,,,,,,,8
2244943,Taoua,13.75,-15.96667,Kaolack,Nioro Du Rip,0,,,,,,,,,,,8
2244944,Taoua,13.65,-15.8,Kaolack,Nioro Du Rip,0,,,,,,,,,,,8
2244931,Taoua Gou,14.73333,-16.45,Diourbel,Bambey,0,,,,,,,,,,,1
2244930,Taoua Gueye,15.41667,-16.51667,Louga,Kebemer,0,,,,,,,Gueye,Wolof,,,1
2244924,Tapilane,12.68333,-16.08333,Ziguinchor,Bignona,0,,,,,,,,,,,1
2244923,Tapounam,12.99333,-16.16944,Ziguinchor,Bignona,0,,,,,,,,,,,1
2244922,Tappa,15.3536,-15.6443,Louga,Linguere,0,,,,,,,,,,,1
2244921,Taram,14.51667,-16.91667,Thies,Mbour,0,,,,,,,,,,,1
2244920,Taré,15.78249,-16.53337,Louga,Louga,0,,,,,,,,,,,1
13504788,Tassar,14.81536,-16.50481,Diourbel,Bambey,0,,,,,,,,,,,1
2244918,Tasset,14.60657,-16.8653,Thies,Thies,0,,,,,,,,,,,1
2596033,Tassinère,15.88732,-16.50839,Saint Louis,Saint Louis,0,,,,,,,,,,,1
13506459,Tassèt Peul,14.63026,-16.85332,Thies,Thies,0,,,,Peul (Fulani),Tassèt,,,,,,1
13506520,Tassèt Toucouleur,14.62413,-16.86226,Thies,Thies,0,,,,Toucouleur (Haalpulaar),Tassèt,,,,,,1
2244917,Tata,14.1,-13.41667,Tambacounda,Goudiry,0,,,,,,,,,,,1
2244916,Tata Batchili,14.89744,-12.59725,Matam,Kanel,0,,,,,,,,,,,1
2244914,Tataguine,14.4255,-16.60617,Fatick,Fatick,0,,,,,,,,,,,1
13507473,Tataguine Bambara,14.43255,-16.63546,Thies,Mbour,0,,,,Bambara,Tataguine,,,,,,1
2252165,Tataguine Sérèr,14.46082,-16.65362,Thies,Mbour,0,,,,Sérèr,Tataguine,,,,,,1
2244911,Tatki,16.22222,-15.28806,Saint Louis,Podor,0,,,,,,,,,,,1
2244912,Tatène Bambara,14.67458,-16.88603,Thies,Thies,0,,,,Bambara,Tatène,,,,,,1
13514613,Tatène Sérèr,14.66419,-16.90364,Thies,Thies,0,,,,Sérèr,Tatène,,,,,,1
13514612,Tatène Toucouleur,14.67032,-16.90605,Thies,Thies,0,,,,Toucouleur (Haalpulaar),Tatène,,,,,,1
2244910,Tavé,15.0016,-15.9418,Louga,Kebemer,0,,,,,,,,,,,1
2244936,Tawa,14.74477,-16.89949,Thies,Thies,0,,,,,,,,,,,6
2244938,Tawa,14.41584,-16.06363,Fatick,Gossas,0,,,,,,,,,,,6
2244939,Tawa,14.12526,-15.28578,Kaffrine,Malem Hodar,0,,,,,,,,,,,6
13505462,Tawa,14.88491,-16.28415,Diourbel,Diourbel,0,,,,,,,,,,,6
13505574,Tawa,14.75925,-16.07063,Diourbel,Mbacke,0,,,,,,,,,,,6
13658703,Tawa,13.59126,-16.01705,,,0,,,,,,,,,,,6
2244932,Tawa Fal,14.97911,-16.55291,Diourbel,Bambey,0,,,,,,,Fal,Wolof,,,1
13505568,Tawa Mbayar,14.78941,-16.14827,Diourbel,Diourbel,0,,,,,,,,,,,1
2244946,Tawfekh,14.95667,-15.88088,Diourbel,Mbacke,0,,,,,,,,,,,1
13552836,Tawfekh Darou,14.6357,-15.81744,Diourbel,Mbacke,0,,,darou,,,,,,,,1
13506987,Tawfèkh,14.63483,-16.25485,Diourbel,Diourbel,0,,,,,,,,,,,1
13505523,Tawfèkh Fal,14.92929,-16.07871,Diourbel,Mbacke,0,,,,,,,Fal,Wolof,,,1
13551153,Tawé,14.99344,-15.94125,Louga,Kebemer,0,,,,,,,,,,,1
2244908,Tayebatou,13.35,-14.98333,Kolda,Medina Yoroufoula,0,,,,,,,,,,,2
2244909,Tayebatou,13.05,-13.81667,Kolda,Velingara,0,,,,,,,,,,,2
13507227,Tayré,14.70875,-16.1051,Diourbel,Diourbel,0,,,,,,,,,,,1
13507228,Tayré Sérèr,14.69848,-16.10091,Diourbel,Diourbel,0,,,,Sérèr,Tayré,,,,,,1
2245064,Taïba,15.63333,-16.35,Louga,Louga,0,,,taiba,,,,,,,,5
2245068,Taïba,13.95,-15.03333,Kaffrine,Koungheul,0,,,taiba,,,,,,,,5
2245070,Taïba,13.93333,-15.45,Kaffrine,Kaffrine,0,,,taiba,,,,,,,,5
2245071,Taïba,13.76667,-15.9,Kaolack,Nioro Du Rip,0,,,taiba,,,,,,,,5
2245072,Taïba,13.69933,-16.42874,Fatick,Foundiougne,0,,,taiba,,,,,,,,5
2245063,Taïba Amari Mbéri,15.4414,-16.5384,Louga,Kebemer,0,,,taiba,,,,,,,,1
2245061,Taïba Bèp,14.91992,-16.36516,Diourbel,Diourbel,0,,,taiba,,,,,,,,1
2245060,Taïba Dakhar,14.89262,-16.27792,Diourbel,Diourbel,0,,,taiba,,,,,,dakhar,tree,1
2245058,Taïba Kalom,14.901,-16.32034,Diourbel,Diourbel,0,,,taiba,,,,,,,,1
13505483,Taïba Khaye,14.90071,-16.34696,Diourbel,Diourbel,0,,,taiba,,,,,,,,1
2245057,Taïba Mama,13.93333,-15.75,Kaolack,Kaolack,0,,,taiba,,,,,,,,1
2245056,Taïba Mar,15.4,-16.58333,Louga,Kebemer,0,,,taiba,,,,,,,,1
2245055,Taïba Mbaye,15.0206,-16.877,Thies,Tivaoune,0,,,taiba,,,,Mbaye,Wolof,,,1
2245062,Taïba Mbayène,13.8383,-16.11905,Kaolack,Nioro Du Rip,0,,,taiba,,,,,,,,1
2245067,Taïba Mboro,14.02512,-15.28662,Kaffrine,Malem Hodar,0,,,taiba,,,,,,,,1
2245054,Taïba Moutoufa,14.79711,-16.30007,Diourbel,Diourbel,0,,,taiba,,,,,,,,1
2245053,Taïba Ndaw,14.90706,-16.25563,Diourbel,Diourbel,0,,,taiba,,,,,,,,2
2245059,Taïba Ndaw,14.81629,-16.75293,Thies,Thies,0,,,taiba,,,,,,,,2
2245052,Taïba Ndia,15.13333,-16.75,Thies,Tivaoune,0,,,taiba,,,,,,,,1
2245065,Taïba Ndiagne,14.93438,-16.25448,Diourbel,Diourbel,0,,,taiba,,,,,,,,1
2245051,Taïba Ndiaye,15.0371,-16.8793,Thies,Tivaoune,0,,,taiba,,,,Ndiaye,Wolof,,,1
2245049,Taïba Ndioufène,14.11667,-14.98333,Kaffrine,Koungheul,0,,,taiba,,,,,,,,2
2245050,Taïba Ndioufène,13.84792,-16.00869,Kaolack,Nioro Du Rip,0,,,taiba,,,,,,,,2
2245069,Taïba Nianghène,13.94003,-16.09033,Kaolack,Kaolack,0,,,taiba,,,,,,,,1
13505446,Taïba Peul,14.90799,-16.38193,Diourbel,Bambey,0,,,taiba,Peul (Fulani),Taïba,,,,,,1
2245048,Taïba Rhabe,15.03333,-16.86667,Thies,Tivaoune,0,,,taiba,,,,,,,,1
13514611,Taïba Santhie,14.94465,-16.24311,Diourbel,Diourbel,0,,,taiba,,,,,,,,1
2245046,Taïba Singué,15.3163,-15.9737,Louga,Kebemer,0,,,taiba,,,,,,,,1
2245045,Taïba Sintié,15.03333,-16.9,Thies,Tivaoune,0,,,taiba,,,,,,,,1
2245047,Taïba Sèye,15.55,-16.21667,Louga,Louga,0,,,taiba,,,,,,,,1
13505438,Taïba Sérèr,14.90101,-16.31112,Diourbel,Diourbel,0,,,taiba,Sérèr,Taïba,,,,,,1
13554679,Taïba Tialène,14.02012,-15.14359,Kaffrine,Malem Hodar,0,,,taiba,,,,,,,,1
13566083,Taïba Tiarène,14.71815,-15.98231,Diourbel,Mbacke,0,,,taiba,,,,,,,,1
2245066,Taïba Tiékène,14.72726,-15.98079,Diourbel,Mbacke,0,,,taiba,,,,,,,,1
2245044,Taïbé,15.11667,-16.38333,Thies,Tivaoune,0,,,,,,,,,,,1
2245039,Taïf,13.87375,-16.06158,Kaolack,Kaolack,0,,,,,,,,,,,4
2245041,Taïf,14.78944,-15.65165,Diourbel,Mbacke,0,,,,,,,,,,,4
2245043,Taïf,14.06667,-14.5,Tambacounda,Koumpentoum,0,,,,,,,,,,,4
13554557,Taïf,14.21229,-15.53629,Kaffrine,Kaffrine,0,,,,,,,,,,,4
2245037,Taïf Diangou,14.74632,-15.64798,Diourbel,Mbacke,0,,,,,,,,,,,1
2245036,Taïf Diop,15.0434,-15.8731,Louga,Kebemer,0,,,,,,,Diop,Wolof,,,1
2245042,Taïf Ndioum,14.39115,-15.23246,Kaffrine,Malem Hodar,0,,,,,,,,,,,1
2245034,Taïf Nganado,15.3542,-15.907,Louga,Kebemer,0,,,,,,,,,,,1
13554087,Taïf Saloum,14.34243,-15.48858,Kaffrine,Kaffrine,0,,,,,,,,,,,1
2245033,Taïf Tiékène,14.46667,-14.7,Kaffrine,Koungheul,0,,,,,,,,,,,1
2245035,Taïfa,14.03143,-15.76273,Kaffrine,Birkelane,0,,,,,,,,,,,2
2245040,Taïfa,13.4,-14.9,Kolda,Medina Yoroufoula,0,,,,,,,,,,,2
2245038,Taïfali,15.0376,-14.6561,Matam,Ranerou,0,,,,,,,,,,,1
2245032,Taïnabé,14.73299,-15.96175,Diourbel,Mbacke,0,,,,,,,,,,,1
2245031,Taïnango,14.51667,-16.98333,Thies,Mbour,0,,,,,,,,,,,1
2244905,Tchabouguel,15.2257,-15.9651,Louga,Kebemer,0,,,,,,,,,,,1
2244904,Tchabourli,14.61931,-12.45749,Tambacounda,Bakel,0,,,,,,,,,,,1
2244899,Tchiki,14.33333,-15.98333,Kaolack,Guinguineo,0,,,,,,,,,,,1
2244894,Tchinkor,12.73333,-13.15,Tambacounda,Tambacounda,0,,,,,,,,,,,1
2244891,Tchissé Keur Amar Rhoulé,14.63333,-15.65,Fatick,Gossas,0,,,,,,,,,,,1
2244890,Tchissé Keur Mor,14.63333,-15.7,Fatick,Gossas,0,,,,,,,,,,,1
2244880,Tek,14.69385,-15.75023,Fatick,Gossas,0,,,,,,,,,,,1
2244864,Temanto Spri,13.55,-15.1,Kolda,Medina Yoroufoula,0,,,,,,,,,,,1
2244852,Temkilam Ilo,12.85,-14.7,Kolda,Kolda,0,,,,,,,,,,,1
2244966,Tendine,13.01427,-16.14224,Ziguinchor,Bignona,0,,,,,,,,,,,1
2244847,Tendouk,12.72861,-16.46583,Ziguinchor,Bignona,0,,,,,,,,,,,1
11395355,Tenghory,12.807,-16.204,Ziguinchor,Bignona,0,,,,,,,,,,,1
2244842,Tenndimane,12.76528,-16.30667,Ziguinchor,Bignona,0,,,,,,,,,,,1
2244841,Tenne,15.05,-16.43333,Thies,Tivaoune,0,,,,,,,,,,,1
2244838,Tennkoli,14.03333,-13.96667,Tambacounda,Tambacounda,0,,,,,,,,,,,3
2244839,Tennkoli,14.03333,-13.91667,Tambacounda,Tambacounda,0,,,,,,,,,,,3
2244840,Tennkoli,13.73333,-14.65,Tambacounda,Koumpentoum,0,,,,,,,,,,,3
2244833,Teranbassi,12.56111,-15.75806,Sedhiou,Goudomp,0,,,,,,,,,,,1
2595769,Terme Sud,14.72915,-17.4847,Dakar,Dakar,0,,,,,,,,,,,1
2244820,Teud Biti,15.96667,-16.18333,Saint Louis,Saint Louis,0,,,,,,,,,,,1
2244819,Teude Biti,14.31516,-15.75416,Kaolack,Guinguineo,0,,,,,,,,,,,1
13507045,Teug Dapa,14.7316,-16.29079,Diourbel,Diourbel,0,,,,,,,,,,,1
2244818,Teugue Ndioguy,15.41667,-16.43333,Louga,Kebemer,0,,,,,,,,,,,1
2244817,Teumb,15.88083,-16.2925,Saint Louis,Saint Louis,0,,,,,,,,,,,1
2244815,Teumbe,15.56667,-16.53333,Louga,Kebemer,0,,,,,,,,,,,1
2244816,Teumbé,15.33333,-16.7,Louga,Kebemer,0,,,,,,,,,,,1
13507215,Teung Sérére,14.70107,-16.21417,Diourbel,Diourbel,0,,,,Sérèr,Teung,,,,,,1
13507235,Teung Wolof,14.69201,-16.2014,Diourbel,Diourbel,0,,,,Wolof,Teung,,,,,,1
2244814,Teungué,14.68333,-16.21667,Diourbel,Diourbel,0,,,,,,,,,,,1
13506462,Teup Dal,14.68931,-16.89459,Thies,Thies,0,,,,,,,,,,,1
2244813,Teuptal,15.26667,-16.43333,Thies,Tivaoune,0,,,,,,,,,,,1
2244812,Teural,15.4,-16.65,Louga,Kebemer,0,,,,,,,,,,,1
2244834,Tewrou Kossam Deux,14.52575,-16.02977,Fatick,Gossas,0,,,,,,2,,,,,1
13507226,Tewrou Kossam Un,14.53296,-16.00648,Fatick,Gossas,0,,,,,,1,,,,,1
13509018,Tewrou Timak,14.3256,-16.15354,Kaolack,Kaolack,0,,,,,,,,,,,1
2244810,Teyel,13.03333,-14.03333,Kolda,Velingara,0,,,,,,,,,,,1
2244786,Thiadiaye,14.42038,-16.70258,Thies,Mbour,20168,,,,,,,,,,,1
2244724,Thiamène,15.32368,-15.51553,Louga,Linguere,0,,,,,,,,,,,4
2244725,Thiamène,15.0845,-15.9049,Louga,Kebemer,0,,,,,,,,,,,4
2244809,Thiamène,15.4778,-15.8747,Louga,Louga,0,,,,,,,,,,,4
6917521,Thiamène,15.0931,-15.9223,Louga,Kebemer,0,,,,,,,,,,,4
2244808,Thiariakh Mouride,14.36667,-14.65,Kaffrine,Koungheul,0,,,,,,,,,,,1
2595783,Thiaroye,14.747,-17.368,Dakar,Pikine,0,,,,,,,,,,,1
2244668,Thiarène,15.4206,-15.9951,Louga,Louga,0,,,,,,,,,,,2
2244669,Thiarène,15.37,-15.9961,Louga,Kebemer,0,,,,,,,,,,,2
2244884,Thidi Dièye,14.17708,-15.82775,Kaffrine,Birkelane,0,,,,,,,,,,,1
2244603,Thiki,14.61028,-17.07732,Thies,Mbour,0,,,,,,,,,,,1
2244515,Thila Boubou,14.7785,-16.68763,Thies,Thies,0,,,,,,,,,,,1
13504798,Thila Boul,14.83223,-16.64614,Thies,Thies,0,,,,,,,,,,,1
2244509,Thila Ounté,14.79807,-16.68526,Thies,Thies,0,,,,,,,,,,,1
13504579,Thilane Dior,14.96275,-16.94598,Thies,Tivaoune,0,,,,,,,,,,,1
13504585,Thilane Tangor,14.95795,-16.95297,Thies,Tivaoune,0,,,,,,,,,,,1
2595597,Thilaw,14.62149,-17.12589,Thies,Mbour,0,,,,,,,,,,,1
13553462,Thilla,14.70346,-15.74126,Fatick,Gossas,0,,,,,,,,,,,2
13658055,Thilla,13.8427,-16.2834,Fatick,Foundiougne,0,,,,,,,,,,,2
13658336,Thilla Keur Serigne Babou,13.69648,-16.34517,Fatick,Foundiougne,0,,,serigne,,,,,,,,1
2244798,Thillé Boubakar,16.51667,-15.08333,Saint Louis,Podor,0,,,,,,,,,,,1
2244499,Thilmakha,14.76031,-16.50108,Diourbel,Bambey,0,,,,,,,,,,,1
13504640,Thilmakha Ndioum,14.87012,-16.53672,Diourbel,Bambey,0,,,,,,,,,,,1
2244797,Thilogne,15.92389,-13.65778,Matam,Matam,15044,,,,,,,,,,,1
2249883,Thindieng,12.99428,-16.29278,Ziguinchor,Bignona,0,,,,,,,,,,,1
13554102,Thindy,14.26141,-15.1179,Kaffrine,Malem Hodar,0,,,,,,,,,,,1
2244893,Thingué,14.47502,-15.81934,Fatick,Gossas,0,,,,,,,,,,,1
6645329,Thiourouf,16.07561,-13.83921,Saint Louis,Podor,0,,,,,,,,,,,1
2244393,Thioyène,15.1961,-15.5209,Louga,Linguere,0,,,,,,,,,,,2
2244795,Thioyène,14.3,-14.9,Kaffrine,Koungheul,0,,,,,,,,,,,2
2244389,Thissé,14.09395,-15.08401,Kaffrine,Koungheul,0,,,,,,,,,,,5
13504749,Thissé,14.97589,-16.72375,Thies,Tivaoune,0,,,,,,,,,,,5
13505552,Thissé,14.77566,-16.18569,Diourbel,Diourbel,0,,,,,,,,,,,5
13509023,Thissé,14.4244,-16.1164,Fatick,Gossas,0,,,,,,,,,,,5
13658133,Thissé,13.92712,-16.11068,Kaolack,Kaolack,0,,,,,,,,,,,5
13505380,Thisséyène,14.97385,-16.37296,Diourbel,Bambey,0,,,,,,,,,,,1
13658720,Thiwala,13.67764,-16.12231,Kaolack,Nioro Du Rip,0,,,,,,,,,,,1
2244805,Thièp,14.3,-14.95,Kaffrine,Koungheul,0,,,,,,,,,,,1
2244802,Thiès,14.78944,-16.92602,Thies,Thies,317763,,,,,,,,,,,1
13504622,Thiès Est,14.77734,-16.91584,Thies,Thies,0,,,,,,,,,,,1
2244799,Thiès Nones,14.78333,-16.96667,Thies,Thies,252320,,,,,,,,,,,1
13504606,Thiès Nord,14.80851,-16.91659,Thies,Thies,0,,,,,,,,,,,1
13504537,Thiès Sud,14.77753,-16.93537,Thies,Thies,0,,,,,,,,,,,1
13553622,Thiéké,14.67024,-15.36741,Kaffrine,Malem Hodar,0,,,,,,,,,,,1
13553460,Thégui Thilla,14.69789,-15.73409,Fatick,Gossas,0,,,,,,,,,,,1
13508527,Tiaba,14.30262,-16.2614,Kaolack,Kaolack,0,,,,,,,,,,,2
13508561,Tiaba,14.33007,-16.28037,Fatick,Fatick,0,,,,,,,,,,,2
2244791,Tiabla,14.6,-17.13333,Thies,Mbour,0,,,,,,,,,,,1
2244790,Tiaboguel,15.5811,-15.4048,Louga,Linguere,0,,,,,,,,,,,1
2244906,Tiabouguel,14.99603,-15.78534,Louga,Linguere,0,,,,,,,,,,,2
2244907,Tiabouguel,14.81113,-15.67694,Diourbel,Mbacke,0,,,,,,,,,,,2
13553614,Tiaboulé,14.56882,-15.03292,Kaffrine,Koungheul,0,,,,,,,,,,,1
13509070,Tiabé,14.36171,-16.09315,Kaolack,Kaolack,0,,,,,,,,,,,1
13509043,Tiabé Diéne,14.38537,-16.08432,Fatick,Gossas,0,,,,,,,,,,,1
2244792,Tiabé Sanou,14.37768,-16.0959,Fatick,Fatick,0,,,,,,,,,,,1
13509041,Tiabé Wolof,14.38465,-16.10725,Fatick,Fatick,0,,,,Wolof,Tiabé,,,,,,1
2244793,Tiabédji,12.6349,-12.4156,Kedougou,Kedougou,0,,,,,,,,,,,1
13508547,Tiadabi,14.34564,-16.26536,Fatick,Fatick,0,,,,,,,,,,,1
2244785,Tiadié Babou,14.28333,-15.78333,Kaffrine,Birkelane,0,,,,,,,,,,,1
2595414,Tiafoura,14.53487,-17.06163,Thies,Mbour,0,,,,,,,,,,,2
13505559,Tiafoura,14.98753,-16.23222,Thies,Tivaoune,0,,,,,,,,,,,2
2244783,Tiaféna,12.88333,-14.45,Kolda,Kolda,0,,,,,,,,,,,1
2244781,Tiagal,14.94218,-16.48219,Diourbel,Bambey,0,,,,,,,,,,,1
2244777,Tiakalar,14.23378,-16.12688,Kaolack,Guinguineo,0,,,,,,,,,,,1
13505583,Tiakh,14.82016,-16.1281,Diourbel,Diourbel,0,,,,,,,,,,,1
13505489,Tiakhami,14.95999,-16.35633,Diourbel,Diourbel,0,,,,,,,,,,,1
13505467,Tiakhami Niassène,14.95225,-16.35716,Diourbel,Diourbel,0,,,,,,,,,,,1
13505434,Tiakhami Touré,14.96345,-16.34542,Diourbel,Diourbel,0,,,,,,,Touré,Mandinka,,,1
2244656,Tiakhar,14.69813,-16.36057,Diourbel,Bambey,0,,,,,,,,,,,1
2244682,Tiakho Madialé,14.02423,-15.8378,Kaolack,Kaolack,0,,,,,,,,,,,1
13658062,Tiakho Malahine,13.92423,-16.3109,Fatick,Foundiougne,0,,,,,,,,,,,1
2244773,Tiakho Ndjigane,13.88264,-16.14507,Kaolack,Kaolack,0,,,,,,,,,,,1
2244774,Tiakho Tiofior,13.99898,-16.17854,Kaolack,Kaolack,0,,,,,,,,,,,1
2244775,Tiakmar,14.48333,-16.16667,Fatick,Gossas,0,,,,,,,,,,,1
2244772,Tiakor,14.27293,-16.62561,Fatick,Fatick,0,,,,,,,,,,,1
2244770,Tial,15.23333,-16.8,Thies,Tivaoune,0,,,,,,,,,,,1
2244767,Tiala,15.2413,-15.6023,Louga,Linguere,0,,,,,,,,,,,5
2244768,Tiala,15.0339,-14.4742,Matam,Ranerou,0,,,,,,,,,,,5
2244769,Tiala,14.56667,-15.83333,Fatick,Gossas,0,,,,,,,,,,,5
6917515,Tiala,15.2405,-15.5785,Louga,Linguere,0,,,,,,,,,,,5
13504652,Tiala,14.85864,-16.53338,Diourbel,Bambey,0,,,,,,,,,,,5
2244766,Tialaga,16.49419,-14.45672,Saint Louis,Podor,0,,,,,,,,,,,1
2244518,Tialane,13.92865,-16.62587,Fatick,Foundiougne,0,,,,,,,,,,,3
2244765,Tialane,14.07367,-15.89049,Kaolack,Kaolack,0,,,,,,,,,,,3
2595419,Tialane,14.52953,-17.09661,Thies,Mbour,0,,,,,,,,,,,3
13509067,Tialap,14.28674,-16.17746,Kaolack,Kaolack,0,,,,,,,,,,,1
2244764,Tialbol,15.6505,-14.3299,Saint Louis,Podor,0,,,,,,,,,,,1
2244756,Tialel,13.83333,-14.61667,Tambacounda,Koumpentoum,0,,,,,,,,,,,1
2244750,Tialgou,15.23333,-16.03333,Louga,Kebemer,0,,,,,,,,,,,1
2244749,Tialgouf,15.18333,-16.08333,Louga,Kebemer,0,,,,,,,,,,,1
6644104,Tiali,15.51623,-13.10586,Matam,Kanel,0,,,,,,,,,,,2
13505492,Tiali,14.76294,-16.25103,Diourbel,Diourbel,0,,,,,,,,,,,2
2244747,Tialla,15.75,-16.16667,Louga,Louga,0,,,,,,,,,,,1
2244746,Tiallé,15.2434,-16.8012,Thies,Tivaoune,0,,,,,,,,,,,1
2244745,Tialog Niane,15.45,-16.11667,Louga,Louga,0,,,,,,,,,,,1
2244753,Tialène,13.91667,-15.63333,Kaffrine,Birkelane,0,,,,,,,,,,,4
2244754,Tialène,13.35,-14.73333,Kolda,Medina Yoroufoula,0,,,,,,,,,,,4
13505389,Tialène,14.9505,-16.38024,Diourbel,Bambey,0,,,,,,,,,,,4
13658027,Tialène,13.87194,-16.3383,Fatick,Foundiougne,0,,,,,,,,,,,4
2244757,Tialé,15.26667,-16.61667,Louga,Kebemer,0,,,,,,,,,,,8
2244758,Tialé,15.00072,-16.83816,Thies,Tivaoune,0,,,,,,,,,,,8
2244760,Tialé,14.838,-16.87496,Thies,Thies,0,,,,,,,,,,,8
2244761,Tialé,14.69387,-15.99364,Diourbel,Mbacke,0,,,,,,,,,,,8
2244762,Tialé,14.65,-16.83333,Thies,Thies,0,,,,,,,,,,,8
2244771,Tialé,14.73517,-16.19221,Diourbel,Diourbel,0,,,,,,,,,,,8
13507032,Tialé,14.72727,-16.44332,Diourbel,Bambey,0,,,,,,,,,,,8
13507247,Tialé,14.55555,-16.2009,Fatick,Fatick,0,,,,,,,,,,,8
13506463,Tialé Deux,14.63759,-16.84722,Thies,Thies,0,,,,,,2,,,,,1
2244751,Tialé Gnik,14.90571,-16.50219,Diourbel,Bambey,0,,,,,,,,,,,1
2244759,Tialé Mabour,14.92822,-16.66182,Diourbel,Bambey,0,,,,,,,,,,,1
2244741,Tiam,15.6749,-14.1693,Saint Louis,Podor,0,,,,,,,,,,,1
13505365,Tiamb,14.85053,-16.48684,Diourbel,Bambey,0,,,,,,,,,,,1
2244737,Tiambak,15.4,-16.15,Louga,Kebemer,0,,,,,,,,,,,1
2244718,Tiambalédié,15.9831,-15.1359,Louga,Linguere,0,,,,,,,,,,,2
2244719,Tiambalédié,15.9851,-15.0842,Louga,Linguere,0,,,,,,,,,,,2
13506461,Tiambi,14.66546,-16.97573,Thies,Thies,0,,,,,,,,,,,1
2595412,Tiambokh,14.53447,-17.06453,Thies,Mbour,0,,,,,,,,,,,3
2595445,Tiambokh,14.57013,-17.10234,Thies,Mbour,0,,,,,,,,,,,3
2595523,Tiambokh,14.69791,-17.04567,Thies,Thies,0,,,,,,,,,,,3
2244733,Tiambène,15.83333,-16.3,Louga,Louga,0,,,,,,,,,,,4
2244734,Tiambène,15.83333,-16.2,Louga,Louga,0,,,,,,,,,,,4
13552843,Tiambène,14.5079,-15.96227,Fatick,Gossas,0,,,,,,,,,,,4
13553451,Tiambène,14.72471,-15.65035,Diourbel,Mbacke,0,,,,,,,,,,,4
2244736,Tiambé,15.62868,-13.33299,Matam,Matam,0,,,,,,,,,,,1
2244721,Tiamlé,12.43861,-15.72083,Sedhiou,Goudomp,0,,,,,,,,,,,1
2244720,Tiamrouss,15.13333,-16.81667,Thies,Tivaoune,0,,,,,,,,,,,1
2244726,Tiamène,14.9443,-16.69984,Thies,Tivaoune,0,,,,,,,,,,,5
2244727,Tiamène,14.87354,-16.20487,Diourbel,Diourbel,0,,,,,,,,,,,5
2244729,Tiamène,13.95,-15.4,Kaffrine,Kaffrine,0,,,,,,,,,,,5
2244738,Tiamène,14.39675,-16.6194,Fatick,Fatick,0,,,,,,,,,,,5
13504766,Tiamène,14.79795,-16.5299,Diourbel,Bambey,0,,,,,,,,,,,5
2244722,Tiamène Oualo,13.76667,-15.93333,Kaolack,Nioro Du Rip,0,,,,,,,,,,,1
2252761,Tiaméne,14.866,-16.37615,Diourbel,Bambey,0,,,,,,,,,,,1
13658210,Tianda,13.84694,-16.07511,Kaolack,Nioro Du Rip,0,,,,,,,,,,,1
2244717,Tianda Thissé,13.94255,-16.26887,Fatick,Foundiougne,0,,,,,,,,,,,1
2244715,Tiandiagne,14.64799,-16.13176,Diourbel,Diourbel,0,,,,,,,,,,,1
13506724,Tiandigué,14.70035,-16.6418,Thies,Thies,0,,,,,,,,,,,2
13507218,Tiandigué,14.72379,-16.19295,Diourbel,Diourbel,0,,,,,,,,,,,2
2244716,Tiandène,14.52081,-16.72189,Thies,Mbour,0,,,,,,,,,,,1
2244714,Tianfara Koba,12.95,-14.05,Kolda,Velingara,0,,,,,,,,,,,1
2244713,Tianga Keur Séring Layène,13.88333,-15.71667,Kaolack,Kaolack,0,,,,,,,,,,,1
2244900,Tiangane,14.21815,-16.34889,Kaolack,Kaolack,0,,,,,,,,,,,1
2244712,Tiangaye,16.53333,-15.16667,Saint Louis,Podor,0,,,,,,,,,,,1
2244708,Tiangol Siré,14.41667,-13.26667,Tambacounda,Goudiry,0,,,,,,,,,,,1
2244707,Tiangué,12.4092,-12.3395,Kedougou,Kedougou,0,,,,,,,,,,,2
13507350,Tiangué,14.41238,-16.85974,Thies,Mbour,0,,,,,,,,,,,2
2244705,Tianiato,15.04006,-12.69591,Matam,Kanel,0,,,,,,,,,,,1
2244704,Tianka,13.85,-15.7,Kaffrine,Birkelane,0,,,,,,,,,,,1
2244703,Tiankone Boguél,15.56081,-13.37289,Matam,Matam,0,,,,,,,,,,,1
2244702,Tiankone Hiraye,15.59129,-13.3914,Matam,Matam,0,,,,,,,,,,,1
2244701,Tiankone Modi Maka,15.58493,-13.38727,Matam,Matam,0,,,maka,,,,,,,,1
2244700,Tiankou,12.91667,-13.85,Kolda,Velingara,0,,,,,,,,,,,1
6917782,Tiankounoumé,12.5265,-12.7356,Kedougou,Salemata,0,,,,,,,,,,,1
2244698,Tiankoye,12.5792,-12.6591,Kedougou,Salemata,0,,,,,,,,,,,1
13554664,Tiantang,14.08616,-15.19734,Kaffrine,Malem Hodar,0,,,,,,,,,,,1
2244697,Tiaori,13.88333,-13.63333,Tambacounda,Tambacounda,0,,,,,,,,,,,1
2244696,Tiaouane,15.31667,-16.36667,Thies,Tivaoune,0,,,,,,,,,,,1
2244695,Tiaoulé,13.01667,-14.25,Kolda,Kolda,0,,,,,,,,,,,1
2244694,Tiaoun,14.86202,-16.90668,Thies,Tivaoune,0,,,,,,,,,,,1
13504536,Tiaoun Sérèr,14.86846,-16.88662,Thies,Tivaoune,0,,,,Sérèr,Tiaoun,,,,,,1
2244692,Tiapé,12.85,-13.66667,Kolda,Velingara,0,,,,,,,,,,,1
2244680,Tiar Drop,15.75,-16.18333,Louga,Louga,0,,,,,,,,,,,1
13504681,Tiar Fiâye,14.84541,-16.68705,Thies,Thies,0,,,,,,,,,,,1
13505410,Tiar Gram,14.96137,-16.39457,Diourbel,Bambey,0,,,,,,,,,,,1
2244657,Tiar Hal,15.83333,-16.13333,Louga,Louga,0,,,,,,,,,,,1
2244691,Tiar Moussé Diop,15.84222,-16.4225,Saint Louis,Saint Louis,0,,,,,,,Diop,Wolof,,,1
2244650,Tiar Sek,15.7,-16.45,Louga,Louga,0,,,,,,,,,,,1
2244649,Tiar Sodi,15.25,-16.28333,Thies,Tivaoune,0,,,,,,,,,,,1
2244648,Tiar Tiolor,15.127,-16.5685,Thies,Tivaoune,0,,,,,,,,,,,1
2244686,Tiara,15.2293,-15.5444,Louga,Linguere,0,,,,,,,,,,,5
2244687,Tiara,13.96667,-13.13333,Tambacounda,Goudiry,0,,,,,,,,,,,5
2244688,Tiara,13.48333,-14.36667,Tambacounda,Tambacounda,0,,,,,,,,,,,5
2244689,Tiara,13.18333,-15.3,Sedhiou,Bounkiling,0,,,,,,,,,,,5
2244690,Tiara,12.86667,-14.55,Kolda,Kolda,0,,,,,,,,,,,5
2244684,Tiara Dimba Bie,13.2,-15.3,Kolda,Medina Yoroufoula,0,,,,,,,,,,,1
2244652,Tiaramalél,12.6395,-12.4566,Kedougou,Kedougou,0,,,,,,,,,,,1
2244681,Tiarap,12.78333,-14.51667,Kolda,Kolda,0,,,,,,,,,,,1
2244679,Tiare,12.55583,-15.71028,Sedhiou,Goudomp,0,,,,,,,,,,,1
2244658,Tiargni,15.2606,-14.0846,Matam,Ranerou,0,,,,,,,,,,,2
2244659,Tiargni,15.1883,-15.2899,Louga,Linguere,0,,,,,,,,,,,2
2244654,Tiari Mbaye,15.33333,-16.53333,Louga,Kebemer,0,,,,,,,Mbaye,Wolof,,,1
2244655,Tiarigne,15.53333,-16.41667,Louga,Kebemer,0,,,,,,,,,,,1
2244653,Tiarkhandam,15.03333,-16.61667,Thies,Tivaoune,0,,,,,,,,,,,1
2244651,Tiaroye Guèdj,14.7425,-17.37944,Dakar,Pikine,0,,,,,,,,,,,1
2595784,Tiaroye Kaw,14.76522,-17.35855,Dakar,Pikine,0,,,,,,,,,,,1
2244665,Tiarène,15.82361,-16.43333,Louga,Louga,0,,,,,,,,,,,10
2244667,Tiarène,15.75,-16.06667,Louga,Louga,0,,,,,,,,,,,10
2244670,Tiarène,15.33333,-16.75,Louga,Kebemer,0,,,,,,,,,,,10
2244671,Tiarène,14.94928,-15.95956,Diourbel,Mbacke,0,,,,,,,,,,,10
2244672,Tiarène,14.05,-14.86667,Kaffrine,Koungheul,0,,,,,,,,,,,10
2244674,Tiarène,13.63333,-15.98333,Kaolack,Nioro Du Rip,0,,,,,,,,,,,10
2252597,Tiarène,14.44617,-15.71507,Kaolack,Guinguineo,0,,,,,,,,,,,10
13504698,Tiarène,14.82913,-16.70999,Thies,Thies,0,,,,,,,,,,,10
13505407,Tiarène,14.99068,-16.39031,Diourbel,Bambey,0,,,,,,,,,,,10
13505416,Tiarène,14.77631,-16.40691,Diourbel,Bambey,0,,,,,,,,,,,10
2244664,Tiarène Alassane,13.75993,-16.1212,Kaolack,Nioro Du Rip,0,,,,,,,,,,,1
2244663,Tiarène Babou,13.82421,-16.25374,Fatick,Foundiougne,0,,,,,,,,,,,1
2251853,Tiarène Diamma,14.75789,-16.21442,Diourbel,Diourbel,0,,,,,,,,,,,1
2244662,Tiarène Djissa,13.82998,-16.19721,Kaolack,Nioro Du Rip,0,,,,,,,,,,,1
13672676,Tiarène Momat,13.92255,-16.06749,Kaolack,Kaolack,0,,,,,,,,,,,1
2244661,Tiarène Santhie,13.80592,-16.2702,Fatick,Foundiougne,0,,,,,,,,,,,1
2244660,Tiarène Sar,15.53333,-16.5,Louga,Kebemer,0,,,,,,,Sar,Wolof,,,1
13672677,Tiarène Yoro,13.92208,-16.07099,Kaolack,Kaolack,0,,,,,,,,,,,1
2244677,Tiaré,14.10028,-16.47718,Fatick,Foundiougne,0,,,,,,,,,,,3
2244678,Tiaré,13.9,-15.78333,Kaolack,Kaolack,0,,,,,,,,,,,3
13509032,Tiaré,14.25399,-16.01241,Kaolack,Guinguineo,0,,,,,,,,,,,3
2244676,Tiaré Diomoye,15.46667,-16.08333,Louga,Louga,0,,,,,,,,,,,1
2244675,Tiaré Ngolgui,14.44223,-16.24711,Fatick,Fatick,0,,,,,,,,,,,1
2244666,Tiaréné,15.76667,-13.47428,Matam,Matam,0,,,,,,,,,,,1
2244643,Tiaski,16.09432,-13.67302,Matam,Matam,0,,,,,,,,,,,4
2244644,Tiaski,15.672,-14.2358,Saint Louis,Podor,0,,,,,,,,,,,4
2244645,Tiaski,14.92256,-16.04455,Diourbel,Mbacke,0,,,,,,,,,,,4
2244646,Tiaski,14.33265,-12.84015,Tambacounda,Goudiry,0,,,,,,,,,,,4
2244641,Tiaski Ndialal,15.5935,-14.9514,Louga,Linguere,0,,,,,,,,,,,1
2244638,Tiat Ngol,15.7398,-15.8737,Louga,Louga,0,,,,,,,,,,,1
2244640,Tiatamine,12.78333,-13.86667,Kolda,Velingara,0,,,,,,,,,,,1
13504550,Tiataye,14.88566,-16.87732,Thies,Tivaoune,0,,,,,,,,,,,1
2244637,Tiatgol Boédi,15.436,-15.5119,Louga,Linguere,0,,,,,,,,,,,1
2244634,Tiatiao,14.75,-16.6,Diourbel,Bambey,0,,,,,,,,,,,2
2244635,Tiatiao,14.71667,-16.51667,Diourbel,Bambey,0,,,,,,,,,,,2
2244636,Tiatiaw,14.70342,-16.34922,Diourbel,Bambey,0,,,,,,,,,,,3
2244639,Tiatiaw,14.5999,-16.57924,Thies,Mbour,0,,,,,,,,,,,3
13507026,Tiatiaw,14.70371,-16.43544,Diourbel,Bambey,0,,,,,,,,,,,3
13504793,Tiatiaw Khang,14.8205,-16.61339,Diourbel,Bambey,0,,,,,,,,,,,1
2244632,Tiatiori,13.73333,-13.6,Tambacounda,Tambacounda,0,,,,,,,,,,,1
2244631,Tiatol,15.0048,-14.2743,Matam,Ranerou,0,,,,,,,,,,,1
2244630,Tiavali,15.5632,-15.3295,Louga,Linguere,0,,,,,,,,,,,1
2244626,Tiavène,15.25,-16.41667,Thies,Tivaoune,0,,,,,,,,,,,2
2244627,Tiavène,14.95,-16.15,Diourbel,Diourbel,0,,,,,,,,,,,2
2244629,Tiawandou,14.06392,-16.04606,Kaolack,Kaolack,0,,,,,,,,,,,1
13504742,Tiawaré,14.87994,-16.55727,Diourbel,Bambey,0,,,,,,,,,,,1
2595834,Tiawlène,14.70754,-17.2593,Dakar,Rufisque,0,,,,,,,,,,,1
2244628,Tiawène,14.82193,-15.94176,Diourbel,Mbacke,0,,,,,,,,,,,1
2247119,Tiaye,14.91402,-17.05566,Thies,Tivaoune,0,,,,,,,,,,,1
2244779,Tiaytou,14.93353,-16.40967,Diourbel,Bambey,0,,,,,,,,,,,1
2244625,Tiayère,15.86667,-16.36667,Saint Louis,Saint Louis,0,,,,,,,,,,,1
13551149,Tiaïfali Peul,14.82126,-15.85764,Diourbel,Mbacke,0,,,,Peul (Fulani),Tiaïfali,,,,,,1
2244624,Tibar,15.16667,-16.53333,Thies,Tivaoune,0,,,,,,,,,,,1
2244623,Tibar Fal,15.1,-16.41667,Thies,Tivaoune,0,,,,,,,Fal,Wolof,,,1
2244621,Tibo,15.15,-16.58333,Thies,Tivaoune,0,,,,,,,,,,,2
13505491,Tibo,14.84852,-16.40532,Diourbel,Bambey,0,,,,,,,,,,,2
2244619,Tidem,16.11333,-16.15472,Saint Louis,Dagana,0,,,,,,,,,,,1
2244618,Tidji,16.10306,-16.11833,Saint Louis,Dagana,0,,,,,,,,,,,1
2244620,Tidé,15.0822,-15.4682,Louga,Linguere,0,,,,,,,,,,,1
2244604,Tiekha Gaye,15.33333,-16.55,Louga,Kebemer,0,,,,,,,Gaye,Wolof,,,1
2244548,Tielsedé,14.49236,-15.31957,Kaffrine,Malem Hodar,0,,,,,,,,,,,1
2244587,Tiemmbar Peul,15.41667,-16.13333,Louga,Louga,0,,,,Peul (Fulani),Tiemmbar,,,,,,1
2244573,Tiengolel Demba Djibi,14.71004,-12.71049,Matam,Kanel,0,,,,,,,,,,,1
2244572,Tiengolel Wambambé,14.69627,-12.72277,Matam,Kanel,0,,,,,,,,,,,1
2244570,Tienne,15.38333,-16.15,Louga,Kebemer,0,,,,,,,,,,,1
2244569,Tienne Sagata,15.25,-16.15,Louga,Kebemer,0,,,,,,,,,,,1
2244568,Tienng,15.1,-16.48333,Thies,Tivaoune,0,,,,,,,,,,,1
2244566,Tiennpol,13.75,-15.56667,Kaolack,Nioro Du Rip,0,,,,,,,,,,,1
2244555,Tiep,15.5251,-16.5257,Louga,Kebemer,0,,,,,,,,,,,1
2244550,Tierno Siré,13.03333,-14.85,Kolda,Medina Yoroufoula,0,,,,,,,,,,,1
2595227,Tieudèm,14.89546,-17.09065,Thies,Thies,0,,,,,,,,,,,1
2244591,Tieul,14.95461,-16.5351,Diourbel,Bambey,0,,,,,,,,,,,2
13504747,Tieul,14.86118,-16.52057,Diourbel,Bambey,0,,,,,,,,,,,2
13505362,Tieul Mbèr,14.92436,-16.38738,Diourbel,Bambey,0,,,,,,,,,,,1
2244543,Tieurigne,15.56667,-16.45,Louga,Kebemer,0,,,,,,,,,,,2
2596019,Tieurigne,16.10083,-16.30083,Saint Louis,Dagana,0,,,,,,,,,,,2
2244533,Tigad,14.81667,-16.66667,Thies,Thies,0,,,,,,,,,,,1
2244531,Tignito,15.0719,-15.9143,Louga,Kebemer,0,,,,,,,,,,,1
2244527,Tiguet,16.39861,-16.31917,Saint Louis,Dagana,0,,,,,,,,,,,1
2244529,Tiguéré Soubalbé,15.70809,-13.28714,Matam,Matam,0,,,,,,,,,,,1
2244528,Tiguéré Yéné,15.70825,-13.26888,Matam,Matam,0,,,,,,,,,,,1
2244524,Tikankali,12.712,-12.3795,Kedougou,Kedougou,0,,,,,,,,,,,1
2244522,Tikat Banguel,14.09421,-15.85997,Kaolack,Kaolack,0,,,,,,,,,,,1
2244520,Tikouli,14.65,-16.36667,Diourbel,Bambey,0,,,,,,,,,,,1
2244495,Til Siéno,15.18333,-16.36667,Thies,Tivaoune,0,,,,,,,,,,,1
2244794,Tila,15.5191,-15.9252,Louga,Louga,0,,,,,,,,,,,2
6917511,Tila,15.3565,-15.5177,Louga,Linguere,0,,,,,,,,,,,2
2244516,Tilaye,13.08457,-16.04715,Ziguinchor,Bignona,0,,,,,,,,,,,2
2244517,Tilaye,12.85833,-16.39667,Ziguinchor,Bignona,0,,,,,,,,,,,2
2244514,Tilel,12.56667,-16.26667,Ziguinchor,Ziguinchor,0,,,,,,,,,,,1
2244507,Tili Daga,16.32883,-14.36133,Saint Louis,Podor,0,,,,,,,,,,,1
2244508,Tiliandé,15.524,-15.0754,Louga,Linguere,0,,,,,,,,,,,1
2244506,Tilla,16.05222,-16.32972,Saint Louis,Dagana,0,,,,,,,,,,,1
2244503,Tillèm,15.66667,-16.21667,Louga,Louga,0,,,,,,,,,,,1
2244501,Tillène,15.53333,-16.05,Louga,Louga,0,,,,,,,,,,,1
2244505,Tillé,15.05,-16.36667,Thies,Tivaoune,0,,,,,,,,,,,1
2244504,Tillé Garan,13.61667,-15.93333,Kaolack,Nioro Du Rip,0,,,,,,,,,,,1
2244502,Tillé Ndiaye,13.65,-15.93333,Kaolack,Nioro Du Rip,0,,,,,,,Ndiaye,Wolof,,,1
2244500,Tilmaka,15.3,-16.08333,Louga,Kebemer,0,,,,,,,,,,,1
2244498,Tilmessane,13.93333,-15.15,Kaffrine,Kaffrine,0,,,,,,,,,,,1
2244497,Tilogne Tokossel,15.96667,-13.6,Matam,Matam,10441,,,,,,,,,,,1
13514621,Tilom Ténéfoul,14.57996,-16.17433,Diourbel,Diourbel,0,,,,,,,,,,,1
2244513,Tilèl,15.8061,-14.8651,Louga,Linguere,0,,,,,,,,,,,1
2244511,Tilène,16.25972,-16.18111,Saint Louis,Dagana,0,,,,,,,,,,,4
2244512,Tilène,14.83333,-16.65,Thies,Thies,0,,,,,,,,,,,4
2244897,Tilène,14.7894,-15.97171,Diourbel,Mbacke,0,,,,,,,,,,,4
2595426,Tilène,14.56538,-17.12757,Thies,Mbour,0,,,,,,,,,,,4
2244494,Timbafoulou,13.6,-13.6,Tambacounda,Tambacounda,0,,,,,,,,,,,1
2244492,Timbifara,13.61667,-14.18333,Tambacounda,Tambacounda,0,,,,,,,,,,,2
2244493,Timbifara,13.40836,-12.55492,Tambacounda,Tambacounda,0,,,,,,,,,,,2
2244490,Timbora,15.03333,-16.8,Thies,Tivaoune,0,,,,,,,,,,,1
2244487,Tindaba,12.61056,-15.68917,Sedhiou,Sedhiou,0,,,,,,,,,,,2
2244488,Tindaba,12.48333,-16.18333,Ziguinchor,Ziguinchor,0,,,,,,,,,,,2
2244486,Tindian,13.18333,-13.56667,Tambacounda,Tambacounda,0,,,,,,,,,,,1
2244482,Tindinnto,12.98333,-15.76667,Sedhiou,Bounkiling,0,,,,,,,,,,,1
2244484,Tindiéme,12.84111,-16.28667,Ziguinchor,Bignona,0,,,,,,,,,,,1
2244474,Tindodi,14.90034,-15.84237,Diourbel,Mbacke,0,,,,,,,,,,,1
13508545,Tinghane,14.29311,-16.48271,Fatick,Fatick,0,,,,,,,,,,,1
2244480,Tingoto,13.36667,-13.21667,Tambacounda,Tambacounda,0,,,,,,,,,,,1
2244478,Tiniyel,13.03333,-13.93333,Kolda,Velingara,0,,,,,,,,,,,1
2244476,Tinndiou,15.3,-16.3,Louga,Kebemer,0,,,,,,,,,,,1
2244475,Tinndoye,13.88333,-15.73333,Kaolack,Kaolack,0,,,,,,,,,,,1
2244473,Tinntiba,13.63333,-13.48333,Tambacounda,Goudiry,0,,,,,,,,,,,1
2244472,Tintinkome,12.61833,-15.785,Sedhiou,Sedhiou,0,,,,,,,,,,,1
13505420,Tinène,14.94842,-16.37044,Diourbel,Bambey,0,,,,,,,,,,,1
2244467,Tiobon,12.875,-16.54917,Ziguinchor,Bignona,0,,,,,,,,,,,1
2244469,Tiobé,14.75,-14.88333,Louga,Linguere,0,,,,,,,,,,,3
2244470,Tiobé,14.64873,-16.07595,Diourbel,Diourbel,0,,,,,,,,,,,3
2244471,Tiobé,14.21667,-14.98333,Kaffrine,Koungheul,0,,,,,,,,,,,3
13507278,Tiobé Sène,14.63168,-16.09236,Diourbel,Diourbel,0,,,,,,,Sène,Sérèr,,,1
13507258,Tiobé Sérèr,14.63093,-16.07574,Diourbel,Diourbel,0,,,,Sérèr,Tiobé,,,,,,1
2244466,Tiodiogoye,14.62654,-16.38079,Diourbel,Bambey,0,,,,,,,,,,,1
2244461,Tiodor du Ferlo,15.0496,-14.3011,Matam,Ranerou,0,,,,,,,,,,,2
6916607,Tiodor du Ferlo,15.0787,-14.3059,Matam,Ranerou,0,,,,,,,,,,,2
2244465,Tiodorbé,13.7,-15.86667,Kaolack,Nioro Du Rip,0,,,,,,,,,,,1
2244463,Tiodordé,14.98333,-13.55,Matam,Ranerou,0,,,,,,,,,,,2
2244464,Tiodordé,14.28333,-13.23333,Tambacounda,Goudiry,0,,,,,,,,,,,2
2244460,Tiofak,14.16667,-16.05,Kaolack,Guinguineo,0,,,,,,,,,,,1
2244459,Tiofior,14.02152,-16.14928,Kaolack,Kaolack,0,,,,,,,,,,,1
13658053,Tioguène,13.99524,-16.29277,Fatick,Foundiougne,0,,,,,,,,,,,1
2244456,Tiokhmat,15.41667,-16.75,Louga,Kebemer,0,,,,,,,,,,,1
2244433,Tiokhol,14.98815,-16.46055,Diourbel,Bambey,0,,,,,,,,,,,1
13506994,Tiokhèm,14.70279,-16.27181,Diourbel,Diourbel,0,,,,,,,,,,,1
2244454,Tiokka,16.2255,-14.06608,Saint Louis,Podor,0,,,,,,,,,,,1
2244453,Tiokoye,12.38333,-12.4,Kedougou,Salemata,0,,,,,,,,,,,2
6917787,Tiokoye,12.5637,-12.532,Kedougou,Kedougou,0,,,,,,,,,,,2
13505409,Tiokèm,14.79687,-16.39961,Diourbel,Bambey,0,,,,,,,,,,,1
6648014,Tioké,14.69899,-12.34975,Tambacounda,Bakel,0,,,,,,,,,,,1
2244457,Tioké Kiouar,15.11667,-16.71667,Thies,Tivaoune,0,,,,,,,,,,,1
2244455,Tiokétian,12.5689,-12.3905,Kedougou,Kedougou,0,,,,,,,,,,,1
2244451,Tiolane,15.05,-16.23333,Thies,Tivaoune,0,,,,,,,,,,,1
2244449,Tioli,15.03333,-16.0,Louga,Kebemer,0,,,,,,,,,,,1
13507011,Tiolom,14.6907,-16.2763,Diourbel,Diourbel,0,,,,,,,,,,,1
2244447,Tiolom Fall,15.3428,-16.3217,Louga,Kebemer,0,,,,,,,Fall,Wolof,,,1
2244446,Tiolom Ténéfoul,13.58333,-16.18333,,,0,,,,,,,,,,,1
2244450,Tiolèl,14.86667,-15.83333,Diourbel,Mbacke,0,,,,,,,,,,,1
13551550,Tiolé,14.9835,-15.66336,Louga,Linguere,0,,,,,,,,,,,2
13553633,Tiolé,14.57419,-15.238,Kaffrine,Malem Hodar,0,,,,,,,,,,,2
2244444,Tiomadé,15.7,-16.03333,Louga,Louga,0,,,,,,,,,,,1
2244443,Tiombi,14.22247,-16.30343,Kaolack,Kaolack,0,,,,,,,,,,,1
13505453,Tiomboli,14.86666,-16.2698,Diourbel,Diourbel,0,,,,,,,,,,,1
13506505,Tiombolodji,14.53061,-16.93739,Thies,Mbour,0,,,,,,,,,,,1
2244418,Tiombé,14.76449,-16.05538,Diourbel,Mbacke,0,,,,,,,,,,,1
2244441,Tiomolog Diam,13.11667,-13.93333,Kolda,Velingara,0,,,,,,,,,,,1
2244440,Tiomolog Tombo,13.11667,-13.96667,Kolda,Velingara,0,,,,,,,,,,,1
2244413,Tiondi Berndé,14.89926,-15.52813,Louga,Linguere,0,,,,,,,,,,,1
2244445,Tione,14.39544,-15.61695,Kaffrine,Kaffrine,0,,,,,,,,,,,1
13509360,Tiongane,14.24819,-16.05295,Kaolack,Guinguineo,0,,,,,,,,,,,1
2251023,Tiongo Kadia,15.4619,-15.06,Louga,Linguere,0,,,,,,,,,,,1
2244438,Tiongo Madia,15.4563,-15.0601,Louga,Linguere,0,,,,,,,,,,,1
2244437,Tiongo Mbéa,15.6924,-15.7409,Louga,Louga,0,,,,,,,,,,,1
2244436,Tionk Essil,12.78556,-16.52167,Ziguinchor,Bignona,8389,,,,,,,,,,,1
2244435,Tionok Diabi,14.66667,-14.66667,Matam,Ranerou,0,,,,,,,,,,,1
2244434,Tionok Sangué,14.63333,-14.75,Matam,Ranerou,0,,,,,,,,,,,1
13551630,Tionordé,14.76781,-15.48883,Diourbel,Mbacke,0,,,,,,,,,,,1
2244431,Tiorinnguel,13.98333,-14.5,Tambacounda,Koumpentoum,0,,,,,,,,,,,1
13506486,Tiorol,14.73089,-16.89133,Thies,Thies,0,,,,,,,,,,,1
2244428,Tioubalel,16.48286,-14.39127,Saint Louis,Podor,0,,,,,,,,,,,2
2244429,Tioubalel,16.26945,-13.98998,Saint Louis,Podor,0,,,,,,,,,,,2
2244425,Tioubouk,12.86667,-14.1,Kolda,Velingara,0,,,,,,,,,,,1
2244426,Tioubène,15.63333,-16.13333,Louga,Louga,0,,,,,,,,,,,2
2244427,Tioubène,13.81667,-15.98333,Kaolack,Nioro Du Rip,0,,,,,,,,,,,2
13508986,Tiouk,14.29797,-16.09984,Kaolack,Guinguineo,0,,,,,,,,,,,1
2244422,Tiouko,14.73333,-16.38333,Diourbel,Bambey,0,,,,,,,,,,,1
2244420,Tioukongueul,15.7203,-14.6052,Matam,Ranerou,0,,,,,,,,,,,1
2244419,Tioukougne Peul,15.44168,-16.72729,Louga,Kebemer,0,,,,Peul (Fulani),Tioukougne,,,,,,1
13551152,Tioumb Sar,14.94924,-15.94127,Diourbel,Mbacke,0,,,,,,,Sar,Wolof,,,1
2244416,Tioumb Touré,14.95676,-15.93518,Diourbel,Mbacke,0,,,,,,,Touré,Mandinka,,,1
2244415,Tioumpoulaoua,13.96667,-14.4,Tambacounda,Koumpentoum,0,,,,,,,,,,,1
2244414,Tioun,15.79056,-16.4875,Louga,Louga,0,,,,,,,,,,,2
2596038,Tioun,15.7739,-16.50155,Louga,Louga,0,,,,,,,,,,,2
2244411,Tiouniel,15.1109,-15.8768,Louga,Kebemer,0,,,,,,,,,,,1
2244410,Tiountou Aladi,13.71667,-14.3,Tambacounda,Koumpentoum,0,,,,,,,,,,,1
2244412,Tiounène,15.05,-16.5,Thies,Tivaoune,0,,,,,,,,,,,1
2244409,Tiouoana,12.9,-13.96667,Kolda,Velingara,0,,,,,,,,,,,1
13514636,Tioupane Laïti,14.21581,-16.27387,Kaolack,Kaolack,0,,,,,,,,,,,1
13514637,Tioupane Maguèye,14.22078,-16.27985,Kaolack,Kaolack,0,,,,,,,,,,,1
2244408,Tioupane Ndiakanèm,14.2159,-16.28498,Kaolack,Kaolack,0,,,,,,,,,,,1
2244404,Tiourouk,14.15,-13.28333,Tambacounda,Goudiry,0,,,,,,,,,,,1
2244403,Tiourour,15.5429,-15.9934,Louga,Louga,0,,,,,,,,,,,1
2244406,Tiourène,15.508,-15.9488,Louga,Louga,0,,,,,,,,,,,2
2244407,Tiourène,14.97063,-15.82635,Diourbel,Mbacke,0,,,,,,,,,,,2
2244405,Tiourèneguène,15.01667,-16.25,Thies,Tivaoune,0,,,,,,,,,,,1
2244402,Tiousmel,15.5487,-15.8899,Louga,Louga,0,,,,,,,,,,,1
13505569,Tiouthie,14.75893,-16.1481,Diourbel,Diourbel,0,,,,,,,,,,,1
2244401,Tiouti,15.85566,-13.50017,Matam,Matam,0,,,,,,,,,,,1
2244399,Tioutioum,14.44829,-16.21358,Fatick,Fatick,0,,,,,,,,,,,1
13506996,Tioutoun,14.64743,-16.29445,Diourbel,Diourbel,0,,,,,,,,,,,1
2244382,Tiovor,15.7249,-16.4496,Louga,Louga,0,,,,,,,,,,,1
13554101,Tioye Ndioum,14.41693,-15.19849,Kaffrine,Malem Hodar,0,,,,,,,,,,,1
2244397,Tioyel,14.92729,-15.48082,Louga,Linguere,0,,,,,,,,,,,1
2244394,Tioyène,14.48954,-15.87934,Fatick,Gossas,0,,,,,,,,,,,2
2244396,Tioyène,13.60691,-15.99559,Kaolack,Nioro Du Rip,0,,,,,,,,,,,2
13658165,Tioyène Amadi Mala,13.84778,-16.24296,Kaolack,Nioro Du Rip,0,,,,,,,,,,,1
13658230,Tioyène Matar,13.85455,-16.19552,Kaolack,Nioro Du Rip,0,,,,,,,,,,,1
2244395,Tioyène Niombato,13.68986,-16.32341,Fatick,Foundiougne,0,,,,,,,,,,,1
13658220,Tioyène Serigne,13.82344,-16.07438,Kaolack,Nioro Du Rip,0,,,serigne,,,,,,,,1
13658234,Tioyène Sokone Deux,13.84562,-16.2357,Kaolack,Nioro Du Rip,0,,,,,,2,,,,,1
13658157,Tioyène Sokone Un,13.84448,-16.22881,Kaolack,Nioro Du Rip,0,,,,,,1,,,,,1
2244398,Tioyé,14.55,-14.76667,Kaffrine,Koungheul,0,,,,,,,,,,,1
2244391,Tip Nar,14.68152,-15.85187,Diourbel,Mbacke,0,,,,,,,,,,,1
13554080,Tip Saloum,14.30284,-15.40598,Kaffrine,Malem Hodar,0,,,,,,,,,,,1
2244390,Tissé,14.05319,-15.52639,Kaffrine,Kaffrine,0,,,,,,,,,,,4
2244888,Tissé,14.64584,-15.67301,Fatick,Gossas,0,,,,,,,,,,,4
2244892,Tissé,14.74642,-15.9337,Diourbel,Mbacke,0,,,,,,,,,,,4
2249179,Tissé,14.80699,-15.68125,Diourbel,Mbacke,0,,,,,,,,,,,4
2244889,Tissé Deux,14.92915,-15.97698,Diourbel,Mbacke,0,,,,,,2,,,,,1
2244386,Tivaouane,14.95186,-16.8152,Thies,Tivaoune,102658,,,,,,,,,,,3
2595781,Tivaouane,14.74907,-17.3725,Dakar,Pikine,0,,,,,,,,,,,3
13554105,Tivaouane,14.33694,-15.15075,Kaffrine,Malem Hodar,0,,,,,,,,,,,3
13554110,Tivaouane Delbi,14.25691,-15.32104,Kaffrine,Malem Hodar,0,,,,,,,,,,,1
2244387,Tivaouane Léwé,14.20212,-15.68986,Kaffrine,Birkelane,0,,,,,,,,,,,1
2595682,Tivaouane Peul,14.8069,-17.28046,Dakar,Rufisque,0,,,,Peul (Fulani),Tivaouane,,,,,,1
2244385,Tivaré,15.03333,-16.76667,Thies,Tivaoune,0,,,,,,,,,,,1
2244384,Tivel Bessel,12.86667,-14.25,Kolda,Kolda,0,,,,,,,,,,,1
2244383,Tiviann Koulandiala,13.21667,-14.1,Kolda,Velingara,0,,,,,,,,,,,1
13504591,Tiwigne Ndiassa,14.92192,-16.9934,Thies,Tivaoune,0,,,,,,,,,,,1
2244417,Tiwo,14.50126,-15.72962,Fatick,Gossas,0,,,,,,,,,,,2
13554070,Tiwo,14.49368,-15.72139,Kaolack,Guinguineo,0,,,,,,,,,,,2
2244728,Tiâmène,14.02514,-15.95825,Kaolack,Kaolack,0,,,,,,,,,,,2
2244731,Tiâmène,13.8877,-16.21038,Fatick,Foundiougne,0,,,,,,,,,,,2
2244730,Tiâmène Birane,13.91007,-16.33439,Fatick,Foundiougne,0,,,,,,,,,,,1
2244732,Tiâmène Diogo,13.71736,-16.12649,Kaolack,Nioro Du Rip,0,,,,,,,,,,,1
13658127,Tiâmène Maka,13.84646,-16.15107,Kaolack,Nioro Du Rip,0,,,maka,,,,,,,,1
13658198,Tiâmène Mamadou Binta,13.81512,-16.13469,Kaolack,Nioro Du Rip,0,,,,,,,,,,,1
13658120,Tiâmène Ndianène,13.92062,-16.24703,Fatick,Foundiougne,0,,,,,,,,,,,1
13658010,Tiâmène Satiébo,13.91417,-16.32338,Fatick,Foundiougne,0,,,,,,,,,,,1
13658149,Tiâmène Taba,13.98192,-16.0882,Kaolack,Kaolack,0,,,,,,,,,,,1
2244723,Tiâmène Wolof,13.79787,-16.1275,Kaolack,Nioro Du Rip,0,,,,Wolof,Tiâmène,,,,,,1
13506968,Tiègne,14.73649,-16.35371,Diourbel,Bambey,0,,,,,,,,,,,1
2244612,Tièkane,14.97154,-16.36795,Diourbel,Bambey,0,,,,,,,,,,,1
2244598,Tièl,14.9375,-15.05832,Louga,Linguere,0,,,,,,,,,,,1
2244593,Tièl Patièm,14.52452,-15.91958,Fatick,Gossas,0,,,,,,,,,,,1
2244592,Tièlé,14.7,-15.98333,Diourbel,Mbacke,0,,,,,,,,,,,1
13552833,Tièlé Kayène,14.50523,-15.84368,Fatick,Gossas,0,,,,,,,,,,,1
2253265,Tièlé Patièm,14.50506,-15.8684,Fatick,Gossas,0,,,,,,,,,,,1
2249958,Tième Souaré,14.7495,-16.9232,Thies,Thies,0,,,,,,,,,,,1
2244588,Tièmène,15.1272,-15.8689,Louga,Kebemer,0,,,,,,,,,,,1
2244575,Tiène Tilène,15.38333,-16.41667,Louga,Kebemer,0,,,,,,,,,,,1
2244580,Tiènekoli Diagne,15.01667,-16.1,Louga,Kebemer,0,,,,,,,Diagne,Wolof,,,1
2244579,Tiènekoli Diop,15.01667,-16.08333,Louga,Kebemer,0,,,,,,,Diop,Wolof,,,1
2244567,Tièngou,14.76303,-15.82404,Diourbel,Mbacke,0,,,,,,,,,,,1
2244563,Tiènthie Deux,14.78291,-16.04721,Diourbel,Mbacke,0,,,,,,2,,,,,1
13505595,Tiènthie Un,14.79438,-16.05262,Diourbel,Mbacke,0,,,,,,1,,,,,1
2244549,Tièss,15.03333,-16.95,Thies,Tivaoune,0,,,,,,,,,,,1
2244562,Tièw,14.52601,-16.21186,Fatick,Fatick,0,,,,,,,,,,,1
2244534,Tièye,14.84378,-16.16901,Diourbel,Diourbel,0,,,,,,,,,,,1
2244616,Tiébo,14.63333,-16.23333,Diourbel,Diourbel,100289,,,,,,,,,,,1
2244617,Tiébé,15.4099,-15.2523,Louga,Linguere,0,,,,,,,,,,,1
13505526,Tiégone,14.84193,-16.23123,Diourbel,Diourbel,0,,,,,,,,,,,1
2244613,Tiéhubessi,12.98333,-14.28333,Kolda,Kolda,0,,,,,,,,,,,1
2244602,Tiékiène,13.9,-15.51667,Kaffrine,Birkelane,0,,,,,,,,,,,1
2244599,Tiékogne,15.51993,-15.19151,Louga,Linguere,0,,,,,,,,,,,1
2244606,Tiékène,15.48333,-16.13333,Louga,Louga,0,,,,,,,,,,,9
2244607,Tiékène,15.41667,-16.35,Louga,Kebemer,0,,,,,,,,,,,9
2244608,Tiékène,14.70679,-15.97147,Diourbel,Mbacke,0,,,,,,,,,,,9
2244609,Tiékène,14.03333,-14.56667,Tambacounda,Koumpentoum,0,,,,,,,,,,,9
2244610,Tiékène,13.9,-14.75,Kaffrine,Koungheul,0,,,,,,,,,,,9
2244611,Tiékène,13.7,-15.53333,Kaolack,Nioro Du Rip,0,,,,,,,,,,,9
13505468,Tiékène,14.78673,-16.36879,Diourbel,Bambey,0,,,,,,,,,,,9
13505553,Tiékène,14.75119,-16.15324,Diourbel,Diourbel,0,,,,,,,,,,,9
13658205,Tiékène,13.94804,-16.2034,Fatick,Foundiougne,0,,,,,,,,,,,9
2244605,Tiékène Baïrat,15.73333,-16.16667,Louga,Louga,0,,,,,,,,,,,1
2596045,Tiékène Mbatar,15.76722,-16.2625,Louga,Louga,0,,,,,,,,,,,1
13505558,Tiékène Mourid,14.75055,-16.1432,Diourbel,Diourbel,0,,,,,,,,,,,1
2595395,Tiékès,14.50461,-17.00908,Thies,Mbour,0,,,,,,,,,,,1
2244597,Tiél,15.82249,-13.50538,Matam,Matam,0,,,,,,,,,,,1
2244596,Tiélao,16.57688,-14.56026,Saint Louis,Podor,0,,,,,,,,,,,1
2244589,Tiélé,15.85333,-16.29806,Louga,Louga,0,,,,,,,,,,,2
6647969,Tiélé,14.86251,-12.68934,Matam,Kanel,0,,,,,,,,,,,2
2244590,Tiélémane,15.82833,-16.41583,Louga,Louga,0,,,,,,,,,,,1
2244586,Tiémping,15.59459,-13.12854,Matam,Kanel,0,,,,,,,,,,,1
13504624,Tiéna Gare,14.76385,-16.79623,Thies,Thies,0,,,,,,,,,,,1
2244581,Tiénaba,14.98893,-16.49113,Diourbel,Bambey,0,,,,,,,,,,,3
2244583,Tiénaba,14.42934,-16.0952,Fatick,Gossas,0,,,,,,,,,,,3
2244585,Tiénaba,14.76989,-16.80716,Thies,Thies,0,,,,,,,,,,,3
2244582,Tiénaba Khabane,14.57619,-16.84545,Thies,Thies,0,,,,,,,,,,,1
2244584,Tiéndieng,14.76687,-16.24328,Diourbel,Diourbel,0,,,,,,,,,,,1
2244565,Tiéno Ndaye,15.36667,-16.36667,Louga,Kebemer,0,,,,,,,,,,,1
2244564,Tiéno Ndiaou,15.36667,-16.33333,Louga,Kebemer,0,,,,,,,,,,,1
2244576,Tiénène,15.0314,-15.9926,Louga,Kebemer,0,,,,,,,,,,,3
2244577,Tiénène,14.7,-15.93333,Diourbel,Mbacke,0,,,,,,,,,,,3
13504805,Tiénène,14.81573,-16.55161,Diourbel,Bambey,0,,,,,,,,,,,3
2244559,Tiéolé,16.48861,-15.01972,Saint Louis,Podor,0,,,,,,,,,,,2
2244560,Tiéolé,15.48333,-16.01667,Louga,Louga,0,,,,,,,,,,,2
2244553,Tiériak,13.98333,-15.96667,Kaolack,Kaolack,0,,,,,,,,,,,1
2244552,Tiéribessi,12.95,-13.75,Kolda,Velingara,0,,,,,,,,,,,1
2244546,Tiéterlé Diabi,15.9139,-14.6355,Louga,Linguere,0,,,,,,,,,,,1
2244544,Tiéti,13.03333,-15.08333,Kolda,Kolda,0,,,,,,,,,,,1
2244547,Tiétène Bara,13.86667,-14.71667,Kaffrine,Koungheul,0,,,,,,,,,,,1
2244542,Tiéval,13.71667,-14.08333,Tambacounda,Tambacounda,0,,,,,,,,,,,1
2244541,Tiéval Lao,12.98333,-14.48333,Kolda,Kolda,0,,,,,,,,,,,1
2244539,Tiével,13.23333,-15.45,Sedhiou,Bounkiling,0,,,,,,,,,,,1
2244538,Tiével Bezel,13.15,-13.91667,Kolda,Velingara,0,,,,,,,,,,,1
2244537,Tiével Mama Yéro,13.05,-14.28333,Kolda,Velingara,0,,,,,,,,,,,1
2244536,Tiévgal,13.01667,-15.1,Kolda,Kolda,0,,,,,,,,,,,1
2244540,Tiévébessi,13.01667,-13.91667,Kolda,Velingara,0,,,,,,,,,,,1
2244535,Tiéwal,13.26667,-13.91667,Kolda,Velingara,0,,,,,,,,,,,1
2244561,Tiéwo,14.65268,-16.97378,Thies,Thies,0,,,,,,,,,,,1
13505355,Tiéyène,14.85077,-16.44783,Diourbel,Bambey,0,,,,,,,,,,,1
2244556,Tiêp Lambaye,14.84305,-16.49187,Diourbel,Bambey,0,,,,,,,,,,,1
13505397,Tiêp Panathie,14.85049,-16.47323,Diourbel,Bambey,0,,,,,,,,,,,1
2244525,Tiïl,15.56667,-16.23333,Louga,Louga,0,,,,,,,,,,,1
2244378,Tjissé,13.8,-15.66667,Kaolack,Nioro Du Rip,0,,,,,,,,,,,2
2244379,Tjissé,13.75,-15.88333,Kaolack,Nioro Du Rip,0,,,,,,,,,,,2
2244377,Tjissé Kaymor,13.78333,-15.56667,Kaolack,Nioro Du Rip,0,,,,,,,,,,,1
2244376,Tlioki,14.96667,-16.03333,Louga,Kebemer,0,,,,,,,,,,,1
2244439,Tlone Khouma,15.3138,-16.1263,Louga,Kebemer,0,,,,,,,,,,,1
13506474,Toba Samba,14.73859,-16.93144,Thies,Thies,0,,,,,,,,,,,1
2244372,Tobor,13.01667,-15.68333,Sedhiou,Bounkiling,0,,,,,,,,,,,2
2244373,Tobor,12.66167,-16.26472,Ziguinchor,Bignona,0,,,,,,,,,,,2
2244369,Tobor Boal,12.66667,-16.26667,Ziguinchor,Bignona,0,,,,,,,,,,,1
2244368,Tobor Manga,12.66667,-16.28333,Ziguinchor,Bignona,0,,,,,,,Manga,Diola,,,1
2244374,Tobène,15.03333,-16.78333,Thies,Tivaoune,0,,,,,,,,,,,3
2244375,Tobène,14.13923,-15.3868,Kaffrine,Malem Hodar,0,,,,,,,,,,,3
13508578,Tobène,14.27141,-16.25849,Kaolack,Kaolack,0,,,,,,,,,,,3
2244367,Todél,14.92925,-15.41667,Louga,Linguere,0,,,,,,,,,,,1
2252188,Tofaye,14.41639,-16.30748,Fatick,Fatick,0,,,,,,,,,,,1
2244363,Togueul,15.8,-16.16667,Louga,Louga,0,,,,,,,,,,,1
2244364,Togué,12.4777,-12.0219,Kedougou,Kedougou,0,,,,,,,,,,,1
13507047,Tok Diadji,14.65168,-16.48122,Diourbel,Bambey,0,,,,,,,,,,,1
2595575,Tok Lou Ouolof,14.70282,-17.11544,Thies,Thies,0,,,,Wolof,Tok Lou,,,,,,1
2595219,Tok Lou Sérèr,14.69927,-17.12164,Thies,Thies,0,,,,Sérèr,Tok Lou,,,,,,1
2595586,Tok Lou Wolof,14.68093,-17.12662,Thies,Mbour,0,,,,Wolof,Tok Lou,,,,,,1
13506977,Tok Ngol,14.64555,-16.32327,Diourbel,Diourbel,0,,,,,,,,,,,1
13508562,Tokambél,14.32618,-16.25549,Kaolack,Kaolack,0,,,,,,,,,,,1
13508564,Tokasso,14.4818,-16.37527,Fatick,Fatick,0,,,,,,,,,,,1
2244360,Toki Gare,14.59427,-16.14979,Diourbel,Diourbel,0,,,,,,,,,,,1
13514620,Toki Sérèr,14.60222,-16.13743,Diourbel,Diourbel,0,,,,Sérèr,Toki,,,,,,1
13507238,Toki Toucouleur,14.58766,-16.13527,Diourbel,Diourbel,0,,,,Toucouleur (Haalpulaar),Toki,,,,,,1
2244359,Tokomak,14.53905,-16.54954,Thies,Mbour,0,,,,,,,,,,,1
2244358,Tokorak,14.5541,-16.57127,Thies,Mbour,0,,,,,,,,,,,1
2244357,Tokossian,12.50417,-15.78667,Sedhiou,Goudomp,0,,,,,,,,,,,1
2244355,Tol,15.2115,-15.9615,Louga,Kebemer,0,,,,,,,,,,,1
2244354,Tombon-Komoti,13.66816,-12.97187,Tambacounda,Goudiry,0,,,,,,,,,,,1
2244353,Tomboronkoto,12.7992,-12.2899,Kedougou,Kedougou,0,,,,,,,,,,,1
2244352,Tomoradji,13.9314,-11.9965,Tambacounda,Bakel,0,,,,,,,,,,,1
2244351,Tonboro,13.58333,-14.11667,Tambacounda,Tambacounda,0,,,,,,,,,,,1
2244264,Tonghor,14.97231,-16.45002,Diourbel,Bambey,0,,,,,,,,,,,2
2595704,Tonghor,14.76248,-17.48167,Dakar,Dakar,0,,,,,,,,,,,2
2244348,Tongo,12.73917,-16.10306,Ziguinchor,Bignona,0,,,,,,,,,,,2
13509060,Tongo,14.39346,-16.17148,Fatick,Fatick,0,,,,,,,,,,,2
2244347,Tongon,15.9,-16.43333,Saint Louis,Saint Louis,0,,,,,,,,,,,1
2244346,Tonguel,15.5707,-15.9455,Louga,Louga,0,,,,,,,,,,,1
2244345,Tonguel Peul,15.5952,-15.929,Louga,Louga,0,,,,Peul (Fulani),Tonguel,,,,,,1
2244344,Tonguia,12.83264,-13.70424,Kolda,Velingara,0,,,,,,,,,,,1
2244342,Toniataba,12.68333,-15.46667,Sedhiou,Goudomp,0,,,,,,,,,,,1
2244341,Tonkouto,13.56349,-12.11408,Tambacounda,Bakel,0,,,,,,,,,,,1
2244338,Tor,14.88616,-17.07962,Thies,Thies,0,,,,,,,,,,,1
2244339,Tordieul,15.4268,-14.9126,Louga,Linguere,0,,,,,,,,,,,1
2244336,Toro,15.0,-16.51667,Thies,Tivaoune,0,,,,,,,,,,,1
2244334,Toro Bèye,15.61667,-16.46667,Louga,Kebemer,0,,,,,,,,,,,1
13504577,Toro Malik,14.94099,-16.83876,Thies,Tivaoune,0,,,,,,,,,,,1
2244333,Torodo,14.31129,-15.58262,Kaffrine,Kaffrine,0,,,,,,,,,,,1
2244332,Totia,12.61236,-11.8513,Kedougou,Kedougou,0,,,,,,,,,,,1
2244271,Toub Fal,15.35,-16.38333,Louga,Kebemer,0,,,,,,,Fal,Wolof,,,1
2244322,Touba,14.86229,-15.87532,Diourbel,Mbacke,1120824,,,touba,,,,,,,,9
2244323,Touba,14.16667,-15.63333,Kaffrine,Kaffrine,0,,,touba,,,,,,,,9
2244324,Touba,14.11667,-14.75,Kaffrine,Koungheul,0,,,touba,,,,,,,,9
2244325,Touba,13.95,-15.83333,Kaolack,Kaolack,0,,,touba,,,,,,,,9
2244326,Touba,13.73333,-15.6,Kaolack,Nioro Du Rip,0,,,touba,,,,,,,,9
2244328,Touba,13.5,-13.6,Tambacounda,Tambacounda,0,,,touba,,,,,,,,9
2244329,Touba,13.36667,-14.76667,Kolda,Medina Yoroufoula,0,,,touba,,,,,,,,9
2244330,Touba,13.14072,-16.65066,Ziguinchor,Bignona,0,,,touba,,,,,,,,9
2244331,Touba,12.99278,-15.58722,Sedhiou,Bounkiling,0,,,touba,,,,,,,,9
2244319,Touba Ali Fana,13.81667,-15.13333,Kaffrine,Kaffrine,0,,,touba,,,,,,,,1
13658723,Touba Baria,13.64423,-16.22673,Fatick,Foundiougne,0,,,touba,,,,,,,,1
2244316,Touba Bogo,14.9201,-15.68717,Louga,Linguere,0,,,touba,,,,,,,,1
2244317,Touba Bélel,15.05,-15.83333,Louga,Kebemer,0,,,touba,,,,,,,,1
13554687,Touba Darou,14.24453,-15.43004,Kaffrine,Kaffrine,0,,,touba,,,,,,,,1
13658217,Touba Deux,13.83048,-16.16624,Kaolack,Nioro Du Rip,0,,,touba,,,2,,,,,1
13514638,Touba Diaglé,14.19881,-16.11159,Kaolack,Kaolack,0,,,touba,,,,,,,,1
2244045,Touba Diaksaw,14.62789,-15.61683,Fatick,Gossas,0,,,touba,,,,,,,,1
13506493,Touba Dieng,14.54795,-16.90537,Thies,Thies,0,,,touba,,,,Dieng,Wolof,,,1
13554051,Touba Dékhaye,14.447,-15.84101,Fatick,Gossas,0,,,touba,,,,,,,,1
2244313,Touba Fal,14.86639,-15.99319,Diourbel,Mbacke,0,,,touba,,,,Fal,Wolof,,,6
2244315,Touba Fal,13.81667,-15.93333,Kaolack,Nioro Du Rip,0,,,touba,,,,Fal,Wolof,,,6
2253061,Touba Fal,14.54635,-15.74357,Fatick,Gossas,0,,,touba,,,,Fal,Wolof,,,6
13504767,Touba Fal,14.95515,-16.68379,Thies,Tivaoune,0,,,touba,,,,Fal,Wolof,,,6
13551573,Touba Fal,14.91919,-15.52375,Louga,Linguere,0,,,touba,,,,Fal,Wolof,,,6
13554086,Touba Fal,14.37416,-15.15966,Kaffrine,Malem Hodar,0,,,touba,,,,Fal,Wolof,,,6
2244314,Touba Fali,13.78333,-13.78333,Tambacounda,Tambacounda,0,,,touba,,,,,,,,1
13672678,Touba Fas,13.6368,-16.05798,Kaolack,Nioro Du Rip,0,,,touba,,,,,,,,1
2244312,Touba Gaye,14.99175,-15.98252,Louga,Kebemer,0,,,touba,,,,Gaye,Wolof,,,1
2244321,Touba Guène,15.86389,-16.39417,Saint Louis,Saint Louis,0,,,touba,,,,,,,,1
13504582,Touba Guèye,14.76254,-16.82499,Thies,Thies,0,,,touba,,,,Guèye,Wolof,,,1
2251328,Touba Guédé,14.88125,-15.87358,Diourbel,Mbacke,0,,,touba,,,,,,,,1
13554689,Touba Guéyène,14.20054,-15.12131,Kaffrine,Malem Hodar,0,,,touba,,,,,,,,1
2244310,Touba Kahone,14.4,-15.83333,Fatick,Gossas,0,,,touba,,,,,,,,1
2244309,Touba Kane,15.03333,-16.55,Thies,Tivaoune,0,,,touba,,,,Kane,Pulaar,,,2
13507276,Touba Kane,14.70388,-16.01417,Diourbel,Mbacke,0,,,touba,,,,Kane,Pulaar,,,2
2250858,Touba Kaèl,14.6718,-15.88387,Diourbel,Mbacke,0,,,touba,,,,,,,,1
2244308,Touba Keur Aïp,13.96667,-15.81667,Kaolack,Kaolack,0,,,touba,,,,,,,,1
13554695,Touba Keur Cheïkh,14.11748,-15.43326,Kaffrine,Kaffrine,0,,,touba,,,,,,,,1
13554446,Touba Khadoma,14.17228,-15.8168,Kaffrine,Birkelane,0,,,touba,,,,,,,,1
13509050,Touba Khayokh,14.28559,-16.08524,Kaolack,Guinguineo,0,,,touba,,,,,,,,1
13553457,Touba Lambaye,14.50063,-15.63862,Kaffrine,Kaffrine,0,,,touba,,,,,,,,1
2244302,Touba Loumbi,14.51667,-14.71667,Kaffrine,Koungheul,0,,,touba,,,,,,,,1
13554682,Touba Malèm,14.19233,-15.14286,Kaffrine,Malem Hodar,0,,,touba,,,,,,,,1
13506985,Touba Mbayar,14.6176,-16.26065,Diourbel,Diourbel,0,,,touba,,,,,,,,1
2244300,Touba Mbayène,13.9,-14.86667,Kaffrine,Koungheul,0,,,touba,,,,,,,,2
2251762,Touba Mbayène,14.22903,-15.16384,Kaffrine,Malem Hodar,0,,,touba,,,,,,,,2
2244299,Touba Mboul,14.57097,-15.95166,Diourbel,Mbacke,0,,,touba,,,,,,,,1
2254057,Touba Mbéla,14.23142,-15.682,Kaffrine,Birkelane,0,,,touba,,,,,,,,1
2244297,Touba Morikounda,13.05,-15.4,Sedhiou,Bounkiling,0,kounda,Mandinka,touba,,,,,,,,1
2244296,Touba Mourid,13.80232,-16.32732,Fatick,Foundiougne,0,,,touba,,,,,,,,2
13507279,Touba Mourid,14.58185,-16.03051,Diourbel,Mbacke,0,,,touba,,,,,,,,2
2244295,Touba Mouride,14.16667,-16.1,Kaolack,Kaolack,0,,,touba,,,,,,,,2
2244301,Touba Mouride,14.03582,-15.42352,Kaffrine,Kaffrine,0,,,touba,,,,,,,,2
13505547,Touba Mékhé,14.78546,-16.16493,Diourbel,Diourbel,0,,,touba,,,,,,,,1
2244298,Touba Mérina,15.2524,-16.014,Louga,Kebemer,0,,,touba,,,,,,,,1
2253921,Touba Ndiawaldé,14.84525,-15.96538,Diourbel,Mbacke,0,,,touba,,,,,,,,1
2244293,Touba Ndiaye,15.4524,-15.9095,Louga,Louga,0,,,touba,,,,Ndiaye,Wolof,,,2
2244294,Touba Ndiaye,15.16667,-16.86667,Thies,Tivaoune,0,,,touba,,,,Ndiaye,Wolof,,,2
13658311,Touba Nding,13.72583,-16.42354,Fatick,Foundiougne,0,,,touba,,,,,,,,1
13554104,Touba Ndioum,14.40817,-15.16661,Kaffrine,Malem Hodar,0,,,touba,,,,,,,,1
2247835,Touba Ndièmé,14.51359,-15.70277,Fatick,Gossas,0,,,touba,,,,,,,,1
13554092,Touba Ndiéné,14.49724,-15.15684,Kaffrine,Malem Hodar,0,,,touba,,,,,,,,1
2250557,Touba Ndoga,14.56004,-15.9778,Diourbel,Mbacke,0,,,touba,,,,,,,,1
13507245,Touba Ndoka,14.56863,-16.02139,Diourbel,Mbacke,0,,,touba,,,,,,,,1
13553449,Touba Ngaye,14.68269,-15.71251,Fatick,Gossas,0,,,touba,,,,,,,,1
2244292,Touba Ngouye,14.01667,-14.75,Kaffrine,Koungheul,0,,,touba,,,,,,,,1
2244291,Touba Niane,13.84923,-16.0311,Kaolack,Nioro Du Rip,0,,,touba,,,,,,,,2
13554554,Touba Niane,14.02684,-15.67946,Kaffrine,Birkelane,0,,,touba,,,,,,,,2
13551635,Touba Oldou,14.86761,-15.39847,Louga,Linguere,0,,,touba,,,,,,,,1
13553609,Touba Peul,14.54317,-15.04928,Kaffrine,Malem Hodar,0,,,touba,Peul (Fulani),Touba,,,,,,1
13658681,Touba Sahert,13.7152,-16.24009,Fatick,Foundiougne,0,,,touba,,,,,,,,1
2244290,Touba Saloum,14.31512,-15.51882,Kaffrine,Kaffrine,0,,,touba,,,,,,,,2
13554099,Touba Saloum,14.26352,-15.27447,Kaffrine,Malem Hodar,0,,,touba,,,,,,,,2
13551561,Touba Sam,14.94534,-15.55663,Louga,Linguere,0,,,touba,,,,,,,,1
13509330,Touba Sanokho,14.08097,-16.10068,Kaolack,Kaolack,0,,,touba,,,,,,,,1
2245226,Touba Soma,14.53898,-16.32625,Fatick,Fatick,0,,,touba,,,,,,,,1
13551563,Touba Sourang,14.90795,-15.74324,Diourbel,Mbacke,0,,,touba,,,,,,,,1
13554109,Touba Tawfekh,14.29687,-15.45221,Kaffrine,Kaffrine,0,,,touba,,,,,,,,1
13553459,Touba Thilla,14.61158,-15.63228,Fatick,Gossas,0,,,touba,,,,,,,,1
2244288,Touba Tiarène,14.28333,-14.81667,Kaffrine,Koungheul,0,,,touba,,,,,,,,2
2244673,Touba Tiarène,13.92728,-16.0668,Kaolack,Kaolack,0,,,touba,,,,,,,,2
13551572,Touba Tissé,14.77974,-15.69531,Diourbel,Mbacke,0,,,touba,,,,,,,,1
2244287,Touba Tiékène,13.35,-14.86667,Kolda,Medina Yoroufoula,0,,,touba,,,,,,,,1
2244286,Touba Toul,14.81868,-16.66435,Thies,Thies,0,,,touba,,,,,,,,1
2244327,Touba Un,13.63858,-16.06281,Kaolack,Nioro Du Rip,0,,,touba,,,1,,,,,1
13554082,Touba Warkéré,14.41012,-15.44329,Kaffrine,Kaffrine,0,,,touba,,,,,,,,1
2244318,Toubab Dialaw,14.60584,-17.15017,Dakar,Rufisque,0,,,,,,,,,,,1
2244311,Toubak,13.51667,-15.05,Kolda,Medina Yoroufoula,0,,,,,,,,,,,1
2244303,Toubakouta,13.78104,-16.47015,Fatick,Foundiougne,0,,,,,,,,,,,5
2244304,Toubakouta,13.23333,-15.78333,Sedhiou,Bounkiling,0,,,,,,,,,,,5
2244305,Toubakouta,12.48333,-16.28333,Ziguinchor,Ziguinchor,0,,,,,,,,,,,5
2244306,Toubakouta,12.46694,-15.61944,Sedhiou,Goudomp,0,,,,,,,,,,,5
2244307,Toubakouta,12.45449,-11.71513,Kedougou,Saraya,0,,,,,,,,,,,5
2244289,Toubassaloum,13.78333,-15.7,Kaolack,Nioro Du Rip,0,,,,,,,,,,,1
11205335,Toubatoule,14.81957,-16.66137,Thies,Thies,0,,,,,,,,,,,1
2244273,Toube Sanveon,14.58333,-13.6,Matam,Ranerou,0,,,,,,,,,,,1
2244280,Toubel Bali,14.51667,-13.5,Matam,Kanel,0,,,,,,,,,,,1
6607233,Toubi Télo,16.11243,-14.02832,Saint Louis,Podor,0,,,,,,,,,,,1
2244272,Toubèye Ka,14.4,-15.95,Fatick,Gossas,0,,,,,,,Ka,Pulaar,,,1
2244284,Toubé,15.21667,-16.43333,Thies,Tivaoune,0,,,,,,,,,,,4
2244285,Toubé,14.76327,-16.31248,Diourbel,Diourbel,0,,,,,,,,,,,4
13506765,Toubé,14.71902,-16.50264,Diourbel,Bambey,0,,,,,,,,,,,4
13506776,Toubé,14.68953,-16.58453,Diourbel,Bambey,0,,,,,,,,,,,4
2244283,Toubé Kaé,14.5,-13.48333,Matam,Kanel,0,,,,,,,,,,,1
13505577,Toubé Mbéyène,14.94009,-16.1215,Diourbel,Diourbel,0,,,,,,,,,,,1
2244277,Toubéré Amadou,14.61667,-13.26667,Matam,Kanel,0,,,,,,,,,,,2
2244278,Toubéré Amadou,14.4,-13.53333,Tambacounda,Tambacounda,0,,,,,,,,,,,2
2244276,Toubéré Bafal,14.38333,-13.53333,Tambacounda,Tambacounda,0,,,,,,,,,,,1
2244275,Toubéré Demba,14.5,-13.46667,Matam,Kanel,0,,,,,,,,,,,1
2244274,Toubéré Demballa,14.36667,-13.66667,Tambacounda,Tambacounda,0,,,,,,,,,,,1
2244267,Toufi,15.18333,-16.71667,Thies,Tivaoune,0,,,,,,,,,,,1
2244266,Toufndé Gandé,16.09016,-13.86394,Saint Louis,Podor,0,,,,,,,,,,,1
2596089,Toug Ouolof,15.89333,-16.46778,Saint Louis,Saint Louis,0,,,,Wolof,Toug,,,,,,1
2244265,Toug Peul,15.885,-16.47389,Saint Louis,Saint Louis,0,,,,Peul (Fulani),Toug,,,,,,1
2244261,Tougou,15.81667,-13.98333,Matam,Matam,0,,,,,,,,,,,2
2244262,Tougou,15.7782,-14.0219,Matam,Matam,0,,,,,,,,,,,2
2244260,Tougoudé,13.25,-15.05,Kolda,Medina Yoroufoula,0,,,,,,,,,,,1
2595531,Tougouni,14.75113,-17.07122,Thies,Thies,0,,,,,,,,,,,1
13504733,Tougouthie,14.79439,-16.50837,Diourbel,Bambey,0,,,,,,,,,,,1
13554047,Tougoutye Deux,14.41203,-15.94042,Fatick,Gossas,0,,,,,,2,,,,,1
2244258,Tougoutye Un,14.41193,-15.94518,Fatick,Gossas,0,,,,,,1,,,,,1
2244255,Toukar,14.53678,-16.47632,Fatick,Fatick,0,,,,,,,,,,,2
13509066,Toukar,14.31666,-16.13421,Kaolack,Kaolack,0,,,,,,,,,,,2
2244254,Toukara,13.09878,-16.12989,Ziguinchor,Bignona,0,,,,,,,,,,,1
2244253,Toukouleur,15.11667,-16.5,Thies,Tivaoune,0,,,,,,,,,,,1
13507039,Toulane,14.6298,-16.35089,Diourbel,Bambey,0,,,,,,,,,,,1
11395948,Toulde Galle,16.499,-14.504,Saint Louis,Podor,0,,,,,,,,,,,1
2244249,Touldé Tila,16.41468,-14.10941,Saint Louis,Podor,0,,,,,,,,,,,1
2244250,Touldé Tiékovi,14.33333,-13.53333,Tambacounda,Tambacounda,0,,,,,,,,,,,1
2244246,Toulel Tialé,15.98333,-13.63333,Matam,Matam,0,,,,,,,,,,,1
2244248,Touli,14.72896,-17.08169,Thies,Thies,0,,,,,,,,,,,1
6647993,Toulidoko,14.37215,-12.6218,Tambacounda,Goudiry,0,,,,,,,,,,,1
2244247,Toulékédi,14.64364,-12.65606,Tambacounda,Goudiry,0,,,,,,,,,,,1
2244243,Toum,15.20581,-14.97421,Louga,Linguere,0,,,,,,,,,,,2
2244244,Toum,15.17,-14.9981,Louga,Linguere,0,,,,,,,,,,,2
2244241,Toumanéa,12.43292,-11.93449,Kedougou,Kedougou,0,,,,,,,,,,,1
2244240,Toumbeul,15.35,-16.2,Louga,Kebemer,0,,,,,,,,,,,1
2244231,Toumbingfara,13.36455,-11.7586,Kedougou,Saraya,0,,,,,,,,,,,1
2244239,Toumbou Diaméré,13.62973,-13.82638,Tambacounda,Tambacounda,0,,,,,,,,,,,1
6648010,Toumbouguel,14.09325,-12.63395,Tambacounda,Goudiry,0,,,,,,,,,,,1
2244238,Toumboulène,15.06667,-16.41667,Thies,Tivaoune,0,,,,,,,,,,,1
2244236,Toumboura,13.96871,-12.21649,Tambacounda,Bakel,0,,,,,,,,,,,1
2244225,Toun,14.4835,-16.12903,Fatick,Gossas,0,,,,,,,,,,,2
2244226,Toun,14.12471,-15.58112,Kaffrine,Kaffrine,0,,,,,,,,,,,2
13554553,Toun Sinthie,14.1317,-15.57885,Kaffrine,Kaffrine,0,,,,,,,,,,,1
2595563,Tounda,14.72178,-17.14264,Dakar,Rufisque,0,,,,,,,,,,,1
2244234,Tounde,15.53333,-16.46667,Louga,Kebemer,0,,,,,,,,,,,1
2244233,Tounde Maléye,15.5506,-16.6542,Louga,Kebemer,0,,,,,,,,,,,1
2595765,Tounde Ndargou,14.75951,-17.42517,Dakar,Guediawaye,0,,,,,,,,,,,1
2244232,Tounde Tioune,15.1487,-16.6706,Thies,Tivaoune,0,,,,,,,,,,,1
2244227,Toundou Tiékoré,13.95,-13.46667,Tambacounda,Goudiry,0,,,,,,,,,,,1
2244223,Toungoulel,13.05,-14.1,Kolda,Velingara,0,,,,,,,,,,,1
2244222,Tounti,13.1,-13.45,Tambacounda,Tambacounda,0,,,,,,,,,,,1
2244224,Tounène,15.08333,-16.25,Thies,Tivaoune,0,,,,,,,,,,,1
2244211,Tourguénol,16.20661,-14.03999,Saint Louis,Podor,0,,,,,,,,,,,1
2244210,Tourguénoul,16.21571,-14.28661,Saint Louis,Podor,0,,,,,,,,,,,1
2244209,Tourimé,14.90726,-12.51811,Tambacounda,Bakel,0,,,,,,,,,,,1
13508524,Tournal Nonane,14.29189,-16.35115,Fatick,Fatick,0,,,,,,,,,,,1
2244208,Tourokoto,13.32147,-11.83305,Kedougou,Saraya,0,,,,,,,,,,,1
2244217,Touré,15.05,-16.2,Thies,Tivaoune,0,,,,,,,Touré,Mandinka,,,4
2244218,Touré,15.01667,-16.3,Thies,Tivaoune,0,,,,,,,Touré,Mandinka,,,4
2244219,Touré,14.81667,-15.75,Diourbel,Mbacke,0,,,,,,,Touré,Mandinka,,,4
13506708,Touré,14.65274,-16.68086,Thies,Mbour,0,,,,,,,Touré,Mandinka,,,4
2244216,Touré Fass,15.05,-16.16667,Louga,Kebemer,0,,,,,,,,,,,1
2244212,Touré Mbaye,15.33333,-16.5,Louga,Kebemer,0,,,,,,,Mbaye,Wolof,,,1
2244220,Touré Mbond,14.72619,-16.22158,Diourbel,Diourbel,0,,,,,,,,,,,1
6659082,Touréboung,12.51182,-11.50984,Kedougou,Saraya,0,,,,,,,,,,,1
2244213,Tourékounda,13.70011,-12.30764,Tambacounda,Bakel,0,kounda,Mandinka,,,,,,,,,3
2244214,Tourékounda,12.84722,-15.53972,Sedhiou,Sedhiou,0,kounda,Mandinka,,,,,,,,,3
2244215,Tourékounda,12.51722,-16.06778,Ziguinchor,Ziguinchor,0,kounda,Mandinka,,,,,,,,,3
2244207,Toutikouroudi,13.27355,-11.61959,Kedougou,Saraya,0,,,,,,,,,,,1
2244206,Toutlé,14.5,-15.95,Fatick,Gossas,0,,,,,,,,,,,1
2244205,Toutouné,12.75,-14.35,Kolda,Kolda,0,,,,,,,,,,,1
2244362,Toïlé,12.33333,-12.35,Kedougou,Kedougou,0,,,,,,,,,,,1
2244203,Trankile,12.55722,-16.07389,Ziguinchor,Ziguinchor,0,,,,,,,,,,,1
2596004,Treich Peul,16.19333,-16.345,Saint Louis,Dagana,0,,,,Peul (Fulani),Treich,,,,,,1
2244201,Trigué,15.0188,-15.4888,Louga,Linguere,0,,,,,,,,,,,1
2244198,Tsialolo,14.97341,-12.6611,Matam,Kanel,0,,,,,,,,,,,1
2244197,Tuabo,14.97718,-12.46447,Tambacounda,Bakel,0,,,,,,,,,,,1
2244903,Tyabourli,16.08549,-13.90798,Saint Louis,Podor,0,,,,,,,,,,,1
2244194,Tyidi,15.0942,-15.4341,Louga,Linguere,0,,,,,,,,,,,1
2244195,Tyidéli,12.73333,-14.41667,Kolda,Kolda,0,,,,,,,,,,,1
2252548,Tyikat Diéri,14.0657,-15.83136,Kaolack,Kaolack,0,,,,,,,,,,,1
13554430,Tyikat Keur Sano,14.07937,-15.88062,Kaolack,Kaolack,0,,,,,,,,,,,1
13554406,Tyikat Ndongo,14.08237,-15.86406,Kaolack,Kaolack,0,,,,,,,,,,,1
2244898,Tyiki,14.40276,-15.98881,Fatick,Gossas,0,,,,,,,,,,,1
13554045,Tyiki Sérèr,14.43523,-15.96607,Fatick,Gossas,0,,,,Sérèr,Tyiki,,,,,,1
2244521,Tyikkité,16.15687,-13.97034,Saint Louis,Podor,0,,,,,,,,,,,1
2244496,Tyilambol,16.06787,-13.83955,Saint Louis,Podor,0,,,,,,,,,,,1
2244896,Tyilla,15.40524,-15.21703,Louga,Linguere,0,,,,,,,,,,,1
2244193,Tyilmakha,15.0301,-16.2502,Thies,Tivaoune,0,,,,,,,,,,,1
2244530,Tyingol,14.96732,-15.61161,Louga,Linguere,0,,,,,,,,,,,1
2249134,Tâba,14.50323,-15.65525,Kaffrine,Kaffrine,0,,,,,,,,,,,1
2595457,Tâk,14.61035,-17.09172,Thies,Mbour,0,,,,,,,,,,,2
2595482,Tâk,14.66686,-17.04332,Thies,Mbour,0,,,,,,,,,,,2
2244883,Tèf,16.04611,-16.32028,Saint Louis,Dagana,0,,,,,,,,,,,1
2244876,Tèla Yar Gouye,14.52466,-16.31033,Fatick,Fatick,0,,,,,,,,,gouye,tree,1
2244846,Tèn Fodé,14.34419,-15.91842,Kaolack,Guinguineo,0,,,,,,,,,,,1
2244844,Tène Toubab,14.51686,-16.93977,Thies,Mbour,0,,,,,,,,,,,2
13509078,Tène Toubab,14.35633,-16.23461,Fatick,Fatick,0,,,,,,,,,,,2
13554661,Tékhé,14.0587,-15.30127,Kaffrine,Malem Hodar,0,,,,,,,,,,,1
2244878,Tékinguél,15.31027,-13.13061,Matam,Kanel,0,,,,,,,,,,,1
2244879,Tékinnguel,15.3,-13.78333,Matam,Ranerou,0,,,,,,,,,,,1
2244874,Téloum,12.98556,-16.26833,Ziguinchor,Bignona,0,,,,,,,,,,,1
13508587,Télé Sangaye,14.42098,-16.35832,Fatick,Fatick,0,,,,,,,,,,,1
2244867,Témanto,13.53333,-14.15,,,0,,,,,,,,,,,7
2244868,Témanto,13.16667,-13.8,Kolda,Velingara,0,,,,,,,,,,,7
2244869,Témanto,12.93333,-13.76667,Kolda,Velingara,0,,,,,,,,,,,7
2244870,Témanto,12.91056,-15.31,Sedhiou,Sedhiou,0,,,,,,,,,,,7
2244871,Témanto,12.75,-13.86667,Kolda,Velingara,0,,,,,,,,,,,7
2244872,Témanto,12.53333,-15.66667,Sedhiou,Goudomp,0,,,,,,,,,,,7
2244873,Témanto,12.45,-15.95,Ziguinchor,Ziguinchor,0,,,,,,,,,,,7
2244866,Témanto Mamadou,13.48333,-15.01667,Kolda,Medina Yoroufoula,0,,,,,,,,,,,1
2244865,Témanto Manfou,13.06667,-15.26667,Sedhiou,Bounkiling,0,,,,,,,,,,,1
2244863,Témassou,13.61667,-13.95,Tambacounda,Tambacounda,0,,,,,,,,,,,1
6586393,Témbéri,12.43727,-11.92305,Kedougou,Kedougou,0,,,,,,,,,,,1
2244861,Témento Diaé,12.98333,-14.35,Kolda,Kolda,0,,,,,,,,,,,1
2244860,Témento Dimba,12.8,-14.26667,Kolda,Kolda,0,,,,,,,,,,,1
2244859,Témento Eli,13.0,-14.48333,Kolda,Kolda,0,,,,,,,,,,,1
2244858,Témento Méta,12.93333,-14.3,Kolda,Kolda,0,,,,,,,,,,,1
2244857,Témento Samba,12.9,-14.25,Kolda,Kolda,0,,,,,,,,,,,1
2244854,Témine,13.95,-15.25,Kaffrine,Kaffrine,0,,,,,,,,,,,1
2244853,Téminto Modi,13.45,-13.78333,Kolda,Velingara,0,,,,,,,,,,,1
2244856,Témèye,16.38944,-15.72889,Saint Louis,Dagana,0,,,,,,,,,,,1
2244855,Témèye Salane,16.3325,-15.77083,Saint Louis,Dagana,0,,,,,,,,,,,1
2244851,Ténanto Samba,12.73333,-14.78333,Kolda,Kolda,0,,,,,,,,,,,1
13552830,Téodogne,14.53902,-15.83221,Fatick,Gossas,0,,,,,,,,,,,1
2244835,Téourou,14.46667,-16.01667,Fatick,Gossas,0,,,,,,,,,,,1
13554033,Téourou Gaoudé,14.45542,-15.83779,Fatick,Gossas,0,,,,,,,,,,,1
2244836,Téourou Mbaye,14.42616,-15.95357,Fatick,Gossas,0,,,,,,,Mbaye,Wolof,,,1
2244925,Téourou Ngari,14.45399,-15.90446,Fatick,Gossas,0,,,,,,,,,,,1
2595483,Téprin Deux,14.6695,-17.03807,Thies,Mbour,0,,,,,,2,,,,,1
2595484,Téprin Un,14.66508,-17.03963,Thies,Mbour,0,,,,,,1,,,,,1
2243995,Térokh,14.94964,-16.85251,Thies,Tivaoune,0,,,,,,,,,,,1
13554414,Térou Mbaye Fal,14.23475,-15.85037,Kaolack,Guinguineo,0,,,,,,,Fal,Wolof,,,1
2244831,Térénou,12.66667,-15.56667,Sedhiou,Sedhiou,0,,,,,,,,,,,1
2244829,Téssékré,15.8127,-15.0607,Louga,Linguere,0,,,,,,,,,,,1
2244825,Téterlé-Diavédi,15.8871,-14.8318,Louga,Linguere,0,,,,,,,,,,,1
2244821,Tétiour,15.23333,-16.43333,Thies,Tivaoune,0,,,,,,,,,,,1
2244811,Téwél Keur Massèye,14.65321,-15.87263,Diourbel,Mbacke,0,,,,,,,,,,,1
2244881,Téïba,15.69067,-13.41443,Matam,Matam,0,,,,,,,,,,,1
11205518,Unité 19,14.7611,-17.4485,Dakar,Dakar,0,,,,,,,,,,,1
6759212,Us,16.09233,-16.37397,Saint Louis,Saint Louis,0,,,,,,,,,,,1
2595717,Usine Parc,14.71944,-17.44778,Dakar,Dakar,0,,,,,,,,,,,1
2244189,Valel,15.23149,-12.98425,Matam,Kanel,0,,,,,,,,,,,1
2244188,Valikounda,12.59139,-15.47028,Sedhiou,Goudomp,0,kounda,Mandinka,,,,,,,,,1
2244187,Vanar,13.88333,-15.61667,Kaffrine,Birkelane,0,,,,,,,,,,,1
2244153,Veltiennkou,13.78333,-15.38333,Kaffrine,Kaffrine,0,,,,,,,,,,,1
2244150,Vendou Abé,15.4336,-14.9721,Louga,Linguere,0,,,,,,,,,wendou,water,1
6644080,Vendou Ali,15.43037,-13.12369,Matam,Kanel,0,,,,,,,,,wendou,water,1
13554054,Vendou Bowdé,14.33918,-15.77581,Kaolack,Guinguineo,0,,,,,,,,,wendou,water,2
13554069,Vendou Bowdé,14.38364,-15.69689,Kaolack,Guinguineo,0,,,,,,,,,wendou,water,2
2244138,Vendou Gari,15.2906,-14.0735,Matam,Ranerou,0,,,,,,,,,wendou,water,1
2247136,Vendou Nodi,15.3303,-13.11695,Matam,Kanel,0,,,,,,,,,wendou,water,1
2244124,Vendou Séna,15.9841,-15.4398,Louga,Linguere,0,,,,,,,,,wendou,water,1
2244115,Verdoi,14.0,-13.45,Tambacounda,Goudiry,0,,,,,,,,,,,1
2244114,Verdoubi,14.16667,-13.23333,Tambacounda,Goudiry,0,,,,,,,,,,,1
2244111,Veuta,15.11667,-16.95,Thies,Tivaoune,0,,,,,,,,,,,1
2244185,Veïnane,13.98333,-15.21667,Kaffrine,Kaffrine,0,,,,,,,,,,,1
2244110,Vidou Tiengôli,15.9968,-15.3249,Louga,Linguere,0,,,,,,,,,,,1
2244109,Vigué,13.93333,-13.11667,Tambacounda,Goudiry,0,,,,,,,,,,,1
2244107,Vilanène,13.85,-14.95,Kaffrine,Koungheul,0,,,,,,,,,,,1
2244106,Vindaye,12.48361,-16.69333,Ziguinchor,Oussouye,0,,,,,,,,,,,1
2244099,Vindou-Bosséabé,15.31326,-12.99196,Matam,Kanel,0,,,,,,,,,,,1
2244098,Vindé Djouma,15.2537,-15.635,Louga,Linguere,0,,,,,,,,,,,1
2244096,Vinndédiabi,14.45,-13.16667,Tambacounda,Goudiry,0,,,,,,,,,,,1
2244090,Vinsako,12.63944,-15.28167,Sedhiou,Goudomp,0,,,,,,,,,,,1
2244088,Vordé,16.43142,-14.27398,Saint Louis,Podor,0,,,,,,,,,,,1
2244086,Vouropana,13.53333,-15.11667,Kolda,Medina Yoroufoula,0,,,,,,,,,,,1
2244085,Voyoto,12.65,-15.78333,Sedhiou,Sedhiou,0,,,,,,,,,,,1
2244151,Vèndou,15.1784,-15.2602,Louga,Linguere,0,,,,,,,,,wendou,water,1
2244147,Vèndou Barodi,15.9792,-15.303,Louga,Linguere,0,,,,,,,,,wendou,water,1
2244097,Vèndou Boki,15.8845,-15.5292,Louga,Linguere,0,,,,,,,,,wendou,water,2
2253740,Vèndou Boki,16.50813,-14.25608,Saint Louis,Podor,0,,,,,,,,,wendou,water,2
2244144,Vèndou Boubou,14.78333,-14.85,Louga,Linguere,0,,,,,,,,,wendou,water,1
2244143,Vèndou Boulbi,15.85,-13.86667,Matam,Matam,0,,,,,,,,,wendou,water,1
2244141,Vèndou Diabé,15.8184,-15.3655,Louga,Linguere,0,,,,,,,,,wendou,water,1
2244142,Vèndou Dèlèbè,15.7783,-15.5692,Louga,Linguere,0,,,,,,,,,wendou,water,1
2244137,Vèndou Gatié,14.16667,-15.86667,Kaolack,Guinguineo,0,,,,,,,,,wendou,water,1
2244135,Vèndou Guéladio,14.96667,-14.73333,Matam,Ranerou,0,,,,,,,,,wendou,water,1
2244134,Vèndou Koumba Khar,15.8399,-15.4818,Louga,Linguere,0,,,,,,,,,wendou,water,1
2244133,Vèndou Makam,15.25,-13.88333,Matam,Ranerou,0,,,,,,,,,wendou,water,1
2244148,Vèndou Mbam,15.1297,-15.818,Louga,Kebemer,0,,,,,,,,,wendou,water,1
2244132,Vèndou Mourtéki,15.8249,-15.3913,Louga,Linguere,0,,,,,,,,,wendou,water,1
2244130,Vèndou Namari,15.8145,-15.3169,Louga,Linguere,0,,,,,,,,,wendou,water,1
2244127,Vèndou Pala,15.1679,-15.4273,Louga,Linguere,0,,,,,,,,,wendou,water,1
2244125,Vèndou Séana,15.63333,-15.51667,Louga,Linguere,0,,,,,,,,,wendou,water,1
2244122,Vèndou Séno,15.2707,-15.0865,Louga,Linguere,0,,,,,,,,,wendou,water,1
2244120,Vèndou Tili,15.4857,-15.4618,Louga,Linguere,0,,,,,,,,,wendou,water,1
6650662,Vèndé Mahil,16.60877,-14.50566,Saint Louis,Podor,0,,,,,,,,,,,1
2244116,Vènsa Boudou,15.9374,-15.8359,Louga,Louga,0,,,,,,,,,,,1
2244183,Vélia,12.8,-13.86667,Kolda,Velingara,0,,,,,,,,,,,1
2244182,Vélia Bounka,13.25,-14.7,Kolda,Medina Yoroufoula,0,,,,,,,,,,,1
2244171,Véligara,14.23805,-12.96464,Tambacounda,Goudiry,0,,,,,,,,,,,1
2244159,Vélingara,14.06248,-16.53182,Fatick,Foundiougne,0,,,,,,,,,,,13
2244169,Vélingara,15.5839,-16.2585,Louga,Louga,0,,,,,,,,,,,13
2244170,Vélingara,15.0,-14.66667,Matam,Ranerou,0,,,,,,,,,,,13
2244172,Vélingara,13.88333,-15.8,Kaolack,Nioro Du Rip,0,,,,,,,,,,,13
2244173,Vélingara,13.63747,-16.00741,Kaolack,Nioro Du Rip,0,,,,,,,,,,,13
2244174,Vélingara,13.56667,-13.55,Tambacounda,Tambacounda,0,,,,,,,,,,,13
2244175,Vélingara,13.37143,-12.95243,Tambacounda,Tambacounda,0,,,,,,,,,,,13
2244176,Vélingara,13.3,-15.73333,Sedhiou,Bounkiling,0,,,,,,,,,,,13
2244177,Vélingara,13.15,-14.11667,Kolda,Velingara,45431,,,,,,,,,,,13
2244178,Vélingara,13.05,-15.73333,Sedhiou,Bounkiling,0,,,,,,,,,,,13
2244179,Vélingara,12.83417,-15.1675,Sedhiou,Sedhiou,0,,,,,,,,,,,13
2244180,Vélingara,12.4585,-12.0596,Kedougou,Kedougou,0,,,,,,,,,,,13
13507328,Vélingara,14.4505,-16.99584,Thies,Mbour,0,,,,,,,,,,,13
2244166,Vélingara Boïdo,12.84917,-15.04333,Kolda,Kolda,0,,,,,,,,,,,1
2244165,Vélingara Diaoué,13.06667,-14.4,Kolda,Medina Yoroufoula,0,,,,,,,,,,,1
2244164,Vélingara Lali,13.5,-15.13333,Kolda,Medina Yoroufoula,0,,,,,,,,,,,1
2244163,Vélingara Léguel,13.41667,-13.7,Tambacounda,Tambacounda,0,,,,,,,,,,,1
2244162,Vélingara Pakane,12.85,-13.8,Kolda,Velingara,0,,,,,,,,,,,1
2244161,Vélingara Soto,13.13333,-15.05,Kolda,Medina Yoroufoula,0,,,,,,,,,,,1
2244158,Vélinngara,14.23333,-16.75,Thies,Mbour,0,,,,,,,,,,,2
2244160,Vélinngara,13.38333,-13.48333,Tambacounda,Tambacounda,0,,,,,,,,,,,2
2244154,Vélor Sérère,14.08333,-16.21667,Kaolack,Kaolack,0,,,,Sérèr,Vélor,,,,,,1
6644061,Véndou Dioyi,15.00482,-13.35277,Matam,Kanel,0,,,,,,,,,wendou,water,1
2244136,Véndou Gniwa,14.36777,-15.84774,Kaolack,Guinguineo,0,,,,,,,,,wendou,water,1
6644062,Véndou Namâri,15.08691,-13.26404,Matam,Kanel,0,,,,,,,,,wendou,water,1
2244117,Vénouané,15.4045,-15.7278,Louga,Linguere,0,,,,,,,,,,,1
2244079,Wack Ngouna,13.75,-16.06667,Kaolack,Nioro Du Rip,0,,,,,,,,,,,1
2247077,Wadia Dieng,15.0094,-16.28335,Thies,Tivaoune,0,,,,,,,Dieng,Wolof,,,1
13553626,Wadiour Abât,14.64663,-15.32716,Kaffrine,Malem Hodar,0,,,,,,,,,,,1
13509019,Wadiour Sérèr,14.40867,-16.03017,Fatick,Gossas,0,,,,Sérèr,Wadiour,,,,,,1
13508979,Wadiourou,14.32555,-16.13762,Kaolack,Kaolack,0,,,,,,,,,,,1
13506967,Wadji,14.74448,-16.43806,Diourbel,Bambey,0,,,,,,,,,,,1
2247079,Wadène,14.99799,-16.15903,Louga,Kebemer,0,,,,,,,,,,,2
13554698,Wadène,14.01425,-15.06117,Kaffrine,Koungheul,0,,,,,,,,,,,2
2250085,Wak Mbatio,13.71878,-16.06709,Kaolack,Nioro Du Rip,0,,,,,,,,,,,1
2244070,Wakhal,14.88508,-17.08963,Thies,Thies,0,,,,,,,,,,,1
2245521,Wakhal Diamm,14.54794,-16.40994,Fatick,Fatick,0,,,,,,,,,,,5
2247039,Wakhal Diamm,14.75444,-16.33297,Diourbel,Bambey,0,,,,,,,,,,,5
2596043,Wakhal Diamm,15.75528,-16.39417,Louga,Louga,0,,,,,,,,,,,5
13504662,Wakhal Diamm,14.99593,-16.55903,Thies,Tivaoune,0,,,,,,,,,,,5
13506766,Wakhal Diamm,14.63679,-16.60855,Diourbel,Bambey,0,,,,,,,,,,,5
13504645,Wakhou,14.87572,-16.6589,Thies,Thies,0,,,,,,,,,,,1
2244081,Wakélaré Tabadian,13.11667,-13.45,Tambacounda,Tambacounda,0,,,,,,,,,,,1
2244080,Wakélibougou,13.53333,-13.85,Tambacounda,Tambacounda,0,,,,,,,,,,,1
2247063,Walalane,14.0248,-15.44407,Kaffrine,Kaffrine,0,,,,,,,,,,,2
13507287,Walalane,14.55421,-16.078,Diourbel,Diourbel,0,,,,,,,,,,,2
2244076,Wali Diala,14.50228,-12.45949,Tambacounda,Bakel,0,,,,,,,,,,,1
2247058,Wali Diallo,15.28396,-13.01617,Matam,Kanel,0,,,,,,,Diallo,Pulaar,,,1
2244077,Walidiala,12.3732,-12.3849,Kedougou,Kedougou,0,,,,,,,,,,,1
2244078,Wallan Kindi,12.4283,-12.0312,Kedougou,Kedougou,0,,,,,,,,,,,1
2245318,Wallan Sintiou,12.4368,-12.0244,Kedougou,Kedougou,0,,,,,,,,,,,1
2244075,Wamba,12.48746,-11.58856,Kedougou,Saraya,0,,,,,,,,,,,1
6648037,Wandali,14.46065,-12.44939,Tambacounda,Bakel,0,,,,,,,,,,,1
13507433,Wandiana,14.45513,-16.53742,Fatick,Fatick,0,,,,,,,,,,,1
2247052,Wandé,14.19887,-15.40564,Kaffrine,Malem Hodar,0,,,,,,,,,,,1
2244186,Wanga,14.61621,-16.06026,Diourbel,Diourbel,0,,,,,,,,,,,1
2247072,Wangaran,13.02634,-16.4159,Ziguinchor,Bignona,0,,,,,,,,,,,1
2247032,Wansangara,13.21077,-11.54662,Kedougou,Saraya,0,,,,,,,,,,,1
2244072,Waoumane,14.36667,-15.65,Kaffrine,Kaffrine,0,,,,,,,,,,,1
2247044,Waoundé,15.26367,-12.86821,Matam,Kanel,7816,,,,,,,,,,,1
2246973,Warang,14.36773,-16.9372,Thies,Mbour,0,,,,,,,,,,,2
6620952,Warang,14.37349,-16.94366,Thies,Mbour,3500,,,,,,,,,,,2
2595703,Warar,14.75818,-17.48719,Dakar,Dakar,0,,,,,,,,,,,1
2244071,Warbé,13.0,-14.81667,Kolda,Medina Yoroufoula,0,,,,,,,,,,,1
13509361,Wardiakhal,14.24397,-16.09992,Kaolack,Guinguineo,0,,,,,,,,,,,1
2247036,Warkéré,14.40318,-15.45065,Kaffrine,Kaffrine,0,,,,,,,,,,,1
2248708,Wassa Codé Mbaila,15.4939,-13.2726,Matam,Matam,0,,,,,,,,,,,1
2244400,Wassa Codé Tioutinkobé,15.49083,-13.27289,Matam,Matam,0,,,,,,,,,,,1
2244067,Wassadou,12.8,-15.16667,Sedhiou,Goudomp,0,,,,,,,,,,,3
2244068,Wassadou,12.75,-14.16667,Kolda,Velingara,0,,,,,,,,,,,3
2244069,Wassadou,12.73333,-12.1,Kedougou,Kedougou,0,,,,,,,,,,,3
2244066,Wassadougou,13.35,-13.33333,Tambacounda,Tambacounda,0,,,,,,,,,,,1
6586398,Wassaya,12.42674,-11.98221,Kedougou,Kedougou,0,,,,,,,,,,,1
2247026,Wayambam,14.82192,-17.21754,Dakar,Rufisque,0,,,,,,,,,,,1
13658799,Wel Kalir,13.07544,-16.05282,Ziguinchor,Bignona,0,,,,,,,,,,,1
2247014,Wel Mbandouare,13.10427,-16.04548,Ziguinchor,Bignona,0,,,,,,,,,,,1
2244105,Weyndé,14.16037,-15.65665,Kaffrine,Birkelane,0,,,,,,,,,,,1
2244108,Wilanène,14.04821,-15.54105,Kaffrine,Kaffrine,0,,,,,,,,,,,1
2244087,Wogueu,14.82416,-15.67951,Diourbel,Mbacke,0,,,,,,,,,,,1
2244062,Woloto,13.05,-14.21667,Kolda,Velingara,0,,,,,,,,,,,1
2244063,Wondio,12.5362,-12.0925,Kedougou,Kedougou,0,,,,,,,,,,,1
13553634,Wondou Boniédji,14.53014,-15.42655,Kaffrine,Malem Hodar,0,,,,,,,,,,,1
2246979,Woniak,13.09436,-16.44627,Ziguinchor,Bignona,0,,,,,,,,,,,1
6659984,Wortokhati,13.41012,-11.72841,Kedougou,Saraya,0,,,,,,,,,,,1
2244059,Woré,14.5,-15.81667,Fatick,Gossas,0,,,,,,,,,,,1
13554041,Wourou Dioudioum,14.45351,-15.77939,Fatick,Gossas,0,,,,,,,,,,,1
13504571,Wéla,14.91397,-16.8504,Thies,Tivaoune,0,,,,,,,,,,,1
13509311,Wélor Sossé,14.08559,-16.21348,Kaolack,Kaolack,0,,,,,,,,,,,1
2244157,Wélor Sérèr,14.07939,-16.21469,Kaolack,Kaolack,0,,,,Sérèr,Wélor,,,,,,1
13554031,Wéndou Mawdou,14.45557,-15.80202,Fatick,Gossas,0,,,,,,,,,wendou,water,1
2244055,Yabo Yabo,14.44365,-16.6655,Thies,Mbour,0,,,,,,,,,,,1
2244057,Yabone,12.53194,-16.05389,Ziguinchor,Ziguinchor,0,,,,,,,,,,,1
2596060,Yade Keur Abou Ba,15.95583,-16.29,Saint Louis,Saint Louis,0,,,,,,,Ba,Pulaar,,,1
2596061,Yade Ouolof,15.95778,-16.29528,Saint Louis,Saint Louis,0,,,,Wolof,Yade,,,,,,1
2244054,Yade Peul,15.97056,-16.29778,Saint Louis,Saint Louis,0,,,,Peul (Fulani),Yade,,,,,,1
13504608,Yadjine,14.96493,-16.774,Thies,Tivaoune,0,,,,,,,,,,,1
13504616,Yadou,14.88015,-16.78132,Thies,Thies,0,,,,,,,,,,,3
13504791,Yadou,14.94241,-16.52685,Diourbel,Bambey,0,,,,,,,,,,,3
13506990,Yadou,14.66377,-16.39428,Diourbel,Bambey,0,,,,,,,,,,,3
2244051,Yadou Laye,15.83333,-16.15,Louga,Louga,0,,,,,,,,,,,1
2244053,Yadé,14.81178,-17.08957,Thies,Thies,0,,,,,,,,,,,1
2244050,Yafa Rouba,13.46667,-15.13333,Kolda,Medina Yoroufoula,0,,,,,,,,,,,1
2244049,Yaféra,14.78202,-12.29047,Tambacounda,Bakel,0,,,,,,,,,,,1
2244048,Yagne,14.80376,-15.94046,Diourbel,Mbacke,0,,,,,,,,,,,1
2244047,Yagoubel,16.41308,-14.2522,Saint Louis,Podor,0,,,,,,,,,,,1
2244044,Yal,13.88333,-15.83333,Kaolack,Nioro Du Rip,0,,,,,,,,,,,1
2244042,Yamal,14.76435,-16.28882,Diourbel,Diourbel,0,,,,,,,,,,,1
2244041,Yamana,14.9,-15.78333,Diourbel,Mbacke,0,,,,,,,,,,,1
2244039,Yamane,15.8745,-16.3759,Saint Louis,Saint Louis,0,,,,,,,,,,,2
2244040,Yamane,14.17705,-15.08269,Kaffrine,Koungheul,0,,,,,,,,,,,2
2244037,Yamane Sek,15.80806,-16.26944,Louga,Louga,0,,,,,,,,,,,1
2244038,Yamané,16.10361,-15.99639,Saint Louis,Dagana,0,,,,,,,,,,,1
2244036,Yamatoyène,12.56944,-16.74389,Ziguinchor,Bignona,0,,,,,,,,,,,1
2244034,Yamoussa,12.4312,-12.2572,Kedougou,Kedougou,0,,,,,,,,,,,1
2244032,Yang Yang,15.5915,-15.342,Louga,Linguere,0,,,,,,,,,,,1
2244031,Yaoualdé,15.7475,-14.3296,Saint Louis,Podor,0,,,,,,,,,,,1
2244029,Yaoualdé Sinntiou,15.7552,-14.3236,Saint Louis,Podor,0,,,,,,,,,,,1
2244026,Yapal,15.1831,-15.8741,Louga,Kebemer,0,,,,,,,,,,,1
2244024,Yar Dakar,15.6609,-15.9956,Louga,Louga,0,,,,,,,,,,,1
13554061,Yara Peul,14.42729,-15.62842,Kaffrine,Kaffrine,0,,,,Peul (Fulani),Yara,,,,,,1
2244025,Yaran,12.51361,-15.52056,Sedhiou,Goudomp,0,,,,,,,,,,,1
2244020,Yari Dakhar,15.85,-16.2,Louga,Louga,0,,,,,,,,,dakhar,tree,1
2244018,Yarimalo,14.25253,-12.45824,Tambacounda,Bakel,0,,,,,,,,,,,1
13506982,Yarouwaye,14.74874,-16.33823,Diourbel,Bambey,0,,,,,,,,,,,1
6602980,Yaré Diaégal,16.02489,-14.6078,Saint Louis,Podor,0,,,,,,,,,,,1
2244017,Yassagne,15.98333,-16.23333,Saint Louis,Saint Louis,0,,,,,,,,,,,1
2244016,Yassi,14.2211,-15.0437,Kaffrine,Koungheul,0,,,,,,,,,,,2
13505550,Yassi,14.83429,-16.04365,Diourbel,Mbacke,0,,,,,,,,,,,2
2244012,Yassine Mandina,12.77694,-15.74167,Sedhiou,Sedhiou,0,,,,,,,,,,,1
2244013,Yassiné Laké,15.04876,-12.68309,Matam,Kanel,0,,,,,,,,,,,1
2244056,Yatbil Diop,15.4907,-16.1797,Louga,Louga,0,,,,,,,Diop,Wolof,,,1
2244011,Yati Rhaye,14.26667,-14.73333,Kaffrine,Koungheul,0,,,,,,,,,,,1
2244009,Yavorodji,14.49661,-12.92609,Tambacounda,Goudiry,0,,,,,,,,,,,1
2244010,Yavène,14.7671,-15.93314,Diourbel,Mbacke,0,,,,,,,,,,,1
2244007,Yayakounda,12.73278,-15.88194,Sedhiou,Sedhiou,0,kounda,Mandinka,,,,,,,,,1
2244004,Yayèm,14.1233,-16.68285,Fatick,Fatick,0,,,,,,,,,,,1
2244003,Yayéne,14.43333,-16.61667,Fatick,Fatick,0,,,,,,,,,,,1
2243997,Yembakana,12.43167,-16.66861,Ziguinchor,Oussouye,0,,,,,,,,,,,1
2243994,Yendounane,15.01667,-16.76667,Thies,Tivaoune,0,,,,,,,,,,,1
2243996,Yenguélé,14.4684,-16.41593,Fatick,Fatick,0,,,,,,,,,,,1
2243985,Yerma,15.12008,-12.74446,Matam,Kanel,0,,,,,,,,,,,1
2596046,Yermandé Dieng,15.76583,-16.25889,Louga,Louga,0,,,,,,,Dieng,Wolof,,,1
2243980,Yerwago,14.0073,-16.36554,Fatick,Foundiougne,0,,,,,,,,,,,1
2243979,Yerwaye,15.75111,-16.31861,Louga,Louga,0,,,,,,,,,,,1
2243977,Yeumbeul,14.78183,-17.34961,Dakar,Pikine,0,,,,,,,,,,,1
11101619,Yeumbeul sud,14.77248,-17.35904,Dakar,Pikine,0,,,,,,,,,,,1
2251105,Ylimalo,13.11185,-11.48765,Kedougou,Saraya,0,,,,,,,,,,,1
2243975,Yodi,15.6,-16.63333,,,0,,,,,,,,,,,1
2243973,Yoff,14.75742,-17.46463,Dakar,Dakar,0,,,,,,,,,,,1
2243969,Yokoul,15.13333,-16.23333,Louga,Kebemer,0,,,,,,,,,,,1
2243968,Yokoulène,15.98333,-16.21667,Saint Louis,Saint Louis,0,,,,,,,,,,,1
2243965,Yoli,14.58377,-16.22472,Diourbel,Diourbel,0,,,,,,,,,,,2
2243966,Yoli,13.61667,-14.25,Tambacounda,Tambacounda,0,,,,,,,,,,,2
2243962,Yolma Deux,15.01984,-16.25049,Thies,Tivaoune,0,,,,,,2,,,,,1
2243961,Yoman,13.96667,-14.93333,Kaffrine,Koungheul,0,,,,,,,,,,,1
2243959,Yongo,14.78513,-15.74984,Diourbel,Mbacke,0,,,,,,,,,,,2
2243960,Yongo,13.63692,-15.67226,Kaolack,Nioro Du Rip,0,,,,,,,,,,,2
2243958,Yonoféré,15.2658,-14.4612,Matam,Ranerou,0,,,,,,,,,,,1
2243953,Yoro Peul,15.33,-15.9704,Louga,Kebemer,0,,,,Peul (Fulani),Yoro,,,,,,1
2243952,Yoro Sadio,14.99178,-15.46803,Louga,Linguere,0,,,,,,,,,,,1
2243951,Yoro Sankoulé,13.86667,-13.71667,Tambacounda,Tambacounda,0,,,,,,,,,,,1
2243955,Yorodondékounda,13.6,-14.25,Tambacounda,Tambacounda,0,kounda,Mandinka,,,,,,,,,1
2243954,Yoroka,14.9504,-15.74821,Louga,Linguere,0,,,,,,,,,,,1
2243950,Youboubou,13.01896,-11.64158,Kedougou,Saraya,0,,,,,,,,,,,1
13553618,Youga Soûna,14.74553,-15.41869,Louga,Linguere,0,,,,,,,,,,,1
2243948,Yougouré Keur Morbèye,14.35,-15.78333,Kaolack,Guinguineo,0,,,,,,,,,,,1
13554039,Yougouré Mas,14.32636,-15.79746,Kaolack,Guinguineo,0,,,,,,,,,,,1
2243947,Youpé Amadi,14.34823,-12.40063,Tambacounda,Bakel,0,,,,,,,,,,,1
2243946,Youpé Paté,14.33446,-12.39846,Tambacounda,Bakel,0,,,,,,,,,,,1
2243945,Youtou,12.37972,-16.48861,Ziguinchor,Oussouye,0,,,,,,,,,,,1
2243944,Yoye,15.2,-16.3,Thies,Tivaoune,0,,,,,,,,,,,1
13506981,Yâ Gouye,14.71782,-16.36153,Diourbel,Bambey,0,,,,,,,,,gouye,tree,1
13554068,Yâlel Diaké,14.25455,-15.72279,Kaffrine,Birkelane,0,,,,,,,,,,,1
2595564,Yâm,14.72303,-17.14131,Dakar,Rufisque,0,,,,,,,,,,,1
2244019,Yâri Gouye,14.6352,-15.88867,Diourbel,Mbacke,0,,,,,,,,,gouye,tree,1
2244021,Yârou Gouye,14.38794,-15.86164,Fatick,Gossas,0,,,,,,,,,gouye,tree,1
2244005,Yâye,14.66174,-16.57863,Diourbel,Bambey,0,,,,,,,,,,,1
2244002,Yèdè,15.7587,-15.905,Louga,Louga,0,,,,,,,,,,,1
2595605,Yène,14.64163,-17.17561,Dakar,Rufisque,0,,,,,,,,,,,1
2243993,Yène Kaw,14.63332,-17.15694,Dakar,Rufisque,0,,,,,,,,,,,1
2243991,Yène Todé,14.64828,-17.18377,Dakar,Rufisque,0,,,,,,,,,,,1
2243990,Yéa,15.1051,-16.2512,Thies,Tivaoune,0,,,,,,,,,,,1
2595229,Yéba,14.73177,-17.11544,Thies,Thies,0,,,,,,,,,,,1
2595546,Yéba I,14.73778,-17.12028,Thies,Thies,0,,,,,,1,,,,,1
2595539,Yéba Inda,14.72427,-17.11352,Thies,Thies,0,,,,,,,,,,,1
2244001,Yédi,15.1387,-15.426,Louga,Linguere,0,,,,,,,,,,,1
2243999,Yélimalo,13.58489,-12.00404,Tambacounda,Bakel,0,,,,,,,,,,,1
2243998,Yélingara,15.01796,-12.52532,Tambacounda,Bakel,0,,,,,,,,,,,1
2244000,Yélé,14.53333,-15.95,Diourbel,Mbacke,0,,,,,,,,,,,2
13507462,Yélé,14.46948,-16.57273,Fatick,Fatick,0,,,,,,,,,,,2
13504599,Yémal,14.95262,-16.9738,Thies,Tivaoune,0,,,,,,,,,,,1
2595230,Yéni Kao,14.64306,-17.14917,Dakar,Rufisque,0,,,,,,,,,,,1
2243992,Yénima,15.11667,-16.66667,Thies,Tivaoune,0,,,,,,,,,,,1
2243989,Yéra Dioula,13.18333,-15.65,Sedhiou,Bounkiling,0,,,,,,,,,,,1
2243988,Yéral,15.7142,-15.9431,Louga,Louga,0,,,,,,,,,,,1
2244778,Yéri,14.82418,-16.10067,Diourbel,Mbacke,0,,,,,,,,,,,1
2243987,Yéri Malé Foulabé,15.08009,-12.85542,Matam,Kanel,0,,,,,,,,,,,1
2243986,Yéri Malé Torobé,15.07076,-12.86583,Matam,Kanel,0,,,,,,,,,,,1
2243983,Yérodoye,13.96667,-13.45,Tambacounda,Goudiry,0,,,,,,,,,,,1
2243982,Yéronguéto,12.4094,-12.4155,Kedougou,Salemata,0,,,,,,,,,,,1
2243981,Yérou,15.3,-16.21667,Louga,Kebemer,0,,,,,,,,,,,1
2243940,Ziguinchor,12.56801,-16.27326,Ziguinchor,Ziguinchor,214874,,,,,,,,,,,1
2252080,Ébarakh,12.6331,-12.8729,Kedougou,Salemata,0,,,,,,,,,,,1
6917775,Édane,12.5479,-12.8291,Kedougou,Salemata,0,,,,,,,,,,,1
2252071,Édine,12.5367,-12.8371,Kedougou,Salemata,0,,,,,,,,,,,1
2252064,Égatyé,12.6157,-12.854,Kedougou,Salemata,0,,,,,,,,,,,1
2252059,Ékés,12.5599,-12.8729,Kedougou,Salemata,0,,,,,,,,,,,1
2252063,Ényissara,12.6102,-12.8664,Kedougou,Salemata,0,,,,,,,,,,,1
2252016,Épengué,12.5745,-12.8438,Kedougou,Salemata,0,,,,,,,,,,,1
2252017,Étiolo,12.5924,-12.8567,Kedougou,Salemata,0,,,,,,,,,,,1
2252019,Étiés,12.575,-12.4402,Kedougou,Kedougou,0,,,,,,,,,,,1
